0.461 73
0.166 55
0.359 57
0.0596 71
0.443 82
0.481 58
0.147 74
0.444 80
0.414 74
0.632 56
0.363 74
0.303 69
0.314 52
0.234 62
0.78 56
0.561 58
0.112 56
0.0841 54
0.414 68
0.32 67
0.444 75
0.351 63
0.147 70
0.454 0
0.667 0
0.454 1
0.309 0
0.429 0
0.309 0
0.309 0
0.309 0
0.309 0
0.455 0
0.206 0
0.206 0
0.206 0
0.153 0
0.0952 0
0.326 0
0.153 0
0.519 0
0.301 0
0.686 0
0.686 0
0.666 0
0.686 0
0.686 0
0.686 0
0.686 0
0.686 0
0.2 46
0.914 61
0.652 60
0.393 68
0.331 52
0.89 62
0.333 51
0.381 0
0.275 67
0.507 57
0.457 75
0.791 62
0.282 66
0.347 64
0.255 62
0.274 58
0.355 65
0.303 67
0.42 65
0.403 44
0.573 55
0.416 70
0.575 57
0.473 56
0.595 56
0.454 67
0.913 62
0.342 45
0.336 64
0.638 65
0.7 0
0.391 0
0.327 68
0.541 0
0.541 0
0.4 61
0.836 70
0.153 0
0.153 0
0.845 62
0.145 0
0.145 0
0.555 0
0.145 0
0.145 0
0.145 0
0.145 0
0.145 0
0.937 0
0.78 0
0.655 58
0.38 50
0.279 59
0.658 57
0.266 60
0.407 61
0.161 49
0.154 55
0.769 51
0.454 46
0.197 57
0.378 58
0.226 51
0.571 63
0.79 53
0.299 60
0.0392 47
0.0755 60
0.303 66
0.271 67
0.213 43
0.386 54
0.234 60
0.53 49
0.117 57
0.724 42
0.253 67
0.14 61
0.623 71
0.272 49
0.801 61
0.864 61
0.495 20
0.81 22
0.812 35
0.305 60
0.541 59
0.767 73
0.569 22
0.836 19
0.711 24
0.199 57
0.867 35
0.926 20
0.556 18
0.832 19
0.793 23
0.278 19
0.805 18
0.827 65
0.375 55
0.295 47
0.625 56
0.201 53
0.423 49
0.349 51
0.264 53
0.569 66
0.624 56
0.821 47
0.399 51
0.21 55
0.43 60
0.287 40
0.146 58
0.54 55
0.646 50
0.145 52
0.126 54
0.786 73
0.291 38
0.489 53
0.12 55
0.135 41
0.469 46
0.198 63
0.5 66
0.187 54
0.13 62
0.291 57
0.522 68
0.506 62
0.423 53
0.2 44
0.716 57
0.185 52
0.499 53
0.359 53
0.52 55
0.349 66
0.555 49
0.446 60
0.407 38
0.315 67
0.158 57
0.58 60
0.311 64
0.612 0
0.406 0
0.399 0
0.445 61
0.162 50
0.429 47
0.103 58
0.763 30
0.891 52
0.157 55
0.374 67
0.239 45
0.326 56
0.292 37
0.186 54
0.625 66
0.285 63
0.439 58
0.298 55
0.452 65
0.668 69
0.281 44
0.552 39
0.717 54
0.138 44
0.547 70
0.311 64
0.122 40
0.358 47
0.101 40
0.567 55
0.213 57
0.381 48
0.207 54
0.207 53
0.152 60
0.313 54
0.321 62
0.161 51
0.28 61
0.429 51
0.169 63
0.256 65
0.168 64
0.364 57
0.528 54
0.674 37
0.572 63
0.334 53
0.307 0
0.917 36
0.494 0
0.494 0
0.15 55
0.241 57
0.249 54
0.604 44
0.203 51
0.147 42
0.819 47
0.263 54
0.768 73
0.221 56
0.217 56
0.347 59
0.127 57
0.261 56
0.24 57
0.192 51
0.711 48
0.185 52
0.175 54
0.183 55
0.083 41
0.319 49
0.266 37
0.132 52
0.214 58
0.183 48
0.455 56
0.408 46
0.618 55
0.0937 54
0.695 57
0.344 49
0.298 55
0.0399 51
0.0423 39
0.231 60
0.174 60
0.406 53
0.357 64
0.183 34
0.461 50
0.934 65
0.363 56
0.452 57
0.396 43
0.142 64
0.652 58
0.224 64
0.839 35
0.68 36
0.306 54
0.317 43
0.152 49
0.267 55
0.471 54
0.11 55
0.41 39
0.288 51
0.282 52
0.121 56
0.197 48
0.769 41
0.297 40
0.249 57
0.234 53
0.158 30
0.625 49
0.328 26
0.653 53
0.331 52
0.49 51
0.851 35
0.391 54
0.384 50
0.428 53
0.259 48
0.265 49
0.498 35
0.438 60
0.374 65
0.415 52
0.158 57
0.748 59
0.914 50
0.205 49
0.248 54
0.282 52
0.18 46
0.271 62
0.704 32
0.895 33
0.854 58
0.358 57
0.619 34
0.895 55
0.702 33
0.604 33
0.359 0
0.359 0
0.359 0
0.287 52
0.46 21
0.221 50
0.0353 55
0.064 46
0.821 56
0.329 40
0.615 21
0.204 55
0.195 50
0.743 41
0.657 44
0.296 57
0.377 33
0.338 56
0.83 32
0.202 35
0.698 55
0.408 33
0.244 46
0.644 38
0.769 65
0.684 60
0.21 54
0.254 37
0.603 34
0.254 55
0.3 51
0.507 48
0.842 34
0.324 51
0.636 54
0.402 32
0.308 54
0.251 61
0.296 55
0.608 55
0.861 34
0.296 33
0.0646 45
0.705 33
0.734 34
0.89 34
0.22 49
0.424 33
0.666 62
0.624 33
0.526 31
0.675 32
0.837 32
0.24 54
0.289 50
0.0318 58
0.208 49
0.237 52
0.111 49
0.819 53
0.27 54
0.334 50
0.275 57
0.168 53
0.107 57
0.177 49
0.0665 52
0.0477 51
0.11 46
0.27 41
0.191 57
0.745 50
0.23 42
0.796 47
0.664 55
0.334 56
0.572 49
0.0879 50
0.391 56
0.299 52
0.267 50
0.209 53
0.336 33
0.257 54
0.268 50
0.673 54
0.363 55
0.268 32
0.791 33
0.278 50
0.176 56
0.437 63
0.339 48
0.0273 54
0.869 31
0.913 31
0.198 60
0.727 67
0.509 33
0.567 32
0.574 31
0.313 0
0.772 31
0.249 45
0.044 56
0.254 45
0.191 42
0.249 46
0.89 50
0.433 45
0.192 56
0.14 43
0.31 39
0.208 53
0.461 45
0.363 32
0.248 53
0.28 54
0.444 51
0.125 55
0.168 33
0.415 55
0.175 46
0.027 30
0.674 46
0.413 60
0.271 51
0.317 47
0.435 60
0.809 51
0.321 60
0.0783 52
0.436 54
0.178 52
0.353 51
0.531 30
0.467 30
0.342 62
0.554 64
0.348 57
0.4 31
0.537 71
0.672 31
0.462 30
0.713 30
0.823 30
0.876 30
0.674 30
0.733 59
0.892 30
0.729 30
0.686 63
0.696 30
0.114 44
0.569 54
0.289 28
0.301 47
0.24 41
0.18 43
0.412 65
0.178 53
0.342 47
0.299 55
0.305 45
0.668 69
0.565 37
0.468 34
0.398 53
0.702 31
0.631 31
0.119 47
0.357 45
0.134 51
0.258 51
0.76 31
0.0963 48
0.278 48
0.29 51
0.518 55
0.925 32
0.209 54
0.867 60
0.261 47
0.239 29
0.113 51
0.149 41
0.143 48
0.415 61
0.436 60
0.139 45
0.283 58
0.493 29
0.207 57
0.487 29
0.26 49
0.26 30
0.611 30
0.516 31
0.343 29
0.209 59
0.577 30
0.44 30
0.893 29
0.243 55
0.31 49
0.599 50
0.893 55
0.123 49
0.534 32
0.408 53
0.3 46
0.566 23
0.309 41
0.291 49
0.319 59
0.256 43
0.423 31
0.169 46
0.289 50
0.208 41
0.349 48
0.0866 36
0.885 44
0.255 56
0.682 29
0.317 52
0.871 31
0.32 47
0.334 56
0.162 37
0.349 24
0.468 23
0.525 28
0.222 51
0.43 51
0.492 51
0.374 50
0.746 31
0.755 30
0.879 31
0.285 29
0.367 61
0.402 28
0.552 55
0.237 29
0.77 30
0.732 29
0.304 30
0.406 29
0.749 29
0.864 30
0.524 29
0.974 28
0.0745 42
0.329 49
0.382 53
0.204 50
0.116 52
0.445 36
0.195 49
0.095 40
0.26 51
0.818 41
0.0546 55
0.468 52
0.168 51
0.249 49
0.281 54
0.328 46
0.263 45
0.889 30
0.617 53
0.813 48
0.664 52
0.482 51
0.424 59
0.195 53
0.812 47
0.33 28
0.454 30
0.465 29
0.377 48
0.263 52
0.211 28
0.34 51
0.191 53
0.304 52
0.292 42
0.83 29
0.716 29
0.578 60
0.287 51
0.424 28
0.485 27
0.755 28
0.483 58
0.159 54
0.396 28
0.599 29
0.425 28
0.948 28
0.457 28
0.898 28
0.0833 52
0.389 46
0.293 47
0.118 39
0.171 50
0.636 43
0.0459 30
0.299 53
0.316 51
0.663 31
0.57 29
0.0686 43
0.319 55
0.751 50
0.852 30
0.575 46
0.304 46
0.514 52
0.174 44
0.172 51
0.335 53
0.349 47
0.285 48
0.828 56
0.647 48
0.53 47
0.797 29
0.646 28
0.636 28
0.786 67
0.461 29
0.81 56
0.496 54
0.142 25
0.771 49
0.685 28
0.678 28
0.695 29
0.78 53
0.108 28
0.403 28
0.849 28
0.911 28
0.879 28
0.789 28
0.811 28
0.6 29
0.427 0
0.427 0
0.484 0
0.546 32
0.275 35
0.391 49
0.439 52
0.667 31
0.826 28
0.334 48
0.11 48
0.346 41
0.796 47
0.367 28
0.236 60
0.448 47
0.457 30
0.46 49
0.667 51
0.413 50
0.566 28
0.319 51
0.53 45
0.448 54
0.411 54
0.253 57
0.415 27
0.203 57
0.355 55
0.516 30
0.776 27
0.744 41
0.42 28
0.812 57
0.334 51
0.14 27
0.776 27
0.642 58
0.54 27
0.312 27
0.45 27
0.421 28
0.731 27
0.534 28
0.761 30
0.626 28
0.453 28
0.936 28
0.961 27
0.938 27
0.268 27
0.423 28
0.938 27
0.85 65
0.574 49
0.496 52
0.428 39
0.815 38
0.806 45
0.547 41
0.143 49
0.671 28
0.305 51
0.835 35
0.269 54
0.0699 48
0.229 60
0.542 57
0.175 45
0.239 34
0.305 40
0.183 46
0.517 42
0.301 36
0.329 16
0.312 46
0.347 26
0.316 52
0.294 26
0.291 50
0.0674 60
0.44 50
0.762 61
0.274 26
0.436 27
0.578 28
0.384 55
0.605 45
0.421 26
0.782 28
0.441 48
0.637 27
0.913 27
0.407 26
0.531 28
0.541 28
0.656 28
0.764 29
0.156 27
0.832 28
0.942 27
0.326 60
0.627 28
0.684 48
0.263 43
0.372 54
0.586 49
0.292 45
0.658 27
0.587 52
0.245 41
0.134 51
0.118 48
0.188 52
0.555 39
0.248 27
0.456 41
0.396 43
0.156 45
0.928 27
0.41 41
0.206 33
0.29 47
0.169 48
0.612 44
0.687 64
0.0926 49
0.119 49
0.356 45
0.238 26
0.15 47
0.485 27
0.311 26
0.198 48
0.334 59
0.424 26
0.52 53
0.181 26
0.124 26
0.379 26
0.628 48
0.684 61
0.494 27
0.446 26
0.855 50
0.703 26
0.761 27
0.578 26
0.666 26
0.823 49
0.879 27
0.66 27
0.843 26
0.441 47
0.483 33
0.246 57
0.686 44
0.178 58
0.0776 48
0.674 39
0.189 45
0.459 49
0.298 44
0.107 44
0.311 51
0.119 41
0.271 58
0.167 54
0.241 41
0.331 46
0.773 26
0.206 56
0.865 27
0.193 46
0.264 26
0.868 27
0.441 52
0.65 26
0.716 55
0.554 26
0.742 51
0.735 51
0.144 49
0.53 47
0.376 58
0.51 27
0.399 58
0.797 26
0.285 27
0.109 26
0.294 27
0.543 27
0.9 26
0.86 58
0.437 27
0.799 27
0.933 26
0.947 26
0.452 27
0.696 26
0.567 29
0.834 26
0.787 26
0.316 42
0.209 51
0.403 53
0.39 66
0.213 51
0.135 40
0.161 38
0.292 43
0.159 44
0.307 47
0.884 27
0.222 52
0.0883 43
0.295 56
0.359 48
0.731 43
0.72 33
0.441 25
0.281 47
0.263 39
0.221 47
0.519 50
0.873 27
0.93 47
0.918 26
0.309 51
0.115 26
0.52 37
0.561 25
0.428 45
0.0119 25
0.366 26
0.404 44
0.532 27
0.15 25
0.511 24
0.666 27
0.34 25
0.655 27
0.611 27
0.411 25
0.752 27
0.198 28
0.498 26
0.354 25
0.289 26
0.854 27
0.785 26
0.208 25
0.953 25
0.29 50
0.578 43
0.126 46
0.291 34
0.443 35
0.432 26
0.196 45
0.768 40
0.285 51
0.0812 47
0.5 46
0.502 45
0.147 55
0.727 26
0.319 48
0.266 26
0.638 45
0.545 27
0.686 54
0.185 37
0.185 50
0.919 27
0.336 52
0.253 51
0.0325 25
0.805 26
0.723 26
0.294 38
0.488 25
0.319 47
0.24 25
0.219 26
0.855 25
0.835 25
0.647 26
0.268 25
0.322 25
0.821 26
0.552 26
0.578 25
0.285 25
0.693 25
0.61 26
0.508 26
0.621 26
0.832 26
0.294 29
0.389 26
0.506 26
0.881 25
0.778 64
0.8 44
0.746 42
0.66 46
0.314 44
0.515 43
0.818 41
0.814 39
0.609 40
0.876 43
0.574 46
0.782 39
0.781 40
0.915 38
0.728 41
0.6 42
0.273 38
0.789 38
0.877 44
0.709 37
0.357 36
0.899 44
0.577 41
0.918 37
0.715 48
0.737 37
0.805 42
0.3 44
0.604 44
0.619 41
0.711 45
0.859 41
0.861 41
0.741 36
0.653 41
0.69 41
0.556 46
0.393 39
0.575 37
0.8 39
0.867 38
0.819 42
0.738 37
0.518 37
0.749 36
0.784 36
0.771 37
0.934 35
0.907 37
0.564 40
0.548 25
0.399 64
0.72 32
0.833 37
0.618 36
0.672 33
0.738 36
0.945 35
0.588 33
0.623 33
0.82 34
0.732 35
0.994 35
0.654 33
0.823 35
0.209 35
0.658 34
0.873 35
0.689 35
0.732 33
0.711 37
0.746 36
0.918 34
0.868 32
0.664 32
0.72 34
0.862 34
0.573 32
0.826 34
0.79 34
0.874 33
0.901 33
0.761 33
0.914 35
0.99 35
0.864 36
0.724 33
0.824 0
0.736 0
0.794 0
0.945 34
0.905 33
0.711 0
0.734 35
0.478 0
0.908 33
0.598 34
0.869 0
0.711 0
0.375 3
0.878 75
0.666 49
0.31 19
0.476 30
0.8 34
0.249 31
0.573 34
0.846 29
0.876 35
0.715 33
0.834 30
0.902 30
0.929 32
0.51 31
0.65 30
0.903 31
0.819 33
0.804 31
0.231 30
0.711 31
0.695 31
0.686 30
0.718 33
0.282 31
0.713 30
0.968 32
0.703 31
0.771 35
0.862 31
0.844 31
0.644 31
0.605 31
0.394 30
0.708 33
0.46 30
0.775 35
0.824 0
0.711 0
0.72 33
0.783 32
0.598 30
0.423 30
0.815 0
0.932 31
0.824 0
0.702 30
0.711 0
0.728 32
0.876 33
0.711 0
0.44 45
0.225 16
0.835 42
0.916 27
0.617 27
0.509 28
0.649 30
0.818 31
0.34 27
0.911 29
0.933 30
0.623 27
0.892 28
0.889 32
0.864 31
0.532 28
0.342 29
0.869 28
0.904 27
0.613 29
0.651 27
0.858 29
0.564 28
0.686 28
0.797 26
0.632 30
0.491 30
0.514 30
0.929 26
0.925 28
0.912 30
0.579 29
0.775 31
0.661 28
0.806 30
0.548 28
0.521 30
0.855 29
0.431 27
0.744 30
0.886 27
0.849 29
0.948 28
0.428 28
0.359 29
0.99 28
0.755 30
0.933 28
0.857 30
0.499 29
0.508 55
0.866 45
0.499 38
0.858 49
0.356 52
0.604 26
0.598 25
0.774 25
0.718 27
0.721 26
0.646 24
0.828 26
0.695 25
0.608 27
0.218 27
0.611 25
0.686 25
0.579 27
0.728 25
0.773 24
0.597 26
0.874 26
0.202 27
0.652 24
0.603 25
0.671 26
0.358 24
0.283 26
0.706 27
0.868 28
0.542 26
0.902 26
0.793 27
0.825 29
0.895 25
0.212 27
0.453 27
0.92 28
0.702 25
0.803 27
0.625 26
0.939 28
0.938 28
0.665 28
0.932 28
0.571 27
0.243 25
0.305 26
0.748 27
0.747 29
0.502 44
0.475 48
0.585 55
0.576 53
0.367 24
0.533 23
0.33 24
0.627 24
0.884 25
0.692 25
0.346 25
0.901 22
0.536 25
0.489 25
0.74 25
0.788 24
0.633 23
0.926 48
0.602 56
0.62 25
0.82 26
0.871 27
0.729 25
0.843 26
0.424 23
0.779 25
0.793 24
0.931 24
0.295 25
0.66 26
0.897 25
0.951 24
0.728 24
0.797 24
0.332 23
0.442 24
0.829 24
0.952 26
0.736 25
0.928 23
0.66 25
0.701 23
0.745 25
0.833 26
0.942 26
0.77 24
0.842 27
0.951 26
0.869 25
0.91 27
0.922 42
0.588 71
0.922 12
0.874 43
0.756 45
0.507 55
0.634 23
0.835 49
0.73 23
0.807 22
0.715 23
0.623 23
0.687 22
0.93 22
0.869 57
0.233 51
0.649 23
0.811 23
0.688 22
0.731 21
0.569 25
0.887 22
0.827 21
0.703 24
0.621 23
0.83 22
0.886 0
0.619 23
0.848 23
0.391 23
0.742 23
0.577 22
0.709 22
0.528 22
0.646 22
0.845 23
0.768 22
0.778 24
0.948 25
0.792 23
0.268 23
0.684 25
0.444 23
0.878 20
0.862 23
0.754 22
0.98 22
0.93 25
0.912 7
0.385 23
0.751 40
0.831 27
0.634 38
0.735 51
0.615 21
0.493 21
0.501 45
0.427 12
0.254 49
0.328 12
0.614 22
0.847 21
0.568 21
0.9 21
0.355 22
0.613 22
0.514 21
0.702 22
0.797 22
0.72 21
0.636 21
0.84 22
0.827 21
0.858 21
0.673 22
0.371 23
0.35 20
0.471 23
0.715 24
0.517 22
0.716 21
0.344 22
0.506 21
0.517 22
0.833 22
0.83 21
0.681 22
0.968 25
0.864 22
0.868 21
0.491 21
0.782 21
0.871 21
0.93 24
0.722 21
0.868 22
0.967 21
0.885 23
0.728 24
0.704 23
0.719 43
0.508 21
0.266 10
0.787 20
0.704 20
0.499 20
0.708 48
0.769 20
0.854 20
0.557 20
0.613 20
0.783 22
0.62 21
0.594 20
0.694 20
0.778 21
0.752 21
0.625 20
0.664 21
0.88 20
0.68 22
0.886 20
0.826 22
0.93 22
0.606 20
0.225 21
0.812 20
0.805 20
0.722 20
0.675 23
0.962 21
0.662 24
0.711 20
0.448 20
0.751 20
0.877 22
0.635 22
0.616 21
0.902 22
0.511 22
0.847 20
0.642 23
0.858 21
0.898 23
0.372 22
0.841 22
0.835 23
0.451 22
0.904 21
0.815 21
0.488 63
0.733 48
0.709 9
0.414 53
0.681 46
0.473 49
0.91 40
0.859 20
0.719 42
0.769 47
0.703 20
0.783 20
0.76 20
0.532 11
0.558 19
0.598 48
0.744 21
0.502 20
0.677 19
0.612 19
0.73 19
0.691 21
0.897 21
0.862 21
0.788 20
0.463 19
0.864 21
0.718 20
0.385 19
0.713 20
0.435 21
0.834 21
0.727 21
0.854 23
0.685 19
0.905 21
0.855 22
0.6 21
0.849 20
0.804 22
0.478 19
0.914 22
0.442 21
0.797 21
0.777 19
0.995 22
0.63 22
0.661 21
0.5 20
0.932 22
0.538 70
0.41 51
0.697 41
0.364 10
0.709 53
0.942 41
0.765 50
0.632 42
0.658 20
0.716 19
0.824 19
0.736 19
0.801 19
0.913 21
0.904 19
0.37 19
0.808 22
0.673 21
0.907 19
0.629 19
0.561 22
0.83 19
0.549 21
0.736 19
0.863 19
0.882 19
0.49 21
0.79 19
0.871 19
0.798 21
0.925 21
0.886 23
0.852 21
0.786 19
0.722 22
0.63 19
0.672 20
0.68 20
0.92 22
0.731 19
0.607 21
0.838 20
0.996 20
0.883 23
0.699 19
0.498 20
0.897 22
0.681 22
0.963 21
0.561 21
0.719 0
0.557 41
0.671 18
0.65 43
0.411 10
0.722 19
0.752 18
0.683 18
0.434 18
0.619 19
0.805 64
0.704 19
0.608 20
0.358 19
0.814 19
0.434 18
0.758 18
0.572 19
0.75 19
0.671 18
0.885 19
0.772 19
0.676 21
0.904 18
0.92 19
0.728 19
0.507 20
0.721 18
0.853 19
0.744 18
0.456 21
0.919 19
0.593 19
0.641 20
0.587 20
0.75 18
0.741 19
0.919 19
0.84 19
0.888 19
0.582 21
0.917 18
0.632 20
0.279 19
0.458 19
0.922 21
0.756 21
0.989 19
0.855 21
0.934 20
0.247 10
0.837 18
0.382 49
0.397 9
0.282 9
0.206 9
0.56 44
0.748 21
0.629 18
0.31 18
0.837 20
0.441 19
0.516 18
0.569 19
0.739 21
0.503 20
0.83 18
0.458 18
0.657 18
0.758 18
0.676 18
0.671 17
0.734 19
0.871 18
0.808 17
0.411 19
0.816 18
0.845 18
0.785 18
0.763 19
0.973 20
0.638 18
0.576 18
0.921 18
0.721 18
0.743 18
0.53 19
0.739 18
0.914 18
0.88 18
0.672 20
0.831 18
0.698 18
0.683 19
0.799 18
0.82 21
0.415 20
0.803 18
0.624 21
0.799 21
0.443 68
0.833 71
0.31 42
0.775 50
0.491 18
0.854 20
0.735 18
0.837 18
0.748 18
0.728 18
0.594 18
0.618 18
0.978 18
0.729 19
0.745 21
0.906 17
0.714 21
0.457 20
0.631 19
0.682 18
0.806 18
0.82 19
0.882 19
0.942 17
0.773 17
0.3 18
0.601 18
0.877 20
0.4 18
0.686 20
0.754 19
0.696 18
0.947 19
0.949 19
0.871 18
0.59 19
0.74 18
0.777 18
0.858 18
0.777 18
0.93 19
0.854 20
0.935 18
0.859 20
0.953 19
0.388 19
0.868 19
0.958 18
0.822 21
0.648 19
0.552 41
0.483 38
0.84 44
0.647 17
0.513 37
0.727 17
0.437 18
0.696 17
0.722 17
0.584 17
0.77 17
0.946 18
0.875 18
0.76 51
0.854 17
0.716 17
0.702 18
0.587 17
0.697 18
0.874 18
0.8 18
0.823 17
0.631 18
0.57 17
0.961 17
0.719 17
0.547 17
0.678 17
0.441 19
0.211 18
0.644 17
0.585 18
0.825 19
0.511 18
0.436 19
0.472 18
0.618 18
0.949 18
0.934 20
0.774 18
0.626 19
0.925 18
0.829 18
0.85 19
0.382 17
0.789 20
0.925 21
0.311 18
0.393 18
0.697 19
0.529 40
0.858 49
0.596 31
0.722 17
0.615 18
0.753 18
0.819 17
0.548 17
0.68 18
0.845 47
0.483 17
0.67 17
0.904 16
0.565 17
0.577 17
0.889 18
0.825 20
0.58 18
0.621 18
0.636 18
0.933 18
0.726 18
0.872 16
0.776 17
0.559 18
0.638 17
0.612 17
0.968 17
0.87 17
0.688 18
0.585 16
0.637 19
0.668 18
0.887 17
0.681 19
0.609 20
0.332 18
0.822 20
0.903 19
0.714 18
0.761 17
0.983 18
0.822 20
0.86 19
0.857 17
0.92 18
0.688 19
0.76 18
0.966 19
0.883 19
0.688 36
0.496 44
0.808 39
0.491 34
0.903 44
0.476 17
0.872 17
0.876 19
0.605 46
0.762 41
0.443 17
0.631 17
0.873 17
0.785 18
0.662 17
0.424 16
0.673 17
0.871 16
0.721 16
0.73 17
0.636 17
0.663 18
0.626 18
0.984 16
0.874 16
0.855 19
0.967 16
0.884 17
0.736 17
0.636 18
0.801 17
0.684 17
0.907 18
0.877 17
0.481 17
0.586 18
0.629 17
0.347 18
0.664 18
0.75 20
0.831 17
0.728 16
0.926 19
0.571 18
0.386 17
0.249 18
0.85 17
0.698 17
0.942 16
0.826 19
0.94 39
0.769 48
0.386 42
0.261 56
0.73 16
0.607 52
0.739 16
0.492 45
0.783 17
0.778 17
0.78 19
0.52 17
0.513 17
0.821 17
0.902 17
0.707 17
0.838 49
0.601 17
0.722 18
0.598 16
0.702 39
0.856 16
0.626 49
0.717 16
0.577 16
0.62 16
0.807 16
0.543 17
0.643 16
0.705 17
0.667 17
0.486 16
0.675 17
0.977 17
0.704 18
0.732 19
0.826 17
0.596 18
0.907 18
0.851 17
0.393 17
0.771 18
0.486 17
0.593 17
0.811 17
0.546 16
0.809 17
0.532 18
0.803 17
0.739 19
0.44 8
0.626 44
0.876 36
0.342 16
0.621 47
0.769 16
0.717 16
0.732 52
0.837 16
0.602 16
0.735 46
0.41 15
0.893 16
0.835 16
0.62 17
0.818 16
0.644 16
0.872 16
0.976 16
0.865 18
0.823 17
0.731 16
0.917 17
0.776 16
0.737 17
0.577 16
0.693 16
0.749 17
0.881 15
0.752 16
0.707 16
0.727 17
0.98 17
0.621 17
0.379 15
0.875 17
0.754 17
0.77 17
0.856 18
0.419 17
0.344 17
0.757 19
0.69 17
0.412 18
0.811 17
0.399 18
0.724 17
0.765 18
0.681 18
0.921 17
0.615 48
0.862 46
0.54 47
0.809 17
0.576 16
0.612 16
0.364 18
0.507 17
0.629 16
0.622 17
0.842 16
0.764 16
0.56 15
0.984 16
0.68 16
0.57 16
0.923 16
0.915 16
0.198 16
0.604 18
0.746 17
0.551 16
0.575 19
0.799 16
0.397 16
0.808 16
0.658 16
0.732 16
0.857 16
0.71 17
0.837 16
0.67 16
0.828 16
0.925 19
0.834 50
0.632 17
0.551 16
0.954 18
0.895 19
0.984 16
0.673 17
0.723 16
0.838 16
0.778 19
0.616 18
0.866 19
0.94 16
0.512 16
0.862 19
0.921 19
0.521 87
0.712 83
0.568 86
0.807 93
0.881 83
0.539 76
0.201 76
0.505 78
0.843 73
0.912 83
0.882 75
0.866 83
0.675 69
0.913 4
0.913 2
0.931 2
0.765 2
0.936 0
0.223 0
0.682 1
0.976 5
0.936 0
0.931 2
0.963 3
0.913 0
0.682 3
0.931 0
0.773 0
0.821 1
0.931 1
0.981 0
0.986 1
0.978 0
0.978 0
0.979 1
0.682 0
0.872 0
0.847 0
0.847 0
0.847 0
0.7 0
0.872 0
0.682 0
0.935 0
0.847 0
0.653 0
0.847 0
0.878 0
0.986 2
0.847 0
0.533 75
0.594 80
0.793 73
0.43 85
0.671 81
0.393 82
0.757 71
0.446 84
0.638 72
0.266 1
0.854 0
0.714 0
0.979 4
0.773 4
0.551 1
0.551 2
0.551 0
0.773 0
0.921 0
0.921 2
0.755 0
0.794 1
0.818 0
0.7 0
0.979 0
0.886 0
0.886 0
0.751 2
0.773 0
0.609 0
0.947 1
0.765 0
0.434 0
0.818 0
0.894 0
0.434 0
0.734 0
0.894 0
0.946 0
0.946 0
0.979 0
0.786 0
0.818 0
0.786 0
0.786 0
0.788 0
0.639 0
0.722 0
0.786 0
0.403 0
0.64 78
0.483 76
0.968 68
0.692 71
0.902 78
0.767 82
0.911 86
0.684 65
0.824 79
0.9 80
0.957 77
0.833 67
0.871 69
0.58 0
0.586 0
0.836 0
0.59 0
0.48 0
0.545 0
0.382 2
0.848 0
0.848 1
0.59 0
0.781 0
0.836 0
0.867 1
0.867 0
0.976 2
0.889 0
0.909 0
0.909 0
0.909 0
0.461 0
0.525 1
0.985 2
0.702 0
0.889 0
0.954 0
0.665 0
0.533 0
0.985 0
0.819 0
0.767 1
0.627 0
0.909 0
0.646 0
0.52 0
0.757 0
0.515 0
0.572 0
0.701 77
0.415 71
0.363 71
0.85 76
0.533 76
0.9 80
0.862 76
0.886 72
0.607 0
0.538 0
0.538 0
0.506 2
0.506 1
0.59 0
0.607 0
0.801 0
0.607 0
0.607 0
0.59 0
0.506 1
0.801 0
0.948 1
0.789 0
0.817 0
0.892 0
0.892 0
0.59 1
0.903 0
0.983 1
0.948 0
0.857 0
0.836 0
0.948 0
0.836 1
0.948 0
0.964 0
0.948 0
0.801 1
0.964 0
0.664 2
0.664 0
0.664 0
0.664 0
0.664 2
0.836 0
0.948 1
0.546 1
0.448 0
0.789 0
0.448 0
0.936 79
0.441 70
0.936 66
0.855 84
0.924 80
0.905 55
0.749 79
0.677 72
0.485 66
0.841 65
0.678 66
0.866 55
0.927 0
0.338 0
0.506 0
0.531 0
0.927 0
0.927 0
0.553 1
0.721 0
0.75 1
0.956 0
0.842 0
0.72 1
0.704 0
0.918 0
0.93 0
0.842 0
0.97 1
0.918 0
0.842 0
0.842 0
0.836 0
0.752 0
0.848 0
0.939 0
0.924 1
0.871 0
0.827 0
0.924 0
0.752 0
0.924 1
0.904 0
0.752 0
0.842 0
0.939 0
0.937 1
0.848 0
0.954 1
0.827 1
0.487 75
0.327 70
0.89 51
0.59 56
0.656 66
0.522 52
0.753 76
0.967 72
0.813 64
0.641 79
0.938 82
0.837 56
0.916 1
0.818 0
0.818 0
0.818 0
0.818 0
0.867 0
0.916 0
0.843 0
0.972 3
0.867 1
0.867 0
0.867 0
0.867 0
0.867 0
0.833 54
0.867 0
0.867 1
0.808 1
0.924 0
0.948 2
0.917 0
0.948 0
0.948 0
0.948 2
0.975 0
0.978 1
0.948 0
0.975 0
0.948 0
0.978 0
0.948 0
0.978 0
0.978 0
0.978 0
0.978 0
0.809 0
0.917 1
0.917 0
0.656 74
0.762 73
0.89 68
0.386 75
0.442 77
0.33 79
0.887 76
0.837 73
0.433 71
0.345 82
0.72 68
0.441 79
0.917 80
0.867 79
0.94 53
0.229 3
0.399 0
0.941 5
0.671 1
0.8 3
0.923 0
0.838 54
0.876 1
0.8 1
0.261 0
0.8 0
0.33 0
0.671 0
0.67 0
0.585 0
0.229 0
0.694 0
0.817 0
0.8 0
0.817 0
0.694 0
0.484 0
0.917 1
0.694 0
0.392 0
0.817 0
0.506 0
0.606 0
0.742 0
0.818 0
0.742 0
0.507 0
0.67 0
0.621 0
0.604 0
0.572 72
0.665 74
0.532 40
0.902 71
0.905 70
0.835 71
0.395 75
0.836 65
0.578 64
0.449 69
0.89 80
0.581 53
0.643 62
0.957 72
0.51 69
0.835 65
0.833 80
0.881 84
0.632 75
0.703 70
0.941 69
0.936 0
0.791 44
0.55 2
0.427 1
0.508 1
0.508 0
0.508 0
0.55 0
0.487 0
0.936 0
0.508 0
0.602 0
0.484 0
0.558 0
0.892 52
0.551 52
0.706 0
0.637 0
0.902 0
0.723 0
0.459 0
0.348 0
0.282 0
0.762 0
0.795 0
0.433 0
0.507 0
0.886 0
0.702 0
0.582 68
0.617 80
0.795 80
0.427 76
0.717 79
0.764 80
0.501 76
0.797 73
0.742 74
0.656 73
0.77 67
0.656 67
0.625 69
0.882 70
0.776 66
0.524 67
0.778 63
0.472 65
0.628 62
0.959 51
0.818 58
0.794 51
0.916 51
0.589 50
0.636 50
0.387 1
0.85 0
0.906 0
0.889 0
0.906 0
0.846 0
0.95 1
0.573 0
0.843 0
0.738 0
0.715 51
0.899 0
0.891 0
0.643 0
0.853 0
0.573 1
0.573 0
0.573 0
0.871 1
0.814 0
0.573 1
0.654 0
0.607 0
0.814 0
0.654 0
0.701 79
0.551 70
0.941 65
0.961 64
0.82 70
0.569 71
0.681 71
0.931 78
0.728 70
0.753 66
0.953 76
0.871 70
0.383 75
0.241 72
0.727 60
0.613 60
0.655 64
0.745 60
0.619 61
0.717 67
0.887 67
0.959 79
0.7 49
0.573 64
0.842 50
0.554 0
0.494 50
0.745 50
0.742 5
0.927 0
0.722 0
0.735 0
0.474 0
0.94 0
0.968 0
0.609 0
0.493 0
0.888 50
0.664 0
0.613 3
0.671 2
0.902 0
0.28 0
0.913 0
0.738 0
0.549 0
0.655 0
0.515 0
0.549 0
0.771 0
0.686 69
0.574 68
0.6 66
0.909 71
0.955 62
0.614 70
0.891 59
0.856 71
0.658 60
0.6 59
0.81 78
0.865 80
0.67 61
0.939 69
0.885 71
0.766 59
0.852 61
0.324 75
0.789 66
0.229 72
0.933 61
0.803 64
0.451 64
0.587 56
0.587 66
0.983 48
0.487 49
0.976 48
0.562 49
0.838 49
0.806 50
0.961 49
0.674 0
0.897 49
0.425 0
0.897 0
0.894 50
0.689 0
0.832 49
0.748 0
0.689 0
0.689 0
0.942 0
0.534 0
0.95 0
0.666 0
0.689 0
0.682 50
0.688 0
0.827 0
0.896 70
0.598 48
0.636 69
0.763 71
0.679 71
0.931 65
0.715 53
0.918 68
0.922 73
0.828 77
0.932 74
0.805 61
0.917 81
0.834 47
0.596 48
0.561 65
0.711 48
0.815 1
0.863 48
0.89 48
0.677 48
0.73 48
0.967 48
0.957 48
0.896 48
0.706 48
0.677 49
0.601 48
0.608 48
0.812 48
0.943 48
0.939 48
0.65 48
0.675 0
0.802 0
0.797 48
0.72 0
0.9 0
0.846 0
0.79 48
0.886 0
0.92 0
0.901 0
0.663 0
0.72 0
0.96 0
0.688 48
0.53 0
0.622 0
0.783 48
0.499 71
0.803 77
0.745 69
0.824 64
0.811 73
0.721 67
0.473 65
0.882 65
0.474 42
0.736 73
0.276 73
0.849 81
0.61 71
0.721 71
0.349 36
0.913 78
0.942 65
0.669 63
0.845 72
0.789 78
0.981 67
0.814 65
0.873 47
0.375 2
0.981 48
0.563 47
0.375 2
0.858 47
0.945 48
0.67 47
0.898 47
0.885 48
0.987 0
0.646 47
0.882 47
0.907 47
0.802 0
0.73 47
0.938 47
0.87 47
0.914 0
0.932 0
0.907 47
0.854 0
0.908 48
0.705 0
0.997 0
0.94 47
0.936 47
0.969 47
0.91 70
0.754 58
0.623 62
0.938 67
0.936 63
0.636 66
0.663 79
0.684 74
0.875 76
0.78 61
0.535 55
0.891 74
0.57 47
0.28 58
0.857 48
0.834 47
0.926 47
0.907 47
0.593 48
0.978 0
0.937 0
0.736 47
0.854 0
0.511 47
0.643 0
0.948 46
0.307 0
0.716 0
0.696 47
0.937 1
0.932 0
0.624 47
0.937 1
0.878 47
0.893 0
0.884 0
0.865 0
0.961 0
0.643 0
0.865 0
0.985 0
0.893 0
0.893 0
0.839 0
0.715 0
0.88 0
0.893 0
0.961 0
0.937 0
0.985 0
0.845 68
0.692 71
0.502 59
0.726 59
0.342 69
0.59 69
0.859 60
0.792 75
0.625 56
0.91 74
0.709 77
0.8 75
0.97 78
0.632 72
0.679 46
0.8 64
0.894 68
0.64 65
0.638 59
0.953 66
0.88 71
0.853 74
0.704 47
0.62 46
0.949 46
0.784 47
0.805 47
0.816 46
0.835 46
0.67 46
0.613 0
0.478 0
0.795 0
0.863 46
0.661 46
0.789 46
0.878 47
0.883 0
0.776 0
0.977 0
0.952 47
0.977 0
0.815 0
0.715 46
0.679 46
0.808 46
0.449 46
0.851 46
0.898 46
0.887 46
0.735 64
0.524 66
0.844 65
0.845 67
0.51 67
0.574 64
0.922 75
0.714 59
0.773 67
0.861 55
0.85 71
0.891 70
0.762 59
0.649 75
0.955 67
0.746 71
0.939 71
0.805 73
0.789 51
0.414 46
0.943 81
0.712 46
0.701 46
0.875 46
0.239 0
0.85 46
0.727 46
0.919 46
0.552 0
0.931 0
0.67 0
0.498 46
0.723 46
0.91 0
0.805 46
0.931 0
0.402 0
0.91 1
0.91 2
0.72 46
0.91 0
0.737 46
0.953 46
0.91 1
0.642 46
0.729 46
0.851 46
0.824 0
0.849 46
0.873 46
0.763 65
0.583 57
0.643 63
0.47 60
0.954 61
0.445 55
0.617 67
0.857 56
0.496 70
0.894 62
0.574 64
0.789 65
0.913 66
0.848 70
0.781 54
0.919 77
0.652 45
0.581 56
0.776 45
0.606 45
0.702 45
0.733 45
0.918 46
0.765 45
0.692 46
0.704 46
0.826 46
0.739 45
0.811 45
0.747 45
0.89 45
0.92 46
0.826 45
0.761 45
0.715 45
0.907 46
0.584 45
0.647 45
0.931 0
0.979 0
0.979 0
0.931 0
0.924 45
0.684 46
0.793 46
0.781 45
0.813 46
0.808 45
0.979 0
0.764 45
0.779 67
0.853 77
0.568 78
0.302 67
0.94 76
0.689 55
0.738 62
0.237 69
0.72 54
0.704 64
0.883 60
0.777 66
0.907 71
0.809 66
0.815 66
0.869 64
0.537 44
0.347 60
0.704 74
0.747 66
0.71 66
0.924 63
0.4 45
0.982 68
0.823 64
0.648 45
0.833 45
0.969 46
0.64 45
0.839 45
0.512 45
0.891 45
0.701 45
0.956 0
0.554 45
0.83 45
0.962 0
0.455 0
0.647 0
0.706 45
0.717 45
0.38 46
0.909 0
0.816 43
0.945 45
0.903 45
0.637 44
0.868 45
0.955 45
0.775 45
0.61 70
0.561 71
0.829 66
0.642 70
0.678 55
0.714 53
0.873 66
0.417 65
0.938 66
0.832 60
0.794 43
0.715 61
0.217 61
0.701 62
0.876 67
0.866 63
0.79 69
0.75 76
0.601 62
0.812 62
0.798 62
0.896 45
0.76 45
0.821 66
0.718 0
0.456 45
0.567 44
0.639 69
0.791 75
0.717 44
0.92 44
0.906 45
0.292 45
0.58 45
0.862 44
0.914 0
0.784 44
0.884 45
0.85 44
0.311 44
0.896 45
0.814 1
0.774 45
0.983 1
0.796 44
0.74 45
0.885 45
0.827 45
0.502 44
0.831 0
0.897 68
0.516 66
0.94 72
0.812 76
0.988 77
0.917 74
0.869 60
0.97 75
0.944 76
0.919 75
0.223 44
0.895 77
0.619 68
0.634 61
0.832 69
0.703 44
0.817 57
0.714 70
0.616 60
0.653 56
0.806 43
0.797 44
0.833 66
0.728 44
0.873 44
0.633 44
0.898 45
0.395 44
0.82 44
0.938 44
0.946 44
0.595 45
0.846 44
0.845 45
0.786 45
0.915 44
0.915 45
0.81 44
0.961 0
0.846 44
0.823 44
0.955 44
0.72 44
0.847 44
0.824 44
0.747 44
0.869 44
0.874 0
0.896 44
0.271 44
0.521 87
0.523 79
0.568 86
0.807 93
0.54 86
0.47 81
0.864 85
0.863 83
0.463 76
0.49 79
0.551 70
0.843 73
0.882 75
0.934 3
0.913 2
0.694 3
0.682 3
0.765 2
0.931 2
0.682 1
0.936 0
0.223 0
0.979 1
0.821 1
0.872 0
0.986 2
0.976 5
0.913 4
0.913 0
0.847 0
0.856 0
0.981 0
0.682 0
0.872 0
0.931 1
0.847 0
0.682 0
0.931 2
0.936 0
0.847 0
0.694 2
0.931 0
0.847 0
0.847 0
0.847 0
0.935 0
0.982 0
0.986 1
0.991 4
0.982 0
0.712 83
0.505 78
0.201 76
0.93 58
0.866 83
0.742 0
0.742 0
0.742 0
0.49 0
0.912 83
0.67 4
0.67 3
0.67 4
0.49 0
0.49 2
0.49 0
0.49 2
0.638 3
0.266 1
0.696 1
0.696 7
0.696 4
0.963 3
0.335 3
0.197 0
0.767 2
0.916 0
0.978 0
0.495 0
0.866 1
0.767 1
0.866 1
0.529 1
0.529 0
0.866 1
0.696 0
0.529 0
0.653 0
0.946 0
0.418 0
0.878 0
0.767 0
0.866 0
0.473 0
0.916 0
0.978 0
0.667 0
0.642 0
0.796 2
0.946 0
0.881 83
0.31 75
0.911 73
0.861 3
0.675 69
0.854 0
0.551 1
0.979 4
0.943 0
0.943 0
0.551 2
0.773 4
0.982 0
0.943 0
0.982 1
0.551 0
0.468 0
0.562 0
0.773 0
0.921 2
0.773 0
0.773 0
0.921 0
0.886 0
0.794 1
0.818 0
0.991 1
0.7 0
0.609 0
0.434 0
0.418 0
0.7 0
0.982 0
0.979 0
0.598 1
0.818 0
0.979 0
0.562 0
0.434 0
0.818 0
0.947 1
0.751 2
0.533 0
0.533 0
0.361 1
0.886 0
0.786 0
0.786 0
0.786 0
0.786 0
0.594 80
0.793 73
0.492 62
0.579 57
0.43 85
0.757 71
0.698 68
0.599 72
0.671 81
0.897 0
0.897 0
0.45 0
0.54 0
0.429 0
0.773 0
0.599 0
0.45 1
0.54 0
0.54 0
0.429 0
0.54 0
0.54 1
0.54 3
0.773 2
0.54 0
0.54 0
0.45 2
0.54 0
0.874 0
0.874 0
0.874 0
0.773 0
0.874 0
0.773 0
0.599 0
0.773 2
0.599 0
0.874 0
0.943 0
0.943 2
0.714 0
0.943 0
0.861 0
0.755 0
0.943 2
0.943 0
0.765 0
0.894 0
0.894 0
0.722 0
0.533 75
0.943 82
0.692 71
0.943 66
0.671 69
0.432 68
0.453 64
0.686 65
0.914 76
0.475 67
0.972 75
0.684 65
0.772 68
0.957 77
0.323 70
0.663 62
0.767 82
0.446 84
0.393 82
0.856 78
0.638 72
0.871 69
0.696 0
0.696 0
0.696 1
0.696 2
0.58 0
0.586 0
0.545 0
0.848 1
0.964 6
0.973 3
0.848 0
0.948 0
0.964 0
0.964 0
0.909 0
0.954 0
0.909 0
0.964 0
0.664 2
0.964 0
0.909 0
0.734 0
0.964 0
0.767 1
0.909 0
0.788 0
0.639 0
0.403 0
0.64 78
0.483 76
0.363 71
0.923 82
0.902 78
0.705 84
0.934 83
0.911 86
0.839 64
0.9 80
0.951 73
0.833 67
0.969 78
0.978 77
0.824 79
0.886 72
0.801 0
0.59 0
0.59 0
0.59 0
0.59 0
0.836 0
0.801 0
0.948 1
0.781 0
0.857 0
0.948 0
0.836 1
0.836 0
0.948 0
0.964 0
0.867 1
0.948 0
0.867 0
0.964 0
0.983 1
0.801 1
0.976 2
0.664 0
0.664 0
0.664 0
0.889 0
0.702 0
0.665 0
0.664 2
0.889 0
0.948 1
0.985 2
0.819 0
0.985 0
0.742 87
0.874 73
0.968 68
0.85 76
0.701 77
0.703 80
0.533 76
0.579 66
0.637 55
0.932 58
0.862 76
0.702 76
0.502 69
0.841 65
0.607 0
0.538 0
0.538 0
0.817 0
0.506 2
0.506 1
0.506 1
0.531 0
0.732 1
0.607 0
0.607 0
0.865 0
0.732 0
0.607 0
0.382 2
0.732 1
0.48 0
0.836 0
0.892 0
0.59 1
0.892 0
0.836 1
0.903 0
0.904 0
0.836 0
0.827 0
0.461 0
0.533 0
0.525 1
0.827 1
0.646 0
0.627 0
0.515 0
0.52 0
0.757 0
0.572 0
0.327 70
0.905 55
0.59 56
0.749 79
0.924 80
0.936 66
0.636 68
0.522 52
0.677 72
0.967 72
0.551 0
0.551 0
0.849 71
0.939 75
0.914 4
0.463 0
0.463 0
0.641 79
0.485 66
0.551 0
0.551 1
0.551 0
0.545 6
0.551 1
0.758 59
0.698 0
0.678 66
0.698 0
0.551 0
0.551 2
0.843 0
0.506 0
0.338 0
0.553 1
0.721 0
0.72 1
0.808 1
0.943 1
0.943 0
0.546 1
0.789 0
0.943 0
0.933 0
0.704 0
0.954 1
0.448 0
0.97 1
0.943 0
0.789 0
0.448 0
0.936 79
0.703 66
0.655 64
0.98 67
0.753 76
0.532 68
0.523 1
0.855 84
0.813 64
0.837 56
0.941 5
0.927 0
0.918 0
0.927 0
0.867 0
0.927 0
0.867 0
0.867 0
0.956 0
0.867 1
0.75 1
0.867 0
0.972 3
0.876 1
0.867 1
0.752 0
0.842 0
0.93 0
0.923 0
0.261 0
0.867 0
0.867 0
0.842 0
0.585 0
0.842 0
0.842 0
0.33 0
0.842 0
0.752 0
0.937 1
0.752 0
0.848 0
0.836 0
0.939 0
0.924 1
0.871 0
0.924 1
0.924 0
0.918 0
0.939 0
0.656 74
0.487 75
0.386 75
0.808 70
0.873 81
0.468 1
0.656 66
0.307 1
0.468 0
0.345 82
0.468 0
0.307 0
0.552 61
0.307 0
0.938 82
0.47 0
0.465 0
0.47 0
0.229 3
0.916 1
0.818 0
0.768 0
0.916 0
0.818 0
0.818 0
0.701 0
0.735 0
0.818 0
0.768 0
0.848 0
0.955 1
0.229 0
0.924 0
0.948 2
0.948 2
0.948 0
0.838 54
0.948 0
0.948 0
0.978 0
0.948 0
0.978 1
0.948 0
0.978 0
0.978 0
0.975 0
0.978 0
0.978 0
0.975 0
0.809 0
0.287 76
0.762 73
0.961 42
0.33 79
0.42 71
0.727 42
0.739 78
0.89 80
0.72 68
0.982 80
0.875 67
0.689 74
0.867 79
0.471 0
0.632 75
0.837 73
0.559 0
0.559 0
0.916 76
0.666 69
0.681 0
0.681 0
0.559 0
0.399 0
0.676 0
0.559 0
0.413 0
0.427 1
0.771 0
0.671 0
0.671 1
0.413 0
0.973 0
0.973 1
0.973 0
0.694 0
0.413 0
0.694 0
0.818 0
0.484 0
0.694 0
0.392 0
0.917 1
0.723 0
0.917 1
0.506 0
0.917 0
0.917 0
0.762 0
0.795 0
0.442 77
0.788 65
0.578 64
0.717 0
0.643 62
0.433 71
0.717 0
0.717 0
0.957 72
0.619 0
0.441 79
0.619 0
0.619 0
0.619 0
0.619 0
0.619 0
0.835 65
0.717 1
0.717 0
0.881 84
0.917 80
0.532 38
0.619 1
0.619 0
0.619 0
0.619 0
0.619 0
0.619 0
0.717 0
0.619 0
0.45 36
0.619 0
0.619 0
0.773 38
0.409 43
0.791 44
0.743 0
0.375 41
0.788 0
0.788 0
0.8 3
0.788 0
0.788 0
0.788 0
0.8 1
0.8 0
0.8 0
0.817 0
0.817 0
0.817 0
0.572 72
0.665 74
0.532 40
0.427 76
0.905 70
0.835 71
0.902 71
0.449 69
0.887 76
0.885 54
0.51 66
0.797 73
0.395 75
0.778 63
0.941 69
0.472 65
0.524 67
0.833 80
0.936 0
0.55 2
0.484 0
0.55 0
0.508 1
0.508 0
0.508 0
0.558 0
0.602 0
0.508 0
0.801 0
0.981 4
0.635 0
0.991 0
0.67 0
0.467 0
0.706 0
0.991 0
0.981 0
0.991 0
0.459 0
0.606 0
0.282 0
0.348 0
0.742 0
0.742 0
0.507 0
0.507 0
0.67 0
0.886 0
0.621 0
0.604 0
0.582 68
0.961 64
0.729 67
0.393 52
0.836 65
0.965 67
0.581 53
0.873 50
0.764 80
0.717 67
0.949 70
0.51 69
0.908 70
0.625 69
0.776 66
0.882 70
0.522 0
0.818 58
0.628 62
0.573 64
0.522 0
0.323 0
0.903 4
0.522 0
0.323 0
0.323 0
0.667 3
0.487 0
0.936 0
0.56 1
0.879 0
0.892 52
0.637 0
0.902 0
0.573 0
0.843 0
0.846 0
0.573 1
0.573 1
0.562 0
0.562 0
0.573 0
0.573 0
0.706 0
0.814 0
0.366 0
0.366 0
0.654 0
0.706 0
0.654 0
0.37 65
0.551 70
0.701 79
0.728 70
0.569 71
0.753 66
0.617 80
0.909 62
0.736 66
0.241 72
0.795 80
0.655 64
0.717 79
0.949 72
0.727 60
0.613 60
0.796 75
0.742 74
0.922 77
0.852 64
0.939 69
0.501 76
0.981 76
0.656 73
0.7 49
0.693 0
0.649 0
0.95 1
0.927 0
0.384 0
0.755 0
0.94 0
0.387 1
0.906 0
0.889 0
0.906 0
0.968 0
0.794 51
0.902 0
0.853 0
0.643 0
0.891 0
0.715 51
0.459 0
0.871 1
0.764 0
0.899 0
0.433 0
0.607 0
0.702 0
0.574 69
0.897 55
0.941 65
0.82 70
0.931 78
0.681 71
0.891 59
0.498 66
0.953 76
0.856 71
0.489 74
0.383 75
0.97 68
0.28 41
0.77 67
0.871 70
0.745 60
0.852 61
0.495 0
0.887 67
0.441 0
0.619 61
0.351 0
0.712 71
0.933 61
0.803 64
0.5 1
0.852 74
0.587 66
0.251 0
0.251 0
0.463 0
0.554 0
0.959 79
0.742 5
0.745 50
0.589 50
0.537 0
0.812 0
0.82 0
0.735 0
0.722 0
0.494 50
0.719 0
0.609 0
0.738 0
0.664 0
0.902 0
0.738 0
0.771 0
0.563 68
0.658 60
0.897 58
0.909 71
0.955 62
0.712 63
0.951 66
0.6 59
0.885 71
0.67 61
0.32 0
0.865 80
0.669 0
0.451 64
0.964 74
0.855 0
0.441 0
0.855 0
0.669 0
0.669 0
0.251 0
0.873 0
0.873 0
0.561 65
0.587 56
0.749 1
0.815 1
0.897 1
0.806 50
0.674 0
0.897 0
0.675 0
0.19 0
0.425 0
0.929 1
0.929 0
0.929 0
0.929 0
0.929 0
0.748 0
0.929 2
0.897 0
0.846 0
0.534 0
0.95 0
0.942 0
0.666 0
0.28 0
0.888 50
0.913 0
0.815 75
0.694 76
0.6 66
0.686 69
0.574 68
0.614 70
0.688 61
0.741 56
0.474 42
0.545 63
0.922 73
0.907 63
0.881 69
0.918 68
0.978 66
0.81 78
0.931 65
0.981 77
0.672 59
0.727 66
0.981 67
0.766 59
0.287 0
0.229 72
0.287 1
0.287 1
0.834 47
0.917 81
0.287 0
0.842 50
0.43 1
0.399 0
0.43 0
0.602 0
0.373 1
0.396 0
0.378 0
0.474 0
0.599 0
0.897 49
0.493 0
0.613 3
0.671 2
0.549 0
0.515 0
0.655 0
0.682 50
0.688 0
0.549 0
0.827 0
0.595 72
0.916 64
0.659 5
0.344 7
0.609 7
0.403 6
0.452 5
0.385 5
0.52 7
0.636 69
0.811 73
0.318 66
0.882 65
0.433 52
0.763 71
0.736 73
0.675 5
0.84 63
0.802 41
0.715 53
0.659 34
0.87 38
0.317 65
0.828 77
0.896 72
0.942 65
0.324 75
0.845 72
0.932 74
0.805 61
0.79 0
0.832 62
0.547 0
0.375 2
0.838 49
0.375 2
0.585 47
0.705 0
0.961 49
0.932 0
0.886 0
0.689 0
0.689 0
0.689 0
0.92 0
0.943 48
0.901 0
0.663 0
0.96 0
0.689 0
0.896 70
0.499 71
0.803 77
0.46 73
0.925 36
0.5 67
0.721 67
0.826 69
0.623 62
0.679 71
0.745 69
0.897 42
0.636 66
0.349 36
0.874 67
0.88 60
0.845 66
0.913 78
0.789 66
0.91 70
0.897 71
0.974 77
0.946 74
0.814 65
0.794 0
0.794 1
0.846 0
0.583 0
0.78 61
0.601 46
0.987 0
0.28 58
0.938 47
0.677 48
0.896 48
0.812 48
0.677 49
0.601 48
0.706 48
0.802 0
0.914 0
0.65 48
0.802 0
0.72 0
0.72 0
0.894 50
0.79 48
0.832 49
0.688 48
0.783 48
0.4 78
0.298 63
0.467 84
0.399 76
0.511 75
0.479 78
0.457 60
0.223 69
0.371 72
0.33 72
0.504 65
0.437 71
0.5 65
0.417 67
0.364 65
0.449 79
0.31 73
0.27 68
0.471 68
0.397 68
0.398 63
0.407 75
0.533 65
0.687 43
0.362 62
0.465 65
0.369 64
0.489 63
0.413 62
0.15 69
0.131 69
0.22 68
0.5 73
0.248 69
0.886 50
0.0582 73
0.792 1
0.122 0
0.135 0
0.206 0
0.117 0
0.47 0
0.0119 0
0.0577 0
0.342 0
0.0577 0
0.0577 0
0.259 0
0.259 0
0.259 0
0.579 70
0.798 74
0.242 62
0.319 46
0.521 59
0.3 61
0.367 60
0.383 59
0.287 59
0.104 71
0.148 54
0.291 60
0.474 53
0.433 62
0.139 69
0.0297 70
0.126 58
0.326 58
0.119 61
0.261 67
0.215 57
0.202 59
0.237 68
0.757 35
0.371 60
0.192 73
0.67 66
0.341 65
0.161 0
0.217 58
0.0191 0
0.096 0
0.0293 0
0.0289 0
0.096 0
0.185 0
0.0293 0
0.445 0
0.0293 0
0.0361 2
0.0132 1
0.00432 0
0.00432 0
0.0695 0
0.286 2
0.19 2
0.0158 0
0.00696 0
0.0442 2
0.297 0
0.456 40
0.242 33
0.349 33
0.69 31
0.304 59
0.174 60
0.867 32
0.109 62
0.227 57
0.114 64
0.327 60
0.311 61
0.263 61
0.284 66
0.18 56
0.468 61
0.211 55
0.052 53
0.0186 69
0.0379 56
0.292 65
0.411 51
0.118 64
0.434 61
0.157 62
0.341 65
0.612 57
0.529 63
0.00572 65
0.169 65
0.25 62
0.0362 64
0.206 62
0.61 62
0.866 63
0.113 0
0.009 61
0.096 0
0.0939 0
0.232 0
0.096 0
0.125 0
0.366 0
0.0456 0
0.168 0
0.168 0
0.211 0
0.168 0
0.014 0
0.0568 0
0.46 50
0.123 44
0.071 64
0.2 29
0.307 57
0.552 32
0.0875 60
0.133 58
0.31 56
0.00229 62
0.136 61
0.206 56
0.043 62
0.56 2
0.105 48
0.487 47
0.116 64
0.188 55
0.0586 41
0.192 58
0.296 48
0.044 62
0.0358 60
0.371 57
0.387 60
0.467 63
0.407 54
0.337 58
0.147 56
0.00341 61
0.0223 45
0.0767 54
0.131 61
0.206 67
0.41 58
0.0525 62
0.357 58
0.00229 62
0.00958 65
0.339 58
0.823 61
0.0452 0
0.00256 0
0.0452 0
0.0452 0
0.0452 0
0.172 0
0.178 0
0.293 0
0.499 0
0.373 27
0.431 49
0.372 56
0.339 54
0.48 28
0.348 58
0.774 26
0.0721 53
0.0217 54
0.00338 56
0.286 58
0.507 51
0.341 52
0.00225 62
0.822 66
0.246 53
0.107 60
0.243 29
0.344 53
0.188 52
0.672 46
0.0551 48
0.724 61
0.0288 53
0.0214 61
0.599 63
0.526 34
0.255 54
0.314 55
0.197 51
0.0223 49
0.712 54
0.259 57
0.873 58
0.126 60
0.179 64
0.634 60
0.367 53
0.175 58
0.0552 64
0.0259 64
0.106 51
0.655 56
0.697 37
0.0238 65
0.0906 59
0.00352 62
0.00656 0
0.012 61
0.0314 59
0.405 48
0.656 36
0.0457 53
0.27 47
0.134 59
0.0338 61
0.0253 60
0.221 27
0.0621 60
0.125 59
0.147 53
0.133 58
0.72 58
0.126 59
0.227 51
0.181 54
0.0629 55
0.00998 55
0.0293 61
0.0172 51
0.0936 53
0.0992 61
0.204 52
0.423 63
0.192 54
0.523 52
0.147 55
0.0268 61
0.737 61
0.652 59
0.436 47
0.285 40
0.0278 58
0.044 0
0.237 0
0.187 57
0.209 55
0.608 58
0.0155 57
0.382 53
0.138 0
0.0695 60
0.128 58
0.505 60
0.0661 59
0.0155 55
0.272 0
0.111 59
0.0383 33
0.188 3
0.123 52
0.624 24
0.533 45
0.191 51
0.296 41
0.37 51
0.185 47
0.0377 58
0.11 50
0.255 59
0.291 54
0.00352 62
0.107 58
0.111 59
0.112 51
0.532 50
0.0878 54
0.207 45
0.0757 54
0.245 48
0.329 49
0.0537 59
0.941 34
0.366 56
0.117 56
0.606 50
0.00824 60
0.353 56
0.0501 56
0.165 61
0.0176 59
0.0399 53
0.445 36
0.612 21
0.154 58
0.063 56
0.00708 58
0.173 55
0.178 58
0.442 54
0.268 53
0.138 55
0.299 60
0.179 56
0.509 61
0.215 55
0.405 11
0.302 3
0.61 3
0.5 4
0.207 53
0.0522 48
0.578 23
0.379 51
0.177 46
0.238 44
0.297 42
0.0523 54
0.0335 58
0.272 27
0.482 26
0.18 41
0.018 59
0.348 51
0.235 51
0.427 49
0.11 52
0.127 52
0.207 48
0.0223 62
0.388 53
0.254 53
0.0368 53
0.0427 54
0.198 54
0.0138 58
0.0077 55
0.251 17
0.845 58
0.0445 55
0.348 54
0.215 20
0.202 20
0.411 23
0.00701 52
0.208 55
0.119 58
0.0232 56
0.338 57
0.564 59
0.425 63
0.00384 58
0.0275 58
0.184 59
0.00952 58
0.849 45
0.467 45
0.394 51
0.308 55
0.157 0
0.0208 51
0.174 43
0.504 38
0.0586 49
0.151 48
0.162 50
0.159 52
0.0384 61
0.222 49
0.138 49
0.0333 47
0.0358 50
0.0224 58
0.266 51
0.161 51
0.144 52
0.0839 51
0.374 47
0.92 59
0.275 53
0.0213 52
0.00572 57
0.184 50
0.521 59
0.462 52
0.175 54
0.155 55
0.0431 48
0.00313 56
0.56 54
0.64 28
0.218 50
0.00144 55
0.217 54
0.00533 60
0.0943 57
0.228 54
0.12 53
0.0825 53
0.0249 48
0.734 53
0.525 52
0.336 51
0.178 59
0.217 42
0.00222 56
0.802 57
0.00821 56
0.28 0
0.131 57
0.00209 58
0.334 50
0.427 44
0.00248 51
0.337 48
0.00305 51
0.01 55
0.116 43
0.141 53
0.232 44
0.149 50
0.109 56
0.958 18
0.33 43
0.131 54
0.015 30
0.0854 55
0.00814 54
0.339 52
0.082 45
0.0706 54
0.813 54
0.384 57
0.0102 0
0.0592 55
0.047 55
0.202 47
0.0523 56
0.00779 54
0.0757 0
0.139 52
0.243 50
0.292 46
0.17 52
0.551 47
0.116 53
0.0438 50
0.0132 50
0.532 45
0.0896 55
0.157 0
0.00361 52
0.585 3
0.735 51
0.302 0
0.0592 30
0.183 51
0.236 0
0.0109 28
0.0128 28
0.379 45
0.551 21
0.0615 54
0.432 46
0.329 46
0.154 47
0.0303 40
0.102 41
0.0414 45
0.569 54
0.231 49
0.236 40
0.411 35
0.251 55
0.0153 54
0.469 47
0.136 48
0.107 48
0.116 54
0.0743 56
0.16 49
0.00212 55
0.0713 54
0.933 53
0.0559 55
0.0456 51
0.156 56
0.437 54
0.0733 53
0.0782 50
0.211 43
0.351 53
0.18 40
0.0382 57
0.25 54
0.672 54
0.67 46
0.0564 53
0.0111 53
0.335 55
0.615 56
0.289 0
0.0712 28
0.0153 28
0.263 57
0.43 28
0.0471 28
0.0711 54
0.282 0
0.0357 28
0.0785 47
0.669 40
0.23 53
0.0203 39
0.417 52
0.29 51
0.146 38
0.0739 50
0.03 49
0.0167 43
0.293 44
0.124 46
0.554 49
0.00799 57
0.134 52
0.389 42
0.258 46
0.0647 50
0.643 47
0.212 54
0.271 38
0.493 50
0.301 38
0.0204 55
0.264 51
0.15 48
0.573 55
0.118 53
0.604 46
0.0369 50
0.364 47
0.177 50
0.35 48
0.0217 50
0.164 51
0.195 27
0.0949 27
0.179 53
0.12 27
0.112 27
0.118 27
0.507 57
0.118 27
0.215 27
0.116 27
0.435 27
0.123 27
0.102 27
0.142 27
0.116 27
0.294 18
0.856 18
0.499 19
0.375 53
0.211 22
0.0177 51
0.268 49
0.212 53
0.0345 54
0.443 48
0.151 50
0.129 52
0.574 47
0.16 50
0.183 54
0.00174 54
0.0132 52
0.177 44
0.305 51
0.401 46
0.306 51
0.28 44
0.256 49
0.163 57
0.342 50
0.00693 56
0.0135 50
0.0089 53
0.0429 54
0.257 50
0.111 57
0.19 49
0.144 47
0.0332 52
0.0797 55
0.117 27
0.13 27
0.106 27
0.124 27
0.444 27
0.267 51
0.12 27
0.119 27
0.129 27
0.109 26
0.316 26
0.122 27
0.0968 27
0.142 27
0.261 52
0.095 47
0.287 18
0.137 19
0.837 18
0.15 48
0.49 22
0.838 42
0.168 48
0.0276 50
0.0288 42
0.599 54
0.0782 39
0.126 40
0.588 44
0.0323 53
0.0508 51
0.202 39
0.0704 49
0.0549 47
0.154 48
0.789 55
0.137 47
0.113 48
0.25 51
0.131 52
0.0406 36
0.449 49
0.0318 55
0.128 46
0.00796 50
0.0176 51
0.0338 52
0.082 52
0.76 55
0.124 54
0.566 55
0.0177 27
0.105 51
0.0835 26
0.512 49
0.843 40
0.0809 52
0.0805 56
0.314 50
0.702 52
0.444 26
0.309 53
0.974 27
0.0319 52
0.361 55
0.309 44
0.389 19
0.656 18
0.162 41
0.609 43
0.033 36
0.375 45
0.407 45
0.18 47
0.0323 50
0.392 41
0.668 42
0.547 45
0.619 47
0.393 45
0.459 54
0.0826 58
0.0455 48
0.0535 50
0.289 51
0.00611 58
0.204 49
0.504 46
0.339 50
0.0543 44
0.0388 44
0.243 51
0.182 49
0.0863 48
0.0552 42
0.734 55
0.0994 44
0.0928 49
0.0916 51
0.328 41
0.28 57
0.0939 56
0.21 52
0.158 41
0.00849 51
0.39 55
0.241 42
0.601 46
0.209 51
0.0326 51
0.181 44
0.0949 54
0.185 49
0.405 52
0.0319 52
0.0933 50
0.143 43
0.245 46
0.0465 49
0.0671 39
0.903 48
0.623 52
0.155 46
0.101 50
0.324 49
0.0238 54
0.00559 51
0.0748 45
0.00159 54
0.143 49
0.0971 43
0.00965 53
0.304 55
0.753 15
0.796 45
0.00375 44
0.0777 47
0.326 33
0.051 45
0.333 52
0.0985 46
0.0273 44
0.392 49
0.396 53
0.0787 53
0.121 52
0.274 50
0.431 48
0.00429 59
0.205 46
0.412 50
0.524 41
0.0838 50
0.0327 48
0.625 50
0.00515 37
0.0775 52
0.109 52
0.289 49
0.268 50
0.462 43
0.0517 26
0.0949 25
0.166 43
0.575 53
0.0383 45
0.299 39
0.236 44
0.106 47
0.308 40
0.348 49
0.00478 57
0.697 49
0.0814 56
0.151 49
0.074 46
0.858 28
0.518 43
0.162 37
0.0739 46
0.392 44
0.209 51
0.0709 39
0.786 15
0.574 47
0.0392 18
0.0616 50
0.0882 0
0.309 54
0.00395 17
0.00414 18
0.47 45
0.0427 50
0.46 40
0.0431 47
0.0355 55
0.359 53
0.206 43
0.24 46
0.55 40
0.506 36
0.364 51
0.208 42
0.477 51
0.0155 49
0.00189 25
0.0199 48
0.104 54
0.244 23
0.0109 29
0.476 25
0.00827 25
0.13 43
0.0718 50
0.545 52
0.0285 45
0.183 55
0.058 44
0.698 51
0.572 50
0.0945 38
0.267 47
0.0205 53
0.255 43
0.0712 51
0.138 41
0.273 44
0.0715 31
0.374 48
0.197 51
0.0111 51
0.104 52
0.235 46
0.432 45
0.363 36
0.0702 47
0.0781 52
0.904 45
0.13 43
0.437 42
0.421 40
0.226 54
0.0907 24
0.577 25
0.27 44
0.128 48
0.0102 50
0.0146 24
0.516 50
0.1 42
0.22 25
0.256 25
0.0459 36
0.059 33
0.0979 37
0.0681 29
0.0686 32
0.118 37
0.0256 30
0.103 25
0.111 27
0.272 26
0.171 32
0.0502 25
0.0324 24
0.224 17
0.108 45
0.469 37
0.0435 19
0.072 49
0.0854 47
0.0285 51
0.171 49
0.0172 31
0.267 38
0.246 48
0.0448 47
0.176 45
0.669 50
0.0019 49
0.0646 51
0.128 46
0.315 41
0.0296 48
0.0798 42
0.209 51
0.0733 53
0.13 45
0.0749 37
0.16 45
0.0264 57
0.174 53
0.231 50
0.463 44
0.332 0
0.237 49
0.224 24
0.0736 48
0.0101 51
0.086 54
0.11 41
0.037 51
0.273 38
0.0639 39
0.0295 52
0.558 49
0.00874 27
0.167 38
0.564 53
0.00397 51
0.275 41
0.276 54
0.406 51
0.268 24
0.728 24
0.242 28
0.407 40
0.00384 49
0.109 49
0.181 48
0.00889 57
0.501 36
0.214 46
0.363 24
0.0578 51
0.21 11
0.172 7
0.443 49
0.297 45
0.257 6
0.228 5
0.0378 51
0.133 46
0.145 6
0.108 44
0.557 46
0.0148 50
0.313 44
0.205 6
0.12 6
0.163 5
0.0593 5
0.159 6
0.202 9
0.461 50
0.0496 50
0.202 23
0.135 6
0.161 7
0.793 53
0.0499 24
0.0945 6
0.124 48
0.177 5
0.17 6
0.389 23
0.196 6
0.37 44
0.228 24
0.418 42
0.0342 49
0.743 55
0.02 50
0.169 24
0.126 26
0.846 71
0.934 73
0.941 83
0.889 73
0.773 60
0.911 75
0.935 71
0.713 77
0.197 55
0.966 70
0.87 58
0.961 66
0.983 69
0.685 67
0.892 68
0.977 74
0.766 56
0.902 66
0.533 66
0.914 67
0.915 66
0.896 77
0.67 78
0.703 58
0.937 66
0.393 51
0.593 62
0.869 75
0.767 61
0.952 66
0.952 69
0.983 69
0.649 71
0.927 65
0.809 70
0.869 66
0.901 63
0.941 64
0.766 62
0.9 77
0.863 72
0.844 72
0.894 66
0.886 71
0.692 69
0.94 1
0.806 0
0.695 2
0.687 57
0.623 0
0.931 69
0.723 60
0.644 70
0.92 63
0.492 63
0.913 63
0.54 65
0.183 53
0.941 65
0.459 52
0.803 62
0.955 62
0.464 53
0.973 60
0.922 62
0.258 54
0.947 62
0.38 59
0.533 67
0.679 62
0.99 63
0.447 59
0.833 61
0.981 69
0.902 64
0.531 53
0.9 67
0.608 62
0.775 53
0.9 56
0.471 61
0.429 45
0.827 49
0.918 68
0.795 66
0.941 58
0.691 65
0.718 61
0.805 50
0.589 66
0.646 70
0.844 67
0.919 0
0.918 68
0.761 63
0.54 53
0.91 59
0.59 65
0.953 61
0.971 0
0.246 56
0.933 59
0.299 59
0.335 51
0.941 60
0.957 55
0.319 52
0.955 64
0.335 57
0.964 51
0.877 62
0.196 65
0.94 64
0.846 53
0.828 59
0.967 61
0.867 61
0.753 61
0.287 68
0.569 49
0.803 58
0.782 60
0.926 58
0.877 63
0.915 58
0.923 57
0.415 63
0.592 43
0.835 47
0.848 62
0.889 63
0.894 63
0.936 50
0.774 46
0.936 53
0.229 60
0.455 59
0.766 43
0.738 52
0.959 60
0.991 63
0.636 7
0.083 62
0.886 64
0.246 21
0.303 62
0.526 17
0.211 19
0.181 11
0.9 62
0.122 51
0.0619 50
0.979 56
0.614 49
0.906 56
0.707 42
0.672 60
0.76 54
0.52 57
0.823 60
0.258 50
0.82 53
0.884 58
0.456 45
0.963 63
0.778 57
0.601 53
0.727 61
0.931 54
0.895 53
0.947 58
0.903 47
0.932 59
0.581 49
0.442 49
0.262 62
0.924 45
0.89 55
0.953 58
0.688 46
0.223 45
0.859 49
0.673 50
0.672 61
0.747 63
0.34 59
0.972 60
0.803 49
0.965 57
0.0888 59
0.79 59
0.843 61
0.0792 60
0.918 61
0.0806 58
0.844 58
0.809 58
0.0806 59
0.829 58
0.185 0
0.244 45
0.934 50
0.671 48
0.872 57
0.948 67
0.951 61
0.986 59
0.473 44
0.756 56
0.306 48
0.239 42
0.452 45
0.559 56
0.0277 53
0.665 51
0.661 53
0.951 61
0.0123 49
0.935 57
0.962 50
0.479 58
0.597 46
0.8 59
0.658 53
0.457 51
0.436 48
0.308 63
0.85 75
0.947 54
0.229 49
0.806 42
0.924 56
0.337 25
0.871 49
0.265 25
0.606 50
0.341 24
0.972 59
0.336 24
0.0451 58
0.438 23
0.436 23
0.112 59
0.124 58
0.347 29
0.0834 58
0.707 26
0.926 59
0.871 61
0.971 42
0.129 47
0.172 52
0.966 60
0.9 49
0.942 42
0.374 49
0.915 56
0.475 40
0.925 55
0.864 59
0.389 50
0.938 57
0.895 56
0.954 50
0.926 55
0.575 45
0.405 48
0.747 53
0.966 50
0.3 55
0.92 57
0.193 49
0.771 59
0.926 57
0.736 52
0.5 47
0.756 51
0.885 49
0.922 54
0.59 56
0.877 58
0.819 56
0.426 41
0.883 49
0.891 52
0.0509 58
0.208 58
0.0555 57
0.0733 58
0.0778 57
0.108 58
0.047 57
0.394 40
0.746 41
0.869 60
0.0597 57
0.107 57
0.0666 58
0.963 41
0.0634 58
0.156 50
0.951 58
0.944 48
0.939 60
0.751 55
0.791 56
0.159 51
0.959 36
0.372 51
0.323 44
0.138 50
0.964 52
0.923 43
0.422 48
0.385 45
0.946 58
0.795 56
0.485 48
0.975 57
0.514 52
0.82 45
0.965 49
0.934 60
0.943 52
0.946 58
0.893 42
0.749 53
0.896 54
0.944 56
0.296 60
0.378 47
0.683 53
0.0486 49
0.83 41
0.889 52
0.181 64
0.753 46
0.345 59
0.807 47
0.804 54
0.293 49
0.859 44
0.943 54
0.828 42
0.329 56
0.686 51
0.886 56
0.259 58
0.865 41
0.622 40
0.591 56
0.918 43
0.581 48
0.288 45
0.877 50
0.857 50
0.369 35
0.0319 49
0.815 53
0.857 42
0.251 57
0.928 49
0.952 59
0.942 48
0.385 47
0.724 51
0.973 57
0.958 50
0.853 56
0.369 44
0.75 61
0.875 51
0.325 45
0.408 47
0.598 63
0.125 51
0.63 46
0.957 58
0.849 48
0.281 49
0.611 45
0.929 56
0.754 45
0.238 58
0.932 51
0.606 61
0.817 46
0.791 72
0.942 56
0.924 44
0.242 60
0.978 57
0.638 55
0.406 46
0.935 38
0.611 59
0.808 39
0.855 39
0.827 40
0.665 38
0.17 44
0.0653 40
0.419 36
0.91 49
0.929 41
0.94 54
0.634 49
0.668 47
0.35 56
0.431 50
0.668 60
0.403 54
0.0344 62
0.878 55
0.653 62
0.408 46
0.904 49
0.918 46
0.872 57
0.96 37
0.765 44
0.721 55
0.54 43
0.941 55
0.617 43
0.571 48
0.5 61
0.931 62
0.897 56
0.473 49
0.0242 54
0.291 60
0.421 49
0.357 51
0.772 53
0.959 0
0.896 49
0.0947 60
0.2 60
0.335 60
0.26 60
0.915 49
0.845 56
0.914 56
0.918 57
0.938 63
0.45 38
0.864 51
0.926 54
0.877 38
0.666 53
0.241 45
0.652 46
0.897 54
0.717 49
0.839 42
0.637 50
0.141 57
0.706 48
0.944 47
0.802 57
0.438 47
0.932 56
0.498 43
0.83 50
0.313 41
0.262 48
0.434 65
0.472 41
0.809 49
0.545 44
0.99 55
0.365 47
0.419 33
0.672 53
0.705 41
0.294 45
0.684 45
0.968 52
0.791 36
0.597 62
0.885 54
0.695 77
0.952 56
0.943 50
0.522 44
0.355 47
0.838 58
0.875 38
0.117 3
0.9 48
0.68 38
0.8 53
0.685 32
0.805 54
0.663 52
0.871 55
0.658 37
0.978 58
0.856 38
0.811 58
0.9 53
0.469 41
0.961 52
0.946 51
0.929 50
0.931 53
0.954 55
0.831 55
0.916 50
0.962 46
0.782 42
0.61 48
0.178 46
0.874 57
0.789 50
0.982 52
0.925 56
0.614 58
0.723 66
0.199 59
0.632 72
0.371 58
0.307 58
0.126 46
0.162 55
0.868 29
0.955 21
0.882 22
0.455 20
0.887 25
0.843 23
0.882 23
0.607 24
0.884 21
0.962 20
0.86 23
0.786 25
0.894 22
0.814 24
0.645 24
0.881 26
0.779 26
0.963 61
0.847 20
0.484 23
0.702 26
0.954 36
0.958 37
0.849 37
0.549 52
0.907 49
0.509 45
0.385 46
0.939 49
0.795 55
0.712 52
0.28 51
0.933 53
0.839 58
0.554 41
0.944 48
0.933 50
0.415 47
0.945 53
0.869 51
0.134 44
0.916 44
0.35 43
0.313 54
0.421 35
0.864 55
0.935 55
0.939 56
0.498 44
0.75 47
0.326 45
0.642 51
0.345 59
0.737 48
0.908 65
0.514 54
0.916 50
0.815 42
0.922 39
0.896 49
0.769 47
0.804 48
0.29 46
0.842 47
0.322 59
0.81 56
0.961 57
0.175 58
0.951 53
0.618 37
0.486 36
0.856 36
0.743 37
0.841 36
0.873 44
0.9 43
0.157 44
0.939 44
0.281 47
0.542 58
0.213 39
0.972 51
0.979 60
0.365 52
0.758 53
0.807 53
0.0821 50
0.853 42
0.562 51
0.9 56
0.846 41
0.677 44
0.85 54
0.0816 54
0.879 53
0.357 42
0.333 46
0.792 43
0.922 47
0.682 39
0.49 45
0.879 51
0.952 47
0.854 54
0.967 57
0.193 45
0.315 57
0.967 56
0.924 48
0.172 45
0.823 52
0.792 49
0.741 37
0.697 37
0.429 36
0.91 35
0.848 35
0.534 35
0.938 35
0.695 36
0.662 35
0.843 35
0.778 36
0.845 36
0.95 57
0.737 46
0.845 33
0.953 55
0.879 51
0.194 46
0.894 56
0.936 49
0.67 51
0.873 43
0.971 49
0.855 48
0.277 44
0.94 50
0.879 43
0.97 59
0.632 43
0.965 47
0.622 50
0.717 52
0.6 62
0.743 56
0.793 51
0.917 54
0.248 43
0.651 49
0.256 49
0.621 55
0.651 43
0.838 48
0.297 44
0.408 40
0.97 52
0.842 36
0.937 49
0.306 53
0.355 45
0.881 47
0.447 60
0.34 45
0.899 37
0.896 37
0.322 53
0.173 48
0.281 58
0.33 50
0.894 35
0.552 36
0.833 35
0.688 35
0.0581 38
0.324 41
0.728 44
0.961 48
0.887 53
0.648 49
0.872 52
0.663 47
0.685 51
0.331 44
0.959 52
0.885 50
0.464 41
0.425 49
0.973 50
0.072 38
0.809 46
0.868 64
0.266 50
0.536 49
0.957 43
0.994 54
0.723 51
0.0239 51
0.536 42
0.925 44
0.849 42
0.937 39
0.861 44
0.67 47
0.833 50
0.222 55
0.469 42
0.814 36
0.892 44
0.806 52
0.934 36
0.696 52
0.68 52
0.0605 47
0.947 36
0.788 34
0.761 51
0.846 57
0.86 35
0.893 35
0.8 34
0.737 34
0.724 2
0.825 35
0.378 45
0.194 44
0.63 52
0.827 57
0.489 43
0.834 42
0.972 53
0.946 49
0.0622 56
0.961 54
0.0359 44
0.403 42
0.295 36
0.752 58
0.732 46
0.7 52
0.146 43
0.404 54
0.91 37
0.994 54
0.588 37
0.391 51
0.469 42
0.0297 45
0.126 53
0.64 38
0.774 52
0.531 34
0.67 42
0.941 54
0.35 40
0.732 45
0.497 53
0.383 55
0.875 45
0.28 48
0.893 53
0.916 51
0.877 44
0.734 35
0.925 35
0.894 61
0.847 34
0.893 45
0.872 34
0.738 34
0.933 0
0.795 34
0.909 34
0.968 34
0.891 47
0.919 49
0.912 49
0.738 34
0.585 42
0.0154 48
0.74 53
0.628 47
0.934 54
0.754 46
0.22 42
0.663 43
0.677 55
0.705 48
0.799 50
0.563 49
0.632 49
0.758 53
0.58 45
0.706 43
0.427 52
0.103 53
0.272 44
0.918 53
0.939 49
0.959 55
0.0863 55
0.444 65
0.927 48
0.982 50
0.122 42
0.0743 53
0.75 45
0.0578 51
0.81 43
0.489 45
0.203 51
0.617 51
0.807 40
0.896 33
0.889 33
0.905 33
0.709 34
0.586 50
0.849 34
0.74 33
0.8 33
0.927 33
0.486 33
0.815 34
0.793 49
0.941 43
0.275 44
0.371 46
0.914 52
0.26 39
0.0419 41
0.877 50
0.533 34
0.719 65
0.703 44
0.881 54
0.888 44
0.885 50
0.89 49
0.0463 57
0.901 55
0.959 60
0.221 41
0.867 50
0.937 55
0.893 52
0.804 53
0.959 38
0.957 51
0.945 45
0.718 60
0.941 52
0.907 44
0.668 43
0.904 43
0.761 55
0.0217 49
0.713 49
0.366 44
0.749 35
0.647 48
0.0401 36
0.779 52
0.938 47
0.862 33
0.94 34
0.742 34
0.863 34
0.922 34
0.809 34
0.905 34
0.75 34
0.903 34
0.907 33
0.962 53
0.875 51
0.201 41
0.823 38
0.449 44
0.316 49
0.173 46
0.497 36
0.511 38
0.439 42
0.355 44
0.801 51
0.844 43
0.489 32
0.488 40
0.419 38
0.612 43
0.916 52
0.112 56
0.586 42
0.677 36
0.719 53
0.92 50
0.488 48
0.562 36
0.614 47
0.889 45
0.233 46
0.678 33
0.728 42
0.269 45
0.158 52
0.772 42
0.151 45
0.551 33
0.854 32
0.822 51
0.919 0
0.896 32
0.902 32
0.861 32
0.9 33
0.975 32
0.849 32
0.794 33
0.915 33
0.807 33
0.871 33
0.69 33
0.713 34
0.774 35
0.949 56
0.795 53
0.309 42
0.936 47
0.0961 44
0.924 49
0.812 44
0.787 50
0.331 44
0.666 62
0.932 52
0.889 50
0.968 55
0.0419 53
0.277 52
0.981 52
0.348 43
0.888 51
0.865 43
0.879 42
0.257 42
0.424 45
0.841 33
0.96 47
0.0858 54
0.888 46
0.705 49
0.547 45
0.614 51
0.951 55
0.127 44
0.718 57
0.781 33
0.505 34
0.0138 40
0.864 34
0.841 32
0.949 48
0.575 33
0.488 50
0.64 33
0.994 34
0.939 32
0.742 32
0.658 32
0.86 33
0.692 32
0.965 33
0.803 32
0.972 51
0.952 58
0.913 47
0.466 41
0.905 54
0.664 26
0.908 51
0.853 40
0.809 36
0.92 49
0.943 49
0.945 47
0.899 31
0.548 44
0.704 42
0.758 46
0.76 49
0.974 56
0.934 48
0.973 49
0.992 31
0.983 47
0.994 26
0.969 54
0.899 25
0.937 27
0.545 52
0.944 26
0.921 25
0.95 0
0.908 25
0.926 48
0.954 52
0.996 48
0.932 26
0.943 25
0.973 27
0.976 25
0.929 26
0.968 0
0.926 28
0.8 26
0.939 30
0.963 29
0.959 25
0.973 24
0.921 25
0.804 31
0.943 24
0.823 25
0.738 49
0.804 46
0.666 12
0.306 42
0.959 42
0.573 41
0.846 11
0.65 23
0.986 44
1 23
0.944 23
0.948 22
0.828 50
0.865 24
0.795 22
0.685 49
0.863 24
0.997 22
0.989 23
0.329 47
0.962 51
0.93 23
0.93 47
0.981 22
0.883 49
0.901 44
0.892 24
0.931 48
0.931 24
0.924 25
0.993 23
0.981 23
0.908 22
0.997 23
0.846 25
0.739 25
0.922 23
0.727 24
1 48
0.939 24
0.949 22
0.958 25
0.901 23
0.882 24
0.995 22
0.984 25
0.94 23
0.965 24
0.944 23
0.747 25
0.98 34
0.48 40
0.959 52
0.962 22
0.847 22
0.994 21
0.674 21
0.953 22
0.943 40
0.817 42
0.804 41
0.829 21
0.927 21
0.474 43
0.983 22
0.925 23
0.951 21
0.836 41
0.826 22
0.991 23
0.927 48
0.942 22
0.927 23
0.927 46
0.917 23
0.991 21
0.975 23
0.87 23
0.95 21
0.947 22
0.564 22
0.894 22
0.443 21
0.865 21
0.949 22
0.919 22
0.982 23
0.846 21
0.772 34
0.918 22
0.729 21
0.846 21
0.876 23
0.981 22
0.936 21
0.969 21
0.951 23
0.984 23
0.879 23
0.951 22
0.756 10
0.499 47
0.939 47
0.875 45
0.726 46
0.618 22
0.947 21
0.984 40
0.944 20
0.911 21
0.114 21
0.967 20
0.983 21
0.947 21
0.757 42
0.497 21
0.92 22
0.947 46
0.995 21
0.686 22
0.886 22
0.987 22
0.961 22
0.98 20
0.204 21
0.907 20
0.688 22
0.974 21
0.958 22
0.675 22
0.907 20
0.987 20
0.981 20
0.905 20
0.911 20
0.853 20
0.972 20
0.985 20
0.911 22
0.799 21
0.944 20
0.696 21
0.902 22
0.959 22
0.935 22
0.973 22
0.919 22
0.956 20
0.987 23
0.873 20
0.988 11
0.861 10
0.549 9
0.969 20
0.89 20
0.928 21
0.99 20
0.834 20
0.967 48
0.992 20
0.935 42
0.942 44
0.991 20
0.737 46
0.983 21
0.94 21
0.846 21
0.855 20
0.95 20
0.955 21
0.993 20
0.983 20
0.676 21
0.939 21
0.742 44
0.949 21
0.971 20
0.929 21
0.978 21
0.978 21
0.933 21
0.998 21
0.974 21
0.0896 20
0.944 19
0.892 20
0.951 20
0.959 20
0.972 22
0.997 21
0.959 21
0.973 22
0.939 20
0.948 20
0.913 21
0.991 20
0.989 19
0.983 22
0.994 22
0.987 22
0.905 38
0.995 21
0.771 44
0.969 47
0.255 19
0.984 22
0.605 19
0.661 19
0.951 20
0.882 19
0.971 46
0.662 19
0.959 46
0.966 20
0.93 20
0.896 20
0.992 48
0.807 19
0.959 20
0.782 19
0.961 21
0.702 20
0.988 20
0.957 22
0.855 20
0.865 21
0.948 19
0.957 20
0.971 21
0.981 20
0.796 21
0.936 19
0.964 21
0.225 19
0.841 19
0.959 19
0.665 19
0.908 19
0.911 19
0.916 19
0.364 19
0.965 19
0.984 19
0.981 19
0.88 20
0.957 20
0.982 20
0.937 21
0.709 19
0.974 19
0.894 39
0.985 11
0.71 43
0.976 20
0.969 20
0.428 19
0.918 20
0.732 20
0.957 19
0.827 44
0.785 46
0.906 21
0.891 19
0.898 41
0.952 44
0.932 47
0.903 51
0.941 19
0.983 21
0.816 45
0.743 19
0.097 19
0.969 20
0.882 19
0.876 19
0.912 20
0.974 19
0.923 19
0.965 19
0.887 18
0.944 20
0.883 19
0.93 19
0.932 19
0.946 21
0.879 19
0.967 20
0.92 21
0.963 21
0.813 21
0.896 20
0.7 20
0.95 20
0.98 18
0.989 21
0.87 20
0.81 19
0.931 19
0.904 20
0.759 20
0.844 43
0.862 10
0.973 19
0.959 49
0.711 21
0.923 20
0.987 20
0.736 18
0.752 19
0.619 39
0.798 19
0.753 18
0.889 46
0.874 19
0.919 19
0.562 38
0.969 20
0.948 19
0.87 19
0.95 20
0.821 19
0.955 20
0.989 18
0.83 19
0.863 19
0.945 19
0.968 19
0.873 19
0.971 18
0.97 21
0.968 20
0.892 20
0.286 20
0.881 20
0.92 20
0.955 20
0.938 19
0.99 20
0.956 21
0.938 19
0.993 19
0.994 20
0.949 20
0.968 20
0.994 21
0.939 20
0.965 19
0.845 19
0.993 0
0.982 19
0.964 42
0.714 41
0.44 43
0.962 42
0.993 19
0.964 19
0.83 19
0.922 18
0.943 18
0.961 18
0.993 19
0.824 19
0.998 20
0.887 19
0.887 19
0.997 20
0.962 18
0.903 18
0.985 19
0.872 19
0.987 19
0.892 19
0.891 20
0.973 19
0.964 18
0.996 18
0.937 47
0.967 20
0.83 20
0.548 20
0.977 19
0.994 18
0.937 18
0.859 18
0.992 19
0.924 19
0.986 20
0.896 18
0.925 18
0.911 18
0.922 18
0.873 18
0.64 20
0.534 20
0.98 20
0.935 18
0.982 19
0.873 20
0.959 20
0.983 18
0.741 37
0.692 43
0.858 36
0.973 19
0.929 19
0.962 18
0.849 18
0.795 18
0.891 19
0.814 18
0.975 18
0.983 20
0.974 19
0.522 19
0.949 19
0.962 18
0.899 20
0.953 19
0.957 18
0.892 19
0.902 20
0.714 18
0.984 19
0.406 18
0.964 19
0.85 41
0.928 18
0.971 17
0.978 46
0.942 18
0.994 20
0.944 46
0.93 46
0.853 20
0.985 19
0.641 20
0.887 19
0.577 19
0.931 20
0.847 18
0.824 18
0.978 19
0.971 19
0.958 19
0.658 20
0.792 18
0.863 19
0.734 19
0.985 18
0.984 19
0.363 18
0.899 17
0.848 18
0.989 18
0.98 17
0.97 18
0.75 18
0.973 18
0.994 20
0.9 19
0.979 50
0.209 18
0.917 17
0.899 17
0.912 18
0.0887 17
0.866 18
0.99 18
0.886 18
0.965 40
0.981 19
0.93 19
0.939 19
0.962 18
0.799 18
0.987 19
0.499 19
0.969 20
0.446 17
0.88 18
0.992 17
0.771 19
0.959 18
0.96 18
0.985 18
0.895 18
0.992 18
0.953 18
0.389 18
0.972 17
0.576 20
0.913 18
0.981 18
0.862 17
0.693 20
0.887 17
0.951 19
0.92 20
0.229 17
0.404 18
0.189 38
0.447 39
0.999 41
0.931 8
0.95 18
0.584 19
0.729 19
0.899 17
0.996 49
0.811 17
0.989 46
0.968 18
0.904 18
0.992 19
0.99 18
0.638 18
0.963 19
0.943 18
0.974 17
0.899 18
0.947 18
0.744 18
0.869 17
0.74 18
0.399 18
0.864 17
0.991 18
0.998 17
0.98 18
0.796 39
0.923 17
0.972 17
0.979 19
0.715 18
0.798 18
0.995 18
0.735 19
0.977 18
0.715 19
0.898 18
0.998 18
0.976 19
0.975 18
0.897 18
0.944 19
0.455 18
0.972 18
0.591 19
0.982 17
0.989 19
0.838 34
0.935 17
0.922 44
0.917 18
0.788 17
0.994 18
0.754 18
0.789 18
0.876 17
0.991 18
0.938 17
0.919 38
0.952 43
0.959 18
0.898 17
0.994 17
0.4 17
0.983 18
0.728 17
0.721 18
0.942 18
0.899 18
0.946 17
0.986 18
0.836 18
0.947 17
0.992 18
0.809 17
0.912 17
0.941 17
0.999 17
0.898 17
0.999 18
0.993 17
0.899 17
0.993 17
0.986 18
0.948 17
0.94 19
0.9 17
0.392 17
0.623 17
0.882 18
0.941 17
0.763 17
0.521 19
0.793 17
0.382 19
0.719 17
0.755 19
0.98 50
0.833 47
0.623 17
0.81 17
0.968 17
0.844 18
0.574 17
0.956 18
0.696 17
0.94 17
0.759 17
0.969 41
0.95 19
0.898 17
0.927 19
0.636 18
0.86 17
0.977 18
0.921 18
0.808 17
0.827 17
0.984 44
0.982 17
0.971 18
0.989 16
0.972 17
0.979 19
0.946 17
0.978 19
0.964 18
0.99 17
0.948 19
0.978 19
0.998 17
0.983 19
0.93 17
0.962 17
0.992 19
0.96 17
0.984 17
0.976 17
0.996 19
0.975 18
0.879 18
0.956 18
0.89 19
0.992 17
0.959 19
0.594 18
0.962 18
0.889 46
0.553 35
0.968 42
0.814 34
0.758 18
0.954 36
0.219 18
0.858 40
0.936 18
0.892 17
0.939 18
0.964 44
0.937 17
0.927 17
0.901 17
0.995 18
0.907 18
0.922 17
0.957 17
0.948 17
0.829 17
0.994 18
0.966 45
0.796 18
0.845 17
0.991 17
0.917 18
0.919 38
0.949 17
0.932 17
0.985 18
0.991 17
0.947 19
0.837 18
0.974 18
0.955 18
0.898 18
0.981 17
0.974 17
0.993 19
0.912 18
0.988 18
0.982 18
0.976 19
0.988 19
0.729 17
0.789 17
0.842 18
0.766 18
0.961 17
0.732 41
0.53 48
0.927 36
0.972 17
0.498 41
0.869 17
0.991 18
0.982 17
0.931 18
0.993 17
0.994 16
0.979 17
0.916 17
0.917 16
0.984 18
0.956 16
0.976 17
0.456 17
0.951 49
0.962 18
0.951 17
0.998 18
0.975 17
0.998 17
0.773 18
0.993 16
0.997 17
0.949 18
0.905 18
0.971 16
0.999 16
0.997 16
0.79 17
0.962 19
0.986 18
0.45 16
0.894 18
0.981 16
0.958 16
0.972 18
0.88 16
0.963 16
0.942 16
0.941 17
0.799 16
0.945 17
0.984 17
0.938 18
0.962 18
0.838 16
0.954 45
0.962 18
0.951 17
0.952 16
0.937 18
0.998 18
0.984 18
0.977 18
0.957 16
0.996 17
0.806 18
0.952 16
0.975 17
0.989 16
0.992 43
0.856 16
0.921 17
0.818 17
0.534 16
0.495 17
0.989 18
0.876 17
0.954 16
0.965 16
0.345 16
0.97 16
0.941 18
0.897 18
0.98 16
0.733 17
0.956 16
0.955 16
0.988 19
0.878 16
0.835 16
0.7 17
0.926 17
0.989 18
0.98 18
0.924 17
0.995 16
0.962 18
0.983 16
0.726 17
0.921 16
0.927 16
0.776 17
0.776 17
0.989 19
0.957 18
0.563 36
0.481 42
0.4 37
0.95 42
0.884 17
0.864 39
0.952 16
0.964 17
0.934 40
0.667 38
0.951 17
0.937 18
0.969 43
0.938 16
0.751 17
0.776 16
0.978 47
0.871 17
0.971 17
0.754 18
0.674 17
0.969 17
0.998 18
0.828 17
0.937 17
0.969 16
0.961 16
0.723 17
0.933 18
0.942 17
0.924 17
0.643 18
0.756 18
0.941 16
0.578 18
0.649 17
0.974 18
0.969 18
0.901 16
0.956 16
0.955 17
0.949 18
0.93 18
0.974 17
0.992 17
0.882 17
0.963 17
0.966 17
0.923 17
0.991 17
0.399 35
0.971 34
0.313 38
0.381 39
0.883 36
0.939 17
0.582 32
0.985 17
0.997 44
0.815 16
0.324 17
0.935 17
0.909 42
0.953 17
0.848 18
0.937 39
0.932 17
0.982 16
0.878 17
0.979 17
0.958 16
0.969 16
0.415 17
0.982 17
0.838 17
0.953 17
0.837 18
0.258 17
0.824 18
0.994 18
0.968 17
0.942 18
0.855 16
0.593 16
0.932 17
0.988 17
0.994 17
0.974 16
0.969 16
0.875 16
0.991 16
0.898 18
0.847 17
0.9 18
0.991 17
0.613 17
0.874 17
0.922 18
0.67 16
0.413 17
0.565 40
0.99 44
0.683 37
0.985 17
0.998 15
0.966 16
0.953 16
0.25 17
0.93 17
0.991 44
0.757 36
0.929 16
0.877 16
0.911 16
0.997 16
0.228 17
0.716 16
0.948 16
0.884 15
0.687 16
0.982 17
0.988 16
0.942 16
0.995 15
0.995 17
0.992 17
0.973 16
0.972 17
0.985 16
0.67 15
0.967 17
0.945 15
0.997 17
0.974 18
0.905 15
0.955 17
0.807 16
0.991 17
0.958 16
0.891 15
0.849 17
0.928 16
0.99 17
0.976 17
0.954 16
0.852 16
0.977 16
0.801 15
0.854 17
0.916 17
0.775 59
0.276 64
0.371 52
0.243 64
0.47 36
0.737 36
0.558 39
0.588 38
0.796 36
0.781 33
0.341 35
0.806 37
0.565 35
0.512 34
0.684 34
0.522 34
0.742 34
0.308 35
0.696 35
0.682 35
0.702 33
0.515 39
0.63 38
0.78 34
0.789 38
0.51 44
0.688 36
0.552 34
0.406 36
0.748 34
0.902 37
0.548 39
0.469 35
0.208 39
0.766 33
0.138 44
0.198 0
0.198 0
0.613 34
0.703 37
0.198 0
0.198 0
0.198 0
0.295 37
0.154 0
0.298 0
0.51 0
0.297 39
0.366 37
0.772 38
0.466 31
0.28 30
0.372 58
0.411 32
0.333 30
0.659 33
0.523 30
0.376 31
0.385 31
0.634 31
0.452 33
0.754 31
0.469 30
0.759 35
0.574 31
0.705 30
0.246 30
0.585 33
0.433 32
0.378 29
0.357 33
0.52 31
0.727 32
0.568 31
0.581 31
0.606 30
0.177 32
0.731 32
0.297 31
0.604 32
0.7 30
0.743 30
0.782 35
0.675 30
0.534 32
0.733 31
0.801 32
0.613 29
0.831 31
0.54 32
0.609 33
0.694 31
0.331 30
0.44 31
0.682 29
0.338 30
0.495 30
0.731 32
0.433 32
0.41 32
0.382 54
0.368 66
0.242 57
0.522 28
0.522 28
0.896 28
0.552 29
0.644 28
0.546 29
0.274 29
0.259 29
0.422 29
0.477 30
0.68 29
0.563 29
0.685 29
0.261 29
0.208 28
0.29 30
0.47 29
0.252 29
0.663 29
0.938 30
0.615 30
0.783 30
0.551 29
0.495 29
0.805 29
0.841 29
0.341 28
0.775 28
0.929 30
0.432 29
0.752 28
0.619 28
0.61 28
0.581 28
0.504 29
0.711 29
0.45 29
0.614 27
0.571 29
0.684 29
0.72 31
0.898 30
0.245 31
0.675 28
0.536 28
0.737 28
0.592 29
0.468 47
0.371 69
0.442 26
0.487 27
0.47 28
0.556 27
0.602 27
0.589 28
0.712 27
0.437 27
0.745 26
0.467 28
0.567 26
0.587 27
0.525 28
0.524 28
0.302 30
0.663 28
0.651 28
0.74 29
0.624 28
0.779 27
0.535 28
0.879 27
0.484 28
0.463 27
0.728 28
0.421 28
0.835 28
0.395 29
0.664 30
0.646 27
0.647 27
0.715 31
0.721 27
0.552 28
0.716 27
0.53 27
0.721 26
0.942 28
0.577 28
0.224 29
0.497 26
0.673 29
0.463 26
0.537 27
0.495 28
0.57 28
0.652 27
0.685 27
0.192 58
0.493 49
0.237 27
0.141 61
0.872 26
0.771 26
0.512 26
0.736 53
0.574 27
0.25 59
0.171 55
0.751 26
0.561 26
0.55 25
0.362 29
0.497 27
0.65 26
0.575 27
0.888 27
0.517 26
0.096 26
0.609 28
0.313 26
0.804 26
0.405 26
0.679 27
0.322 26
0.519 27
0.524 27
0.625 26
0.782 29
0.621 26
0.665 26
0.294 26
0.744 26
0.607 27
0.874 26
0.466 27
0.493 27
0.834 26
0.644 27
0.715 25
0.757 29
0.702 26
0.436 25
0.747 26
0.719 26
0.748 27
0.903 27
0.502 26
0.357 52
0.264 62
0.695 25
0.761 25
0.33 26
0.37 26
0.325 27
0.393 25
0.495 25
0.552 26
0.49 25
0.668 25
0.693 26
0.475 26
0.77 25
0.816 25
0.476 25
0.1 28
0.0617 25
0.296 29
0.695 25
0.553 26
0.607 26
0.53 29
0.789 26
0.445 25
0.554 25
0.738 25
0.387 25
0.456 26
0.846 25
0.524 28
0.284 25
0.527 27
0.751 25
0.669 27
0.334 26
0.909 28
0.623 27
0.443 28
0.258 28
0.674 27
0.675 25
0.749 26
0.454 28
0.807 28
0.475 25
0.67 26
0.572 27
0.815 25
0.403 67
0.435 25
0.056 50
0.529 25
0.472 25
0.36 24
0.24 24
0.358 25
0.314 25
0.885 25
0.678 24
0.442 27
0.53 24
0.813 28
0.644 24
0.584 26
0.539 26
0.74 24
0.302 24
0.348 25
0.437 28
0.683 25
0.588 24
0.727 25
0.339 24
0.472 24
0.585 26
0.497 24
0.772 26
0.855 25
0.613 24
0.721 27
0.0464 24
0.597 25
0.117 24
0.649 26
0.328 26
0.198 24
0.559 26
0.711 25
0.681 24
0.678 28
0.609 25
0.453 29
0.933 25
0.437 25
0.729 25
0.815 25
0.637 27
0.218 25
0.551 23
0.846 24
0.911 25
0.85 23
0.374 25
0.494 24
0.699 24
0.46 24
0.466 24
0.352 27
0.743 25
0.14 24
0.331 27
0.585 27
0.221 27
0.104 23
0.912 25
0.536 24
0.713 24
0.663 26
0.534 25
0.489 24
0.689 27
0.526 26
0.577 24
0.864 23
0.348 25
0.475 23
0.187 23
0.32 23
0.692 24
0.426 24
0.523 25
0.792 25
0.449 25
0.384 24
0.329 23
0.316 25
0.806 27
0.715 23
0.738 24
0.664 23
0.877 24
0.514 23
0.801 23
0.605 23
0.537 24
0.536 26
0.61 23
0.432 23
0.355 45
0.494 24
0.508 24
0.668 23
0.317 24
0.48 24
0.454 24
0.122 23
0.593 23
0.509 22
0.431 24
0.498 23
0.667 24
0.242 23
0.765 24
0.682 24
0.734 23
0.427 24
0.632 24
0.272 26
0.76 23
0.737 23
0.409 23
0.61 24
0.135 24
0.521 25
0.402 23
0.363 22
0.299 58
0.646 23
0.756 26
0.627 23
0.373 24
0.474 24
0.682 23
0.467 24
0.83 23
0.63 24
0.837 26
0.527 25
0.437 23
0.776 24
0.516 23
0.693 22
0.342 25
0.443 23
0.807 23
0.372 24
0.62 26
0.446 24
0.416 41
0.644 13
0.434 50
0.324 56
0.0587 41
0.14 23
0.479 23
0.569 23
0.312 24
0.419 59
0.266 23
0.0968 25
0.686 23
0.637 22
0.117 38
0.552 54
0.707 24
0.624 23
0.781 24
0.669 22
0.578 24
0.326 23
0.751 23
0.474 23
0.118 24
0.592 23
0.663 24
0.655 23
0.463 23
0.846 24
0.447 25
0.322 23
0.887 22
0.576 23
0.296 23
0.858 26
0.536 23
0.828 24
0.626 24
0.525 25
0.542 23
0.907 25
0.386 23
0.629 23
0.745 23
0.614 22
0.375 23
0.878 24
0.713 23
0.64 24
0.251 43
0.641 23
0.681 22
0.254 23
0.634 22
0.375 24
0.539 25
0.722 23
0.45 22
0.205 23
0.41 23
0.502 23
0.0924 24
0.455 22
0.742 26
0.497 23
0.569 23
0.47 22
0.565 23
0.663 23
0.671 22
0.573 23
0.669 23
0.0604 27
0.657 23
0.698 23
0.522 23
0.488 23
0.772 26
0.74 22
0.409 22
0.646 23
0.482 22
0.337 23
0.544 22
0.912 25
0.73 22
0.788 22
0.614 23
0.325 22
0.851 24
0.386 23
0.46 25
0.64 22
0.269 22
0.317 25
0.897 23
0.653 23
0.428 23
0.82 22
0.64 43
0.798 23
0.303 23
0.431 22
0.606 23
0.881 22
0.545 22
0.584 23
0.51 22
0.343 23
0.494 25
0.381 24
0.695 23
0.597 23
0.75 22
0.739 21
0.646 22
0.679 22
0.644 23
0.431 23
0.59 22
0.624 22
0.657 22
0.411 23
0.373 23
0.639 22
0.285 22
0.685 23
0.475 23
0.403 24
0.798 24
0.536 23
0.838 23
0.808 25
0.51 24
0.579 22
0.6 23
0.588 24
0.813 23
0.433 24
0.442 22
0.518 22
0.572 23
0.605 24
0.184 22
0.601 22
0.567 22
0.715 24
0.494 0
0.623 23
0.402 43
0.577 12
0.253 35
0.145 44
0.248 23
0.627 22
0.538 21
0.307 22
0.585 23
0.487 23
0.226 22
0.729 21
0.16 23
0.485 23
0.585 23
0.24 23
0.795 22
0.66 22
0.674 25
0.51 22
0.157 22
0.394 23
0.555 22
0.235 24
0.464 22
0.8 25
0.622 22
0.506 22
0.396 22
0.619 23
0.798 21
0.691 25
0.3 22
0.931 22
0.639 25
0.234 22
0.547 22
0.334 22
0.284 21
0.574 23
0.532 21
0.345 21
0.542 22
0.766 22
0.404 23
0.793 22
0.483 22
0.761 22
0.743 22
0.764 22
0.671 53
0.643 21
0.444 24
0.468 23
0.632 22
0.285 22
0.691 22
0.508 24
0.378 21
0.163 22
0.434 22
0.595 22
0.255 24
0.258 23
0.31 22
0.592 23
0.136 23
0.843 21
0.68 25
0.419 23
0.403 23
0.347 22
0.794 24
0.663 22
0.772 22
0.748 22
0.168 23
0.77 23
0.29 24
0.299 23
0.391 21
0.805 22
0.54 21
0.42 22
0.113 25
0.882 23
0.728 25
0.567 21
0.72 23
0.368 23
0.445 22
0.324 25
0.346 23
0.754 22
0.123 21
0.766 21
0.0564 23
0.752 21
0.472 24
0.531 21
0.427 60
0.828 21
0.764 22
0.273 48
0.283 23
0.584 22
0.28 22
0.29 22
0.499 22
0.407 40
0.0636 42
0.619 22
0.318 22
0.316 23
0.707 22
0.621 21
0.527 21
0.704 21
0.205 21
0.264 22
0.687 20
0.298 21
0.354 24
0.829 21
0.792 24
0.232 23
0.429 21
0.396 22
0.831 22
0.269 22
0.074 24
0.638 21
0.386 22
0.563 21
0.319 57
0.569 22
0.567 21
0.749 22
0.292 21
0.541 21
0.47 22
0.517 21
0.3 23
0.6 21
0.74 21
0.775 21
0.631 21
0.578 21
0.379 0
0.494 22
0.488 56
0.273 58
0.349 33
0.558 22
0.325 21
0.62 21
0.112 21
0.749 21
0.622 22
0.669 20
0.162 21
0.556 21
0.403 23
0.535 21
0.486 22
0.452 21
0.682 20
0.0655 24
0.632 22
0.529 21
0.25 24
0.495 22
0.427 22
0.673 22
0.473 24
0.434 21
0.758 21
0.699 20
0.522 22
0.879 21
0.31 22
0.506 20
0.363 24
0.528 22
0.0134 22
0.155 22
0.617 21
0.343 21
0.0284 21
0.24 24
0.781 21
0.445 22
0.646 20
0.627 24
0.238 21
0.153 24
0.535 20
0.52 21
0.882 23
0.558 22
0.358 42
0.4 21
0.352 60
0.185 36
0.651 21
0.636 21
0.592 20
0.799 22
0.294 22
0.556 20
0.268 22
0.685 20
0.384 21
0.638 21
0.563 24
0.186 22
0.267 22
0.669 22
0.666 22
0.545 22
0.578 22
0.708 21
0.367 20
0.592 21
0.611 22
0.628 21
0.313 21
0.642 20
0.643 22
0.305 21
0.914 21
0.542 22
0.52 22
0.159 24
0.582 22
0.87 22
0.319 20
0.247 20
0.629 20
0.762 20
0.796 22
0.525 21
0.662 21
0.152 21
0.238 21
0.812 21
0.703 21
0.315 21
0.745 21
0.756 20
0.189 40
0.198 55
0.145 40
0.283 52
0.196 21
0.341 54
0.489 21
0.187 22
0.65 21
0.345 40
0.407 22
0.45 20
0.674 21
0.654 21
0.616 21
0.347 20
0.446 22
0.338 22
0.468 20
0.0185 20
0.302 23
0.146 20
0.752 21
0.706 20
0.509 21
0.615 21
0.689 23
0.73 21
0.583 20
0.397 20
0.194 21
0.474 20
0.692 20
0.129 21
0.191 22
0.453 24
0.611 23
0.376 24
0.219 22
0.832 20
0.724 20
0.507 20
0.55 23
0.443 23
0.914 21
0.671 21
0.226 21
0.916 22
0.559 22
0.782 20
0.718 20
0.41 21
0.432 21
0.815 21
0.262 21
0.569 20
0.143 21
0.81 20
0.874 21
0.645 19
0.713 21
0.707 21
0.474 20
0.507 21
0.82 20
0.594 22
0.123 35
0.681 21
0.474 21
0.178 23
0.752 23
0.528 20
0.431 21
0.433 20
0.638 20
0.474 21
0.642 20
0.873 21
0.522 21
0.696 21
0.564 20
0.729 19
0.766 20
0.233 19
0.729 20
0.605 20
0.844 20
0.184 20
0.215 54
0.132 20
0.124 20
0.561 20
0.838 22
0.797 19
0.527 22
0.497 20
0.0688 24
0.701 23
0.761 20
0.674 21
0.294 55
0.21 20
0.606 21
0.0686 21
0.402 21
0.502 20
0.787 20
0.481 20
0.485 20
0.742 21
0.114 20
0.45 21
0.212 20
0.41 20
0.394 20
0.499 19
0.203 22
0.661 19
0.558 20
0.419 20
0.525 20
0.49 20
0.338 20
0.891 20
0.416 19
0.55 20
0.514 20
0.836 20
0.762 23
0.183 23
0.124 20
0.296 20
0.555 21
0.712 20
0.535 20
0.446 20
0.74 23
0.694 20
0.55 20
0.677 21
0.927 21
0.742 20
0.367 20
0.819 23
0.793 19
0.94 23
0.604 21
0.595 20
0.531 20
0.725 20
0.448 77
0.676 79
0.539 76
0.446 84
0.214 76
0.841 65
0.577 1
0.409 0
0.724 2
0.724 0
0.737 1
0.287 0
0.322 1
0.624 0
0.891 1
0.726 0
0.521 0
0.291 0
0.891 0
0.291 0
0.291 0
0.287 0
0.786 0
0.502 0
0.502 0
0.665 0
0.291 0
0.467 0
0.287 0
0.291 0
0.458 0
0.291 0
0.962 0
0.458 0
0.502 0
0.381 0
0.502 0
0.535 0
0.246 0
0.458 0
0.458 0
0.726 0
0.724 1
0.726 0
0.458 0
0.315 0
0.315 0
0.702 0
0.724 1
0.724 0
0.502 4
0.368 0
0.502 0
0.502 0
0.287 0
0.502 0
0.502 0
0.502 0
0.139 0
0.287 0
0.315 1
0.502 0
0.502 0
0.502 0
0.502 0
0.502 0
0.339 0
0.502 0
0.502 0
0.315 0
0.287 0
0.315 0
0.315 0
0.232 0
0.175 0
0.247 1
0.443 0
0.212 0
0.287 0
0.287 0
0.315 0
0.502 0
0.443 0
0.287 0
0.108 0
0.315 0
0.287 0
0.532 0
0.248 0
0.287 0
0.532 0
0.287 0
0.287 0
0.502 0
0.318 0
0.287 0
0.414 0
0.25 0
0.414 0
0.502 0
0.199 1
0.0264 0
0.287 3
0.502 2
0.0916 0
0.502 0
0.287 0
0.502 0
0.175 0
0.287 0
0.25 0
0.315 0
0.502 0
0.502 0
0.287 0
0.502 0
0.502 0
0.339 0
0.502 0
0.315 0
0.287 0
0.339 0
0.502 0
0.502 0
0.502 0
0.532 1
0.491 0
0.315 0
0.502 0
0.131 0
0.175 0
0.315 0
0.287 0
0.108 0
0.315 0
0.175 0
0.287 0
0.212 0
0.0767 0
0.287 0
0.287 0
0.287 0
0.287 0
0.287 0
0.287 0
0.287 0
0.443 0
0.287 0
0.315 0
0.108 0
0.89 68
0.778 74
0.89 51
0.423 60
0.849 74
0.35 0
0.0553 1
0.533 0
0.347 0
0.347 0
0.414 1
0.477 0
0.319 0
0.876 0
0.876 0
0.876 0
0.876 0
0.477 0
0.876 1
0.3 0
0.287 0
0.477 0
0.876 0
0.876 0
0.876 0
0.876 0
0.876 0
0.876 0
0.502 0
0.502 0
0.502 0
0.876 0
0.876 0
0.876 0
0.876 0
0.533 0
0.477 1
0.722 0
0.477 1
0.248 2
0.315 0
0.315 0
0.533 0
0.72 1
0.248 1
0.315 0
0.819 0
0.477 1
0.0767 0
0.682 0
0.72 68
0.605 81
0.484 75
0.656 67
0.791 44
0.379 2
0.892 65
0.0973 0
0.876 0
0.876 0
0.876 0
0.876 0
0.906 1
0.876 0
0.876 0
0.876 0
0.876 0
0.876 0
0.876 0
0.876 0
0.876 0
0.876 0
0.876 0
0.876 1
0.448 0
0.776 0
0.876 0
0.642 1
0.876 0
0.824 0
0.121 0
0.876 0
0.876 0
0.876 0
0.788 2
0.876 0
0.906 1
0.796 0
0.663 0
0.848 0
0.876 0
0.848 0
0.0455 0
0.534 2
0.534 0
0.625 0
0.788 1
0.631 0
0.534 2
0.876 0
0.753 66
0.844 65
0.326 73
0.623 72
0.834 77
0.487 64
0.921 73
0.884 75
0.942 65
0.803 76
0.805 77
0.502 69
0.902 74
0.64 77
0.78 61
0.724 76
0.676 73
0.886 50
0.8 3
0.8 1
0.8 0
0.94 0
0.927 0
0.8 0
0.817 0
0.694 0
0.694 0
0.591 0
0.694 0
0.817 0
0.817 0
0.496 0
0.573 0
0.686 47
0.89 0
0.87 0
0.903 1
0.567 0
0.589 1
0.573 1
0.573 1
0.601 0
0.573 0
0.688 0
0.419 0
0.573 0
0.522 0
0.87 0
0.481 0
0.496 2
0.15 67
0.184 74
0.293 72
0.242 66
0.348 75
0.789 69
0.857 56
0.714 59
0.622 71
0.519 78
0.762 59
0.39 68
0.72 54
0.747 66
0.71 73
0.876 67
0.593 48
0.661 46
0.408 0
0.57 0
0.408 0
0.557 0
0.408 0
0.81 0
0.726 0
0.934 0
0.213 0
0.583 1
0.459 0
0.705 0
0.583 0
0.165 0
0.47 0
0.583 0
0.583 0
0.981 0
0.408 0
0.393 0
0.583 0
0.831 0
0.197 0
0.668 0
0.81 1
0.319 0
0.919 0
0.703 0
0.665 0
0.665 0
0.665 0
0.356 0
0.251 54
0.687 73
0.481 65
0.427 32
0.534 71
0.752 74
0.738 62
0.635 60
0.872 73
0.879 53
0.625 55
0.8 64
0.905 71
0.368 43
0.571 70
0.927 76
0.639 69
0.313 59
0.909 67
0.706 76
0.704 0
0.881 0
0.675 0
0.69 0
0.704 0
0.714 42
0.554 0
0.42 0
0.914 44
0.545 0
0.505 0
0.594 0
0.815 0
0.932 0
0.615 42
0.815 0
0.815 0
0.815 0
0.406 0
0.849 0
0.815 0
0.399 0
0.918 45
0.619 0
0.647 0
0.78 0
0.935 0
0.42 0
0.555 0
0.555 0
0.433 71
0.401 31
0.601 67
0.626 44
0.64 54
0.71 61
0.554 51
0.883 54
0.593 48
0.578 70
0.759 69
0.777 57
0.778 55
0.46 62
0.476 76
0.493 64
0.852 70
0.848 58
0.91 68
0.982 72
0.659 47
0.727 71
0.274 60
0.367 76
0.753 42
0.762 59
0.576 70
0.823 69
0.216 40
0.621 40
0.472 73
0.282 42
0.674 41
0.595 45
0.962 71
0.65 44
0.768 42
0.942 43
0.571 0
0.601 1
0.612 0
0.488 41
0.913 0
0.494 0
0.601 1
0.871 0
0.601 0
0.601 0
0.689 0
0.878 41
0.441 67
0.285 70
0.377 61
0.571 69
0.536 54
0.355 75
0.788 61
0.104 66
0.635 49
0.174 60
0.645 49
0.903 50
0.8 55
0.449 27
0.882 55
0.992 61
0.961 52
0.264 67
0.63 67
0.923 69
0.693 61
0.554 52
0.726 67
0.584 72
0.516 67
0.626 67
0.612 59
0.689 58
0.159 68
0.306 70
0.383 40
0.982 0
0.594 71
0.721 66
0.735 63
0.768 70
0.351 40
0.504 39
0.676 40
0.663 39
0.73 39
0.6 38
0.439 42
0.29 0
0.706 1
0.49 0
0.706 0
0.29 0
0.543 0
0.494 0
0.127 46
0.894 58
0.692 67
0.448 52
0.863 60
0.514 52
0.866 54
0.465 69
0.64 60
0.547 61
0.532 63
0.501 60
0.822 57
0.45 38
0.606 53
0.722 65
0.711 61
0.82 57
0.639 63
0.466 66
0.923 67
0.833 70
0.601 62
0.92 67
0.592 37
0.878 71
0.451 37
0.476 39
0.589 40
0.217 61
0.859 73
0.463 70
0.646 40
0.598 76
0.688 38
0.64 37
0.79 72
0.823 40
0.46 38
0.726 68
0.349 38
0.69 38
0.476 37
0.349 67
0.532 38
0.933 38
0.709 37
0.293 0
0.854 0
0.719 0
0.269 65
0.909 58
0.429 47
0.615 60
0.694 56
0.628 52
0.711 55
0.875 50
0.398 66
0.529 51
0.356 65
0.795 53
0.412 58
0.588 50
0.586 69
0.149 65
0.241 57
0.609 61
0.909 55
0.522 37
0.814 67
0.428 36
0.347 35
0.182 67
0.205 68
0.583 47
0.727 69
0.516 37
0.5 62
0.831 37
0.483 68
0.526 36
0.71 36
0.692 37
0.306 66
0.648 38
0.385 37
0.649 37
0.66 36
0.628 40
0.416 0
0.414 37
0.416 2
0.416 0
0.416 0
0.64 38
0.416 0
0.416 0
0.416 0
0.416 0
0.552 62
0.4 54
0.828 63
0.508 26
0.729 43
0.863 56
0.523 71
0.448 74
0.67 54
0.0469 62
0.55 60
0.466 64
0.824 54
0.778 67
0.707 51
0.34 35
0.383 61
0.66 68
0.578 35
0.188 59
0.847 67
0.214 48
0.395 58
0.543 63
0.512 37
0.634 36
0.384 36
0.532 72
0.279 63
0.733 36
0.836 73
0.902 68
0.602 36
0.187 37
0.573 36
0.386 36
0.803 35
0.401 37
0.661 36
0.767 35
0.625 39
0.234 35
0.367 39
0.431 36
0.199 37
0.775 0
0.229 0
0.275 35
0.801 38
0.748 38
0.915 50
0.0304 65
0.593 46
0.279 43
0.765 57
0.713 56
0.892 52
0.692 60
0.313 65
0.492 50
0.437 55
0.379 67
0.585 57
0.92 58
0.175 58
0.378 35
0.243 55
0.931 60
0.294 53
0.74 56
0.624 71
0.57 57
0.991 68
0.469 34
0.273 38
0.342 62
0.426 34
0.578 70
0.574 35
0.348 57
0.355 36
0.818 36
0.591 35
0.721 34
0.603 35
0.283 0
0.587 35
0.625 57
0.666 38
0.771 0
0.57 38
0.666 35
0.474 37
0.602 36
0.619 0
0.394 35
0.75 37
0.887 0
0.887 0
0.802 35
0.305 48
0.896 45
0.185 55
0.641 53
0.863 56
0.683 53
0.461 57
0.928 61
0.645 66
0.747 60
0.61 66
0.275 56
0.912 72
0.484 58
0.946 63
0.489 58
0.603 34
0.54 34
0.481 60
0.493 60
0.546 34
0.764 57
0.0854 1
0.795 9
0.414 37
0.71 2
0.569 34
0.854 35
0.933 0
0.797 0
0.816 34
0.314 34
0.797 0
0.797 0
0.797 0
0.563 35
0.548 34
0.296 0
0.797 0
0.807 35
0.329 0
0.554 34
0.569 37
0.8 2
0.797 0
0.402 0
0.296 0
0.38 0
0.797 0
0.808 36
0.395 50
0.397 23
0.141 46
0.583 42
0.421 24
0.582 63
0.478 41
0.907 46
0.825 46
0.476 52
0.624 51
0.728 67
0.906 55
0.529 34
0.171 56
0.63 36
0.726 68
0.751 56
0.614 33
0.715 68
0.436 60
0.972 35
0.796 57
0.572 34
0.621 33
0.788 71
0.677 72
0.363 33
0.76 35
0.271 68
0.484 33
0.419 33
0.585 32
0.677 74
0.797 33
0.834 35
0.726 37
0.657 33
0.467 37
0.264 0
0.853 36
0.845 62
0.749 37
0.264 0
0.264 0
0.264 0
0.733 34
0.412 34
0.633 0
0.901 35
0.647 46
0.738 51
0.788 60
0.941 59
0.334 56
0.38 69
0.61 50
0.857 50
0.803 56
0.655 62
0.117 64
0.776 48
0.626 34
0.555 33
0.755 55
0.744 33
0.878 53
0.648 56
0.931 60
0.948 60
0.705 65
0.933 65
0.0273 54
0.78 68
0.542 33
0.639 34
0.648 33
0.693 64
0.4 31
0.546 36
0.759 35
0.94 64
0.729 60
0.915 33
0.37 34
0.873 33
0.766 36
0.684 33
0.599 33
0.928 67
0.553 34
0.55 33
0.72 33
0.67 33
0.843 34
0.472 36
0.494 32
0.465 35
0.549 33
0.544 33
0.279 56
0.259 58
0.471 48
0.482 23
0.903 30
0.79 48
0.468 51
0.852 59
0.807 63
0.43 67
0.624 67
0.948 61
0.284 57
0.871 47
0.537 32
0.529 67
0.106 57
0.515 63
0.233 62
0.65 35
0.439 72
0.343 33
0.483 58
0.754 33
0.723 32
0.408 33
0.826 35
0.501 34
0.423 32
0.669 32
0.561 35
0.686 33
0.892 33
0.23 33
0.289 0
0.732 33
0.946 33
0.409 32
0.487 32
0.418 63
0.494 32
0.387 32
0.289 0
0.289 0
0.498 34
0.501 0
0.398 33
0.934 32
0.672 34
0.879 34
0.513 52
0.495 54
0.887 50
0.281 54
0.838 59
0.575 42
0.485 59
0.384 54
0.334 48
0.753 49
0.536 45
0.556 58
0.614 54
0.669 56
0.601 59
0.681 62
0.376 59
0.695 59
0.885 69
0.666 55
0.136 61
0.496 54
0.36 32
0.564 33
0.53 32
0.103 59
0.761 30
0.447 65
0.548 35
0.648 65
0.784 32
0.691 70
0.963 63
0.653 65
0.891 32
0.5 31
0.526 61
0.534 32
0.772 33
0.551 72
0.677 32
0.632 35
0.618 34
0.666 31
0.737 34
0.806 32
0.987 33
0.806 34
0.44 32
0.73 34
0.478 40
0.484 48
0.681 51
0.72 42
0.948 51
0.728 53
0.461 49
0.945 50
0.484 50
0.508 51
0.75 60
0.823 62
0.286 29
0.701 48
0.499 61
0.479 63
0.714 62
0.434 55
0.63 32
0.411 61
0.257 54
0.854 58
0.285 64
0.477 31
0.796 31
0.985 32
0.457 32
0.547 62
0.583 31
0.805 32
0.224 32
0.39 31
0.651 31
0.51 57
0.369 31
0.633 0
0.633 0
0.633 0
0.712 0
0.712 0
0.591 33
0.467 32
0.712 0
0.712 0
0.712 0
0.712 0
0.441 32
0.712 0
0.712 0
0.924 32
0.821 82
0.517 56
0.781 54
0.427 57
0.616 54
0.507 52
0.584 52
0.866 55
0.547 53
0.617 53
0.633 58
0.829 0
0.215 0
0.634 55
0.74 58
0.414 53
0.519 57
0.619 55
0.339 53
0.537 54
0.637 57
0.24 55
0.492 55
0.706 58
0.597 53
0.833 54
0.429 52
0.412 0
0.396 1
0.327 53
0.256 54
0.843 54
0.224 0
0.526 54
0.321 0
0.339 55
0.415 0
0.523 55
0.445 52
0.907 52
0.458 53
0.266 54
0.463 53
0.509 53
0.905 0
0.277 55
0.656 53
0.886 0
0.706 0
0.452 56
0.415 52
0.599 50
0.564 52
0.94 53
0.339 52
0.603 51
0.732 52
0.731 51
0.716 52
0.522 50
0.397 51
0.792 50
0.82 51
0.603 51
0.542 50
0.609 51
0.752 0
0.571 50
0.551 52
0.883 0
0.67 51
0.232 52
0.902 50
0.806 50
0.449 52
0.856 51
0.624 50
0.485 52
0.681 50
0.443 52
0.51 51
0.486 51
0.537 51
0.758 51
0.796 0
0.787 51
0.555 51
0.616 51
0.405 51
0.524 52
0.501 50
0.358 51
0.546 51
0.364 50
0.743 0
0.35 51
0.644 52
0.708 0
0.61 0
0.472 50
0.532 58
0.57 69
0.449 49
0.576 51
0.668 50
0.959 51
0.633 50
0.487 49
0.69 49
0.735 49
0.675 49
0.909 1
0.458 49
0.916 51
0.186 51
0.794 51
0.674 51
0.541 49
0.524 49
0.538 51
0.636 50
0.643 50
0.601 50
0.697 50
0.672 49
0.896 48
0.264 49
0.675 49
0.629 49
0.758 50
0.555 51
0.937 49
0.612 49
0.724 49
0.699 49
0.177 50
0.367 50
0.899 49
0.324 49
0.534 50
0.478 50
0.566 50
0.533 49
0.951 49
0.653 49
0.434 49
0.449 49
0.577 48
0.593 51
0.248 49
0.869 65
0.713 69
0.635 49
0.519 49
0.714 48
0.424 48
0.683 49
0.57 47
0.571 48
0.514 49
0.678 47
0.553 50
0.601 49
0.494 50
0.739 48
0.571 48
0.65 49
0.52 49
0.857 48
0.339 48
0.751 49
0.621 49
0.823 50
0.494 49
0.617 47
0.574 48
0.783 50
0.441 49
0.534 48
0.939 48
0.53 48
0.52 49
0.744 50
0.594 47
0.323 48
0.427 48
0.481 48
0.519 49
0.407 49
0.606 49
0.339 48
0.819 49
0.633 48
0.666 48
0.56 48
0.947 50
0.754 48
0.292 49
0.347 49
0.461 48
0.482 48
0.75 49
0.492 48
0.627 48
0.852 48
0.637 48
0.384 48
0.742 49
0.335 48
0.765 47
0.883 48
0.732 48
0.694 49
0.795 48
0.79 48
0.503 48
0.704 47
0.472 48
0.562 49
0.607 48
0.465 47
0.365 48
0.89 49
0.715 48
0.654 49
0.928 47
0.538 49
0.471 48
0.486 48
0.482 47
0.728 47
0.743 47
0.394 48
0.813 49
0.525 48
0.432 49
0.684 47
0.33 48
0.458 48
0.75 47
0.679 48
0.567 47
0.736 48
0.665 48
0.633 47
0.457 0
0.495 0
0.7 0
0.825 0
0.8 0
0.436 48
0.844 48
0.646 47
0.652 48
0.902 46
0.672 47
0.514 48
0.394 48
0.685 47
0.383 47
0.634 47
0.621 48
0.755 48
0.632 48
0.489 47
0.628 48
0.843 47
0.196 47
0.732 48
0.614 47
0.724 47
0.24 0
0.945 46
0.88 47
0.594 47
0.522 47
0.477 48
0.274 47
0.771 46
0.704 47
0.339 48
0.828 48
0.435 48
0.603 47
0.63 47
0.592 47
0.444 47
0.381 47
0.607 47
0.389 48
0.438 47
0.67 47
0.38 47
0.432 48
0.683 0
0.399 0
0.809 46
0.92 47
0.828 48
0.771 0
0.73 55
0.881 46
0.595 47
0.983 48
0.495 47
0.629 47
0.578 47
0.701 45
0.69 48
0.522 47
0.596 48
0.711 48
0.487 49
0.706 47
0.607 47
0.66 46
0.828 47
0.704 47
0.642 47
0.976 48
0.568 47
0.565 47
0.877 47
0.948 47
0.608 48
0.719 47
0.47 47
0.401 47
0.362 47
0.269 46
0.567 48
0.869 47
0.849 47
0.438 46
0.797 48
0.607 47
0.391 47
0.91 47
0.71 47
0.66 46
0.578 47
0.399 47
0.44 0
0.579 47
0.368 47
0.498 0
0.636 48
0.766 46
0.333 0
0.608 47
0.598 48
0.589 48
0.722 46
0.405 46
0.689 47
0.733 47
0.403 47
0.478 46
0.496 47
0.574 46
0.89 48
0.478 46
0.768 45
0.867 46
0.616 46
0.529 46
0.889 47
0.777 47
0.478 46
0.967 48
0.588 46
0.799 46
0.961 0
0.324 47
0.764 46
0.967 45
0.532 46
0.591 46
0.588 45
0.496 46
0.443 46
0.601 48
0.217 46
0.656 47
0.331 47
0.648 46
0.665 46
0.542 47
0.586 47
0.57 46
0.907 47
0.831 47
0.757 46
0.693 46
0.69 48
0.974 46
0.552 46
0.874 0
0.63 0
0.585 46
0.794 46
0.46 46
0.619 46
0.265 46
0.535 46
0.646 46
0.595 46
0.589 48
0.715 45
0.66 45
0.936 46
0.401 45
0.63 46
0.945 48
0.474 47
0.484 47
0.838 45
0.753 46
0.981 48
0.738 46
0.749 45
0.918 46
0.585 47
0.279 46
0.714 46
0.582 45
0.681 45
0.507 45
0.532 46
0.907 47
0.309 45
0.553 46
0.695 46
0.79 46
0.517 46
0.361 46
0.762 45
0.574 47
0.708 47
0.765 46
0.303 46
0.581 46
0.325 45
0.694 46
0.568 46
0.602 45
0.98 45
0.59 46
0.802 47
0.619 45
0.487 46
0.849 64
0.741 47
0.647 45
0.676 46
0.712 45
0.457 46
0.636 46
0.441 46
0.495 46
0.898 45
0.626 46
0.833 46
0.509 46
0.693 46
0.457 46
0.635 45
0.229 45
0.464 45
0.372 46
0.898 47
0.782 45
0.892 44
0.541 46
0.729 44
0.646 47
0.649 44
0.663 44
0.851 47
0.776 44
0.824 45
0.298 46
0.618 46
0.326 46
0.825 46
0.736 47
0.948 46
0.821 46
0.512 45
0.419 45
0.617 46
0.546 45
0.632 45
0.995 45
0.401 46
0.568 45
0.824 45
0.526 46
0.802 45
0.642 45
0.722 69
0.816 65
0.411 47
0.406 45
0.719 46
0.595 46
0.525 46
0.604 45
0.577 45
0.494 45
0.707 46
0.798 46
0.652 47
0.565 46
0.73 45
0.533 45
0.948 45
0.637 45
0.489 45
0.858 44
0.498 45
0.834 47
0.958 44
0.658 46
0.578 45
0.632 45
0.878 45
0.427 45
0.372 45
0.397 45
0.305 45
0.625 45
0.442 46
0.921 44
0.601 46
0.56 45
0.722 46
0.693 45
0.631 45
0.856 45
0.76 47
0.886 44
0.271 45
0.624 47
0.75 46
0.969 47
0.873 46
0.346 45
0.944 46
0.835 45
0.725 46
0.33 45
0.682 46
0.679 46
0.847 45
0.337 46
0.623 44
0.76 44
0.207 45
0.806 44
0.924 45
0.356 45
0.493 45
0.84 45
0.784 45
0.832 45
0.724 45
0.743 45
0.856 44
0.496 46
0.555 45
0.563 45
0.921 44
0.561 47
0.404 45
0.711 45
0.776 45
0.589 45
0.681 45
0.502 44
0.713 45
0.55 45
0.665 45
0.354 44
0.552 46
0.892 45
0.717 44
0.87 46
0.641 44
0.348 45
0.57 45
0.89 44
0.47 44
0.933 44
0.451 45
0.496 45
0.415 45
0.4 46
0.744 45
0.718 46
0.494 53
0.8 44
0.694 44
0.758 44
0.685 45
0.847 45
0.572 45
0.562 44
0.53 46
0.752 44
0.489 45
0.938 44
0.559 46
0.518 45
0.93 44
0.582 46
0.586 44
0.445 44
0.845 44
0.903 44
0.244 44
0.666 45
0.401 44
0.511 45
0.647 44
0.699 45
0.595 46
0.691 46
0.673 44
0.739 44
0.484 45
0.846 46
0.776 44
0.672 46
0.372 44
0.959 43
0.696 45
0.716 44
0.534 45
0.874 45
0.57 44
0.698 46
0.589 44
0.715 45
0.521 44
0.504 45
0.63 46
0.652 44
0.214 44
0.596 47
0.721 52
0.433 44
0.574 45
0.695 45
0.651 44
0.905 45
0.399 45
0.676 45
0.715 45
0.214 45
0.394 45
0.686 46
0.599 44
0.877 44
0.462 45
0.735 45
0.83 44
0.5 44
0.296 45
0.373 44
0.661 46
0.774 44
0.501 44
0.925 44
0.604 44
0.886 45
0.511 44
0.695 45
0.729 46
0.574 45
0.498 46
0.541 44
0.594 44
0.416 44
0.491 43
0.674 44
0.603 44
0.861 44
0.391 44
0.885 44
0.512 44
0.722 46
0.893 44
0.665 44
0.429 45
0.933 44
0.375 45
0.649 44
0.484 44
0.615 45
0.851 45
0.685 45
0.833 45
0.654 44
0.553 45
0.685 44
0.842 44
0.685 44
0.659 45
0.727 44
0.42 44
0.679 44
0.806 43
0.467 44
0.556 44
0.56 44
0.765 45
0.832 44
0.673 44
0.784 44
0.3 44
0.838 45
0.731 45
0.893 44
0.498 44
0.628 43
0.754 45
0.605 44
0.871 43
0.589 44
0.61 44
0.783 43
0.926 45
0.823 43
0.6 43
0.4 44
0.817 43
0.753 44
0.945 44
0.766 44
0.636 44
0.766 44
0.576 44
0.96 44
0.614 44
0.625 43
0.392 45
0.78 44
0.499 44
0.206 44
0.619 62
0.7 44
0.633 44
0.739 44
0.719 43
0.515 43
0.779 43
0.394 45
0.637 45
0.118 43
0.702 45
0.785 45
0.946 43
0.488 45
0.793 43
0.851 43
0.32 44
0.638 44
0.418 43
0.752 44
0.586 43
0.922 45
0.366 44
0.834 44
0.471 45
0.366 44
0.705 45
0.816 44
0.452 44
0.693 44
0.678 44
0.217 44
0.714 44
0.768 44
0.637 44
0.563 43
0.528 43
0.796 43
0.383 44
0.991 43
0.906 44
0.427 44
0.403 44
0.832 43
0.786 44
0.762 43
0.676 44
0.704 43
0.862 44
0.75 44
0.861 55
0.656 43
0.782 45
0.655 44
0.734 45
0.572 43
0.379 45
0.463 43
0.656 43
0.646 44
0.748 45
0.596 43
0.932 44
0.434 44
0.582 43
0.799 44
0.299 44
0.781 44
0.727 45
0.661 44
0.735 44
0.669 43
0.725 44
0.666 44
0.633 44
0.647 45
0.588 44
0.486 44
0.265 43
0.449 43
0.217 44
0.318 43
0.532 43
0.39 43
0.333 44
0.611 43
0.476 43
0.63 43
0.368 44
0.445 43
0.517 43
0.459 44
0.351 44
0.613 43
0.688 43
0.505 43
0.684 43
0.576 43
0.86 43
0.731 0
0.542 0
0.542 0
0.641 43
0.314 44
0.767 44
0.539 44
0.823 43
0.63 43
0.898 42
0.383 43
0.416 44
0.904 43
0.842 0
0.654 43
0.531 44
0.714 43
0.73 44
0.648 43
0.346 43
0.78 42
0.675 45
0.759 44
0.518 43
0.585 44
0.778 43
0.561 44
0.366 43
0.489 44
0.645 43
0.534 43
0.642 43
0.911 42
0.481 43
0.73 44
0.445 43
0.396 43
0.545 43
0.56 43
0.257 43
0.544 44
0.583 43
0.729 45
0.512 43
0.938 43
0.576 43
0.389 43
0.871 43
0.271 43
0.57 44
0.489 43
0.45 43
0.379 43
0.214 44
0.709 43
0.765 43
0.264 44
0.554 43
0.722 43
0.673 44
0.583 43
0.467 44
0.392 44
0.587 42
0.805 43
0.716 43
0.765 43
0.873 44
0.412 43
0.306 43
0.455 43
0.839 45
0.312 43
0.508 44
0.911 43
0.161 43
0.31 43
0.613 44
0.85 44
0.853 43
0.354 43
0.917 42
0.451 43
0.626 44
0.131 44
0.779 43
0.91 44
0.516 44
0.941 43
0.766 43
0.782 45
0.796 44
0.204 43
0.572 43
0.589 43
0.496 43
0.73 42
0.715 43
0.831 43
0.369 43
0.974 42
0.971 54
0.568 44
0.6 43
0.711 43
0.637 43
0.579 44
0.689 43
0.661 43
0.713 44
0.42 44
0.842 44
0.69 43
0.876 43
0.701 43
0.539 44
0.48 43
0.409 43
0.632 44
0.537 43
0.823 43
0.544 42
0.404 43
0.483 44
0.894 42
0.934 43
0.532 43
0.26 43
0.85 42
0.676 43
0.91 42
0.352 42
0.896 43
0.515 44
0.638 44
0.892 44
0.659 44
0.435 43
0.527 43
0.77 42
0.861 42
0.586 43
0.823 43
0.335 43
0.713 44
0.618 42
0.581 42
0.459 43
0.78 42
0.94 42
0.437 44
0.88 49
0.506 48
0.888 42
0.964 49
0.955 17
0.714 64
0.934 53
0.593 52
0.717 23
0.954 45
0.897 59
0.81 50
0.991 21
0.826 54
0.729 57
0.976 42
0.92 65
0.895 51
0.893 44
0.941 33
0.954 34
0.808 66
0.714 51
0.953 59
0.944 61
0.995 63
0.744 44
0.96 55
0.944 52
0.977 54
0.921 12
0.917 27
0.98 44
0.865 32
0.957 33
0.832 29
0.736 55
0.948 64
0.933 50
0.605 28
0.95 29
0.898 27
0.739 28
0.998 56
0.73 26
0.95 25
0.744 24
0.897 1
0.631 25
0.897 0
0.956 51
0.9 46
0.898 11
0.967 47
0.814 41
0.945 43
0.506 44
0.92 42
0.959 40
0.906 29
0.828 48
0.998 42
0.96 55
0.806 50
0.924 53
0.944 21
0.9 53
0.812 43
0.989 52
0.915 44
0.988 54
0.856 22
0.931 45
0.996 57
0.877 50
0.769 21
0.975 49
0.872 56
0.921 21
0.936 35
0.803 20
0.666 21
0.907 24
0.751 24
0.963 23
0.867 53
0.931 22
0.922 22
0.968 21
0.937 21
0.886 20
0.769 20
0.875 21
0.9 21
0.958 22
0.981 22
0.87 21
0.987 22
0.84 24
0.743 22
0.952 10
0.914 43
0.773 47
0.893 10
0.895 39
0.884 39
0.901 42
0.98 19
0.922 43
0.982 49
0.974 44
0.434 20
0.927 45
0.977 45
0.928 43
0.939 18
0.969 40
0.91 20
0.861 18
0.866 18
0.821 18
0.878 18
0.98 19
0.971 19
0.863 20
0.829 19
0.846 20
0.939 19
0.749 18
0.94 20
0.988 20
0.924 18
0.979 19
0.726 19
0.89 20
0.782 18
0.829 52
0.973 19
0.957 19
0.821 18
0.594 18
0.806 19
0.551 21
0.609 19
0.972 18
0.955 19
0.952 19
0.971 20
0.889 19
0.968 20
0.937 19
0.643 41
0.888 45
0.987 46
0.713 19
0.969 19
0.792 18
0.941 47
0.977 49
0.729 18
0.928 45
0.768 17
0.883 17
0.767 17
0.803 18
0.937 18
0.609 19
0.958 17
0.923 18
0.872 18
0.566 18
0.978 18
0.95 48
0.685 17
0.903 19
0.966 17
0.849 18
0.945 18
0.964 17
0.904 17
0.86 18
0.805 18
0.792 18
0.937 17
0.535 18
0.927 17
0.626 17
0.688 18
0.455 17
0.897 18
0.87 17
0.898 18
0.912 16
0.852 17
0.687 17
0.737 17
0.8 17
0.749 17
0.794 18
0.961 18
0.906 36
0.988 7
0.961 44
0.765 41
0.933 48
0.953 45
0.956 34
0.93 17
0.87 16
0.95 17
0.894 16
0.989 45
0.661 17
0.915 17
0.82 16
0.868 7
0.404 16
0.847 42
0.82 16
0.99 46
0.863 17
0.618 16
0.558 47
0.735 17
0.834 17
0.847 18
0.915 17
0.721 18
0.967 17
0.857 16
0.848 47
0.698 17
0.855 16
0.746 17
0.916 16
0.899 16
0.912 17
0.953 16
0.767 17
0.946 16
0.755 18
0.865 18
0.937 16
0.941 17
0.936 17
0.684 15
0.904 16
0.845 18
0.946 16
0.993 18
0.975 44
0.943 41
0.794 40
0.989 7
0.856 39
0.947 14
0.975 17
0.952 47
0.899 39
0.929 17
0.998 44
0.911 15
0.566 17
0.621 16
0.591 17
0.962 41
0.956 16
0.91 16
0.951 44
0.652 16
0.556 17
0.956 17
0.96 16
0.896 16
0.983 16
0.882 16
0.891 16
0.845 16
0.829 16
0.903 16
0.748 16
0.962 43
0.93 15
0.875 17
0.955 16
0.894 16
0.849 16
0.734 15
0.788 15
0.657 16
0.717 16
0.89 16
0.59 16
0.684 17
0.846 17
0.897 16
0.964 16
0.839 14
0.839 15
0.977 16
0.977 24
0.869 26
0.949 43
0.773 35
0.579 44
0.535 38
0.633 37
0.894 36
0.752 32
0.899 32
0.818 43
0.853 45
0.621 16
0.789 16
0.59 15
0.937 15
0.655 15
0.661 15
0.953 34
0.794 15
0.871 46
0.747 16
0.873 44
0.896 15
0.951 15
0.957 16
0.844 16
0.974 15
0.66 16
0.908 15
0.824 16
0.801 15
0.56 15
0.807 15
0.523 15
0.652 15
0.741 16
0.796 16
0.929 15
0.834 16
0.925 14
0.988 15
0.969 15
0.961 15
0.868 15
0.988 16
0.904 16
0.977 15
0.979 15
0.701 15
0.706 48
0.977 42
0.994 40
0.876 38
0.973 13
0.952 41
0.848 48
0.769 16
0.878 36
0.952 37
0.698 42
0.765 14
0.954 16
0.511 15
0.676 15
0.901 14
0.892 14
0.766 14
0.835 15
0.682 15
0.91 16
0.961 15
0.946 15
0.83 15
0.63 15
0.939 14
0.991 15
0.834 14
0.651 14
0.962 15
0.731 15
0.96 15
0.914 15
0.813 14
0.837 14
0.843 14
0.821 15
0.874 16
0.593 14
0.701 15
0.86 14
0.842 14
0.814 15
0.713 14
0.92 14
0.704 14
0.944 13
0.672 14
0.849 15
0.646 15
0.92 36
0.96 6
0.977 36
0.964 39
0.919 49
0.935 38
0.83 47
0.891 15
0.935 45
0.924 36
0.935 43
0.987 45
0.994 15
0.844 0
0.923 14
0.89 14
0.819 14
0.907 15
0.833 15
0.808 14
0.705 32
0.988 14
0.851 15
0.9 15
0.665 15
0.979 15
0.987 14
0.723 15
0.976 14
0.981 13
0.881 14
0.913 14
0.892 15
0.92 14
0.972 15
0.664 14
0.88 14
0.898 15
0.948 14
0.975 15
0.86 14
0.948 14
0.889 13
0.735 14
0.89 14
0.777 16
0.987 14
0.951 14
0.96 14
0.954 14
0.925 42
0.885 26
0.954 42
0.995 40
0.735 37
0.856 44
0.935 36
0.885 33
0.727 13
0.98 13
0.856 39
0.968 14
0.906 13
0.821 14
0.906 13
0.985 13
0.955 16
0.76 15
0.837 15
0.966 13
0.852 12
0.766 14
0.92 14
0.995 13
0.931 14
0.592 12
0.984 13
0.866 14
0.971 14
0.604 15
0.678 45
0.533 15
0.946 15
0.88 13
0.641 14
0.763 14
0.79 14
0.777 14
0.989 14
0.82 14
0.886 44
0.963 13
0.823 0
0.673 14
0.911 14
0.902 14
0.995 14
0.982 14
0.821 15
0.922 14
0.598 45
0.99 44
0.902 33
0.92 5
0.825 25
0.944 40
0.96 13
0.998 35
0.838 40
0.674 42
0.879 38
0.831 13
0.934 43
0.715 14
0.727 14
0.847 14
0.955 44
0.944 13
0.936 44
0.823 36
0.95 12
0.91 14
0.747 14
0.799 14
0.961 13
0.907 13
0.72 14
0.895 13
0.928 13
0.964 13
0.777 13
0.934 14
0.921 13
0.916 13
0.896 12
0.699 14
0.76 13
0.923 14
0.744 13
0.906 14
0.914 14
0.677 14
0.959 13
0.905 13
0.961 12
0.594 13
0.482 13
0.811 13
0.657 13
0.84 13
0.929 52
0.848 36
0.953 32
0.91 44
0.872 39
0.97 11
0.952 12
0.929 13
0.837 11
0.76 11
0.949 14
0.889 12
0.881 11
0.859 12
0.948 13
0.941 38
0.75 13
0.882 12
0.91 13
0.887 12
0.927 12
0.873 12
0.846 14
0.841 12
0.925 13
0.848 12
0.584 14
0.731 14
0.972 12
0.879 14
0.995 13
0.902 12
0.881 12
0.53 13
0.521 13
0.898 13
0.741 13
0.549 13
0.97 12
0.859 12
0.684 13
0.989 14
0.951 14
0.979 13
0.861 13
0.678 12
0.552 13
0.976 13
0.941 13
0.936 13
0.362 43
0.684 50
0.82 38
0.959 12
0.961 34
0.942 40
0.76 13
0.65 37
0.943 13
0.575 45
0.875 42
0.631 38
0.715 13
0.995 45
0.802 13
0.849 13
0.959 44
0.593 12
0.955 40
0.906 13
0.943 13
0.97 13
0.898 13
0.919 13
0.827 13
0.832 13
0.974 12
0.938 13
0.849 12
0.646 13
0.897 12
0.947 13
0.897 13
0.979 13
0.914 12
0.963 13
0.982 13
0.786 13
0.82 13
0.93 13
0.83 11
0.944 12
0.672 13
0.941 12
0.41 14
0.867 13
0.934 13
0.987 13
0.923 13
0.882 13
0.436 32
0.739 41
0.517 35
0.65 13
0.912 40
0.993 39
0.973 11
0.97 36
0.801 12
0.888 12
0.905 11
0.795 13
0.678 12
0.927 40
0.858 11
0.888 12
0.642 12
0.606 12
0.949 12
0.802 13
0.999 13
0.88 11
0.756 12
0.731 12
0.686 12
0.872 13
0.594 13
0.95 13
0.863 13
0.655 13
0.889 11
0.831 12
0.625 13
0.726 12
0.884 13
0.92 12
0.939 12
0.921 11
0.884 11
0.883 11
0.553 12
0.537 12
0.886 11
0.853 12
0.997 13
0.953 13
0.989 13
0.857 11
0.896 12
0.825 11
0.892 39
0.98 34
0.991 28
0.981 40
0.727 40
0.998 12
0.78 12
0.91 42
0.828 12
0.982 11
0.888 12
0.579 41
0.936 11
0.987 34
0.95 12
0.971 38
0.832 12
0.955 11
0.893 11
0.913 11
0.933 12
0.916 11
0.943 11
0.693 12
0.661 11
0.958 11
0.951 11
0.789 12
0.79 12
0.924 12
0.945 12
0.769 11
0.817 12
0.734 11
0.836 12
0.785 12
0.851 11
0.701 11
0.869 14
0.913 11
0.854 11
0.844 12
0.962 11
0.97 12
0.719 12
0.904 12
0.718 14
0.831 12
0.745 12
0.915 11
0.977 30
0.821 12
0.963 11
0.762 11
0.898 12
0.706 11
0.759 12
0.982 12
0.952 11
0.542 11
0.967 12
0.935 12
0.991 11
0.688 12
0.838 11
0.932 12
0.861 12
0.912 12
0.893 12
0.937 12
0.875 12
0.966 12
0.773 11
0.98 11
0.893 13
0.756 12
0.975 12
0.604 11
0.896 12
0.742 11
0.891 12
0.467 11
0.959 11
0.848 11
0.951 12
0.96 11
0.89 12
0.539 12
0.982 12
0.954 12
0.989 12
0.756 11
0.975 12
0.941 11
0.755 11
0.985 12
0.958 11
0.948 12
0.959 12
0.982 12
0.881 28
0.844 49
0.857 35
0.711 26
0.882 41
0.953 4
0.956 39
0.667 32
0.941 4
0.689 41
0.606 11
0.924 39
0.99 11
0.954 11
0.807 12
0.936 12
0.603 37
0.943 12
0.897 11
0.771 37
0.953 11
0.857 40
0.61 12
0.749 11
0.872 11
0.927 12
0.479 11
0.911 12
0.972 12
0.877 11
0.959 11
0.618 12
0.653 11
0.676 11
0.926 11
0.893 12
0.75 11
0.806 12
0.963 11
0.846 11
0.552 12
0.987 12
0.989 12
0.944 12
0.452 12
0.872 11
0.613 11
0.935 11
0.982 12
0.944 12
0.974 27
0.796 39
0.626 34
0.637 40
0.866 31
0.938 10
0.835 10
0.932 40
0.827 9
0.837 42
0.761 11
0.889 12
0.982 28
0.684 12
0.958 11
0.763 10
0.93 10
0.893 11
0.623 12
0.922 10
0.879 10
0.862 10
0.943 11
0.915 10
0.983 11
0.859 11
0.943 10
0.756 11
0.405 12
0.973 9
0.959 32
0.424 12
0.978 10
0.988 12
0.8 12
0.944 45
0.91 11
0.786 12
0.789 11
0.882 10
0.969 10
0.916 10
0.626 10
0.607 10
0.967 11
0.888 12
0.94 10
0.828 10
0.997 12
0.996 11
0.861 43
0.75 10
0.937 34
0.874 11
0.866 10
0.927 10
0.883 10
0.88 10
0.95 11
0.933 11
0.881 10
0.976 10
0.966 10
0.854 9
0.984 11
0.733 10
0.918 10
0.847 10
0.849 10
0.722 10
0.972 10
0.87 10
0.963 10
0.957 9
0.955 10
0.904 10
0.835 13
0.914 11
0.951 11
0.964 9
0.848 10
0.723 9
0.979 10
0.827 10
0.841 11
0.632 11
0.963 10
0.742 10
0.961 10
0.71 10
0.945 10
0.705 11
0.922 10
0.915 10
0.961 11
0.877 10
0.935 10
0.874 10
0.623 11
0.899 11
0.807 3
0.912 26
0.723 43
0.881 20
0.968 22
0.984 10
0.842 9
0.937 40
0.99 10
0.965 9
0.844 39
0.934 11
0.687 10
0.548 10
0.84 10
0.792 10
0.985 10
0.737 10
0.933 9
0.983 11
0.992 10
0.944 10
0.922 10
0.961 11
0.939 10
0.985 9
0.945 12
0.785 10
0.888 10
0.794 10
0.718 11
0.785 10
0.339 12
0.786 11
0.632 11
0.835 9
0.992 12
0.771 11
0.944 10
0.646 11
0.844 10
0.906 9
0.915 10
0.615 12
0.99 10
0.972 11
0.946 10
0.896 10
0.94 10
0.739 12
0.341 78
0.67 80
0.28 74
0.366 85
0.319 81
0.552 78
0.595 79
0.725 82
0.769 81
0.533 72
0.366 82
0.43 74
0.854 77
0.04 81
0.885 87
0.422 81
0.54 82
0.179 76
0.403 77
0.717 1
0.9 0
0.833 0
0.869 0
0.516 1
0.536 1
0.869 0
0.329 9
0.704 2
0.625 6
0.858 1
0.0854 2
0.702 2
0.21 0
0.51 1
0.858 1
0.67 1
0.441 0
0.17 0
0.67 0
0.282 3
0.67 0
0.67 5
0.17 0
0.879 0
0.63 0
0.448 0
0.909 0
0.932 0
0.745 0
0.668 0
0.47 74
0.852 66
0.632 66
0.533 74
0.565 75
0.376 77
0.68 74
0.435 74
0.833 70
0.127 74
0.749 67
0.656 75
0.715 72
0.607 74
0.795 80
0.728 71
0.111 70
0.484 75
0.824 70
0.863 77
0.63 77
0.542 77
0.849 75
0.834 47
0.369 70
0.71 0
0.834 1
0.293 1
0.724 76
0.133 17
0.105 0
0.449 0
0.127 0
0.69 0
0.495 0
0.538 0
0.815 0
0.307 0
0.506 0
0.898 1
0.514 0
0.906 1
0.391 0
0.427 0
0.187 0
0.824 0
0.859 0
0.36 0
0.906 1
0.823 0
0.833 75
0.58 70
0.494 65
0.511 77
0.692 66
0.4 64
0.856 77
0.729 50
0.907 67
0.301 68
0.884 60
0.274 64
0.845 67
0.289 68
0.338 72
0.189 64
0.446 68
0.0907 69
0.502 69
0.326 74
0.654 70
0.39 68
0.953 67
0.554 72
0.725 70
0.823 68
0.409 0
0.243 1
0.28 69
0.409 0
0.932 77
0.622 71
0.325 0
0.409 0
0.522 0
0.522 0
0.522 0
0.329 0
0.349 0
0.286 0
0.719 0
0.613 0
0.0467 0
0.332 0
0.911 0
0.332 0
0.481 0
0.151 0
0.0533 0
0.491 0
0.492 70
0.463 57
0.404 65
0.812 71
0.413 62
0.062 60
0.497 68
0.583 64
0.429 70
0.331 68
0.72 54
0.87 42
0.905 57
0.475 52
0.3 65
0.374 53
0.412 66
0.563 68
0.325 68
0.29 66
0.902 74
0.436 63
0.342 63
0.878 73
0.406 66
0.485 71
0.722 71
0.364 68
0.371 75
0.552 62
0.0717 0
0.496 73
0.823 69
0.631 0
0.631 0
0.0717 0
0.403 0
0.282 0
0.389 69
0.282 0
0.668 74
0.427 70
0.89 0
0.726 0
0.903 1
0.172 0
0.291 67
0.178 0
0.0443 0
0.499 0
0.725 73
0.468 63
0.578 60
0.286 53
0.47 60
0.486 33
0.404 44
0.163 53
0.387 63
0.267 58
0.591 67
0.824 67
0.471 59
0.302 43
0.901 66
0.58 70
0.656 67
0.713 66
0.364 68
0.141 53
0.449 27
0.759 69
0.959 38
0.515 66
0.121 55
0.0778 61
0.805 67
0.62 68
0.9 63
0.801 67
0.319 57
0.841 64
0.829 68
0.349 40
0.714 0
0.42 0
0.0362 0
0.558 73
0.484 0
0.365 69
0.293 0
0.876 0
0.1 0
0.1 0
0.386 0
0.208 0
0.208 0
0.689 0
0.0161 0
0.0944 0
0.702 60
0.885 45
0.47 55
0.782 43
0.869 63
0.369 60
0.921 61
0.573 55
0.37 65
0.858 65
0.499 47
0.578 54
0.681 64
0.163 57
0.859 70
0.699 46
0.93 61
0.638 36
0.636 61
0.152 64
0.703 60
0.258 45
0.42 28
0.48 70
0.71 69
0.329 64
0.457 64
0.188 0
0.585 58
0.571 59
0.0987 58
0.193 0
0.247 64
0.296 0
0.343 37
0.207 0
0.037 59
0.241 63
0.211 0
0.43 73
0.302 4
0.174 55
0.624 63
0.754 55
0.842 37
0.969 65
0.92 67
0.968 0
0.546 67
0.48 65
0.246 53
0.0149 54
0.738 53
0.626 64
0.174 60
0.461 48
0.45 26
0.358 53
0.658 24
0.469 54
0.587 26
0.487 51
0.206 25
0.818 20
0.782 66
0.32 61
0.606 23
0.541 23
0.0401 22
0.916 66
0.601 69
0.446 20
0.638 25
0.383 20
0.165 19
0.624 19
0.441 22
0.648 20
0.324 21
0.334 22
0.623 20
0.538 19
0.15 59
0.552 21
0.606 21
0.512 63
0.726 17
0.7 67
0.457 22
0.431 19
0.744 19
0.819 62
0.541 17
0.288 20
0.515 18
0.612 17
0.113 19
0.238 18
0.472 73
0.392 65
0.47 66
0.688 63
0.9 58
0.364 67
0.881 24
0.252 52
0.972 51
0.189 59
0.351 62
0.702 38
0.918 62
0.704 69
0.447 15
0.461 3
0.516 67
0.66 68
0.328 18
0.293 68
0.516 17
0.317 62
0.407 3
0.148 8
0.152 18
0.54 5
0.156 19
0.302 7
0.571 65
0.836 63
0.198 4
0.404 5
0.635 18
0.481 17
0.419 3
0.752 55
0.35 3
0.28 6
0.303 4
0.32 17
0.352 71
0.0462 3
0.85 65
0.488 63
0.264 61
0.543 71
0.592 66
0.38 62
0.719 0
0.00717 0
0.0593 0
0.207 0
0.806 65
0.466 48
0.439 60
0.684 63
0.409 47
0.811 60
0.807 61
0.402 39
0.169 54
0.528 52
0.587 51
0.192 54
0.32 65
0.515 61
0.57 46
0.314 57
0.722 65
0.445 66
0.273 45
0.559 56
0.586 69
0.338 61
0.288 34
0.673 62
0.408 52
0.484 58
0.274 42
0.644 59
0.556 62
0.461 50
0.365 58
0.313 60
0.583 64
0.757 64
0.91 64
0.549 61
0.677 65
0.868 71
0.0857 0
0.694 0
0.694 0
0.416 0
0.416 2
0.854 0
0.416 0
0.416 0
0.416 0
0.416 0
0.416 0
0.416 0
0.57 56
0.422 44
0.615 60
0.058 50
0.465 39
0.726 34
0.502 57
0.465 50
0.105 54
0.384 50
0.494 58
0.322 56
0.563 53
0.496 51
0.363 53
0.195 54
0.298 40
0.0294 53
0.482 61
0.462 60
0.562 51
0.733 63
0.695 57
0.346 60
0.294 60
0.463 58
0.876 63
0.827 62
0.762 60
0.284 57
0.735 67
0.647 65
0.487 65
0.489 57
0.0972 57
0.818 69
0.194 48
0.473 66
0.56 60
0.894 34
0.0721 35
0.885 65
0.715 68
0.243 55
0.625 57
0.37 60
0.553 63
0.585 32
0.934 67
0.733 34
0.314 58
0.53 55
0.804 20
0.734 58
0.135 47
0.881 22
0.678 42
0.0436 53
0.589 61
0.306 22
0.0589 52
0.256 49
0.911 58
0.336 62
0.476 49
0.709 45
0.31 61
0.303 52
0.193 51
0.596 67
0.66 37
0.335 49
0.648 42
0.905 56
0.47 59
0.643 33
0.294 53
0.702 31
0.848 54
0.479 53
0.905 54
0.486 66
0.75 60
0.295 56
0.871 57
0.458 59
0.13 51
0.958 41
0.834 63
0.369 50
0.536 47
0.426 58
0.214 58
0.385 56
0.854 58
0.648 65
0.382 35
0.626 32
0.657 33
0.111 0
0.458 63
0.433 49
0.534 52
0.786 55
0.207 22
0.631 40
0.945 58
0.326 40
0.742 59
0.632 31
0.55 20
0.266 55
0.0399 36
0.476 52
0.249 58
0.514 68
0.846 59
0.722 56
0.592 57
0.59 67
0.153 52
0.336 55
0.207 52
0.55 38
0.276 53
0.384 55
0.828 25
0.772 55
0.861 58
0.382 50
0.547 58
0.324 62
0.726 68
0.963 52
0.705 65
0.94 64
0.933 65
0.173 32
0.42 65
0.774 55
0.564 64
0.434 55
0.298 56
0.782 65
0.625 53
0.494 65
0.529 59
0.657 63
0.277 56
0.682 65
0.747 57
0.451 50
0.571 45
0.442 44
0.0546 50
0.199 46
0.0663 58
0.315 49
0.336 44
0.413 57
0.388 52
0.462 43
0.105 51
0.14 52
0.781 55
0.306 57
0.232 48
0.592 47
0.733 57
0.752 47
0.267 40
0.946 58
0.568 57
0.522 52
0.313 56
0.122 52
0.677 61
0.91 65
0.904 57
0.781 30
0.619 47
0.462 62
0.295 19
0.504 65
0.468 30
0.455 44
0.596 58
0.672 55
0.263 57
0.771 31
0.444 56
0.878 30
0.632 46
0.887 59
0.613 29
0.591 64
0.289 0
0.289 0
0.289 0
0.742 35
0.684 60
0.744 63
0.703 62
0.506 38
0.389 60
0.617 37
0.0391 52
0.414 52
0.226 62
0.846 64
0.248 55
0.0276 54
0.76 48
0.304 49
0.139 52
0.122 53
0.59 26
0.474 57
0.554 45
0.764 61
0.408 36
0.82 52
0.349 60
0.369 29
0.877 58
0.586 30
0.525 52
0.484 64
0.853 30
0.416 58
0.451 60
0.953 30
0.54 58
0.436 54
0.325 58
0.498 58
0.373 61
0.729 60
0.686 49
0.633 0
0.633 0
0.633 0
0.712 0
0.712 0
0.712 0
0.712 0
0.712 0
0.712 0
0.712 0
0.712 0
0.0459 55
0.728 57
0.419 57
0.232 44
0.67 28
0.749 33
0.484 66
0.3 39
0.142 49
0.878 56
0.508 51
0.563 52
0.731 44
0.208 41
0.624 61
0.434 56
0.513 65
0.0953 54
0.295 55
0.625 44
0.16 34
0.378 42
0.803 41
0.176 54
0.904 56
0.478 40
0.609 57
0.829 57
0.842 56
0.955 52
0.71 52
0.104 51
0.947 60
0.271 62
0.484 30
0.48 58
0.837 59
0.264 28
0.413 59
0.516 45
0.451 57
0.721 64
0.51 57
0.774 31
0.957 29
0.649 29
0.0899 55
0.469 0
0.503 0
0.695 0
0.395 46
0.736 17
0.558 59
0.162 47
0.872 64
0.455 38
0.905 55
0.206 48
0.584 45
0.837 50
0.861 55
0.483 53
0.275 45
0.821 58
0.123 39
0.689 46
0.239 44
0.323 26
0.432 40
0.614 54
0.708 24
0.702 58
0.127 43
0.557 53
0.827 51
0.407 55
0.959 61
0.403 56
0.669 52
0.648 56
0.187 48
0.771 28
0.856 59
0.899 29
0.524 59
0.487 56
0.535 60
0.72 57
0.658 65
0.478 28
0.258 51
0.65 57
0.257 54
0.0675 57
0.426 56
0.706 27
0.079 0
0.539 55
0.468 29
0.929 28
0.643 38
0.257 21
0.091 48
0.761 52
0.586 54
0.312 17
0.533 42
0.4 16
0.856 41
0.893 55
0.313 49
0.565 57
0.299 53
0.221 48
0.376 49
0.916 56
0.393 52
0.181 44
0.158 41
0.792 62
0.483 55
0.596 55
0.823 64
0.88 56
0.748 43
0.217 48
0.822 29
0.104 52
0.562 57
0.019 61
0.429 55
0.487 53
0.552 28
0.0115 29
0.494 55
0.444 58
0.385 28
0.779 59
0.26 57
0.899 28
0.582 29
0.421 61
0.858 28
0.159 28
0.217 0
0.786 64
0.284 61
0.507 0
0.407 28
0.19 29
0.67 43
0.251 49
0.503 46
0.35 43
0.424 38
0.478 37
0.0575 49
0.753 46
0.415 53
0.914 64
0.595 54
0.443 55
0.36 54
0.279 55
0.403 28
0.119 52
0.331 39
0.177 56
0.598 61
0.198 49
0.277 44
0.939 55
0.0703 49
0.411 54
0.949 53
0.297 54
0.517 27
0.842 53
0.161 46
0.515 50
0.92 56
0.537 55
0.484 41
0.244 53
0.799 36
0.0308 0
0.777 58
0.597 28
0.167 27
0.324 27
0.603 28
0.496 58
0.749 55
0.0683 0
0.519 28
0.41 54
0.703 64
0.924 29
0.235 55
0.954 29
0.696 50
0.558 48
0.223 47
0.604 46
0.856 53
0.433 33
0.43 40
0.522 52
0.716 46
0.0403 46
0.151 50
0.757 43
0.438 46
0.338 34
0.818 57
0.445 52
0.119 43
0.76 57
0.471 39
0.393 53
0.76 56
0.677 59
0.826 27
0.224 15
0.61 29
0.889 27
0.928 27
0.593 52
0.634 64
0.335 36
0.638 54
0.684 60
0.801 51
0.59 42
0.74 57
0.987 50
0.475 26
0.449 53
0.719 29
0.758 28
0.695 59
0.88 27
0.862 59
0.121 57
0.0625 28
0.362 54
0.464 27
0.487 65
0.46 59
0.764 27
0.482 51
0.309 44
0.0487 48
0.143 49
0.0271 37
0.582 60
0.294 48
0.298 58
0.0205 50
0.498 38
0.026 34
0.396 46
0.124 29
0.0176 51
0.0994 50
0.584 57
0.402 43
0.224 46
0.429 28
0.243 58
0.0195 57
0.526 45
0.782 45
0.432 48
0.501 49
0.662 49
0.625 57
0.396 44
0.893 58
0.719 24
0.276 19
0.237 18
0.742 62
0.593 54
0.471 54
0.84 26
0.314 50
0.307 27
0.375 54
0.0608 27
0.609 59
0.276 54
0.0463 27
0.0392 27
0.289 26
0.341 27
0.537 5
0.564 30
0.209 58
0.975 27
0.505 47
0.228 44
0.479 50
0.21 48
0.37 54
0.38 46
0.389 42
0.344 42
0.261 41
0.563 66
0.361 44
0.525 42
0.413 41
0.346 42
0.257 43
0.211 47
0.184 57
0.351 39
0.511 47
0.411 43
0.491 58
0.439 44
0.457 41
0.504 45
0.681 33
0.629 45
0.536 47
0.831 42
0.405 40
0.316 56
0.399 44
0.44 56
0.468 61
0.535 67
0.639 42
0.507 55
0.311 60
0.449 51
0.35 57
0.526 0
0.506 0
0.362 0
0.312 0
0.502 4
0.388 1
0.438 0
0.43 0
0.697 1
0.545 0
0.472 0
0.543 50
0.783 51
0.242 55
0.488 56
0.349 40
0.494 56
0.456 36
0.536 56
0.31 40
0.275 39
0.228 41
0.318 40
0.411 40
0.55 42
0.607 60
0.542 52
0.305 40
0.481 54
0.425 55
0.551 56
0.43 39
0.427 49
0.764 49
0.835 36
0.355 38
0.333 57
0.385 38
0.533 62
0.666 40
0.316 58
0.385 56
0.558 52
0.408 55
0.335 57
0.436 51
0.493 38
0.405 54
0.4 50
0.561 47
0.506 58
0.186 40
0.451 29
0.348 28
0.136 30
0.353 50
0.377 31
0.411 57
0.359 0
0.128 59
0.517 0
0.459 53
0.343 51
0.567 48
0.515 36
0.655 37
0.545 37
0.439 49
0.262 50
0.418 36
0.552 36
0.506 37
0.627 59
0.421 36
0.309 39
0.546 36
0.556 52
0.212 53
0.196 36
0.354 35
0.562 52
0.364 42
0.524 47
0.738 36
0.774 37
0.0962 57
0.445 52
0.638 53
0.408 52
0.427 49
0.254 36
0.757 52
0.426 58
0.467 49
0.544 48
0.336 56
0.381 53
0.375 47
0.457 34
0.393 54
0.715 52
0.434 55
0.393 57
0.502 54
0.297 53
0.319 27
0.514 52
0.397 54
0.453 27
0.424 27
0.318 27
0.349 51
0.548 36
0.389 25
0.227 39
0.792 46
0.375 54
0.651 30
0.519 41
0.318 33
0.473 35
0.444 56
0.503 33
0.393 35
0.422 52
0.489 34
0.434 34
0.524 40
0.527 35
0.411 53
0.241 36
0.728 46
0.596 43
0.792 49
0.498 54
0.409 56
0.375 50
0.524 37
0.409 26
0.124 27
0.658 51
0.418 59
0.81 34
0.52 49
0.487 53
0.49 41
0.435 53
0.324 47
0.594 25
0.578 26
0.381 27
0.542 57
0.479 52
0.444 52
0.409 58
0.309 48
0.373 25
0.768 26
0.491 56
0.315 55
0.497 0
0.307 34
0.272 49
0.53 52
0.631 35
0.527 34
0.358 33
0.251 33
0.456 46
0.292 54
0.813 44
0.0762 56
0.329 35
0.326 50
0.269 47
0.626 31
0.794 42
0.248 50
0.281 52
0.367 25
0.682 38
0.298 47
0.684 24
0.526 56
0.136 46
0.427 51
0.342 57
0.599 33
0.333 47
0.301 32
0.551 34
0.869 24
0.569 43
0.742 48
0.583 48
0.745 34
0.903 24
0.321 45
0.321 25
0.26 48
0.352 25
0.508 24
0.387 24
0.691 26
0.522 24
0.405 25
0.5 25
0.392 55
0.649 0
0.546 0
0.455 56
0.408 48
0.41 44
0.534 31
0.501 49
0.465 32
0.583 46
0.548 43
0.413 41
0.494 44
0.545 35
0.307 44
0.562 31
0.432 41
0.345 48
0.622 50
0.366 32
0.285 54
0.35 23
0.58 47
0.482 67
0.213 43
0.342 55
0.646 44
0.483 59
0.423 31
0.421 48
0.409 48
0.51 24
0.466 25
0.205 48
0.553 30
0.294 25
0.741 49
0.408 30
0.314 32
0.256 30
0.513 58
0.485 32
0.345 25
0.481 53
0.227 32
0.614 45
0.811 59
0.435 53
0.496 24
0.676 25
0.925 23
0.484 25
0.297 24
0.438 24
0.472 45
0.733 44
0.401 50
0.553 46
0.454 55
0.663 23
0.422 46
0.251 51
0.426 49
0.398 39
0.38 50
0.738 32
0.183 33
0.494 46
0.294 36
0.473 32
0.659 50
0.503 52
0.161 50
0.429 45
0.217 50
0.559 52
0.272 31
0.323 51
0.777 31
0.493 31
0.563 31
0.666 44
0.37 51
0.53 32
0.221 23
0.416 23
0.294 45
0.505 45
0.353 31
0.491 23
0.593 23
0.347 22
0.397 23
0.462 22
0.0993 44
0.312 23
0.35 23
0.698 23
0.82 23
0.423 48
0.541 44
0.307 23
0.689 23
0.356 23
0.665 31
0.393 44
0.567 34
0.506 43
0.564 15
0.448 28
0.64 40
0.485 49
0.356 50
0.401 44
0.431 47
0.353 50
0.54 43
0.5 41
0.46 31
0.452 57
0.425 32
0.24 37
0.401 41
0.644 38
0.43 52
0.372 49
0.54 31
0.36 42
0.054 52
0.325 24
0.428 45
0.215 51
0.357 30
0.355 52
0.313 23
0.119 50
0.382 23
0.54 24
0.233 23
0.394 23
0.746 22
0.209 52
0.912 23
0.255 24
0.434 23
0.411 23
0.252 22
0.77 49
0.629 23
0.436 23
0.515 49
0.465 23
0.452 69
0.67 22
0.917 30
0.534 45
0.917 49
0.464 41
0.526 41
0.526 33
0.223 32
0.468 48
0.102 30
0.257 31
0.585 29
0.577 32
0.721 45
0.666 28
0.0816 29
0.327 47
0.36 27
0.51 45
0.39 28
0.396 28
0.265 29
0.304 50
0.567 28
0.521 22
0.386 30
0.208 22
0.752 22
0.328 24
0.26 30
0.297 23
0.648 23
0.372 50
0.862 29
0.465 54
0.291 22
0.351 49
0.371 49
0.603 30
0.645 29
0.423 50
0.529 47
0.241 24
0.826 22
0.531 22
0.272 23
0.42 44
0.666 45
0.211 22
0.372 22
0.386 0
0.599 41
0.351 41
0.451 29
0.38 26
0.564 38
0.515 29
0.476 28
0.438 29
0.492 22
0.369 52
0.617 30
0.747 44
0.282 52
0.769 42
0.323 42
0.758 22
0.414 23
0.355 48
0.802 39
0.686 22
0.401 23
0.238 30
0.14 28
0.0699 43
0.462 45
0.324 28
0.612 38
0.36 30
0.371 21
0.187 22
0.514 49
0.156 21
0.692 49
0.406 21
0.685 29
0.507 50
0.489 47
0.706 21
0.4 52
0.446 21
0.497 43
0.49 22
0.272 23
0.631 21
0.247 21
0.472 22
0.504 22
0.374 22
0.726 22
0.603 22
0.459 39
0.632 33
0.201 34
0.486 31
0.465 46
0.39 30
0.462 46
0.229 23
0.562 21
0.683 49
0.474 39
0.355 37
0.442 43
0.315 21
0.3 38
0.553 22
0.47 42
0.588 22
0.694 22
0.336 28
0.48 49
0.569 46
0.435 40
0.41 22
0.352 21
0.38 21
0.412 29
0.219 28
0.284 27
0.351 28
0.393 49
0.297 21
0.4 22
0.394 21
0.314 21
0.386 21
0.6 46
0.58 21
0.716 22
0.318 21
0.702 55
0.705 21
0.328 49
0.621 22
0.488 44
0.327 45
0.406 21
0.309 22
0.384 49
0.5 21
0.325 49
0.483 43
0.553 32
0.355 52
0.344 45
0.282 52
0.39 48
0.555 21
0.324 45
0.502 40
0.405 21
0.273 39
0.357 28
0.401 42
0.654 26
0.543 20
0.563 27
0.373 23
0.473 48
0.446 20
0.349 21
0.632 31
0.404 21
0.754 67
0.42 26
0.783 21
0.411 21
0.269 29
0.509 45
0.527 21
0.573 27
0.384 44
0.447 20
0.571 51
0.485 20
0.28 20
0.481 20
0.12 21
0.399 21
0.4 20
0.303 21
0.756 21
0.503 21
0.474 21
0.717 22
0.349 21
0.403 43
0.709 49
0.288 20
0.635 21
0.276 38
0.687 43
0.584 45
0.846 47
0.352 48
0.551 27
0.625 44
0.578 48
0.472 49
0.322 47
0.745 46
0.388 39
0.391 44
0.554 45
0.556 22
0.648 48
0.33 49
0.324 26
0.441 48
0.381 20
0.499 46
0.336 42
0.268 21
0.351 36
0.493 26
0.606 27
0.427 20
0.52 46
0.771 43
0.422 22
0.649 21
0.721 50
0.322 47
0.433 48
0.338 20
0.645 20
0.514 50
0.446 20
0.4 20
0.253 20
0.334 47
0.431 20
0.62 20
0.432 20
0.384 47
0.667 20
0.449 48
0.368 20
0.198 72
0.36 38
0.368 46
0.322 29
0.56 51
0.465 48
0.493 47
0.669 28
0.346 28
0.264 29
0.212 27
0.435 35
0.431 20
0.322 42
0.733 35
0.291 40
0.267 19
0.415 42
0.934 20
0.244 47
0.747 40
0.446 47
0.498 43
0.484 45
0.736 43
0.902 20
0.62 21
0.477 20
0.414 19
0.86 19
0.167 45
0.237 27
0.621 41
0.209 27
0.396 44
0.393 20
0.478 20
0.348 20
0.203 20
0.191 36
0.511 20
0.338 40
0.48 20
0.496 20
0.505 20
0.568 19
0.784 46
0.505 50
0.501 49
0.682 20
0.515 20
0.279 19
0.379 31
0.618 44
0.474 51
0.589 34
0.46 52
0.623 44
0.422 48
0.667 38
0.169 49
0.237 27
0.831 29
0.546 26
0.265 41
0.293 32
0.324 48
0.567 30
0.728 33
0.785 51
0.118 22
0.521 20
0.501 19
0.539 21
0.586 45
0.345 45
0.235 20
0.32 36
0.553 40
0.367 20
0.587 40
0.491 46
0.595 20
0.346 19
0.348 20
0.409 20
0.365 20
0.677 20
0.338 20
0.634 20
0.644 21
0.525 20
0.294 20
0.348 19
0.443 48
0.329 20
0.428 20
0.325 21
0.56 20
0.642 19
0.931 19
0.953 20
0.569 37
0.487 32
0.339 26
0.433 48
0.568 41
0.383 29
0.436 40
0.604 50
0.744 26
0.435 26
0.893 42
0.492 39
0.598 19
0.439 32
0.604 21
0.443 48
0.536 43
0.325 21
0.535 47
0.367 52
0.228 20
0.539 30
0.4 45
0.408 19
0.247 21
0.915 20
0.313 19
0.713 49
0.269 21
0.954 19
0.173 19
0.529 46
0.407 54
0.436 19
0.372 21
0.401 19
0.42 48
0.35 19
0.429 19
0.323 19
0.373 19
0.267 19
0.185 19
0.547 19
0.522 19
0.707 19
0.212 19
0.389 19
0.726 19
0.249 19
0.23 39
0.622 42
0.482 38
0.553 41
0.607 30
0.469 27
0.794 29
0.427 19
0.294 19
0.398 42
0.336 45
0.408 19
0.728 40
0.336 45
0.413 48
0.569 19
0.553 45
0.366 45
0.58 42
0.519 20
0.493 20
0.288 26
0.368 19
0.659 46
0.886 52
0.323 19
0.275 22
0.937 19
0.265 20
0.351 20
0.684 18
0.505 25
0.364 41
0.644 20
0.272 37
0.57 55
0.651 19
0.496 20
0.761 19
0.41 19
0.541 42
0.419 19
0.609 19
0.485 19
0.45 19
0.906 19
0.606 19
0.363 19
0.871 19
0.402 0
0.21 50
0.492 50
0.327 26
0.497 41
0.534 41
0.367 28
0.368 29
0.529 39
0.365 35
0.337 45
0.219 44
0.27 42
0.883 45
0.179 42
0.464 20
0.803 27
0.802 45
0.403 19
0.406 25
0.54 21
0.603 18
0.433 21
0.369 48
0.549 20
0.33 42
0.311 19
0.598 48
0.534 18
0.389 21
0.44 18
0.376 18
0.349 46
0.554 18
0.576 37
0.426 19
0.484 47
0.332 19
0.408 31
0.741 18
0.252 19
0.495 20
0.43 18
0.626 19
0.563 19
0.385 19
0.569 19
0.596 19
0.362 19
0.756 18
0.438 19
0.368 33
0.382 49
0.476 47
0.373 32
0.484 45
0.578 56
0.417 54
0.477 49
0.429 19
0.188 32
0.689 41
0.733 48
0.48 59
0.295 41
0.552 55
0.827 46
0.554 48
0.24 19
0.433 21
0.414 34
0.52 41
0.592 20
0.464 20
0.291 20
0.308 19
0.493 40
0.245 19
0.432 45
0.517 19
0.487 19
0.504 44
0.324 20
0.873 19
0.359 42
0.282 47
0.308 19
0.448 20
0.567 20
0.446 19
0.702 47
0.381 20
0.426 49
0.422 46
0.587 19
0.714 19
0.474 18
0.353 19
0.526 18
0.462 19
0.625 18
0.304 41
0.427 42
0.402 26
0.301 41
0.537 45
0.342 45
0.526 45
0.539 42
0.28 48
0.752 20
0.579 26
0.372 41
0.552 37
0.486 45
0.873 28
0.388 29
0.548 18
0.879 39
0.442 20
0.269 19
0.345 20
0.48 37
0.402 44
0.446 19
0.437 18
0.371 19
0.375 18
0.517 46
0.446 44
0.507 18
0.376 18
0.427 42
0.536 18
0.675 40
0.379 18
0.855 18
0.312 18
0.666 18
0.264 18
0.164 21
0.418 18
0.37 18
0.277 19
0.314 18
0.459 18
0.466 19
0.129 45
0.559 18
0.234 18
0.359 18
0.727 76
0.741 78
0.95 58
0.801 62
0.686 47
0.767 49
0.725 52
0.737 50
0.519 31
0.855 27
0.93 55
0.492 27
0.332 52
0.424 45
0.773 19
0.88 19
0.809 19
0.628 22
0.574 22
0.718 19
0.654 19
0.833 23
0.651 24
0.593 19
0.73 19
0.783 24
0.842 23
0.719 21
0.91 21
0.867 21
0.532 23
0.611 19
0.821 19
0.785 19
0.853 18
0.567 20
0.534 19
0.688 0
0.608 18
0.517 0
0.768 19
0.892 19
0.881 23
0.776 21
0.656 0
0.682 21
0.576 0
0.827 1
0.536 22
0.905 19
0.705 31
0.781 43
0.327 17
0.875 35
0.32 44
0.655 15
0.935 17
0.763 16
0.874 18
0.676 48
0.543 17
0.597 16
0.937 17
0.675 17
0.861 16
0.524 16
0.732 15
0.937 15
0.672 16
0.518 18
0.879 16
0.515 16
0.723 16
0.843 16
0.924 18
0.488 17
0.768 18
0.388 18
0.745 17
0.807 16
0.96 18
0.601 16
0.7 16
0.391 17
0.89 16
0.903 17
0.403 16
0.46 16
0.616 18
0.682 18
0.777 17
0.737 17
0.722 18
0.855 17
0.742 16
0.814 18
0.584 16
0.595 18
0.802 17
0.722 16
0.933 19
0.513 43
0.763 35
0.934 45
0.723 31
0.742 15
0.776 15
0.327 15
0.872 14
0.983 15
0.683 14
0.839 15
0.44 15
0.839 15
0.708 14
0.866 14
0.64 16
0.79 15
0.942 16
0.683 15
0.494 14
0.694 29
0.902 15
0.79 15
0.916 15
0.842 15
0.911 15
0.358 15
0.6 15
0.605 15
0.874 15
0.737 14
0.823 15
0.821 15
0.448 14
0.877 15
0.553 15
0.915 15
0.869 15
0.849 16
0.729 16
0.679 15
0.719 14
0.938 15
0.518 16
0.454 13
0.486 15
0.797 15
0.515 13
0.797 15
0.898 23
0.618 32
0.505 43
0.76 13
0.924 13
0.86 14
0.747 45
0.817 14
0.937 14
0.397 13
0.545 14
0.18 13
0.662 13
0.814 13
0.729 13
0.415 14
0.524 14
0.675 14
0.98 12
0.712 14
0.584 14
0.603 14
0.806 14
0.844 13
0.983 14
0.912 14
0.671 14
0.868 14
0.767 13
0.91 13
0.559 13
0.411 14
0.556 14
0.911 14
0.337 14
0.894 14
0.905 13
0.61 14
0.805 14
0.888 14
0.936 14
0.814 13
0.762 14
0.736 12
0.799 14
0.744 12
0.411 14
0.743 14
0.85 12
0.855 14
0.772 21
0.433 29
0.616 45
0.874 13
0.765 12
0.768 11
0.691 13
0.676 13
0.856 13
0.949 13
0.854 13
0.598 12
0.832 13
0.653 12
0.712 11
0.819 12
0.601 13
0.895 13
0.811 13
0.647 13
0.825 12
0.609 12
0.714 11
0.904 13
0.821 12
0.95 12
0.875 12
0.871 13
0.796 12
0.494 13
0.963 12
0.445 13
0.612 13
0.896 13
0.841 12
0.645 13
0.567 14
0.572 12
0.803 14
0.917 12
0.579 13
0.82 11
0.451 13
0.705 13
0.541 12
0.582 11
0.81 11
0.895 12
0.705 13
0.779 12
0.58 39
0.672 18
0.877 39
0.867 35
0.952 11
0.811 13
0.843 41
0.805 40
0.907 44
0.539 12
0.931 11
0.881 12
0.771 12
0.571 11
0.743 12
0.951 11
0.605 11
0.588 12
0.667 12
0.59 11
0.837 11
0.511 12
0.769 11
0.742 11
0.686 11
0.743 12
0.463 11
0.941 12
0.537 12
0.611 11
0.467 11
0.702 11
0.397 12
0.904 11
0.73 13
0.85 11
0.664 11
0.904 12
0.765 12
0.771 12
0.605 12
0.796 12
0.976 12
0.533 12
0.702 11
0.58 11
0.482 11
0.676 11
0.938 11
0.862 11
0.666 18
0.865 41
0.899 38
0.677 48
0.883 10
0.87 11
0.857 12
0.302 10
0.861 12
0.676 11
0.876 11
0.934 10
0.771 11
0.858 10
0.82 10
0.926 11
0.857 9
0.867 10
0.752 11
0.702 10
0.892 12
0.848 11
0.769 10
0.723 10
0.941 10
0.583 11
0.819 10
0.911 10
0.712 9
0.782 10
0.673 10
0.566 11
0.636 11
0.485 10
0.669 44
0.89 10
0.636 10
0.732 10
0.936 12
0.88 10
0.867 10
0.859 10
0.68 11
0.82 12
0.805 11
0.418 9
0.694 11
0.832 11
0.743 11
0.693 10
0.918 39
0.861 32
0.84 41
0.776 10
0.632 10
0.792 10
0.953 11
0.401 11
0.879 11
0.769 9
0.851 10
0.833 10
0.86 9
0.708 10
0.953 10
0.975 10
0.661 9
0.468 9
0.644 10
0.839 10
0.947 9
0.481 10
0.619 10
0.616 11
0.569 9
0.889 10
0.724 10
0.862 10
0.705 10
0.446 11
0.796 11
0.959 10
0.915 11
0.453 11
0.742 49
0.708 10
0.89 10
0.83 11
0.753 10
0.923 9
0.869 10
0.875 11
0.856 10
0.643 10
0.669 10
0.983 10
0.765 9
0.604 10
0.347 10
0.672 10
0.575 42
0.563 37
0.949 39
0.471 41
0.942 16
0.605 38
0.786 10
0.851 10
0.89 10
0.886 10
0.741 9
0.851 10
0.605 10
0.681 10
0.738 10
0.83 10
0.861 10
0.864 11
0.364 10
0.612 10
0.568 10
0.746 9
0.599 9
0.648 10
0.423 11
0.456 11
0.564 10
0.692 10
0.751 11
0.818 10
0.82 10
0.621 11
0.533 10
0.619 10
0.806 10
0.733 10
0.444 10
0.638 10
0.975 11
0.381 11
0.992 11
0.463 10
0.866 10
0.932 11
0.665 10
0.841 9
0.698 10
0.843 11
0.862 11
0.858 10
0.898 41
0.77 24
0.573 16
0.644 16
0.686 10
0.407 8
0.943 10
0.93 9
0.863 9
0.884 10
0.981 9
0.966 8
0.909 28
0.903 9
0.674 9
0.865 9
0.979 10
0.907 7
0.708 8
0.813 9
0.855 8
0.235 7
0.511 9
0.933 8
0.722 8
0.65 9
0.674 7
0.889 9
0.746 8
0.456 8
0.708 8
0.865 9
0.698 8
0.807 10
0.666 8
0.548 7
0.701 9
0.592 8
0.707 8
0.754 8
0.66 8
0.709 10
0.949 9
0.689 9
0.876 7
0.441 8
0.83 10
0.942 7
0.912 9
0.779 9
0.999 30
0.964 27
0.448 36
0.919 8
0.64 7
0.713 9
0.762 8
0.664 9
0.918 8
0.619 10
0.941 8
0.696 9
0.909 8
0.823 9
0.929 8
0.809 9
0.771 8
0.881 9
0.812 7
0.694 8
0.684 9
0.578 8
0.952 8
0.471 8
0.739 8
0.746 8
0.587 8
0.764 7
0.611 8
0.698 7
0.558 7
0.7 8
0.553 8
0.762 7
0.93 9
0.753 9
0.458 9
0.615 7
0.823 9
0.988 8
0.923 8
0.641 9
0.896 9
0.694 7
0.871 8
0.977 8
0.514 8
0.973 8
0.552 8
0.526 7
0.855 41
0.664 35
0.935 8
0.537 38
0.822 40
0.871 9
0.804 38
0.967 7
0.9 7
0.673 8
0.697 10
0.872 8
0.848 7
0.508 8
0.914 7
0.723 8
0.797 8
0.668 9
0.556 9
0.837 9
0.322 8
0.489 8
0.848 8
0.644 8
0.741 7
0.702 9
0.742 9
0.689 9
0.514 7
0.638 9
0.917 9
0.909 8
0.924 9
0.332 8
0.468 9
0.412 9
0.835 8
0.846 8
0.811 8
0.839 9
0.601 8
0.674 7
0.478 8
0.729 7
0.638 9
0.772 8
0.616 26
0.625 9
0.753 10
0.819 8
0.654 38
0.467 10
0.547 36
0.554 36
0.86 21
0.79 9
0.515 9
0.723 8
0.825 9
0.809 9
0.84 8
0.444 8
0.796 7
0.561 8
0.61 8
0.829 8
0.531 8
0.844 8
0.644 8
0.517 8
0.695 8
0.746 8
0.597 8
0.39 9
0.726 9
0.921 32
0.82 8
0.642 7
0.448 8
0.461 9
0.361 8
0.884 8
0.607 8
0.933 8
0.753 9
0.539 8
0.912 8
0.831 8
0.95 8
0.807 9
0.878 7
0.875 7
0.816 7
0.523 9
0.841 8
0.797 8
0.667 8
0.697 9
0.905 8
0.897 8
0.59 32
0.762 2
0.895 36
0.308 7
0.887 33
0.318 35
0.396 6
0.278 5
0.838 8
0.506 32
0.703 32
0.576 9
0.601 7
0.538 7
0.88 8
0.76 9
0.734 5
0.759 9
0.641 5
0.801 8
0.881 5
0.807 8
0.862 8
0.691 8
0.896 8
0.837 8
0.667 8
0.829 8
0.613 8
0.446 9
0.66 8
0.91 8
0.564 8
0.935 6
0.697 7
0.81 7
0.592 8
0.76 9
0.734 8
0.974 5
0.736 6
0.745 9
0.749 9
0.884 5
0.951 8
0.676 6
0.735 7
0.671 6
0.517 7
0.489 6
0.768 12
0.722 31
0.422 10
0.883 4
0.848 20
0.541 5
0.428 5
0.524 7
0.327 5
0.518 24
0.954 6
0.837 5
0.742 4
0.465 31
0.551 22
0.733 6
0.717 6
0.943 6
0.955 5
0.658 7
0.845 5
0.75 6
0.666 7
0.978 4
0.907 5
0.954 5
0.526 6
0.946 4
0.847 5
0.939 6
0.96 4
0.751 7
0.906 5
0.468 5
0.786 5
0.907 5
0.97 6
0.847 6
0.748 6
0.941 6
0.831 6
0.863 7
0.579 5
0.846 7
0.712 5
0.456 5
0.326 5
0.564 5
0.783 7
0.885 5
0.76 31
0.624 13
0.694 15
0.879 35
0.848 20
0.369 26
0.413 35
0.694 13
0.387 22
0.519 26
0.86 5
0.956 15
0.882 6
0.749 6
0.765 7
0.692 5
0.708 5
0.512 6
0.647 5
0.872 6
0.897 6
0.809 5
0.557 5
0.843 5
0.856 21
0.895 7
0.865 4
0.761 6
0.733 7
0.708 5
0.497 6
0.743 7
0.666 4
0.906 5
0.585 6
0.611 7
0.899 5
0.722 6
0.948 5
0.805 7
0.895 4
0.834 5
0.665 6
0.729 5
0.798 6
0.521 6
0.875 7
0.502 6
0.682 7
0.582 6
0.784 29
0.702 32
0.865 5
0.959 7
0.809 31
0.946 6
0.608 6
0.675 6
0.941 5
0.991 5
0.959 6
0.915 5
0.691 5
0.877 6
0.334 5
0.573 6
0.827 5
0.644 7
0.902 6
0.961 6
0.699 6
0.675 5
0.939 6
0.816 5
0.753 5
0.669 7
0.981 5
0.805 5
0.925 7
0.816 7
0.715 7
0.909 6
0.511 7
0.863 6
0.793 5
0.947 5
0.768 6
0.9 5
0.8 5
0.687 5
0.743 5
0.966 5
0.703 5
0.931 5
0.98 6
0.603 5
0.855 5
0.868 5
0.866 5
0.83 5
0.388 21
0.928 40
0.859 34
0.918 31
0.853 28
0.799 5
0.611 7
0.417 6
0.736 7
0.685 7
0.699 5
0.864 5
0.377 5
0.625 7
0.503 5
0.794 6
0.614 5
0.885 7
0.842 5
0.828 7
0.827 5
0.631 7
0.976 7
0.447 6
0.679 7
0.597 4
0.961 7
0.884 7
0.559 4
0.977 5
0.873 5
0.361 4
0.946 6
0.896 5
0.412 5
0.863 7
0.747 6
0.947 6
0.746 5
0.741 6
0.86 6
0.974 6
0.64 5
0.658 4
0.928 5
0.869 5
0.914 6
0.739 6
0.838 5
0.815 5
0.365 33
0.978 26
0.398 5
0.511 28
0.908 6
0.671 7
0.804 37
0.99 25
0.732 7
0.83 5
0.654 4
0.555 7
0.827 6
0.755 5
0.85 6
0.707 4
0.506 4
0.384 6
0.406 7
0.871 7
0.57 5
0.867 5
0.61 6
0.61 7
0.825 5
0.592 5
0.675 6
0.483 5
0.686 5
0.556 5
0.866 4
0.928 6
0.524 7
0.73 6
0.805 7
0.962 4
0.836 6
0.936 4
0.68 6
0.927 7
0.679 6
0.832 5
0.647 5
0.642 5
0.77 7
0.766 7
0.739 5
0.838 5
0.684 6
0.829 5
0.842 36
0.568 31
0.55 30
0.578 37
0.956 6
0.874 7
0.775 5
0.598 5
0.84 5
0.905 6
0.603 5
0.704 5
0.563 5
0.811 7
0.535 6
0.835 5
0.86 6
0.805 5
0.586 6
0.647 5
0.939 4
0.817 5
0.744 5
0.628 7
0.918 6
0.912 7
0.771 5
0.717 5
0.639 5
0.721 4
0.828 6
0.64 7
0.785 5
0.495 7
0.866 6
0.743 5
0.951 7
0.972 6
0.735 7
0.751 6
0.921 5
0.678 5
0.637 7
0.975 6
0.671 5
0.545 6
0.606 6
0.415 5
0.671 5
0.797 6
0.886 77
0.387 72
0.764 46
0.587 64
0.227 69
0.396 68
0.479 64
0.2 64
0.387 62
0.396 49
0.351 64
0.387 52
0.206 67
0.289 67
0.377 56
0.174 59
0.217 66
0.413 66
0.915 0
0.525 63
0.914 1
0.0224 0
0.798 1
0.972 0
0.915 0
0.808 1
0.859 0
0.694 0
0.704 0
0.958 0
0.812 0
0.83 0
0.816 0
0.64 0
0.745 0
0.923 0
0.775 0
0.798 0
0.972 0
0.971 0
0.742 0
0.933 0
0.748 0
0.914 0
0.906 0
0.808 0
0.935 0
0.958 0
0.95 0
0.971 0
0.417 63
0.306 57
0.565 61
0.849 53
0.453 47
0.277 60
0.957 60
0.289 49
0.479 48
0.565 46
0.327 45
0.223 48
0.243 57
0.507 46
0.2 47
0.737 58
0.293 50
0.412 41
0.312 60
0.865 63
0.573 52
0.343 57
0.322 59
0.561 50
0.102 32
0.48 60
0.14 55
0.575 61
0.294 61
0.268 60
0.666 60
0.0867 47
0.447 61
0.253 65
0.83 60
0.34 63
0.319 59
0.149 60
0.587 47
0.231 46
0.0392 57
0.247 44
0.418 49
0.644 0
0.673 0
0.301 44
0.475 0
0.475 0
0.475 0
0.475 0
0.477 56
0.474 49
0.378 56
0.453 53
0.818 39
0.374 54
0.269 49
0.194 44
0.587 45
0.383 56
0.502 45
0.312 44
0.319 44
0.206 46
0.591 45
0.121 52
0.331 58
0.34 43
0.281 57
0.411 49
0.248 51
0.385 55
0.367 56
0.612 50
0.628 31
0.729 61
0.902 55
0.521 46
0.672 41
0.433 47
0.269 43
0.481 0
0.734 41
0.833 0
0.506 0
0.505 0
0.951 43
0.858 44
0.844 43
0.329 0
0.201 0
0.378 0
0.379 0
0.234 0
0.329 0
0.529 0
0.496 0
0.29 0
0.251 0
0.379 0
0.194 53
0.824 40
0.573 55
0.245 28
0.578 54
0.85 61
0.383 42
0.699 48
0.19 62
0.351 44
0.259 54
0.91 60
0.565 49
0.207 54
0.327 51
0.358 48
0.169 48
0.519 44
0.479 54
0.623 52
0.474 56
0.0668 56
0.507 55
0.395 28
0.643 58
0.395 61
0.223 55
0.799 37
0.213 62
0.304 50
0.319 54
0.411 29
0.386 62
0.301 53
0.516 61
0.924 59
0.304 53
0.467 42
0.325 0
0.69 0
0.506 0
0.664 40
0.379 42
0.962 0
0.788 0
0.329 40
0.281 39
0.724 38
0.482 40
0.327 41
0.457 52
0.139 26
0.183 28
0.922 54
0.54 45
0.587 54
0.459 1
0.684 39
0.14 42
0.351 42
0.433 53
0.456 53
0.562 26
0.114 48
0.358 53
0.388 0
0.492 26
0.0675 39
0.978 40
0.689 55
0.688 50
0.463 27
0.624 53
0.63 55
0.439 48
0.549 60
0.539 34
0.169 57
0.0298 38
0.489 39
0.337 56
0.262 38
0.66 38
0.611 39
0.963 39
0.962 40
0.269 38
0.575 38
0.87 0
0.87 39
0.885 0
0.87 0
0.936 37
0.956 0
0.434 39
0.725 0
0.542 39
0.874 37
0.333 38
0.252 38
0.217 42
0.511 57
0.859 31
0.347 55
0.366 53
0.833 25
0.394 58
0.126 52
0.257 60
0.405 46
0.768 38
0.638 24
0.58 46
0.737 59
0.557 21
0.498 20
0.854 21
0.684 27
0.557 20
0.62 19
0.0517 58
0.878 19
0.833 23
0.607 59
0.201 38
0.609 18
0.855 20
0.873 18
0.294 37
0.691 0
0.573 0
0.743 0
0.434 0
0.603 0
0.541 0
0.578 0
0.468 0
0.434 0
0.434 0
0.434 0
0.434 0
0.739 0
0.434 0
0.434 0
0.434 0
0.434 0
0.434 0
0.434 0
0.434 0
0.398 37
0.63 43
0.349 59
0.114 58
0.429 24
0.587 51
0.735 45
0.941 43
0.757 38
0.785 27
0.522 48
0.31 42
0.301 41
0.0938 58
0.289 24
0.213 41
0.457 41
0.315 44
0.782 55
0.335 58
0.127 56
0.389 48
0.533 48
0.423 53
0.0561 37
0.497 57
0.154 54
0.491 26
0.0487 37
0.642 60
0.406 43
0.433 56
0.547 48
0.0741 36
0.651 37
0.167 37
0.407 36
0.25 37
0.398 37
0.188 37
0.641 36
0.825 37
0.361 37
0.21 37
0.257 36
0.484 36
0.875 37
0.673 35
0.654 35
0.532 36
0.366 36
0.311 57
0.377 47
0.465 50
0.611 42
0.277 40
0.715 28
0.435 0
0.23 52
0.86 57
0.242 54
0.304 0
0.683 40
0.6 5
0.327 51
0.66 13
0.111 58
0.697 2
0.543 42
0.0816 53
0.718 50
0.794 7
0.615 25
0.353 46
0.549 45
0.218 34
0.509 57
0.408 52
0.428 34
0.429 2
0.502 44
0.733 4
0.465 26
0.293 60
0.723 57
0.307 56
0.452 36
0.418 35
0.392 16
0.416 21
0.387 36
0.721 35
0.427 57
0.413 35
0.504 34
0.256 35
0.807 36
0.512 34
0.374 34
0.189 35
0.319 35
0.817 29
0.343 40
0.378 41
0.298 29
0.42 40
0.827 41
0.643 6
0.319 40
0.476 49
0.873 38
0.615 56
0.335 40
0.569 0
0.338 50
0.445 57
0.617 35
0.901 42
0.423 23
0.354 44
0.465 34
0.113 42
0.412 22
0.788 48
0.487 53
0.475 23
0.524 35
0.936 60
0.498 23
0.323 47
0.358 24
0.502 42
0.61 57
0.421 42
0.478 34
0.162 53
0.242 44
0.714 33
0.295 47
0.59 33
0.714 33
0.493 53
0.403 33
0.918 34
0.865 8
0.756 34
0.295 34
0.622 33
0.884 34
0.849 35
0.826 34
0.799 33
0.47 53
0.79 55
0.681 48
0.174 53
0.259 39
0.835 51
0.287 54
0.709 45
0.232 53
0.731 36
0.071 53
0.386 41
0.0549 52
0.558 22
0.144 61
0.514 43
0.408 22
0.299 45
0.441 22
0.495 53
0.274 22
0.451 42
0.596 45
0.259 42
0.103 46
0.482 48
0.253 33
0.394 53
0.528 48
0.455 28
0.762 34
0.714 50
0.526 33
0.91 32
0.195 33
0.236 34
0.705 34
0.916 34
0.71 33
0.665 32
0.897 34
0.851 34
0.202 33
0.21 34
0.356 33
0.395 34
0.209 33
0.907 32
0.185 33
0.524 25
0.953 54
0.952 24
0.973 35
0.264 45
0.369 51
0.305 21
0.389 42
0.463 21
0.285 44
0.671 54
0.508 42
0.624 52
0.456 22
0.434 21
0.24 40
0.453 21
0.312 46
0.235 49
0.395 37
0.529 49
0.904 31
0.572 54
0.464 42
0.485 22
0.628 32
0.444 31
0.369 50
0.668 32
0.277 32
0.442 54
0.227 32
0.867 48
0.448 32
0.634 32
0.939 33
0.664 32
0.256 33
0.205 33
0.258 32
0.443 33
0.282 33
0.123 33
0.166 33
0.269 33
0.425 33
0.974 33
0.555 31
0.227 32
0.822 31
0.0379 22
0.29 53
0.0353 20
0.356 39
0.363 47
0.591 47
0.255 37
0.295 54
0.501 41
0.752 47
0.726 36
0.422 47
0.957 46
0.592 47
0.71 34
0.456 39
0.419 43
0.487 42
0.665 42
0.511 44
0.448 21
0.501 20
0.443 20
0.703 21
0.425 56
0.708 54
0.666 55
0.619 47
0.501 21
0.723 44
0.416 41
0.407 53
0.687 36
0.322 31
0.597 32
0.71 52
0.778 31
0.417 31
0.154 32
0.388 32
0.169 32
0.285 31
0.574 31
0.275 32
0.584 32
0.87 32
0.284 32
0.105 32
0.272 31
0.752 31
0.844 47
0.654 49
0.337 56
0.414 52
0.203 47
0.67 52
0.76 48
0.0828 48
0.467 40
0.484 20
0.629 43
0.179 48
0.853 44
0.916 53
0.493 30
0.776 55
0.441 38
0.456 35
0.591 47
0.227 37
0.336 56
0.959 53
0.464 41
0.189 52
0.527 31
0.587 56
0.166 31
0.424 57
0.853 31
0.164 31
0.156 31
0.788 0
0.224 31
0.166 31
0.895 31
0.526 57
0.517 50
0.12 32
0.368 31
0.863 30
0.496 31
0.834 31
0.428 31
0.753 30
0.208 31
0.207 31
0.48 30
0.186 32
0.0168 31
0.201 31
0.501 42
0.149 19
0.569 19
0.801 49
0.265 49
0.351 46
0.287 43
0.856 37
0.511 46
0.731 44
0.564 20
0.625 44
0.303 48
0.743 50
0.16 34
0.406 19
0.671 46
0.87 52
0.43 54
0.326 52
0.641 50
0.236 41
0.132 42
0.497 20
0.498 40
0.401 41
0.576 30
0.135 30
0.505 40
0.451 52
0.396 30
0.725 30
0.568 30
0.84 49
0.446 31
0.492 32
0.724 30
0.497 30
0.263 61
0.556 50
0.897 30
0.917 32
0.599 32
0.744 30
0.78 30
0.317 31
0.36 31
0.279 31
0.74 30
0.278 31
0.329 40
0.29 19
0.828 53
0.457 52
0.566 35
0.903 47
0.308 19
0.437 19
0.872 43
0.914 19
0.606 30
0.259 41
0.323 26
0.368 39
0.534 55
0.708 24
0.179 56
0.55 46
0.622 19
0.391 39
0.242 30
0.0443 29
0.245 44
0.706 19
0.737 45
0.369 45
0.568 29
0.609 42
0.73 30
0.715 30
0.244 31
0.365 30
0.717 31
0.728 31
0.521 29
0.508 29
0.727 29
0.491 30
0.591 30
0.548 30
0.263 30
0.195 31
0.655 31
0.49 30
0.263 31
0.737 29
0.289 31
0.763 31
0.291 30
0.835 30
0.348 55
0.533 51
0.721 45
0.396 22
0.635 19
0.864 26
0.767 34
0.453 38
0.516 19
0.704 42
0.364 52
0.244 49
0.318 49
0.33 37
0.642 38
0.4 39
0.217 48
0.155 51
0.388 50
0.829 29
0.694 52
0.404 30
0.334 39
0.598 45
0.254 29
0.281 29
0.478 51
0.479 43
0.139 30
0.629 31
0.178 30
0.417 29
0.971 30
0.0487 30
0.42 29
0.322 30
0.402 30
0.291 30
0.213 30
0.518 29
0.263 29
0.286 30
0.887 29
0.82 29
0.887 31
0.536 29
0.445 30
0.208 30
0.732 29
0.641 29
0.211 56
0.461 28
0.285 38
0.802 34
0.475 48
0.892 36
0.507 18
0.574 37
0.299 52
0.21 44
0.528 18
0.636 26
0.438 49
0.494 34
0.397 44
0.846 39
0.457 28
0.498 42
0.16 29
0.376 38
0.836 45
0.4 54
0.0716 29
0.295 28
0.258 43
0.585 29
0.368 44
0.212 29
0.472 29
0.0352 29
0.453 29
0.519 29
0.414 29
0.00728 29
0.196 30
0.497 29
0.228 29
0.183 30
0.0433 29
0.654 29
0.202 29
0.237 29
0.321 30
0.591 29
0.154 30
0.879 30
0.258 29
0.299 29
0.58 29
0.709 29
0.207 54
0.651 22
0.122 52
0.632 48
0.383 41
0.838 53
0.939 32
0.23 47
0.0825 50
0.755 28
0.492 41
0.263 35
0.311 44
0.847 49
0.798 40
0.414 39
0.503 29
0.409 18
0.928 42
0.421 43
0.678 48
0.249 46
0.362 18
0.49 38
0.503 29
0.731 48
0.924 53
0.421 29
0.247 43
0.728 29
0.109 28
0.619 28
0.713 28
0.559 29
0.0102 29
0.14 29
0.314 29
0.304 29
0.342 29
0.0679 29
0.78 0
0.264 29
0.666 28
0.814 30
0.181 29
0.916 28
0.391 29
0.653 29
0.738 28
0.872 29
0.352 65
0.839 47
0.608 20
0.438 46
0.716 46
0.347 27
0.242 51
0.631 40
0.056 35
0.521 18
0.254 46
0.82 40
0.773 60
0.461 49
0.492 38
0.524 45
0.483 18
0.824 0
0.65 28
0.395 38
0.627 0
0.971 0
0.828 0
0.741 0
0.808 0
0.668 0
0.973 0
0.747 0
0.0524 28
0.941 0
0.861 0
0.954 0
0.731 0
0.803 0
0.937 0
0.584 0
0.0488 28
0.692 0
0.678 0
0.484 0
0.668 0
0.698 0
0.673 0
0.969 0
0.66 0
0.794 28
0.0801 28
0.8 28
0.155 29
0.368 28
0.796 54
0.757 43
0.269 44
0.367 17
0.574 54
0.537 41
0.752 28
0.488 39
0.541 51
0.887 28
0.769 28
0.381 42
0.624 38
0.369 25
0.269 37
0.734 45
0.281 37
0.37 52
0.59 42
0.491 18
0.788 28
0.254 28
0.342 28
0.21 28
0.233 28
0.436 28
0.518 28
0.249 28
0.633 0
0.803 28
0.441 28
0.0861 28
0.0137 28
0.221 29
0.156 28
0.673 0
0.266 28
0.204 29
0.731 29
0.249 28
0.203 28
0.189 28
0.59 28
0.158 28
0.316 28
0.703 28
0.526 28
0.188 29
0.189 28
0.466 28
0.437 75
0.204 74
0.206 60
0.147 68
0.31 75
0.415 74
0.143 71
0.436 83
0.501 69
0.438 68
0.487 71
0.63 71
0.597 67
0.537 93
0.58 60
0.604 69
0.355 76
0.415 76
0.554 57
0.36 68
0.432 68
0.438 60
0.776 70
0.351 0
0.607 67
0.512 67
0.37 67
0.322 0
0.471 0
0.481 74
0.355 54
0.395 0
0.352 63
0.747 3
0.351 0
0.75 0
0.389 0
0.351 0
0.75 0
0.75 1
0.75 0
0.496 1
0.395 0
0.415 1
0.75 0
0.322 0
0.415 0
0.415 0
0.656 0
0.656 0
0.457 76
0.502 56
0.364 63
0.462 70
0.674 79
0.484 63
0.446 65
0.465 73
0.398 79
0.0625 71
0.747 75
0.36 74
0.338 66
0.461 71
0.683 66
0.663 72
0.405 61
0.275 70
0.401 70
0.543 59
0.454 64
0.407 62
0.199 68
0.53 63
0.356 56
0.484 65
0.472 67
0.639 65
0.471 0
0.285 54
0.364 56
0.415 0
0.0617 65
0.415 0
0.551 67
0.395 1
0.351 0
0.354 66
0.234 62
0.649 54
0.628 69
0.322 1
0.415 0
0.75 0
0.75 0
0.395 0
0.415 0
0.656 0
0.656 0
0.407 58
0.75 68
0.297 72
0.49 63
0.92 72
0.461 67
0.265 69
0.449 65
0.0836 68
0.578 68
0.389 71
0.297 64
0.181 63
0.516 55
0.353 62
0.437 49
0.659 67
0.315 51
0.282 67
0.583 72
0.109 69
0.481 58
0.585 77
0.362 62
0.531 64
0.744 36
0.764 75
0.391 61
0.762 49
0.312 68
0.329 58
0.482 75
0.744 27
0.213 60
0.319 68
0.275 70
0.0995 60
0.314 62
0.745 17
0.552 75
0.306 55
0.245 64
0.316 57
0.745 39
0.303 66
0.397 64
0.389 58
0.5 61
0.781 42
0.396 61
0.543 0
0.361 60
0.582 58
0.139 70
0.239 57
0.407 64
0.74 71
0.294 71
0.586 63
0.184 71
0.613 66
0.599 61
0.482 66
0.131 66
0.238 63
0.426 60
0.789 57
0.496 68
0.166 63
0.6 50
0.0903 67
0.183 63
0.37 69
0.678 69
0.485 62
0.124 56
0.346 71
0.253 53
0.678 63
0.517 61
0.563 66
0.558 59
0.0987 66
0.284 56
0.481 60
0.266 56
0.331 65
0.236 57
0.186 56
0.289 58
0.434 44
0.166 55
0.314 52
0.417 62
0.805 54
0.468 61
0.32 0
0.654 63
0.229 63
0.747 63
0.179 74
0.631 64
0.215 64
0.454 48
0.339 70
0.393 67
0.0866 53
0.751 57
0.646 64
0.423 44
0.663 66
0.36 61
0.167 61
0.255 68
0.446 67
0.491 58
0.451 67
0.363 49
0.736 23
0.198 49
0.493 55
0.42 61
0.364 68
0.303 45
0.179 68
0.694 57
0.341 26
0.343 63
0.514 61
0.288 62
0.193 55
0.454 53
0.501 62
0.373 60
0.415 63
0.282 65
0.0989 68
0.284 68
0.172 57
0.612 56
0.0621 43
0.273 60
0.168 66
0.661 59
0.0892 58
0.456 60
0.583 0
0.11 47
0.557 62
0.271 65
0.374 0
0.584 63
0.351 59
0.491 61
0.47 64
0.438 67
0.221 64
0.542 61
0.385 66
0.421 57
0.285 59
0.398 52
0.186 65
0.281 53
0.304 58
0.244 62
0.177 56
0.146 61
0.229 47
0.583 64
0.556 57
0.429 65
0.291 57
0.402 57
0.367 53
0.241 65
0.109 51
0.309 63
0.467 62
0.265 64
0.398 57
0.43 59
0.441 9
0.134 2
0.324 46
0.24 51
0.575 57
0.401 55
0.447 47
0.293 58
0.193 64
0.532 21
0.187 69
0.417 58
0.306 54
0.933 67
0.659 58
0.577 59
0.824 60
0.383 57
0.487 56
0.601 68
0.298 62
0.548 57
0.108 62
0.288 48
0.477 58
0.413 58
0.49 43
0.697 57
0.66 56
0.59 56
0.429 57
0.393 64
0.361 55
0.415 36
0.671 64
0.525 62
0.54 67
0.405 46
0.453 61
0.653 64
0.206 58
0.191 55
0.709 56
0.441 71
0.589 66
0.413 43
0.311 52
0.323 56
0.431 57
0.593 69
0.073 58
0.352 61
0.393 60
0.443 56
0.449 47
0.259 53
0.54 64
0.557 62
0.679 56
0.489 54
0.207 59
0.39 61
0.461 61
0.657 59
0.545 65
0.717 0
0.195 0
0.717 0
0.162 0
0.344 67
0.563 65
0.488 69
0.805 58
0.359 61
0.53 59
0.417 62
0.452 68
0.309 55
0.633 62
0.374 73
0.256 64
0.395 59
0.625 58
0.277 64
0.661 66
0.294 49
0.467 57
0.639 60
0.576 62
0.496 35
0.285 48
0.489 61
0.114 56
0.513 71
0.409 55
0.709 58
0.244 64
0.435 60
0.452 67
0.282 63
0.395 60
0.487 70
0.446 63
0.188 56
0.23 41
0.574 54
0.2 46
0.156 60
0.246 59
0.474 61
0.46 59
0.148 65
0.498 58
0.155 53
0.821 62
0.627 59
0.421 56
0.473 66
0.236 50
0.373 54
0.426 55
0.52 58
0.522 63
0.387 55
0.543 43
0.71 62
0.366 62
0.336 53
0.314 53
0.351 55
0.288 59
0.403 61
0.335 40
0.446 45
0.26 57
0.256 55
0.344 51
0.696 59
0.648 57
0.758 59
0.495 63
0.2 53
0.67 58
0.454 66
0.776 60
0.364 47
0.398 42
0.92 65
0.229 57
0.121 48
0.402 52
0.501 60
0.244 61
0.458 53
0.323 50
0.503 54
0.453 61
0.546 61
0.415 53
0.046 51
0.263 56
0.191 58
0.359 51
0.308 63
0.299 45
0.226 51
0.469 54
0.307 61
0.473 56
0.521 57
0.391 57
0.44 53
0.526 54
0.508 58
0.265 65
0.417 60
0.483 65
0.204 59
0.736 59
0.133 62
0.426 64
0.246 57
0.351 61
0.171 57
0.559 55
0.558 64
0.301 40
0.459 59
0.836 56
0.586 59
0.429 62
0.384 56
0.294 60
0.201 59
0.317 61
0.214 59
0.575 51
0.601 60
0.449 51
0.634 59
0.238 50
0.358 49
0.287 58
0.827 65
0.495 53
0.308 64
0.473 59
0.8 56
0.256 56
0.824 47
0.446 51
0.668 59
0.491 60
0.448 58
0.462 60
0.593 55
0.606 65
0.724 42
0.308 0
0.711 53
0.403 58
0.282 67
0.492 58
0.387 57
0.597 58
0.406 67
0.745 65
0.42 56
0.568 60
0.733 62
0.276 46
0.425 60
0.496 58
0.107 61
0.26 53
0.337 49
0.707 58
0.331 40
0.656 56
0.383 51
0.743 67
0.197 59
0.456 57
0.111 57
0.257 50
0.765 43
0.0841 58
0.401 59
0.498 59
0.617 64
0.255 45
0.146 57
0.757 63
0.226 53
0.535 44
0.215 45
0.256 51
0.892 30
0.409 58
0.505 63
0.51 58
0.0307 58
0.256 57
0.278 55
0.11 56
0.863 50
0.366 49
0.333 58
0.225 59
0.543 58
0.925 50
0.685 55
0.415 57
0.536 61
0.196 58
0.405 58
0.228 57
0.469 51
0.3 51
0.459 57
0.146 50
0.595 58
0.709 58
0.251 58
0.229 57
0.283 66
0.382 48
0.311 55
0.539 56
0.491 65
0.372 60
0.369 61
0.36 62
0.56 60
0.385 62
0.386 48
0.499 58
0.568 47
0.483 60
0.409 61
0.685 63
0.237 46
0.45 54
0.492 53
0.943 53
0.449 59
0.619 56
0.566 52
0.242 51
0.145 52
0.178 57
0.805 56
0.821 57
0.24 47
0.504 52
0.314 60
0.34 60
0.273 59
0.405 60
0.804 58
0.287 58
0.747 54
0.444 54
0.416 55
0.43 52
0.4 61
0.438 57
0.275 54
0.296 61
0.345 52
0.415 49
0.33 48
0.219 53
0.127 44
0.345 55
0.127 52
0.243 43
0.172 53
0.74 59
0.64 59
0.33 47
0.307 59
0.295 51
0.564 50
0.538 66
0.523 54
0.683 55
0.412 61
0.44 56
0.611 49
0.433 33
0.886 65
0.207 45
0.749 63
0.858 58
0.301 52
0.407 33
0.43 52
0.36 52
0.195 48
0.274 37
0.433 38
0.242 60
0.476 54
0.266 51
0.406 32
0.315 60
0.373 61
0.499 8
0.546 59
0.287 56
0.389 54
0.361 56
0.452 53
0.449 59
0.28 54
0.577 59
0.333 57
0.242 55
0.69 58
0.712 71
0.205 62
0.618 54
0.375 56
0.0956 55
0.867 54
0.322 61
0.464 63
0.436 65
0.344 51
0.242 47
0.436 53
0.402 51
0.486 54
0.222 56
0.517 56
0.241 55
0.183 44
0.532 56
0.516 45
0.232 59
0.275 50
0.278 43
0.629 58
0.926 60
0.27 55
0.173 55
0.605 49
0.335 55
0.24 43
0.291 60
0.121 59
0.549 57
0.0749 55
0.2 60
0.335 60
0.26 60
0.652 54
0.352 60
0.551 58
0.419 55
0.666 56
0.27 62
0.463 50
0.356 45
0.581 54
0.348 61
0.66 59
0.926 53
0.305 48
0.446 42
0.257 58
0.651 58
0.315 61
0.366 58
0.287 42
0.218 53
0.161 48
0.323 55
0.335 58
0.509 59
0.276 57
0.479 46
0.681 35
0.364 58
0.34 58
0.767 55
0.724 55
0.308 57
0.579 56
0.571 47
0.597 56
0.654 65
0.731 49
0.0774 55
0.659 54
0.468 62
0.815 50
0.149 8
0.193 41
0.298 13
0.416 13
0.538 57
0.296 44
0.571 61
0.406 8
0.251 58
0.293 0
0.542 37
0.724 52
0.386 56
0.553 62
0.786 55
0.319 35
0.556 59
0.409 48
0.288 60
0.428 56
0.599 52
0.691 60
0.666 47
0.642 56
0.133 48
0.141 57
0.554 57
0.427 62
0.149 44
0.371 43
0.459 50
0.552 66
0.335 45
0.206 54
0.47 62
0.296 45
0.3 61
0.722 50
0.158 41
0.401 66
0.298 58
0.39 60
0.517 50
0.492 58
0.662 52
0.771 57
0.182 48
0.197 52
0.379 48
0.491 57
0.324 52
0.643 57
0.549 44
0.429 39
0.659 47
0.435 67
0.24 55
0.674 53
0.447 47
0.117 3
0.378 59
0.419 55
0.532 53
0.354 54
0.452 53
0.43 54
0.593 48
0.677 59
0.399 58
0.348 58
0.515 57
0.619 51
0.521 49
0.142 53
0.648 50
0.852 60
0.287 52
0.45 56
0.443 66
0.34 47
0.359 48
0.309 43
0.329 51
0.391 52
0.46 66
0.393 53
0.338 48
0.882 52
0.372 63
0.556 49
0.517 50
0.5 59
0.111 54
0.552 39
0.0529 51
0.292 55
0.492 49
0.645 57
0.385 52
0.621 58
0.149 52
0.407 48
0.467 57
0.199 59
0.266 51
0.371 58
0.322 59
0.522 45
0.186 53
0.178 57
0.274 58
0.347 53
0.28 63
0.455 59
0.517 59
0.436 0
0.51 50
0.241 57
0.496 49
0.321 56
0.714 44
0.56 59
0.628 59
0.478 49
0.395 52
0.129 48
0.251 50
0.36 55
0.377 65
0.258 50
0.245 42
0.277 60
0.242 55
0.481 46
0.221 64
0.259 48
0.276 53
0.303 45
0.218 47
0.309 65
0.512 59
0.335 53
0.454 59
0.461 47
0.5 56
0.165 51
0.687 47
0.595 54
0.686 54
0.202 46
0.286 43
0.645 46
0.446 42
0.639 51
0.385 35
0.178 59
0.234 52
0.236 55
0.361 47
0.591 59
0.737 0
0.364 35
0.529 50
0.0781 54
0.586 52
0.352 41
0.582 60
0.172 57
0.338 63
0.117 59
0.541 60
0.514 46
0.389 54
0.425 43
0.655 58
0.242 57
0.23 39
0.309 33
0.54 51
0.315 65
0.396 55
0.428 40
0.481 64
0.468 65
0.447 61
0.533 50
0.325 44
0.725 58
0.381 51
0.243 42
0.311 54
0.72 64
0.142 52
0.441 53
0.411 47
0.173 60
0.563 54
0.584 54
0.357 55
0.265 41
0.595 56
0.515 50
0.622 45
0.338 48
0.312 55
0.165 54
0.126 64
0.653 37
0.233 56
0.804 37
0.281 57
0.386 57
0.45 60
0.451 53
0.499 53
0.551 46
0.92 51
0.068 45
0.579 60
0.487 58
0.21 54
0.427 53
0.674 48
0.394 58
0.476 55
0.643 53
0.274 55
0.275 54
0.659 44
0.555 42
0.294 54
0.392 48
0.514 52
0.843 46
0.0501 51
0.672 46
0.286 58
0.645 51
0.322 57
0.758 57
0.409 43
0.381 53
0.43 59
0.364 56
0.628 54
0.572 58
0.555 47
0.388 43
0.306 41
0.598 42
0.589 44
0.418 55
0.271 56
0.361 60
0.751 52
0.239 50
0.74 32
0.289 49
0.459 63
0.281 58
0.532 35
0.268 58
0.898 59
0.638 54
0.293 68
0.308 59
0.268 62
0.562 59
0.206 0
0.186 2
0.215 1
0.0273 0
0.0578 1
0.124 0
0.0846 2
0.123 0
0.0413 1
0.12 0
0.059 0
0.139 0
0.0601 0
0.196 0
0.113 0
0.311 0
0.212 0
0.0401 0
0.059 0
0.243 0
0.216 0
0.0201 0
0.216 0
0.0744 0
0.215 0
0.0142 0
0.059 0
0.2 0
0.113 0
0.049 0
0.135 0
0.169 0
0.00972 0
0.296 0
0.059 0
0.135 0
0.167 0
0.0658 0
0.00972 0
0.0142 0
0.327 0
0.173 0
0.173 0
0.449 79
0.328 50
0.00735 0
0.17 0
0.0413 1
0.144 0
0.126 0
0.13 1
0.0309 0
0.0622 0
0.196 0
0.00241 0
0.135 1
0.14 0
0.0367 0
0.0519 0
0.139 0
0.0331 0
0.059 0
0.186 0
0.0322 0
0.0565 0
0.169 0
0.0334 0
0.2 0
0.0282 0
0.049 0
0.0601 0
0.296 1
0.173 1
0.00972 0
0.215 0
0.243 0
0.204 0
0.391 0
0.169 0
0.135 0
0.059 0
0.276 0
0.0699 0
0.00299 0
0.327 0
0.201 0
0.169 0
0.049 0
0.135 0
0.296 0
0.276 0
0.173 0
0.327 0
0.486 48
0.38 46
0.22 71
0.743 45
0.536 46
0.518 47
0.562 48
0.681 43
0.148 45
0.42 51
0.351 46
0.666 47
0.00501 0
0.408 48
0.00798 0
0.0231 1
0.162 0
0.287 0
0.0146 0
0.116 0
0.0484 0
0.00402 1
0.0313 3
0.137 0
0.448 0
0.366 0
0.0898 2
0.111 2
0.156 0
0.0258 0
0.00241 0
0.139 0
0.261 0
0.185 0
0.302 0
0.248 0
0.261 0
0.248 0
0.017 0
0.194 0
0.309 0
0.00464 0
0.00692 0
0.0296 0
0.224 0
0.00701 0
0.073 0
0.0485 0
0.213 0
0.0113 0
0.62 42
0.414 44
0.703 45
0.279 26
0.233 0
0.559 43
0.215 0
0.154 0
0.396 1
0.499 0
0.306 0
0.154 0
0.224 0
0.154 0
0.499 0
0.306 0
0.306 0
0.412 0
0.321 0
0.00609 0
0.0982 0
0.196 0
0.196 0
0.0325 0
0.00214 0
0.0113 1
0.168 0
0.18 0
0.194 0
0.144 0
0.073 0
0.184 0
0.252 0
0.309 0
0.379 0
0.0485 0
0.0336 0
0.0113 0
0.00527 0
0.196 0
0.029 0
0.0485 0
0.0485 0
0.194 0
0.073 0
0.0485 0
0.189 0
0.148 0
0.0336 0
0.0701 0
0.08 43
0.392 41
0.438 43
0.154 0
0.159 1
0.0656 0
0.415 0
0.0313 0
0.17 0
0.00409 0
0.115 0
0.186 0
0.165 0
0.302 0
0.256 0
0.0138 0
0.263 0
0.213 0
0.0108 0
0.0379 1
0.119 0
0.236 0
0.184 0
0.129 0
0.318 0
0.0152 0
0.139 0
0.26 0
0.147 0
0.0147 0
0.174 0
0.0347 0
0.0543 0
0.0394 0
0.0413 0
0.0478 0
0.23 0
0.0447 0
0.0281 0
0.0325 0
0.0134 0
0.144 0
0.0996 0
0.0519 0
0.357 0
0.042 0
0.17 0
0.196 0
0.262 0
0.357 0
0.494 40
0.0151 0
0.00428 0
0.09 1
0.0837 1
0.034 0
0.0283 0
0.0286 0
0.00248 0
0.0749 0
0.0107 0
0.116 0
0.0168 0
0.213 0
0.0623 0
0.219 0
0.0391 0
0.34 0
0.186 0
0.108 0
0.261 0
0.236 0
0.024 0
0.159 0
0.0869 0
0.195 0
0.129 0
0.198 0
0.0766 0
0.0258 0
0.0316 0
0.158 0
0.0964 0
0.0851 0
0.153 0
0.146 0
0.23 0
0.0329 0
0.278 0
0.17 0
0.144 0
0.211 0
0.237 0
0.00699 0
0.262 0
0.314 0
0.0578 0
0.17 0
0.262 0
0.176 0
0.378 40
0.108 39
0.628 38
0.0902 70
0.481 40
0.413 38
0.309 38
0.671 38
0.426 40
0.428 38
0.477 40
0.36 39
0.0582 73
0.503 37
0.264 39
0.24 38
0.21 39
0.567 39
0.465 39
0.636 39
0.296 40
0.71 38
0.117 0
0.445 0
0.00432 0
0.00432 0
0.0368 0
0.328 0
0.187 0
0.0465 0
0.0076 0
0.0375 0
0.286 0
0.00464 50
0.0191 0
0.0158 0
0.0965 0
0.0056 0
0.0568 0
0.219 0
0.334 0
0.278 0
0.133 0
0.00696 0
0.108 0
0.0869 0
0.0578 0
0.217 0
0.0292 0
0.0341 0
0.00527 69
0.836 36
0.449 38
0.614 36
0.606 38
0.833 36
0.448 36
0.29 36
0.775 38
0.546 36
0.0293 0
0.0293 0
0.0289 0
0.0293 0
0.106 0
0.318 0
0.162 0
0.853 0
0.246 0
0.482 0
0.553 0
0.136 1
0.503 0
0.485 0
0.193 0
0.45 0
0.0541 0
0.18 0
0.000756 0
0.106 0
0.465 0
0.07 0
0.231 0
0.0437 0
0.516 0
0.21 0
0.351 0
0.0372 0
0.235 0
0.0367 0
0.261 0
0.0227 0
0.0155 0
0.206 0
0.102 0
0.218 0
0.0491 0
0.0984 0
0.0436 0
0.15 0
0.287 68
0.474 53
0.387 34
0.274 33
0.399 35
0.374 37
0.565 35
0.775 36
0.495 35
0.00807 66
0.473 34
0.657 35
0.326 34
0.566 36
0.526 35
0.217 58
0.161 0
0.301 35
0.157 69
0.713 35
0.319 34
0.108 63
0.0897 0
0.185 0
0.0132 1
0.0361 2
0.286 2
0.19 2
0.0695 0
0.0442 2
0.217 0
0.911 0
0.0312 0
0.145 0
0.0214 0
0.114 0
0.0391 0
0.0481 0
0.0569 0
0.104 0
0.0911 0
0.27 0
0.017 0
0.0852 0
0.0419 0
0.0144 0
0.145 0
0.143 0
0.145 0
0.145 0
0.319 46
0.196 65
0.233 33
0.499 34
0.663 35
0.58 32
0.105 54
0.265 33
0.638 35
0.477 35
0.0297 70
0.311 33
0.373 32
0.29 33
0.638 33
0.34 33
0.608 34
0.118 64
0.0047 66
0.953 67
0.522 34
0.0127 70
0.563 33
0.0191 0
0.0124 45
0.0467 0
0.096 0
0.0519 61
0.096 0
0.096 0
0.0499 2
0.096 0
0.0879 1
0.103 1
0.0296 1
0.0194 1
0.397 0
0.151 0
0.317 0
0.091 1
0.0533 0
0.091 0
0.117 0
0.491 0
0.117 0
0.091 0
0.091 0
0.0281 0
0.117 0
0.117 0
0.637 31
0.564 35
0.489 32
0.417 31
0.292 30
0.484 35
0.187 32
0.606 33
0.109 62
0.103 59
0.702 35
0.336 31
0.416 31
0.169 65
0.587 33
0.568 32
0.328 38
0.31 33
0.467 31
0.638 32
0.292 64
0.626 32
0.633 32
0.00579 66
0.599 31
0.265 32
0.00532 68
0.164 65
0.614 55
0.00919 67
0.248 0
0.131 0
0.131 0
0.0939 0
0.013 45
0.728 31
0.145 0
0.0142 0
0.278 0
0.366 0
0.168 0
0.0839 0
0.168 0
0.168 0
0.0303 0
0.211 0
0.0296 1
0.0292 0
0.0443 0
0.278 0
0.533 32
0.388 31
0.281 32
0.342 29
0.828 34
0.338 54
0.423 31
0.334 33
0.0538 32
0.168 30
0.108 50
0.0781 40
0.689 30
0.607 30
0.568 30
0.245 29
0.0306 64
0.281 33
0.303 30
0.14 30
0.216 57
0.271 30
0.0296 46
0.637 30
0.258 65
0.55 30
0.262 31
0.549 33
0.0799 44
0.446 29
0.206 62
0.641 31
0.772 31
0.0856 60
0.0958 56
0.941 62
0.237 61
0.0311 64
0.615 31
0.129 0
0.0521 40
0.147 1
0.138 1
0.272 0
0.147 0
0.077 1
0.0347 0
0.147 0
0.147 0
0.189 0
0.419 28
0.575 29
0.391 31
0.645 29
0.708 30
0.0464 65
0.41 29
0.489 30
0.354 29
0.424 29
0.262 29
0.274 33
0.245 29
0.113 31
0.473 31
0.305 32
0.0186 69
0.227 28
0.282 32
0.493 32
0.391 29
0.13 32
0.262 29
0.323 29
0.478 30
0.533 31
0.00572 65
0.713 30
0.418 29
0.247 63
0.453 30
0.544 54
0.0161 70
0.201 57
0.555 30
0.83 29
0.574 29
0.0898 62
0.199 59
0.113 0
0.125 0
0.0456 0
0.0659 40
0.146 0
0.182 0
0.0637 40
0.0532 0
0.361 0
0.0697 0
0.289 0
0.173 27
0.419 28
0.498 30
0.0208 36
0.052 53
0.388 28
0.327 31
0.108 45
0.276 35
0.0735 41
0.0687 32
0.0949 39
0.18 34
0.0371 0
0.014 0
0.0568 0
0.0209 0
0.0657 26
0.247 27
0.158 25
0.0223 1
0.252 17
0.175 25
0.0907 24
0.0733 25
0.192 25
0.201 24
0.0503 25
0.112 24
0.143 26
0.0929 26
0.0489 22
0.173 26
0.0249 0
0.042 25
0.152 25
0.146 25
0.22 2
0.226 21
0.0397 20
0.139 25
0.228 7
0.0757 14
0.0891 17
0.117 10
0.334 1
0.145 6
0.0626 8
0.0207 8
0.207 8
0.159 24
0.0334 16
0.0975 7
0.045 5
0.019 3
0.0888 2
0.118 3
0.0115 7
0.022 24
0.177 5
0.185 3
0.00987 19
0.0588 4
0.216 1
0.218 4
0.221 6
0.142 3
0.155 10
0.113 12
0.158 3
0.0647 6
0.0902 3
0.076 3
0.106 6
0.128 3
0.0109 14
0.0722 9
0.0837 5
0.0464 4
0.0183 21
0.128 9
0.177 4
0.113 5
0.363 14
0.0904 1
0.118 3
0.042 23
0.15 24
0.155 9
0.247 16
0.0343 16
0.0235 15
0.216 6
0.17 6
0.226 19
0.0423 7
0.00734 7
0.049 7
0.144 6
0.0557 7
0.23 18
0.0291 19
0.0947 5
0.147 13
0.168 3
0.0511 6
0.126 17
0.126 2
0.145 25
0.113 9
0.0489 7
0.155 5
0.0758 0
0.0195 4
0.00317 13
0.123 6
0.00994 4
0.267 4
0.131 6
0.0472 7
0.035 12
0.0722 21
0.0769 6
0.109 9
0.249 11
0.0354 5
0.206 5
0.183 1
0.103 2
0.0349 2
0.218 10
0.0464 8
0.0985 2
0.0559 5
0.232 2
0.173 24
0.0391 20
0.115 17
0.109 5
0.248 3
0.175 20
0.0601 4
0.127 17
0.0656 10
0.25 9
0.497 12
0.311 11
0.236 8
0.107 7
0.0292 6
0.0952 3
0.159 13
0.163 2
0.0549 7
0.0594 9
0.0969 1
0.0785 1
0.142 7
0.126 3
0.247 17
0.061 12
0.0509 7
0.128 2
0.185 4
0.022 16
0.0811 17
0.124 3
0.135 4
0.0472 3
0.311 3
0.132 2
0.144 5
0.145 1
0.154 16
0.0282 11
0.0925 4
0.124 3
0.149 8
0.139 8
0.0932 4
0.0878 7
0.0385 6
0.0321 9
0.049 4
0.1 7
0.206 11
0.232 4
0.142 12
0.194 14
0.0954 9
0.114 10
0.267 10
0.094 15
0.0986 19
0.372 14
0.115 21
0.136 9
0.027 17
0.113 11
0.0283 6
0.0255 16
0.00884 6
0.017 7
0.0645 5
0.13 5
0.106 4
0.0301 0
0.0454 1
0.115 3
0.194 4
0.216 8
0.126 12
0.201 2
0.223 8
0.0607 6
0.0372 1
0.0507 8
0.362 10
0.175 20
0.143 7
0.0423 8
0.22 6
0.0173 5
0.372 15
0.0559 10
0.0647 2
0.184 9
0.075 15
0.142 9
0.0771 12
0.106 2
0.0441 8
0.009 12
0.126 16
0.142 13
0.0141 4
0.0592 10
0.369 1
0.163 5
0.0423 19
0.0308 3
0.181 6
0.0261 10
0.105 10
0.094 7
0.243 8
0.0928 19
0.167 7
0.00746 17
0.203 8
0.159 24
0.0334 16
0.0975 7
0.045 5
0.019 3
0.0888 2
0.118 3
0.0115 7
0.022 24
0.177 5
0.185 3
0.0588 4
0.216 1
0.218 4
0.221 6
0.142 3
0.155 10
0.113 12
0.0769 6
0.158 3
0.0647 6
0.0902 3
0.076 3
0.106 6
0.128 3
0.0109 14
0.0722 9
0.0837 5
0.0464 4
0.0183 21
0.128 9
0.177 4
0.113 5
0.363 14
0.0904 1
0.118 3
0.042 23
0.15 24
0.155 9
0.247 16
0.0343 16
0.0235 15
0.17 6
0.0656 10
0.0423 7
0.248 20
0.00734 7
0.049 7
0.144 6
0.0557 7
0.0223 7
0.091 4
0.0743 0
0.0341 3
0.0341 2
0.136 18
0.226 6
0.372 2
0.0159 11
0.233 22
0.0192 11
0.252 11
0.194 10
0.0897 2
0.234 16
0.0529 3
0.143 3
0.11 3
0.247 22
0.111 13
0.179 2
0.125 1
0.162 2
0.0141 1
0.094 20
0.126 12
0.0891 11
0.0641 1
0.00917 15
0.0554 12
0.243 9
0.0409 3
0.0821 6
0.328 22
0.114 4
0.22 9
0.207 9
0.0242 11
0.144 3
0.0509 7
0.0223 9
0.232 9
0.179 7
0.29 19
0.0141 7
0.177 6
0.0844 15
0.199 15
0.0238 7
0.0801 6
0.671 85
0.505 49
0.835 65
0.549 59
0.869 55
0.69 58
0.87 49
0.547 55
0.984 48
0.624 52
0.584 52
0.792 45
0.864 51
0.885 52
0.979 59
0.754 47
0.698 47
0.825 61
0.576 43
0.889 57
0.953 45
0.824 45
0.868 57
0.879 49
0.819 47
0.96 48
0.534 52
0.902 55
0.965 57
0.779 56
0.746 55
0.797 60
0.362 54
0.842 53
0.624 50
0.974 52
0.879 52
0.808 52
0.79 56
0.701 51
0.398 27
0.556 65
0.979 47
0.662 56
0.794 52
0.698 58
0.904 57
0.813 47
0.273 37
0.63 41
0.498 43
0.871 39
0.58 29
0.902 50
0.935 49
0.782 19
0.629 25
0.84 51
0.741 44
0.934 51
0.389 58
0.878 40
0.768 43
0.856 40
0.903 49
0.862 37
0.478 50
0.853 53
0.981 43
0.809 46
0.821 32
0.632 51
0.808 49
0.743 48
0.977 52
0.717 51
0.53 55
0.382 57
0.894 48
0.869 41
0.555 51
0.884 48
0.741 44
0.886 50
0.401 41
0.756 49
0.916 49
0.865 30
0.717 53
0.814 55
0.928 3
0.828 30
0.777 30
0.668 32
0.927 28
0.989 31
0.96 57
0.756 50
0.31 30
0.764 31
0.373 43
0.426 42
0.599 16
0.584 36
0.755 54
0.712 45
0.551 46
0.903 44
0.717 47
0.809 41
0.867 43
0.92 43
0.873 57
0.784 43
0.844 60
0.909 42
0.384 48
0.805 42
0.853 45
0.912 37
0.658 39
0.983 52
0.712 58
0.629 49
0.645 49
0.902 47
0.895 43
0.28 57
0.932 42
0.86 51
0.441 47
0.964 51
0.931 52
0.481 53
0.543 46
0.765 42
0.768 50
0.676 29
0.623 4
0.666 3
0.889 59
0.752 48
0.715 28
0.772 28
0.787 28
0.571 26
0.839 28
0.262 57
0.623 26
0.601 27
0.615 50
0.765 39
0.55 49
0.782 13
0.507 50
0.952 42
0.974 30
0.743 37
0.796 37
0.892 44
0.855 39
0.595 40
0.898 45
0.788 52
0.918 50
0.824 44
0.936 36
0.78 48
0.741 37
0.381 44
0.938 40
0.637 49
0.988 47
0.608 35
0.895 49
0.56 44
0.483 43
0.774 49
0.617 27
0.856 49
0.92 42
0.864 56
0.889 52
0.508 26
0.549 53
0.878 44
0.84 48
0.467 46
0.896 54
0.554 50
0.649 46
0.811 51
0.37 24
0.864 53
0.833 53
0.2 25
0.786 25
0.73 26
0.87 25
0.263 25
0.94 48
0.963 40
0.582 57
0.995 39
0.788 32
0.322 49
0.826 37
0.996 30
0.801 46
0.928 48
0.568 38
0.789 47
0.674 43
0.988 41
0.848 31
0.851 42
0.64 46
0.232 44
0.927 43
0.584 22
0.969 47
0.777 43
0.605 52
0.645 47
0.745 45
0.833 43
0.934 48
0.921 43
0.788 40
0.735 39
0.667 43
0.942 47
0.683 43
0.778 23
0.532 51
0.786 24
0.67 23
0.437 23
0.905 24
0.836 24
0.651 22
0.913 54
0.544 36
0.963 23
0.709 22
0.439 51
0.702 22
0.904 22
0.739 51
0.773 24
0.571 49
0.885 23
0.844 52
0.797 38
0.683 42
0.936 47
0.39 43
0.397 45
0.858 44
0.7 33
0.626 47
0.663 50
0.689 44
0.626 32
0.76 43
0.914 40
0.67 21
0.449 22
0.555 43
0.825 49
0.778 45
0.729 47
0.484 33
0.874 43
0.829 42
0.732 39
0.915 44
0.87 36
0.983 44
0.756 21
0.812 21
0.89 40
0.728 41
0.747 40
0.643 46
0.819 23
0.418 21
0.0873 22
0.636 21
0.483 22
0.833 20
0.772 22
0.922 47
0.344 52
0.769 47
0.478 22
0.484 51
0.853 22
0.205 21
0.861 23
0.483 44
0.419 47
0.647 47
0.848 27
0.932 43
0.918 40
0.849 25
0.433 47
0.88 33
0.717 42
0.915 44
0.84 29
0.897 43
0.895 30
0.879 34
0.91 43
0.551 38
0.681 42
0.867 40
0.731 21
0.614 21
0.863 39
0.968 40
0.836 41
0.701 52
0.869 45
0.9 44
0.745 19
0.855 40
0.65 47
0.167 20
0.738 48
0.468 49
0.929 50
0.394 20
0.883 47
0.982 20
0.584 20
0.529 47
0.435 21
0.74 46
0.894 21
0.689 20
0.934 20
0.796 22
0.619 22
0.619 48
0.533 45
0.792 20
0.891 48
0.753 40
0.518 46
0.524 38
0.418 33
0.724 44
0.854 34
0.651 42
0.704 39
0.868 45
0.708 42
0.679 42
0.761 40
0.663 49
0.962 45
0.895 19
0.886 41
0.872 19
0.98 45
0.95 41
0.738 44
0.832 19
0.823 49
0.93 19
0.964 38
0.791 35
0.548 39
0.441 46
0.373 20
0.623 41
0.177 48
0.938 20
0.682 19
0.516 48
0.811 49
0.719 43
0.687 44
0.35 42
0.806 20
0.939 20
0.622 49
0.802 22
0.722 23
0.855 52
0.839 20
0.81 20
0.875 20
0.947 20
0.947 20
0.788 21
0.743 21
0.703 45
0.646 41
0.828 42
0.978 35
0.895 30
0.782 49
0.312 19
0.789 29
0.735 32
0.935 37
0.828 37
0.952 39
0.361 44
0.901 41
0.838 40
0.687 18
0.838 41
0.697 38
0.989 43
0.744 46
0.712 18
0.946 44
0.782 18
0.854 42
0.886 40
0.435 21
0.786 18
0.837 41
0.717 18
0.882 19
0.185 19
0.698 19
0.43 18
0.721 47
0.797 47
0.99 19
0.917 19
0.79 20
0.776 18
0.956 19
0.729 0
0.786 18
0.852 43
0.638 18
0.499 46
0.803 20
0.8 18
0.99 20
0.867 43
0.699 49
0.58 32
0.58 33
0.494 34
0.897 34
0.728 43
0.537 30
0.673 39
0.978 40
0.86 31
0.933 33
0.917 40
0.978 37
0.58 40
0.65 41
0.75 18
0.545 45
0.833 18
0.755 37
0.925 40
0.712 47
0.85 18
0.101 47
0.841 44
0.679 43
0.595 19
0.973 39
0.83 40
0.628 42
0.755 35
0.712 19
0.819 41
0.897 42
0.735 18
0.729 42
0.277 39
0.64 41
0.87 20
0.536 17
0.416 49
0.752 42
0.54 43
0.646 18
0.938 19
0.605 48
0.575 18
0.66 44
0.787 20
0.453 18
0.699 19
0.844 19
0.877 30
0.977 19
0.776 35
0.784 34
0.815 38
0.804 45
0.911 17
0.749 38
0.668 38
0.766 35
0.78 45
0.852 37
0.439 42
0.778 45
0.636 43
0.583 41
0.677 43
0.27 49
0.554 18
0.967 35
0.326 36
0.68 39
0.844 37
0.479 17
0.87 33
0.552 18
0.97 17
0.932 18
0.667 17
0.773 50
0.804 44
0.889 18
0.92 43
0.863 17
0.423 45
0.675 18
0.911 17
0.674 45
0.882 47
0.867 48
0.439 21
0.749 46
0.754 41
0.867 45
0.676 19
0.842 45
0.669 19
0.945 18
0.454 46
0.724 46
0.55 41
0.895 43
0.954 40
0.77 39
0.841 41
0.558 17
0.892 37
0.673 37
0.716 17
0.662 17
0.538 41
0.888 41
0.909 38
0.12 46
0.723 37
0.508 17
0.984 17
0.956 17
0.941 17
0.575 17
0.909 42
0.934 18
0.861 17
0.895 18
0.999 16
0.483 18
0.779 17
0.938 16
0.893 17
0.23 41
0.9 46
0.382 44
0.939 18
0.813 17
0.993 17
0.826 40
0.516 47
0.464 20
0.747 41
0.681 17
0.689 17
0.929 17
0.74 46
0.816 17
0.659 47
0.552 17
0.91 49
0.892 18
0.884 49
0.731 17
0.728 42
0.797 36
0.253 17
0.784 39
0.754 19
0.335 38
0.641 34
0.306 37
0.551 35
0.771 29
0.778 43
0.791 17
0.907 30
0.567 39
0.643 42
0.819 16
0.662 37
0.885 38
0.704 39
0.646 39
0.933 34
0.719 44
0.913 16
0.838 42
0.805 39
0.612 17
0.818 42
0.129 17
0.679 16
0.817 34
0.884 43
0.82 16
0.689 42
0.803 45
0.536 17
0.812 17
0.792 16
0.957 17
0.295 19
0.767 17
0.875 17
0.543 42
0.708 17
0.957 17
0.71 18
0.903 42
0.796 43
0.925 46
0.822 52
0.9 17
0.268 40
0.476 36
0.97 36
0.381 44
0.454 44
0.685 17
0.425 17
0.84 38
0.871 44
0.778 19
0.732 43
0.656 41
0.497 40
0.69 40
0.359 31
0.792 27
0.745 28
0.507 48
0.521 16
0.648 17
0.692 45
0.757 45
0.755 35
0.665 40
0.953 42
0.625 35
0.153 18
0.471 17
0.843 16
0.564 16
0.774 44
0.48 17
0.374 18
0.372 18
0.846 17
0.702 16
0.913 48
0.677 51
0.427 17
0.958 16
0.717 17
0.69 18
0.759 16
0.418 46
0.456 16
0.419 45
0.53 17
0.243 41
0.423 17
0.351 16
0.812 42
0.872 42
0.684 37
0.187 33
0.818 50
0.903 37
0.948 37
0.678 37
0.943 37
0.571 16
0.823 33
0.962 33
0.954 30
0.817 40
0.719 16
0.694 40
0.743 43
0.508 15
0.475 16
0.481 39
0.718 37
0.515 15
0.785 16
0.575 40
0.948 37
0.699 16
0.921 16
0.952 16
0.896 39
0.923 16
0.0265 18
0.964 32
0.736 15
0.806 15
0.91 16
0.69 17
0.873 17
0.886 15
0.939 15
0.7 16
0.872 16
0.884 16
0.719 16
0.784 16
0.99 16
0.927 16
0.6 16
0.707 15
0.765 17
0.811 16
0.651 41
0.741 32
0.801 34
0.873 41
0.728 31
0.865 38
0.908 16
0.965 41
0.724 16
0.826 42
0.698 38
0.73 41
0.488 15
0.436 16
0.817 40
0.831 15
0.968 15
0.999 15
0.602 41
0.946 16
0.897 34
0.788 16
0.402 44
0.899 16
0.649 35
0.494 48
0.76 14
0.931 16
0.759 16
0.554 17
0.997 42
0.83 47
0.709 16
0.817 40
0.261 42
0.775 18
0.66 15
0.967 16
0.982 16
0.502 43
0.753 43
0.792 19
0.852 45
0.389 16
0.933 17
0.589 16
0.77 43
0.601 16
0.516 16
0.855 16
0.627 42
0.94 33
0.488 29
0.762 35
0.84 42
0.461 16
0.924 35
0.802 36
0.734 40
0.814 33
0.487 16
0.892 34
0.788 15
0.511 15
0.846 36
0.662 41
0.788 14
0.754 32
0.529 33
0.307 35
0.418 15
0.865 36
0.919 27
0.329 17
0.902 16
0.83 14
0.325 15
0.94 15
0.922 15
0.947 38
0.917 16
0.348 16
0.969 16
0.569 16
0.827 16
0.515 40
0.713 15
0.934 17
0.86 16
0.89 14
0.293 18
0.936 16
0.954 15
0.602 18
0.706 44
0.586 16
0.813 17
0.845 15
0.839 16
0.745 17
0.527 40
0.725 46
0.627 42
0.554 40
0.843 38
0.789 26
0.973 39
0.93 41
0.812 38
0.824 15
0.611 15
0.811 38
0.671 14
0.551 35
0.511 15
0.562 40
0.636 42
0.847 15
0.75 15
0.619 15
0.738 38
0.432 36
0.699 39
0.823 17
0.373 39
0.765 41
0.781 16
0.991 15
0.799 15
0.955 15
0.629 15
0.926 15
0.3 43
0.831 32
0.452 15
0.865 15
0.997 16
0.734 17
0.845 45
0.535 15
0.54 44
0.236 15
0.554 18
0.693 16
0.966 15
0.955 15
0.752 16
0.308 16
0.845 15
0.272 15
0.94 38
0.554 40
0.857 36
0.133 41
0.894 28
0.885 31
0.771 41
0.249 39
0.412 15
0.178 37
0.514 39
0.982 43
0.524 14
0.898 38
0.632 46
0.276 41
0.82 38
0.945 43
0.205 32
0.878 17
0.873 14
0.721 46
0.942 14
0.866 32
0.64 16
0.876 15
0.436 15
0.925 15
0.714 14
0.981 15
0.177 45
0.12 39
0.767 15
0.365 15
0.802 15
0.954 14
0.765 37
0.517 15
0.31 17
0.53 16
0.35 37
0.901 14
0.541 16
0.236 15
0.329 42
0.658 18
0.277 16
0.852 18
0.919 17
0.67 16
0.459 38
0.495 37
0.227 39
0.167 39
0.833 7
0.242 39
0.938 35
0.715 29
0.891 37
0.597 14
0.813 37
0.666 43
0.503 33
0.973 33
0.945 29
0.874 36
0.935 37
0.639 15
0.739 37
0.643 44
0.859 38
0.649 41
0.994 14
0.974 15
0.593 15
0.941 40
0.665 15
0.89 15
0.776 15
0.829 36
0.234 15
0.833 46
0.918 15
0.72 15
0.768 32
0.774 40
0.535 14
0.928 14
0.83 15
0.922 15
0.935 16
0.703 40
0.622 15
0.566 15
0.23 15
0.83 15
0.721 15
0.226 14
0.882 15
0.477 16
0.731 75
0.599 45
0.664 40
0.341 69
0.811 63
0.514 66
0.697 64
0.721 52
0.708 58
0.621 62
0.676 51
0.656 56
0.524 56
0.552 54
0.554 51
0.367 74
0.871 59
0.577 64
0.759 31
0.865 30
0.904 30
0.954 31
0.55 29
0.653 30
0.879 29
0.822 30
0.7 29
0.792 30
0.745 29
0.853 29
0.769 35
0.959 33
0.662 31
0.397 30
0.71 30
0.423 29
0.917 30
0.855 28
0.719 30
0.712 28
0.765 31
0.719 29
0.527 32
0.398 30
0.894 30
0.773 33
0.96 29
0.414 29
0.806 30
0.484 33
0.87 53
0.695 44
0.595 52
0.362 55
0.29 47
0.712 58
0.64 47
0.812 48
0.697 27
0.894 28
0.947 27
0.731 26
0.458 27
0.535 60
0.984 27
0.687 27
0.956 27
0.332 28
0.631 27
0.303 28
0.826 28
0.49 26
0.934 27
0.683 26
0.794 27
0.729 27
0.688 27
0.823 26
0.715 28
0.573 28
0.885 27
0.877 26
0.592 28
0.674 28
0.918 27
0.709 29
0.706 26
0.559 28
0.523 26
0.695 27
0.715 28
0.695 30
0.433 29
0.822 29
0.891 27
0.43 27
0.458 27
0.509 29
0.516 27
0.51 29
0.791 45
0.574 48
0.888 54
0.621 26
0.56 26
0.749 27
0.571 27
0.93 26
0.475 26
0.959 25
0.868 25
0.891 27
0.872 26
0.79 25
0.916 25
0.574 27
0.869 27
0.802 27
0.877 26
0.933 26
0.964 26
0.77 25
0.845 26
0.685 26
0.755 26
0.697 25
0.974 26
0.921 27
0.673 26
0.347 27
0.408 27
0.98 26
0.652 25
0.799 26
0.671 25
0.717 26
0.766 25
0.619 25
0.797 27
0.587 27
0.54 26
0.966 26
0.766 25
0.626 25
0.937 27
0.661 26
0.307 27
0.912 27
0.743 26
0.869 27
0.587 46
0.448 58
0.249 26
0.915 24
0.555 24
0.427 24
0.691 24
0.576 25
0.943 25
0.889 25
0.902 25
0.521 25
0.605 25
0.916 24
0.63 24
0.838 26
0.866 25
0.72 24
0.724 24
0.894 26
0.381 25
0.896 25
0.56 26
0.773 26
0.138 26
0.588 25
0.605 25
0.635 25
0.724 25
0.883 25
0.698 25
0.367 26
0.683 26
0.961 25
0.185 26
0.549 25
0.66 25
0.932 25
0.824 25
0.689 25
0.962 26
0.768 26
0.72 25
0.697 25
0.665 25
0.794 26
0.601 26
0.692 26
0.961 26
0.443 27
0.849 24
0.691 25
0.4 24
0.951 25
0.974 24
0.543 24
0.49 24
0.921 24
0.93 24
0.878 24
0.658 25
0.407 24
0.886 25
0.642 25
0.601 23
0.584 24
0.737 24
0.867 25
0.566 24
0.747 25
0.617 24
0.724 24
0.481 25
0.565 24
0.589 25
0.272 25
0.717 25
0.431 25
0.79 25
0.624 24
0.887 26
0.939 24
0.807 25
0.526 27
0.759 24
0.907 25
0.714 26
0.769 24
0.596 24
0.994 25
0.573 24
0.682 24
0.881 25
0.738 25
0.691 25
0.249 26
0.743 26
0.896 25
0.663 26
0.79 25
0.482 45
0.796 60
0.726 24
0.893 23
0.831 25
0.916 25
0.702 23
0.924 24
0.534 23
0.911 24
0.983 24
0.682 23
0.797 24
0.855 23
0.831 23
0.697 25
0.814 24
0.872 24
0.885 23
0.81 25
0.925 24
0.939 24
0.377 23
0.706 23
0.511 24
0.712 24
0.56 24
0.416 25
0.728 24
0.592 25
0.792 24
0.901 23
0.749 24
0.654 24
0.821 24
0.818 25
0.586 24
0.524 24
0.666 24
0.922 24
0.864 24
0.602 24
0.574 24
0.539 24
0.643 25
0.733 24
0.729 24
0.613 23
0.928 25
0.839 25
0.871 46
0.881 24
0.574 23
0.45 24
0.885 24
0.539 24
0.512 23
0.87 24
0.972 23
0.348 24
0.953 23
0.919 25
0.733 23
0.941 23
0.77 24
0.938 24
0.51 24
0.354 23
0.698 24
0.686 23
0.729 24
0.666 24
0.722 23
0.688 23
0.688 24
0.73 24
0.712 24
0.621 24
0.933 23
0.906 24
0.692 23
0.644 24
0.626 23
0.608 24
0.719 23
0.729 23
0.573 24
0.983 24
0.552 23
0.715 23
0.235 24
0.842 23
0.78 24
0.903 25
0.675 23
0.592 24
0.678 23
0.787 24
0.614 23
0.832 24
0.699 51
0.336 53
0.292 24
0.814 23
0.653 23
0.367 25
0.325 23
0.494 23
0.919 23
0.33 23
0.596 22
0.701 22
0.766 22
0.482 23
0.874 24
0.851 22
0.714 23
0.878 23
0.846 24
0.583 23
0.797 22
0.871 23
0.934 22
0.976 22
0.713 23
0.885 24
0.607 23
0.511 23
0.938 23
0.343 24
0.606 23
0.83 23
0.637 23
0.645 24
0.668 23
0.556 23
0.942 24
0.577 24
0.797 24
0.864 24
0.886 23
0.792 23
0.727 24
0.994 23
0.49 23
0.534 24
0.623 24
0.943 24
0.724 24
0.714 23
0.77 49
0.297 59
0.795 24
0.632 22
0.338 22
0.8 22
0.927 22
0.941 24
0.638 23
0.909 22
0.449 25
0.473 22
0.892 22
0.745 23
0.644 22
0.961 22
0.97 24
0.797 23
0.661 23
0.944 22
0.867 23
0.958 22
0.47 22
0.927 22
0.842 23
0.74 23
0.823 23
0.793 22
0.601 23
0.532 22
0.441 23
0.882 23
0.369 22
0.654 22
0.872 22
0.944 23
0.977 22
0.808 24
0.431 24
0.408 24
0.523 22
0.833 23
0.964 24
0.771 24
0.821 24
0.503 24
0.368 23
0.697 23
0.828 23
0.828 23
0.336 27
0.819 52
0.463 23
0.909 23
0.8 22
0.288 23
0.951 22
0.594 22
0.8 22
0.544 22
0.574 22
0.653 23
0.834 23
0.703 23
0.628 23
0.906 23
0.863 23
0.782 22
0.867 22
0.913 23
0.722 23
0.889 23
0.865 23
0.384 23
0.476 23
0.411 23
0.866 23
0.512 23
0.573 22
0.892 23
0.362 23
0.393 23
0.923 23
0.339 23
0.916 23
0.925 24
0.688 23
0.923 24
0.935 23
0.515 24
0.478 22
0.867 22
0.941 23
0.677 22
0.806 23
0.906 23
0.901 23
0.21 23
0.75 23
0.969 23
0.747 48
0.682 38
0.688 40
0.95 23
0.548 22
0.817 23
0.576 22
0.497 21
0.945 22
0.911 22
0.927 22
0.514 23
0.753 21
0.923 23
0.551 23
0.668 22
0.526 22
0.694 23
0.476 22
0.887 22
0.613 21
0.902 22
0.614 22
0.588 22
0.545 22
0.641 22
0.424 23
0.674 22
0.933 21
0.223 23
0.461 23
0.69 22
0.906 23
0.783 23
0.58 22
0.794 22
0.825 22
0.399 23
0.749 23
0.406 23
0.619 22
0.854 23
0.655 23
0.869 23
0.953 23
0.674 23
0.891 23
0.762 23
0.959 22
0.88 23
0.745 41
0.897 22
0.735 22
0.531 55
0.93 23
0.4 23
0.488 22
0.936 22
0.927 21
0.654 22
0.926 21
0.645 23
0.522 21
0.867 21
0.965 22
0.61 39
0.718 21
0.897 22
0.882 21
0.845 21
0.901 22
0.87 22
0.244 22
0.973 21
0.685 21
0.453 21
0.761 22
0.261 22
0.875 22
0.639 21
0.805 22
0.979 23
0.682 22
0.306 22
0.72 23
0.566 23
0.943 23
0.659 23
0.713 21
0.789 21
0.922 22
0.785 23
0.864 22
0.683 23
0.198 22
0.638 23
0.849 23
0.88 23
0.799 22
0.643 22
0.845 38
0.597 39
0.94 22
0.72 21
0.637 22
0.489 21
0.203 22
0.811 21
0.694 21
0.951 22
0.979 21
0.704 22
0.948 22
0.467 21
0.767 22
0.936 22
0.739 21
0.687 22
0.455 22
0.795 22
0.912 22
0.507 22
0.449 23
0.853 21
0.588 21
0.597 21
0.521 22
0.875 22
0.321 22
0.535 22
0.744 22
0.785 22
0.812 22
0.863 23
0.821 22
0.608 21
0.66 22
0.579 21
0.375 22
0.205 23
0.851 22
0.855 22
0.616 22
0.943 22
0.89 23
0.821 22
0.878 22
0.849 22
0.85 22
0.81 22
0.817 49
0.424 38
0.642 21
0.646 22
0.615 21
0.612 21
0.943 22
0.405 22
0.8 21
0.642 21
0.903 22
0.346 21
0.909 22
0.592 21
0.928 21
0.883 20
0.558 21
0.814 22
0.96 20
0.797 21
0.862 21
0.644 21
0.895 20
0.954 21
0.667 21
0.801 21
0.697 21
0.806 21
0.954 21
0.476 21
0.825 23
0.367 21
0.904 21
0.663 22
0.802 21
0.683 22
0.787 22
0.715 21
0.404 21
0.911 21
0.856 21
0.953 21
0.775 22
0.764 22
0.8 22
0.794 21
0.367 22
0.973 21
0.927 20
0.819 22
0.664 21
0.553 22
0.881 22
0.389 22
0.958 20
0.71 21
0.332 38
0.505 22
0.953 22
0.696 22
0.699 24
0.582 40
0.786 22
0.781 22
0.742 22
0.497 22
0.508 52
0.767 22
0.887 22
0.605 21
0.572 21
0.265 20
0.676 22
0.825 22
0.696 21
0.66 21
0.873 22
0.88 20
0.633 20
0.706 22
0.817 21
0.56 22
0.372 22
0.368 22
0.457 20
0.648 22
0.585 22
0.558 21
0.625 22
0.795 22
0.793 22
0.499 21
0.432 21
0.648 22
0.845 22
0.52 22
0.194 22
0.243 22
0.823 22
0.86 22
0.448 52
0.803 21
0.823 22
0.623 21
0.669 21
0.756 21
0.63 22
0.902 21
0.482 21
0.888 21
0.912 21
0.862 20
0.821 20
0.942 20
0.777 22
0.717 21
0.519 21
0.778 23
0.912 22
0.467 21
0.833 20
0.917 21
0.453 21
0.679 21
0.724 22
0.756 21
0.429 21
0.887 20
0.464 20
0.691 22
0.675 20
0.85 20
0.515 21
0.486 22
0.633 20
0.583 20
0.436 21
0.531 21
0.73 21
0.607 20
0.881 21
0.628 21
0.678 22
0.522 22
0.659 23
0.93 22
0.917 22
0.727 22
0.173 21
0.847 22
0.555 36
0.703 21
0.965 21
0.716 21
0.391 21
0.875 21
0.333 39
0.595 21
0.837 20
0.485 21
0.692 20
0.489 21
0.932 22
0.621 20
0.897 21
0.419 20
0.34 44
0.829 21
0.678 20
0.921 21
0.806 21
0.657 21
0.572 20
0.858 20
0.658 21
0.707 21
0.412 22
0.753 20
0.668 21
0.742 21
0.437 21
0.598 22
0.725 21
0.73 20
0.767 20
0.656 22
0.895 21
0.937 21
0.601 21
0.974 21
0.959 20
0.562 21
0.658 22
0.293 21
0.61 20
0.817 21
0.438 23
0.82 21
0.855 21
0.726 21
0.947 20
0.489 21
0.917 20
0.797 20
0.886 20
0.872 20
0.817 21
0.82 20
0.891 21
0.628 21
0.827 20
0.837 20
0.674 20
0.688 20
0.644 22
0.707 21
0.739 21
0.708 22
0.384 40
0.391 20
0.588 20
0.925 21
0.693 21
0.432 39
0.453 21
0.532 20
0.92 21
0.886 20
0.845 21
0.666 20
0.823 21
0.807 21
0.437 21
0.767 20
0.368 21
0.9 21
0.869 21
0.564 20
0.591 20
0.775 21
0.896 20
0.706 21
0.735 20
0.652 20
0.393 21
0.143 21
0.523 21
0.793 22
0.201 21
0.589 21
0.765 20
0.577 21
0.62 20
0.911 20
0.841 21
0.6 19
0.766 20
0.571 21
0.757 20
0.828 21
0.31 21
0.655 21
0.398 21
0.655 21
0.854 20
0.748 20
0.875 21
0.901 20
0.89 20
0.413 21
0.643 20
0.916 21
0.906 20
0.615 21
0.621 20
0.77 22
0.772 21
0.237 21
0.835 19
0.712 21
0.618 20
0.595 21
0.608 21
0.468 21
0.445 21
0.248 24
0.531 21
0.853 20
0.496 21
0.815 21
0.973 21
0.72 21
0.576 20
0.981 20
0.411 20
0.912 21
0.775 21
0.828 21
0.409 21
0.871 20
0.567 27
0.709 47
0.86 19
0.662 20
0.977 19
0.862 20
0.921 21
0.919 19
0.501 20
0.494 19
0.829 20
0.446 20
0.682 20
0.434 20
0.51 19
0.818 20
0.925 19
0.366 19
0.853 20
0.461 20
0.878 19
0.785 20
0.927 19
0.918 19
0.366 19
0.47 21
0.487 19
0.749 19
0.714 19
0.477 22
0.533 19
0.758 20
0.532 21
0.895 20
0.977 20
0.411 20
0.554 19
0.619 20
0.68 19
0.696 22
0.85 20
0.89 20
0.746 20
0.626 21
0.927 20
0.711 21
0.47 21
0.739 21
0.576 20
0.738 20
0.63 78
0.751 0
0.389 1
0.192 3
0.192 4
0.192 4
0.192 2
0.192 2
0.192 1
0.904 2
0.192 1
0.192 0
0.755 8
0.192 0
0.192 0
0.931 2
0.573 3
0.192 1
0.573 5
0.757 0
0.197 2
0.192 0
0.697 3
0.192 0
0.573 0
0.573 0
0.192 0
0.94 0
0.192 0
0.573 1
0.972 2
0.697 1
0.296 0
0.573 0
0.662 1
0.931 0
0.972 0
0.823 3
0.944 0
0.674 2
0.912 0
0.732 0
0.732 0
0.769 1
0.742 0
0.663 0
0.769 0
0.85 0
0.378 0
0.85 0
0.63 70
0.63 0
0.481 0
0.572 0
0.63 0
0.499 1
0.572 0
0.499 1
0.871 0
0.572 1
0.499 0
0.572 0
0.63 0
0.63 0
0.704 0
0.572 0
0.559 0
0.572 0
0.677 0
0.713 0
0.54 3
0.833 0
0.889 3
0.54 0
0.54 0
0.647 2
0.647 0
0.815 1
0.789 0
0.628 0
0.943 1
0.943 0
0.796 0
0.815 1
0.903 0
0.746 0
0.647 0
0.796 0
0.889 0
0.565 0
0.7 0
0.628 0
0.815 0
0.131 0
0.815 0
0.628 0
0.968 1
0.815 0
0.537 0
0.815 0
0.508 84
0.63 2
0.836 0
0.572 0
0.63 0
0.437 0
0.63 0
0.572 0
0.769 1
0.677 0
0.568 0
0.568 2
0.568 0
0.837 1
0.568 0
0.568 0
0.881 1
0.837 1
0.837 0
0.568 1
0.643 1
0.643 3
0.643 2
0.837 0
0.4 1
0.837 0
0.568 0
0.643 0
0.643 0
0.568 0
0.643 0
0.568 0
0.308 0
0.837 0
0.354 0
0.897 0
0.643 0
0.643 0
0.884 0
0.897 0
0.877 0
0.51 0
0.562 1
0.522 0
0.89 0
0.295 0
0.295 0
0.621 0
0.295 0
0.621 0
0.742 56
0.72 3
0.754 0
0.718 3
0.736 1
0.43 2
0.538 1
0.443 2
0.782 0
0.43 1
0.72 2
0.737 0
0.456 1
0.456 0
0.796 1
0.609 0
0.43 0
0.737 0
0.782 0
0.456 0
0.562 0
0.653 0
0.308 2
0.496 1
0.737 0
0.897 0
0.782 0
0.782 0
0.665 0
0.665 0
0.308 0
0.736 0
0.43 0
0.736 0
0.682 0
0.736 0
0.682 0
0.562 0
0.265 0
0.866 0
0.782 0
0.873 0
0.682 0
0.562 0
0.53 0
0.562 0
0.682 0
0.913 0
0.682 0
0.644 0
0.697 84
0.444 0
0.72 0
0.87 0
0.756 0
0.183 0
0.183 0
0.534 1
0.183 0
0.183 0
0.87 0
0.183 0
0.72 2
0.931 0
0.72 0
0.183 0
0.887 0
0.458 0
0.549 0
0.382 0
0.832 0
0.912 2
0.912 0
0.931 0
0.846 0
0.53 0
0.912 0
0.72 0
0.87 0
0.515 0
0.786 0
0.912 0
0.206 0
0.931 0
0.515 0
0.641 0
0.458 0
0.183 0
0.72 0
0.515 0
0.755 0
0.755 0
0.912 0
0.912 0
0.515 0
0.755 0
0.849 1
0.912 0
0.912 0
0.358 1
0.395 73
0.609 0
0.441 0
0.441 0
0.183 0
0.441 0
0.566 1
0.183 0
0.183 0
0.183 0
0.183 0
0.183 0
0.566 0
0.566 0
0.598 2
0.492 0
0.566 0
0.492 0
0.492 0
0.492 0
0.492 0
0.566 0
0.566 0
0.492 0
0.492 0
0.492 0
0.492 0
0.275 0
0.598 0
0.566 0
0.598 0
0.598 0
0.566 0
0.275 0
0.598 0
0.598 0
0.5 0
0.598 0
0.598 0
0.598 0
0.598 0
0.598 0
0.566 0
0.598 0
0.5 0
0.21 0
0.21 0
0.636 0
0.21 0
0.598 0
0.637 73
0.717 74
0.494 78
0.626 75
0.551 70
0.889 72
0.516 65
0.536 75
0.367 2
0.552 0
0.599 1
0.478 0
0.931 1
0.724 2
0.583 1
0.662 1
0.474 1
0.401 0
0.88 0
0.579 0
0.492 0
0.724 0
0.891 1
0.492 0
0.521 1
0.52 0
0.179 1
0.178 0
0.52 0
0.78 0
0.891 0
0.754 0
0.498 0
0.661 1
0.178 0
0.229 0
0.959 0
0.229 0
0.927 0
0.661 0
0.724 1
0.724 1
0.869 0
0.881 0
0.391 0
0.724 0
0.621 0
0.229 0
0.654 0
0.674 0
0.192 89
0.35 64
0.833 0
0.701 0
0.701 0
0.442 0
0.552 0
0.576 0
0.701 0
0.753 0
0.701 0
0.701 0
0.679 0
0.351 0
0.552 0
0.351 0
0.351 0
0.552 0
0.427 2
0.552 0
0.701 0
0.485 1
0.351 0
0.586 2
0.552 0
0.487 1
0.603 1
0.326 0
0.552 0
0.701 0
0.749 0
0.795 1
0.701 0
0.701 0
0.737 1
0.896 0
0.228 0
0.229 0
0.458 0
0.786 0
0.391 0
0.678 0
0.229 0
0.451 0
0.391 0
0.709 0
0.714 0
0.228 0
0.391 0
0.778 0
0.418 73
0.597 71
0.796 1
0.467 0
0.79 0
0.373 3
0.558 0
0.363 0
0.373 0
0.686 0
0.558 0
0.363 0
0.575 0
0.779 0
0.575 0
0.373 0
0.883 1
0.363 0
0.722 0
0.333 0
0.558 0
0.333 0
0.373 0
0.572 52
0.373 0
0.372 0
0.459 0
0.866 0
0.474 0
0.888 0
0.711 0
0.422 0
0.372 0
0.974 0
0.758 0
0.333 0
0.333 0
0.422 0
0.333 0
0.333 0
0.831 0
0.635 0
0.575 0
0.758 0
0.876 0
0.422 0
0.778 0
0.778 0
0.298 0
0.778 0
0.57 75
0.438 72
0.934 73
0.552 61
0.605 81
0.366 61
0.663 82
0.749 0
0.735 1
0.73 0
0.724 1
0.392 74
0.871 1
0.605 0
0.871 0
0.605 0
0.528 0
0.528 0
0.68 2
0.497 3
0.68 1
0.528 0
0.528 0
0.73 1
0.68 0
0.871 0
0.583 0
0.68 0
0.301 1
0.0774 1
0.919 0
0.528 0
0.301 0
0.301 0
0.301 0
0.68 0
0.68 0
0.428 0
0.301 0
0.68 0
0.373 0
0.497 0
0.765 0
0.198 0
0.275 1
0.754 51
0.644 0
0.512 52
0.507 0
0.713 0
0.856 70
0.211 56
0.396 73
0.952 75
0.175 0
0.175 0
0.805 1
0.175 0
0.175 1
0.175 0
0.839 1
0.175 0
0.139 0
0.139 0
0.841 0
0.627 0
0.627 0
0.139 0
0.831 1
0.858 1
0.627 0
0.534 2
0.139 0
0.627 0
0.432 0
0.124 0
0.448 0
0.124 0
0.397 1
0.124 0
0.515 0
0.124 0
0.124 0
0.124 0
0.746 0
0.788 2
0.627 0
0.124 0
0.625 0
0.627 0
0.746 0
0.124 0
0.432 0
0.746 0
0.534 2
0.666 0
0.723 0
0.432 0
0.534 0
0.788 1
0.533 62
0.37 81
0.0993 68
0.305 71
0.497 65
0.499 66
0.478 1
0.475 0
0.818 1
0.798 50
0.9 0
0.801 50
0.475 0
0.852 1
0.852 0
0.649 0
0.135 0
0.649 0
0.76 0
0.844 0
0.649 0
0.574 0
0.452 0
0.234 0
0.452 0
0.386 0
0.735 0
0.424 0
0.66 0
0.887 0
0.234 0
0.424 0
0.574 0
0.706 0
0.234 0
0.574 0
0.876 0
0.452 0
0.452 0
0.394 0
0.424 0
0.574 0
0.742 0
0.861 0
0.366 0
0.562 0
0.562 0
0.706 0
0.366 0
0.808 0
0.43 75
0.614 68
0.749 78
0.757 55
0.569 58
0.374 66
0.389 62
0.834 77
0.501 75
0.466 56
0.402 80
0.537 73
0.388 57
0.455 78
0.528 48
0.119 48
0.195 0
0.195 0
0.603 49
0.195 0
0.666 0
0.66 1
0.525 48
0.718 0
0.718 0
0.775 1
0.666 0
0.883 0
0.845 0
0.496 0
0.663 0
0.496 2
0.775 0
0.666 0
0.888 0
0.867 48
0.903 49
0.768 0
0.901 0
0.901 0
0.415 0
0.876 0
0.776 0
0.854 0
0.716 0
0.888 0
0.745 46
0.34 0
0.472 47
0.918 50
0.556 73
0.524 64
0.85 86
0.674 71
0.506 76
0.66 33
0.559 80
0.441 70
0.639 78
0.197 70
0.552 74
0.543 71
0.505 68
0.212 59
0.912 82
0.765 77
0.67 77
0.114 47
0.89 45
0.373 46
0.864 46
0.623 0
0.774 80
0.889 46
0.562 0
0.375 46
0.644 46
0.855 0
0.825 0
0.499 0
0.879 0
0.825 0
0.644 46
0.507 0
0.473 0
0.888 0
0.722 0
0.473 0
0.722 0
0.947 0
0.567 0
0.507 0
0.901 0
0.589 1
0.507 0
0.457 47
0.722 0
0.507 0
0.601 0
0.507 0
0.155 37
0.581 72
0.666 71
0.576 64
0.657 83
0.622 71
0.536 74
0.639 64
0.681 79
0.315 58
0.745 82
0.49 65
0.64 77
0.65 79
0.633 66
0.333 63
0.589 44
0.734 46
0.322 0
0.622 46
0.288 0
0.724 46
0.754 45
0.577 45
0.4 0
0.4 4
0.4 0
0.656 0
0.4 0
0.981 0
0.507 0
0.47 0
0.479 0
0.787 0
0.831 0
0.479 0
0.479 0
0.696 47
0.793 46
0.768 0
0.701 0
0.939 0
0.404 0
0.686 0
0.81 1
0.665 0
0.665 0
0.404 0
0.665 0
0.805 45
0.399 49
0.783 77
0.519 78
0.412 70
0.66 78
0.597 75
0.465 53
0.71 73
0.323 66
0.876 67
0.79 57
0.663 61
0.325 52
0.621 63
0.932 0
0.519 0
0.932 0
0.774 2
0.761 0
0.932 0
0.519 0
0.932 0
0.932 0
0.882 73
0.466 2
0.805 43
0.932 0
0.932 0
0.519 0
0.4 0
0.599 44
0.4 0
0.766 0
0.817 0
0.836 45
0.4 0
0.813 43
0.766 0
0.347 44
0.516 44
0.844 45
0.932 45
0.813 45
0.872 45
0.656 0
0.646 45
0.849 0
0.919 0
0.555 0
0.555 0
0.448 36
0.188 62
0.721 60
0.708 66
0.552 59
0.68 63
0.508 57
0.428 68
0.277 67
0.799 72
0.412 44
0.225 70
0.417 45
0.252 36
0.196 50
0.433 64
0.473 67
0.721 70
0.163 44
0.553 70
0.606 43
0.485 43
0.722 0
0.572 42
0.575 42
0.722 0
0.77 44
0.646 42
0.755 0
0.755 0
0.787 3
0.568 46
0.695 0
0.771 0
0.707 0
0.733 44
0.695 0
0.695 0
0.694 44
0.646 0
0.891 43
0.789 46
0.731 43
0.51 43
0.572 43
0.481 0
0.59 43
0.366 0
0.768 44
0.722 44
0.59 70
0.416 53
0.313 59
0.568 84
0.368 56
0.556 56
0.462 69
0.506 56
0.386 56
0.496 67
0.572 72
0.369 48
0.563 68
0.753 61
0.622 71
0.706 72
0.406 52
0.0565 58
0.906 42
0.306 43
0.76 43
0.798 72
0.42 0
0.849 41
0.723 43
0.612 42
0.695 43
0.909 42
0.742 42
0.87 43
0.793 42
0.654 43
0.795 42
0.356 0
0.903 1
0.809 43
0.64 42
0.746 0
0.746 0
0.692 42
0.821 41
0.962 0
0.795 0
0.832 43
0.795 0
0.746 0
0.795 0
0.637 43
0.877 43
0.468 41
0.316 58
0.322 74
0.722 59
0.174 51
0.68 81
0.686 61
0.597 62
0.458 72
0.886 75
0.425 67
0.476 56
0.48 64
0.767 71
0.786 66
0.482 47
0.902 74
0.752 74
0.724 64
0.227 66
0.31 64
0.537 70
0.224 68
0.397 58
0.354 42
0.383 41
0.737 41
0.821 41
0.366 41
0.873 41
0.828 43
0.717 41
0.621 44
0.48 0
0.89 0
0.676 42
0.797 44
0.503 40
0.726 0
0.198 41
0.922 43
0.659 42
0.417 0
0.948 42
0.74 41
0.653 42
0.875 41
0.703 0
0.433 0
0.433 0
0.433 0
0.722 67
0.875 59
0.488 78
0.743 69
0.242 56
0.361 70
0.446 43
0.802 61
0.937 74
0.817 71
0.725 73
0.301 42
0.705 0
0.705 1
0.705 0
0.549 77
0.653 66
0.705 0
0.581 41
0.705 0
0.791 41
0.48 0
0.48 0
0.467 0
0.467 0
0.844 42
0.831 40
0.48 0
0.771 44
0.86 0
0.48 0
0.86 0
0.737 40
0.737 0
0.83 40
0.844 0
0.443 0
0.48 0
0.86 0
0.518 41
0.649 42
0.564 40
0.844 0
0.789 42
0.821 41
0.898 42
0.966 41
0.852 40
0.848 41
0.555 42
0.69 96
0.472 100
0.757 73
0.882 83
0.524 84
0.716 84
0.537 82
0.825 85
0.965 98
0.317 84
0.505 83
0.613 83
0.802 85
0.764 88
0.862 89
0.88 79
0.54 81
0.592 92
0.563 82
0.879 71
0.884 84
0.804 80
0.795 82
0.698 78
0.779 81
0.8 74
0.835 86
0.606 79
0.813 86
0.717 3
0.861 87
0.965 13
0.965 2
0.713 0
0.713 0
0.713 0
0.965 0
0.965 0
0.713 0
0.883 1
0.713 0
0.802 0
0.883 0
0.726 4
0.8 0
0.883 3
0.747 0
0.883 0
0.931 0
0.81 0
0.45 83
0.479 71
0.609 84
0.83 71
0.559 82
0.481 82
0.792 83
0.597 79
0.751 78
0.635 85
0.819 84
0.625 5
0.598 6
0.618 0
0.73 75
0.598 0
0.598 4
0.683 82
0.625 1
0.625 0
0.548 80
0.825 1
0.835 0
0.884 4
0.825 0
0.825 0
0.717 0
0.59 4
0.713 2
0.944 2
0.884 0
0.726 3
0.713 0
0.345 4
0.965 0
0.713 0
0.66 0
0.713 1
0.844 0
0.449 0
0.713 0
0.883 2
0.713 0
0.713 1
0.726 0
0.955 0
0.854 0
0.955 0
0.883 0
0.81 0
0.621 84
0.62 77
0.59 82
0.407 81
0.488 78
0.488 79
0.777 79
0.801 76
0.818 77
0.511 75
0.625 5
0.618 0
0.618 0
0.869 80
0.52 0
0.598 0
0.616 0
0.598 0
0.616 0
0.598 0
0.927 77
0.616 1
0.618 2
0.616 1
0.598 2
0.616 2
0.616 2
0.439 3
0.895 79
0.625 1
0.667 3
0.625 4
0.598 0
0.616 0
0.695 0
0.598 4
0.695 0
0.598 1
0.782 4
0.625 0
0.487 1
0.625 0
0.487 1
0.459 1
0.459 1
0.487 0
0.459 1
0.835 0
0.683 0
0.844 0
0.372 83
0.626 77
0.445 80
0.585 81
0.738 85
0.955 79
0.736 76
0.808 82
0.783 85
0.523 80
0.754 80
0.69 81
0.895 73
0.703 3
0.734 4
0.818 3
0.818 3
0.801 3
0.818 2
0.801 2
0.818 1
0.818 0
0.801 1
0.638 0
0.877 2
0.801 2
0.751 0
0.766 3
0.818 0
0.74 0
0.506 0
0.74 0
0.801 0
0.818 0
0.801 0
0.835 0
0.835 1
0.818 0
0.835 2
0.825 0
0.921 0
0.818 0
0.801 0
0.924 0
0.924 0
0.924 0
0.423 0
0.808 0
0.808 0
0.808 0
0.601 90
0.837 75
0.592 75
0.592 0
0.511 3
0.592 0
0.592 0
0.592 1
0.626 0
0.613 0
0.613 4
0.937 10
0.682 3
0.638 11
0.608 1
0.608 0
0.608 1
0.608 0
0.608 0
0.801 2
0.608 0
0.863 0
0.608 0
0.867 1
0.608 0
0.833 3
0.608 0
0.817 0
0.608 0
0.585 0
0.701 1
0.608 0
0.608 0
0.608 0
0.608 0
0.608 0
0.608 0
0.608 0
0.608 0
0.608 0
0.608 0
0.8 0
0.608 0
0.608 0
0.608 0
0.833 1
0.608 0
0.818 0
0.921 0
0.808 0
0.512 71
0.774 87
0.533 77
0.535 78
0.696 75
0.519 79
0.626 0
0.626 0
0.592 0
0.423 77
0.592 0
0.706 81
0.442 1
0.511 3
0.77 0
0.744 0
0.626 5
0.565 1
0.592 0
0.626 2
0.592 0
0.511 0
0.407 1
0.511 0
0.511 0
0.592 2
0.592 2
0.592 0
0.626 0
0.592 0
0.626 0
0.592 1
0.592 0
0.592 0
0.592 0
0.792 0
0.613 0
0.792 1
0.595 1
0.785 0
0.863 10
0.613 4
0.624 2
0.863 8
0.414 0
0.863 0
0.742 0
0.608 0
0.844 2
0.585 0
0.526 81
0.761 81
0.61 81
0.653 82
0.412 77
0.837 77
0.593 83
0.7 81
0.66 73
0.709 0
0.763 75
0.711 78
0.383 1
0.709 0
0.893 0
0.709 0
0.744 0
0.709 0
0.383 0
0.792 0
0.837 0
0.6 1
0.808 0
0.808 0
0.88 3
0.792 0
0.764 69
0.792 5
0.792 1
0.792 1
0.792 1
0.659 0
0.713 0
0.54 0
0.713 0
0.783 0
0.82 5
0.713 0
0.811 2
0.808 0
0.74 1
0.809 0
0.82 0
0.711 0
0.711 0
0.54 2
0.82 0
0.54 2
0.808 0
0.811 0
0.356 60
0.734 81
0.401 80
0.544 80
0.623 75
0.442 72
0.339 76
0.623 71
0.627 71
0.467 82
0.809 73
0.854 81
0.658 74
0.694 74
0.885 87
0.824 84
0.966 60
0.691 82
0.709 0
0.709 0
0.779 82
0.709 0
0.565 2
0.841 0
0.617 0
0.783 1
0.841 0
0.545 2
0.785 78
0.552 0
0.69 67
0.763 0
0.763 0
0.763 0
0.545 0
0.62 0
0.725 0
0.342 1
0.841 0
0.342 0
0.342 0
0.641 0
0.866 0
0.618 0
0.808 1
0.763 0
0.663 0
0.711 0
0.725 0
0.783 0
0.454 80
0.648 69
0.795 80
0.607 75
0.701 82
0.7 78
0.633 77
0.857 71
0.736 76
0.787 75
0.891 92
0.817 76
0.659 83
0.742 81
0.686 78
0.662 69
0.741 80
0.729 67
0.763 86
0.797 87
0.873 79
0.737 67
0.725 0
0.841 3
0.841 1
0.739 74
0.841 1
0.841 0
0.841 0
0.841 1
0.724 74
0.801 73
0.763 0
0.841 0
0.763 0
0.62 0
0.763 0
0.763 0
0.841 0
0.62 4
0.787 1
0.787 0
0.62 1
0.747 0
0.62 0
0.787 0
0.879 2
0.842 0
0.946 0
0.844 0
0.615 76
0.927 81
0.658 80
0.529 78
0.79 69
0.565 67
0.548 66
0.607 66
0.565 4
0.658 2
0.565 1
0.781 2
0.729 59
0.572 0
0.565 0
0.739 78
0.568 0
0.565 1
0.565 0
0.565 0
0.565 0
0.565 0
0.565 0
0.565 0
0.509 0
0.658 0
0.565 0
0.565 0
0.565 0
0.565 0
0.479 0
0.658 0
0.506 3
0.658 1
0.479 0
0.506 1
0.479 0
0.592 4
0.8 3
0.879 6
0.879 2
0.854 0
0.728 3
0.879 3
0.758 1
0.879 5
0.728 0
0.879 4
0.879 0
0.623 0
0.727 58
0.657 80
0.627 66
0.592 66
0.658 2
0.565 1
0.565 0
0.491 76
0.572 1
0.568 0
0.479 0
0.565 0
0.823 0
0.565 0
0.565 0
0.565 0
0.509 0
0.565 0
0.565 0
0.479 0
0.565 0
0.479 0
0.857 5
0.479 0
0.565 0
0.565 0
0.823 0
0.823 1
0.658 0
0.823 0
0.479 0
0.479 0
0.873 0
0.592 4
0.645 0
0.728 3
0.807 1
0.854 0
0.857 0
0.823 0
0.724 0
0.807 0
0.807 0
0.695 0
0.807 0
0.755 0
0.807 0
0.823 2
0.79 0
0.807 0
0.586 70
0.713 74
0.798 58
0.678 81
0.736 81
0.705 81
0.548 65
0.662 66
0.448 79
0.627 5
0.636 88
0.627 4
0.883 1
0.883 0
0.883 1
0.491 6
0.883 0
0.605 76
0.491 0
0.572 0
0.883 0
0.572 0
0.894 0
0.491 0
0.561 0
0.525 0
0.525 1
0.501 0
0.787 63
0.666 0
0.627 0
0.501 0
0.53 0
0.907 3
0.73 72
0.86 2
0.625 0
0.755 0
0.727 0
0.807 0
0.795 1
0.793 1
0.823 0
0.793 1
0.812 0
0.793 1
0.924 0
0.702 0
0.702 0
0.793 0
0.525 83
0.751 76
0.616 84
0.565 60
0.648 55
0.765 74
0.737 51
0.607 50
0.596 0
0.835 1
0.73 49
0.835 1
0.835 1
0.596 0
0.596 3
0.934 0
0.858 0
0.596 0
0.858 0
0.835 0
0.835 0
0.596 0
0.858 0
0.637 0
0.835 0
0.835 1
0.714 0
0.835 0
0.641 2
0.858 4
0.596 0
0.835 6
0.835 0
0.858 0
0.835 0
0.682 4
0.835 0
0.858 0
0.69 5
0.835 0
0.934 0
0.793 1
0.854 0
0.706 1
0.823 0
0.706 2
0.641 1
0.894 0
0.866 0
0.793 0
0.668 75
0.609 69
0.844 79
0.842 72
0.697 87
0.616 1
0.71 0
0.71 0
0.71 0
0.637 0
0.616 0
0.795 0
0.477 0
0.795 0
0.497 0
0.406 0
0.723 1
0.795 0
0.7 60
0.601 0
0.723 1
0.723 1
0.709 0
0.435 0
0.682 0
0.601 0
0.601 0
0.601 0
0.601 0
0.801 5
0.723 2
0.744 0
0.723 0
0.694 0
0.801 0
0.723 0
0.723 0
0.723 0
0.664 0
0.813 3
0.714 0
0.714 0
0.723 0
0.714 0
0.714 0
0.672 3
0.48 2
0.48 0
0.714 0
0.714 1
0.463 83
0.578 78
0.56 83
0.54 78
0.593 71
0.694 81
0.613 76
0.793 81
0.787 80
0.734 72
0.561 73
0.768 74
0.512 78
0.389 1
0.798 70
0.348 2
0.609 83
0.6 79
0.473 3
0.51 0
0.473 0
0.523 3
0.51 0
0.745 1
0.329 0
0.51 2
0.523 0
0.526 0
0.896 80
0.598 0
0.598 0
0.599 0
0.599 0
0.801 1
0.642 2
0.801 0
0.609 0
0.801 0
0.609 0
0.643 0
0.609 0
0.801 0
0.801 0
0.642 0
0.801 0
0.801 1
0.801 0
0.612 0
0.813 0
0.562 0
0.841 82
0.622 76
0.671 82
0.953 73
0.814 70
0.629 75
0.734 76
0.783 79
0.8 69
0.565 74
0.729 78
0.794 74
0.625 71
0.934 78
0.455 75
0.884 0
0.662 82
0.855 78
0.884 0
0.884 0
0.787 80
0.884 0
0.884 0
0.884 0
0.884 0
0.884 1
0.884 0
0.884 0
0.884 0
0.884 3
0.884 0
0.849 5
0.849 0
0.884 0
0.697 82
0.884 0
0.884 0
0.853 0
0.711 1
0.759 0
0.792 0
0.792 0
0.782 1
0.711 0
0.621 0
0.718 0
0.792 0
0.711 0
0.643 1
0.978 0
0.683 67
0.566 68
0.673 69
0.857 56
0.633 76
0.478 74
0.627 77
0.825 78
0.742 78
0.673 79
0.712 78
0.69 90
0.566 56
0.408 78
0.571 73
0.747 76
0.565 75
0.858 78
0.8 71
0.892 63
0.73 0
0.78 64
0.752 0
0.715 0
0.715 0
0.683 0
0.73 0
0.681 0
0.759 1
0.642 68
0.757 0
0.715 0
0.589 0
0.856 1
0.757 0
0.547 1
0.715 0
0.934 0
0.802 2
0.757 2
0.694 0
0.829 0
0.654 1
0.92 0
0.829 0
0.829 1
0.547 0
0.914 1
0.92 0
0.829 0
0.689 93
0.789 76
0.68 75
0.726 79
0.691 57
0.793 80
0.544 75
0.465 67
0.713 78
0.613 73
0.702 69
0.785 71
0.819 0
0.759 71
0.791 0
0.817 5
0.791 2
0.708 77
0.864 0
0.798 73
0.728 0
0.75 0
0.75 0
0.86 5
0.864 0
0.642 0
0.913 0
0.86 2
0.728 0
0.728 0
0.858 1
0.86 0
0.86 0
0.86 0
0.86 0
0.816 4
0.648 1
0.648 2
0.802 0
0.86 0
0.781 0
0.86 0
0.804 0
0.781 0
0.86 0
0.781 0
0.518 0
0.781 0
0.855 0
0.617 0
0.714 78
0.717 74
0.781 74
0.649 75
0.963 56
0.526 78
0.383 74
0.485 88
0.371 69
0.385 84
0.698 87
0.737 72
0.846 72
0.882 61
0.585 78
0.554 78
0.913 80
0.479 83
0.517 52
0.682 3
0.861 76
0.678 71
0.7 67
0.917 0
0.878 83
0.64 0
0.785 83
0.777 0
0.777 0
0.691 0
0.827 1
0.748 0
0.886 0
0.886 0
0.886 0
0.827 0
0.827 0
0.886 0
0.551 1
0.748 0
0.89 1
0.89 0
0.826 2
0.826 2
0.826 2
0.617 1
0.826 0
0.617 0
0.617 1
0.723 0
0.485 88
0.618 72
0.794 78
0.683 72
0.68 78
0.795 76
0.723 74
0.789 69
0.792 81
0.809 73
0.536 70
0.714 4
0.69 0
0.603 0
0.69 2
0.701 0
0.856 1
0.69 1
0.856 0
0.856 3
0.682 0
0.78 2
0.856 0
0.69 0
0.827 0
0.874 0
0.856 0
0.609 0
0.874 0
0.856 0
0.89 0
0.874 0
0.931 2
0.874 0
0.931 1
0.874 0
0.976 5
0.931 2
0.821 1
0.931 0
0.981 0
0.847 0
0.872 0
0.847 0
0.847 0
0.872 0
0.935 0
0.847 0
0.847 0
0.847 0
0.882 83
0.479 71
0.8 74
0.79 69
0.764 69
0.565 4
0.658 2
0.781 2
0.572 0
0.565 0
0.572 1
0.479 0
0.565 0
0.565 0
0.565 0
0.565 1
0.565 0
0.565 0
0.565 0
0.565 0
0.565 0
0.565 0
0.565 0
0.658 0
0.658 0
0.479 0
0.565 0
0.479 0
0.479 0
0.479 1
0.479 0
0.565 0
0.658 1
0.479 0
0.565 0
0.565 0
0.565 0
0.541 3
0.479 0
0.592 4
0.479 1
0.658 0
0.479 0
0.728 3
0.479 0
0.8 3
0.479 0
0.854 0
0.623 0
0.664 1
0.72 68
0.882 61
0.479 83
0.781 74
0.565 83
0.824 65
0.842 55
0.6 79
0.72 0
0.776 70
0.72 0
0.72 0
0.855 57
0.72 0
0.72 0
0.686 51
0.697 41
0.72 2
0.72 1
0.72 0
0.72 1
0.72 0
0.72 0
0.72 0
0.72 0
0.565 1
0.72 0
0.568 0
0.72 0
0.633 0
0.565 0
0.509 0
0.565 0
0.565 0
0.883 1
0.565 0
0.565 0
0.883 0
0.883 0
0.883 1
0.883 0
0.789 51
0.479 0
0.638 4
0.894 0
0.72 5
0.86 2
0.795 1
0.712 0
0.812 0
0.691 68
0.72 63
0.824 75
0.707 75
0.694 66
0.535 71
0.555 54
0.605 67
0.565 79
0.565 75
0.766 65
0.808 44
0.653 67
0.541 55
0.86 68
0.633 69
0.822 73
0.769 0
0.769 0
0.605 72
0.793 65
0.477 0
0.792 60
0.769 0
0.835 0
0.725 0
0.499 0
0.67 0
0.725 1
0.602 0
0.725 0
0.602 0
0.602 0
0.725 0
0.809 1
0.869 0
0.61 1
0.499 0
0.29 2
0.82 2
0.644 0
0.909 0
0.831 0
0.904 0
0.896 1
0.673 3
0.895 0
0.674 0
0.76 0
0.8 3
0.434 60
0.509 67
0.508 63
0.479 34
0.706 49
0.929 41
0.841 66
0.869 62
0.626 60
0.559 36
0.588 68
0.592 71
0.357 63
0.894 68
0.657 45
0.813 72
0.663 65
0.755 59
0.613 50
0.674 66
0.762 66
0.846 56
0.75 61
0.69 64
0.725 63
0.603 61
0.601 62
0.813 67
0.828 62
0.612 66
0.75 0
0.645 0
0.724 47
0.86 63
0.792 36
0.645 0
0.809 0
0.674 0
0.832 43
0.644 7
0.439 2
0.917 0
0.877 0
0.967 0
0.877 0
0.861 0
0.643 4
0.794 0
0.931 0
0.716 0
0.721 61
0.424 58
0.393 63
0.633 64
0.747 64
0.521 62
0.366 58
0.638 67
0.653 61
0.765 28
0.884 44
0.735 58
0.658 66
0.682 56
0.701 55
0.666 71
0.602 53
0.7 68
0.667 62
0.892 52
0.568 64
0.568 62
0.749 67
0.706 59
0.824 56
0.856 53
0.674 60
0.675 65
0.666 63
0.731 40
0.718 1
0.718 1
0.448 0
0.514 0
0.601 66
0.514 0
0.514 0
0.649 0
0.755 62
0.702 0
0.602 0
0.644 39
0.602 0
0.82 0
0.787 40
0.602 0
0.629 2
0.929 0
0.477 40
0.739 40
0.61 60
0.848 31
0.515 53
0.877 45
0.875 39
0.592 48
0.694 53
0.845 60
0.664 37
0.866 45
0.799 42
0.804 27
0.674 65
0.891 54
0.704 42
0.501 39
0.761 65
0.509 65
0.648 58
0.733 39
0.805 60
0.882 63
0.852 62
0.808 50
0.559 56
0.483 37
0.628 54
0.72 0
0.617 63
0.839 0
0.646 36
0.229 3
0.607 65
0.945 60
0.624 0
0.716 39
0.621 2
0.749 0
0.779 48
0.86 39
0.578 0
0.726 39
0.766 0
0.72 39
0.814 39
0.794 39
0.525 39
0.546 38
0.712 0
0.528 38
0.66 60
0.605 67
0.548 58
0.891 56
0.704 58
0.794 61
0.621 55
0.724 58
0.635 44
0.685 56
0.741 61
0.875 60
0.624 62
0.625 50
0.574 56
0.645 61
0.938 12
0.906 2
0.936 48
0.731 6
0.859 1
0.806 3
0.871 2
0.69 34
0.748 1
0.723 2
0.953 1
0.922 2
0.65 1
0.815 1
0.726 35
0.83 1
0.517 34
0.669 6
0.914 0
0.416 34
0.892 0
0.897 0
0.909 1
0.503 19
0.803 61
0.834 56
0.687 60
0.703 36
0.837 36
0.791 35
0.735 37
0.567 36
0.494 2
0.744 0
0.39 59
0.453 62
0.657 28
0.574 55
0.542 62
0.777 23
0.793 50
0.529 56
0.818 54
0.738 42
0.924 55
0.709 57
0.724 60
0.4 45
0.806 48
0.873 55
0.576 32
0.388 57
0.655 0
0.694 36
0.805 33
0.839 33
0.4 33
0.793 33
0.735 52
0.924 35
0.713 55
0.453 33
0.749 35
0.758 34
0.738 34
0.735 33
0.582 34
0.674 34
0.701 49
0.717 33
0.738 34
0.953 35
0.6 34
0.764 35
0.753 33
0.777 34
0.854 34
0.739 35
0.62 0
0.703 5
0.824 35
0.665 0
0.746 34
0.91 0
0.936 39
0.883 40
0.643 52
0.675 57
0.536 57
0.659 58
0.816 58
0.37 52
0.727 58
0.675 61
0.72 55
0.903 53
0.604 57
0.45 58
0.9 0
0.705 31
0.661 51
0.676 29
0.705 51
0.621 67
0.768 30
0.454 31
0.601 56
0.923 53
0.586 57
0.527 55
0.651 61
0.481 55
0.823 62
0.683 32
0.401 50
0.876 0
0.469 32
0.484 34
0.75 32
0.742 0
0.878 33
0.742 0
0.873 33
0.635 34
0.6 33
0.876 34
0.71 34
0.619 33
0.688 3
0.788 33
0.733 34
0.844 33
0.833 33
0.778 0
0.679 59
0.688 56
0.596 56
0.82 25
0.675 44
0.621 59
0.805 45
0.748 59
0.611 59
0.755 50
0.76 53
0.586 58
0.649 43
0.595 53
0.57 59
0.846 38
0.582 59
0.721 56
0.738 17
0.565 59
0.687 43
0.621 62
0.455 56
0.736 58
0.765 31
0.73 55
0.822 13
0.53 57
0.762 57
0.592 30
0.818 47
0.7 52
0.806 55
0.819 31
0.891 44
0.552 34
0.496 31
0.794 40
0.887 50
0.759 31
0.435 32
0.951 31
0.742 33
0.773 33
0.878 32
0.715 33
0.52 3
0.835 2
0.876 31
0.756 32
0.68 59
0.642 55
0.724 0
0.793 39
0.806 56
0.673 58
0.744 26
0.568 52
0.706 32
0.831 26
0.825 40
0.546 49
0.546 19
0.616 57
0.78 63
0.455 55
0.692 30
0.481 19
0.636 32
0.748 52
0.573 54
0.597 53
0.72 30
0.597 53
0.56 32
0.416 30
0.718 58
0.416 55
0.693 30
0.829 30
0.687 30
0.599 30
0.574 31
0.448 30
0.678 29
0.894 30
0.688 31
0.636 30
0.822 30
0.62 30
0.9 31
0.603 30
0.625 30
0.805 31
0.503 31
0.821 30
0.568 32
0.825 32
0.892 32
0.81 32
0.508 45
0.693 56
0.752 52
0.622 50
0.68 48
0.527 46
0.866 50
0.597 25
0.812 48
0.825 58
0.557 59
0.852 54
0.663 57
0.797 59
0.875 53
0.746 60
0.764 54
0.484 52
0.73 54
0.769 28
0.685 47
0.588 0
0.793 48
0.81 0
0.705 29
0.626 28
0.564 31
0.809 57
0.691 31
0.696 28
0.74 55
0.433 29
0.682 29
0.695 30
0.641 30
0.81 0
0.81 0
0.7 31
0.555 28
0.518 31
0.554 29
0.697 31
0.467 30
0.885 28
0.525 29
0.659 31
0.581 31
0.792 30
0.552 0
0.591 0
0.789 49
0.658 58
0.746 54
0.621 56
0.516 52
0.658 54
0.797 18
0.874 34
0.707 54
0.655 21
0.66 33
0.436 44
0.471 54
0.553 37
0.647 51
0.469 49
0.682 58
0.757 29
0.566 51
0.833 40
0.658 54
0.784 28
0.724 56
0.429 53
0.649 43
0.919 58
0.699 42
0.581 28
0.675 28
0.664 28
0.666 28
0.53 28
0.532 29
0.429 28
0.558 27
0.569 0
0.753 48
0.667 29
0.551 29
0.625 0
0.556 28
0.766 0
0.912 0
0.517 0
0.517 0
0.772 0
0.688 28
0.461 29
0.566 31
0.547 30
0.652 49
0.72 54
0.623 53
0.484 58
0.631 44
0.481 17
0.569 54
0.623 38
0.644 60
0.641 60
0.628 52
0.707 54
0.849 49
0.564 28
0.52 30
0.705 28
0.664 27
0.806 50
0.604 58
0.761 61
0.471 28
0.703 27
0.673 28
0.715 27
0.609 28
0.589 28
0.41 27
0.812 29
0.786 59
0.872 28
0.839 51
0.585 28
0.399 52
0.663 27
0.854 28
0.605 28
0.666 28
0.577 28
0.509 28
0.659 28
0.682 29
0.471 28
0.726 27
0.565 29
0.603 27
0.579 27
0.547 0
0.661 29
0.775 29
0.739 29
0.427 57
0.617 60
0.847 18
0.833 57
0.645 57
0.961 46
0.688 54
0.565 55
0.776 37
0.643 55
0.565 58
0.604 55
0.502 50
0.61 60
0.686 40
0.652 50
0.864 41
0.665 27
0.863 47
0.66 55
0.745 53
0.673 27
0.814 27
0.765 37
0.411 30
0.604 29
0.428 27
0.755 29
0.795 28
0.55 26
0.317 29
0.702 26
0.471 27
0.592 27
0.859 27
0.83 27
0.668 27
0.743 28
0.731 26
0.602 27
0.65 29
0.873 28
0.377 27
0.661 29
0.547 28
0.755 28
0.493 26
0.51 27
0.655 29
0.804 28
0.769 53
0.688 50
0.924 54
0.797 43
0.856 50
0.717 45
0.672 29
0.86 50
0.802 48
0.693 57
0.659 50
0.599 26
0.897 45
0.639 27
0.736 26
0.92 45
0.751 27
0.492 26
0.815 28
0.673 51
0.62 60
0.741 27
0.692 26
0.932 54
0.574 29
0.728 27
0.471 27
0.533 29
0.491 28
0.846 26
0.442 26
0.567 26
0.782 26
0.788 27
0.609 28
0.74 27
0.543 27
0.691 27
0.814 28
0.701 26
0.866 26
0.626 26
0.877 27
0.554 26
0.876 29
0.648 27
0.844 28
0.67 26
0.712 29
0.624 29
0.479 23
0.479 46
0.416 51
0.731 45
0.528 48
0.782 53
0.629 54
0.564 52
0.584 40
0.774 54
0.938 47
0.659 38
0.769 24
0.831 53
0.542 47
0.672 28
0.79 50
0.847 52
0.741 52
0.586 26
0.909 43
0.874 27
0.626 27
0.585 26
0.685 52
0.65 27
0.659 26
0.672 26
0.503 26
0.787 27
0.888 26
0.842 26
0.871 27
0.841 29
0.695 27
0.676 26
0.617 26
0.586 27
0.864 26
0.897 27
0.712 27
0.692 28
0.616 25
0.714 26
0.929 27
0.751 28
0.718 26
0.985 0
0.85 26
0.83 28
0.721 53
0.671 48
0.641 47
0.818 55
0.833 42
0.78 58
0.294 33
0.699 44
0.739 25
0.388 52
0.456 54
0.665 53
0.554 53
0.736 49
0.845 53
0.442 51
0.499 26
0.936 26
0.651 60
0.841 4
0.365 26
0.787 52
0.592 26
0.799 27
0.739 26
0.655 26
0.613 28
0.748 26
0.444 25
0.88 41
0.635 25
0.747 26
0.764 27
0.937 26
0.677 0
0.646 45
0.736 27
0.841 0
0.48 26
0.841 0
0.844 28
0.649 26
0.649 25
0.822 28
0.392 27
0.822 26
0.59 25
0.775 26
0.589 26
0.562 27
0.433 54
0.587 54
0.707 47
0.725 55
0.612 51
0.6 30
0.795 53
0.676 43
0.881 51
0.7 53
0.927 39
0.447 55
0.79 64
0.676 0
0.705 0
0.689 27
0.656 27
0.749 25
0.824 58
0.363 25
0.86 35
0.515 48
0.706 26
0.808 25
0.873 25
0.824 26
0.511 55
0.587 26
0.736 26
0.501 26
0.688 0
0.636 27
0.74 26
0.507 28
0.568 26
0.689 25
0.623 53
0.391 27
0.545 26
0.788 26
0.4 27
0.523 26
0.678 25
0.573 26
0.601 26
0.726 27
0.826 27
0.79 27
0.873 27
0.667 26
0.576 58
0.691 35
0.683 47
0.832 50
0.694 25
0.72 46
0.674 52
0.578 56
0.777 44
0.541 25
0.738 46
0.909 40
0.611 25
0.828 26
0.754 25
0.8 29
0.741 25
0.715 52
0.558 25
0.706 25
0.495 26
0.71 25
0.811 25
0.842 53
0.883 25
0.459 58
0.728 25
0.783 26
0.709 25
0.595 29
0.613 27
0.805 26
0.805 28
0.87 27
0.784 26
0.829 25
0.707 25
0.668 26
0.794 26
0.63 27
0.715 27
0.75 26
0.809 25
0.589 27
0.749 0
0.62 25
0.573 25
0.676 26
0.833 24
0.603 25
0.949 60
0.972 51
0.385 52
0.953 60
0.572 58
0.905 54
0.71 43
0.954 59
0.84 39
0.995 65
0.995 60
0.805 73
0.48 49
0.604 53
0.925 61
0.98 59
0.872 58
0.553 55
0.991 64
0.998 60
0.88 65
0.819 37
0.697 34
0.888 34
0.959 62
0.95 34
0.92 63
0.879 0
0.974 37
0.961 62
0.95 0
0.818 52
0.959 33
0.982 0
0.961 0
0.914 37
0.983 35
0.968 0
0.98 36
0.968 35
0.982 0
0.631 49
0.994 35
0.905 0
0.946 0
0.645 0
0.935 0
0.874 0
0.927 34
0.965 38
0.982 53
0.874 62
0.92 49
0.991 60
0.83 57
0.912 47
0.966 57
0.917 48
0.993 60
0.99 62
0.991 54
0.996 32
0.884 55
0.835 63
0.955 60
0.977 58
0.969 51
0.97 58
0.918 34
0.988 51
0.995 58
0.976 34
0.98 60
0.978 34
0.934 60
0.865 32
0.979 0
0.971 33
0.954 59
0.759 31
0.969 31
0.997 31
0.972 33
0.982 30
0.992 33
0.99 0
0.932 31
0.97 59
0.986 32
0.955 34
0.959 34
0.853 0
0.804 31
0.942 33
0.981 32
0.989 32
0.942 34
0.968 34
0.955 0
0.865 32
0.975 58
0.913 47
0.991 54
0.982 54
0.988 54
0.952 58
0.861 56
0.772 39
0.978 59
0.945 53
0.908 43
0.892 58
0.966 57
0.951 51
0.934 48
0.979 51
0.98 55
0.978 56
0.973 49
0.981 28
0.977 55
0.99 28
0.957 29
0.95 29
0.873 52
0.967 58
0.94 28
0.994 28
0.953 59
0.989 29
0.998 30
0.969 57
0.988 28
0.887 0
0.963 29
0.987 31
0.613 53
0.985 29
0.995 29
0.991 28
0.984 29
0.991 30
0.923 30
0.979 59
0.949 30
0.948 29
0.952 30
0.973 29
0.771 30
0.703 30
0.737 47
0.968 52
0.991 49
0.76 44
0.971 55
0.877 53
0.966 49
0.978 51
0.386 44
0.944 56
0.854 42
0.973 52
0.959 28
0.877 53
0.971 54
0.962 52
0.976 52
0.987 56
0.7 50
0.989 28
0.988 56
0.983 53
0.955 57
0.994 28
0.98 52
0.981 28
0.969 27
0.977 52
0.951 26
0.993 28
0.377 28
0.86 28
0.941 28
0.936 27
0.917 29
0.959 28
0.996 27
0.964 28
0.992 29
0.996 28
0.976 28
0.92 28
0.986 27
0.763 29
0.873 29
0.973 27
0.996 29
0.917 28
0.994 28
0.98 29
0.662 56
0.995 51
0.993 52
0.979 50
0.898 55
0.926 57
0.991 57
0.988 50
0.989 53
0.98 51
0.983 50
0.398 46
0.977 52
0.953 57
0.868 43
0.934 57
0.942 51
0.994 53
0.908 59
0.986 59
0.992 54
0.597 44
0.937 27
0.994 58
0.993 53
0.928 26
0.785 47
0.954 26
0.961 26
0.977 53
0.989 46
0.993 27
0.973 26
0.996 26
0.961 57
0.826 26
0.924 27
0.993 26
0.983 55
0.857 27
0.902 28
0.977 26
0.972 28
0.982 27
0.99 28
0.994 28
0.953 28
0.994 26
0.961 27
0.936 27
0.946 56
0.98 53
0.853 40
0.778 56
0.975 58
0.969 51
0.971 43
0.556 45
0.96 52
0.945 47
0.92 47
0.757 53
0.994 26
0.544 44
0.87 25
0.87 54
0.96 26
0.997 25
0.993 24
0.445 44
0.953 0
0.982 25
0.96 57
0.98 25
0.992 29
0.929 26
0.846 25
0.922 26
0.957 50
0.963 26
0.967 25
0.959 25
0.924 28
0.958 25
0.958 26
0.976 25
0.907 26
0.981 26
0.836 26
0.984 25
0.976 26
0.85 26
0.914 24
0.988 26
0.965 26
0.925 26
0.996 26
0.976 0
0.855 27
0.921 0
0.937 49
0.991 50
0.968 50
0.937 46
0.92 52
0.959 47
0.934 24
0.926 48
0.964 48
0.861 51
0.243 26
0.987 26
0.985 57
0.915 25
0.969 54
0.962 25
0.947 50
0.968 25
0.88 42
0.487 43
0.994 25
0.855 53
0.973 25
0.893 25
0.92 25
0.982 25
0.932 25
0.997 48
0.871 25
0.844 52
0.988 25
0.95 25
0.8 26
0.991 24
0.996 26
0.977 25
0.896 26
0.758 25
0.884 26
0.952 26
0.905 26
0.956 25
0.91 26
0.917 26
0.966 26
0.938 25
0.998 25
0.992 0
0.972 26
0.941 25
0.585 46
0.969 54
0.979 49
0.95 56
0.982 48
0.908 52
0.973 44
0.859 43
0.938 50
0.878 51
0.874 50
0.996 24
0.934 25
0.991 51
0.994 50
0.978 24
0.986 24
0.951 51
0.975 25
0.973 24
0.968 25
0.983 25
0.824 24
0.919 24
0.945 56
0.97 24
0.962 25
0.98 49
0.994 54
0.975 24
0.941 54
0.991 25
0.911 24
0.935 25
0.974 24
0.92 25
0.947 25
0.949 25
0.975 24
0.975 25
0.981 25
0.861 25
0.956 25
0.957 26
0.978 24
0.995 24
0.928 24
0.945 24
0.861 0
0.977 25
0.971 47
0.987 13
0.713 47
0.993 42
0.979 44
0.984 54
0.951 49
0.991 51
0.984 23
0.991 52
0.981 24
0.988 52
0.913 43
0.992 24
0.93 55
0.983 46
0.903 24
0.926 48
0.964 24
0.973 24
0.99 24
0.95 23
0.99 23
0.972 24
0.875 25
0.968 24
0.739 25
0.964 25
0.997 23
0.902 24
0.995 24
0.882 24
0.981 24
0.944 25
0.925 24
0.942 24
0.981 24
0.985 23
0.982 24
0.993 24
0.935 24
0.896 25
0.995 24
0.922 24
0.974 23
0.997 25
0.902 23
0.995 25
0.996 25
0.836 23
0.873 52
0.932 53
0.958 45
0.994 49
0.967 23
0.992 49
0.943 49
0.941 48
0.992 49
0.973 53
0.965 48
0.959 52
0.973 24
0.712 51
0.961 54
0.962 51
0.97 24
0.947 47
0.968 53
0.988 26
0.988 53
0.98 55
0.998 25
0.977 53
0.935 50
0.965 24
0.975 23
0.99 24
0.996 48
0.997 50
0.927 46
0.975 24
0.981 23
0.968 23
0.939 24
0.995 26
0.942 54
0.878 24
0.863 24
0.98 24
0.987 23
0.949 25
0.998 23
0.984 24
0.971 23
0.988 23
0.986 23
0.989 23
0.916 24
0.926 24
0.827 43
0.979 49
0.959 54
0.758 46
0.887 22
0.961 51
0.966 23
0.908 54
0.914 23
0.837 23
0.974 23
0.919 23
0.87 23
0.966 23
0.987 24
0.984 23
0.842 23
0.972 51
0.991 23
0.993 23
0.988 24
0.989 23
0.981 23
0.879 22
0.99 23
0.995 23
0.924 23
0.844 24
0.99 23
0.987 23
0.936 23
0.727 24
0.973 24
0.975 24
0.894 22
0.845 22
0.604 24
0.972 22
0.997 23
0.976 25
0.994 23
0.997 23
0.483 24
0.992 23
0.81 23
0.964 24
0.993 23
0.988 24
0.936 24
0.898 23
0.923 49
0.99 51
0.949 55
0.996 52
0.892 48
0.907 22
0.954 23
0.976 23
0.915 50
0.989 23
0.994 51
0.685 49
0.99 22
0.963 45
0.989 52
0.984 52
0.981 22
0.904 22
0.775 24
0.978 23
0.883 49
0.986 48
0.939 22
0.996 23
0.975 22
0.954 22
0.93 23
0.947 22
0.868 44
0.983 22
0.999 45
0.995 23
0.967 42
0.993 23
0.981 23
0.981 46
0.969 22
0.981 24
0.967 23
0.991 23
0.975 23
0.989 23
0.991 23
0.996 22
0.809 23
0.973 22
0.953 24
0.993 23
0.879 23
0.98 24
0.959 42
0.973 43
0.983 50
0.809 36
0.846 40
0.982 45
0.942 45
0.986 44
0.726 46
0.972 23
0.836 41
0.971 23
0.923 23
0.954 22
0.96 23
0.95 23
0.676 23
0.974 46
0.962 22
0.985 23
0.972 25
0.961 23
0.957 23
0.928 22
0.91 22
0.933 23
0.933 22
0.996 22
0.93 22
0.971 22
0.989 23
0.87 23
0.953 46
0.998 23
0.985 23
0.58 22
0.962 22
0.972 22
0.886 23
0.957 0
0.954 23
0.902 22
0.959 22
0.88 23
0.832 23
0.955 22
0.842 23
0.841 21
0.985 23
0.998 23
0.964 52
0.948 46
0.94 49
0.986 40
0.967 48
0.912 54
0.907 22
0.997 49
0.972 48
0.311 41
0.819 23
0.927 48
0.994 51
0.978 49
0.948 22
0.978 22
0.997 22
0.971 23
0.842 21
0.935 23
0.992 22
0.981 22
0.987 50
0.935 22
0.927 22
0.979 21
0.964 22
0.95 22
0.977 22
0.933 22
0.985 22
0.984 23
0.985 22
0.809 23
0.832 23
0.96 22
0.926 23
0.871 22
0.933 22
0.977 22
0.97 22
0.956 22
0.939 22
0.819 22
0.933 22
0.836 22
0.746 23
0.909 22
0.977 23
0.941 22
0.955 46
0.961 42
0.904 52
0.952 48
0.872 44
0.982 44
0.974 46
0.997 22
0.9 22
0.975 52
0.983 21
0.944 22
0.94 22
0.985 22
0.92 21
0.992 22
0.929 21
0.9 21
0.991 22
0.969 22
0.96 22
0.95 22
0.786 22
0.888 49
0.993 23
0.935 0
0.991 21
0.975 22
0.962 22
0.987 22
0.957 22
0.876 22
0.933 22
0.982 23
0.971 21
0.98 22
0.946 23
0.796 21
0.918 22
0.943 21
0.994 22
0.98 23
0.975 21
0.966 22
0.964 22
0.984 23
0.941 22
0.997 21
0.933 22
0.996 21
0.941 47
0.96 46
0.877 45
0.985 11
0.968 50
0.949 47
0.962 22
0.988 11
0.953 22
0.973 21
0.995 50
0.994 47
0.979 22
0.97 47
0.903 51
0.991 50
0.854 22
0.981 22
0.895 22
0.917 48
0.959 43
0.962 21
0.653 22
0.988 21
0.994 21
0.966 21
0.961 53
0.858 22
0.864 22
0.82 22
0.976 22
0.879 23
0.984 23
0.975 21
0.975 21
0.946 21
0.867 22
0.885 21
0.977 21
0.995 22
0.973 22
0.988 21
0.875 22
0.87 23
0.886 22
0.961 21
0.963 21
0.869 23
0.903 22
0.721 23
0.941 34
0.94 36
0.952 36
0.98 36
0.926 36
0.943 40
0.984 22
0.98 22
0.995 22
0.996 21
0.921 21
0.749 21
0.972 22
0.974 21
0.934 20
0.981 22
0.989 21
0.935 22
0.972 21
0.945 22
0.981 23
0.922 23
0.944 23
0.947 22
0.978 54
0.995 22
0.987 22
0.96 22
0.989 21
0.986 20
1 48
0.985 21
0.981 22
0.932 22
0.952 22
0.993 22
0.964 22
0.961 21
0.989 21
0.991 22
0.996 22
0.947 51
0.901 21
0.984 22
0.87 20
0.942 22
0.847 20
0.996 22
0.952 22
0.864 22
0.94 51
0.986 49
0.98 42
0.968 50
0.934 39
0.964 50
0.863 21
0.979 40
0.993 20
0.977 43
0.948 43
0.959 49
0.937 53
0.992 21
0.975 51
0.935 21
0.859 40
0.968 47
0.991 48
0.943 46
0.924 21
0.902 21
0.985 53
0.976 21
0.993 21
0.993 21
0.675 22
0.986 22
0.988 21
0.98 21
0.958 21
0.991 21
0.952 21
0.696 20
0.943 22
0.922 22
0.585 22
0.906 21
0.894 21
0.884 21
0.979 21
0.998 21
0.918 22
0.995 21
0.999 22
0.935 22
0.433 21
0.93 22
0.987 23
0.875 21
0.951 39
0.949 36
0.977 52
0.959 20
0.996 49
0.964 48
0.883 21
0.906 21
0.97 21
0.923 47
0.955 20
0.983 47
0.976 21
0.986 20
0.923 21
0.962 22
0.935 21
0.954 22
0.936 46
0.919 21
0.921 21
0.977 21
0.968 20
0.863 21
0.967 20
0.704 49
0.988 21
0.994 21
0.949 22
0.97 21
0.889 43
0.987 21
0.939 20
0.964 22
0.982 22
0.952 22
0.929 20
0.956 21
0.994 20
0.99 20
0.95 20
0.991 21
0.955 20
0.744 21
0.925 45
0.919 22
0.979 21
1 22
0.889 22
0.834 22
0.957 50
0.941 52
0.968 50
0.933 51
0.927 48
0.852 21
0.965 20
0.945 21
0.953 20
0.938 47
0.865 20
0.989 49
0.911 20
0.961 21
0.966 50
0.981 21
0.954 45
0.909 21
0.999 20
0.836 21
0.953 20
0.957 20
0.983 20
0.946 23
0.887 20
0.982 20
0.942 21
0.771 21
0.949 20
0.854 22
0.989 20
0.922 22
0.929 21
0.798 20
0.99 21
0.991 22
0.886 20
0.696 21
0.832 21
0.968 20
0.889 21
0.979 22
0.88 21
0.584 22
0.86 46
0.993 20
0.993 0
0.976 21
0.994 22
0.994 22
0.831 69
0.69 67
0.69 90
0.839 64
0.815 76
0.883 60
0.612 61
0.737 64
0.501 53
0.564 59
0.826 70
0.604 52
0.69 1
0.69 0
0.69 2
0.714 4
0.69 0
0.836 2
0.69 2
0.69 0
0.69 0
0.69 0
0.906 0
0.714 2
0.836 0
0.69 1
0.78 2
0.801 0
0.801 5
0.801 1
0.801 1
0.813 3
0.801 0
0.801 0
0.801 0
0.801 0
0.824 0
0.801 0
0.764 0
0.911 0
0.813 0
0.958 1
0.884 0
0.764 0
0.853 2
0.678 0
0.801 0
0.775 0
0.7 0
0.693 0
0.74 72
0.622 73
0.876 71
0.699 57
0.811 63
0.706 56
0.801 73
0.528 62
0.874 52
0.398 66
0.364 59
0.877 60
0.742 63
0.646 48
0.573 64
0.769 71
0.483 62
0.656 59
0.738 60
0.643 65
0.857 57
0.903 68
0.749 61
0.651 67
0.657 64
0.94 70
0.911 74
0.77 60
0.805 60
0.876 0
0.812 59
0.963 64
0.74 0
0.876 0
0.936 5
0.94 40
0.767 41
0.689 1
0.908 3
0.689 0
0.689 0
0.845 0
0.3 45
0.845 0
0.845 3
0.718 1
0.799 0
0.799 0
0.844 44
0.881 0
0.728 80
0.746 66
0.903 58
0.79 67
0.745 67
0.81 63
0.944 66
0.956 54
0.872 71
0.883 62
0.734 58
0.615 63
0.853 67
0.88 49
0.696 65
0.82 58
0.576 62
0.67 50
0.742 65
0.765 66
0.675 70
0.655 64
0.955 36
0.81 50
0.89 67
0.569 55
0.482 55
0.796 62
0.743 51
0.914 64
0.79 0
0.773 64
0.635 59
0.793 57
0.789 59
0.627 67
0.573 65
0.936 41
0.91 2
0.9 5
0.883 0
0.597 1
0.916 4
0.861 0
0.871 3
0.962 5
0.74 1
0.944 1
0.921 0
0.487 0
0.756 56
0.608 56
0.862 59
0.37 53
0.712 52
0.561 59
0.816 66
0.697 53
0.762 63
0.76 63
0.627 60
0.565 57
0.935 59
0.813 58
0.535 49
0.904 60
0.44 63
0.737 32
0.811 27
0.698 50
0.873 64
0.579 48
0.836 61
0.758 54
0.934 56
0.819 53
0.638 62
0.715 62
0.627 60
0.937 61
0.726 59
0.925 46
0.868 59
0.839 62
0.75 47
0.611 47
0.827 63
0.703 60
0.705 60
0.906 61
0.661 62
0.764 38
0.819 49
0.718 60
0.779 62
0.888 60
0.672 0
0.802 1
0.644 0
0.824 0
0.758 49
0.827 52
0.442 54
0.681 55
0.571 55
0.73 44
0.382 59
0.886 62
0.541 53
0.403 47
0.809 56
0.685 60
0.755 55
0.763 47
0.662 61
0.764 56
0.91 43
0.422 56
0.661 45
0.548 55
0.842 52
0.554 62
0.793 46
0.975 47
0.582 65
0.476 58
0.728 62
0.802 54
0.637 58
0.89 53
0.812 58
0.943 56
0.674 46
0.857 60
0.755 51
0.757 50
0.776 61
0.975 51
0.952 59
0.681 60
0.731 65
0.908 64
0.588 53
0.917 64
0.956 3
0.748 66
0.777 4
0.661 2
0.722 0
0.491 0
0.443 58
0.704 58
0.64 52
0.542 59
0.67 62
0.765 66
0.594 52
0.727 51
0.835 43
0.43 50
0.758 64
0.823 55
0.803 57
0.693 53
0.834 55
0.491 37
0.784 52
0.836 61
0.729 59
0.945 60
0.721 61
0.92 43
0.674 48
0.668 59
0.827 58
0.322 40
0.503 52
0.973 55
0.61 62
0.879 63
0.638 56
0.987 51
0.692 62
0.563 64
0.574 54
0.794 51
0.854 26
0.812 44
0.832 67
0.794 46
0.6 54
0.704 0
0.848 35
0.92 35
0.839 35
0.971 0
0.947 2
0.951 0
0.924 0
0.698 0
0.842 44
0.66 54
0.752 25
0.808 59
0.747 58
0.515 57
0.82 44
0.678 56
0.738 69
0.803 50
0.886 51
0.539 55
0.767 59
0.695 50
0.765 43
0.88 58
0.82 40
0.673 50
0.575 33
0.764 56
0.72 43
0.655 47
0.322 45
0.819 52
0.766 57
0.647 65
0.749 49
0.951 63
0.579 50
0.876 56
0.363 58
0.482 56
0.931 45
0.735 58
0.487 61
0.708 57
0.724 54
0.739 51
0.729 47
0.809 53
0.807 62
0.881 50
0.742 50
0.82 61
0.646 6
0.853 69
0.865 0
0.802 0
0.902 0
0.702 0
0.529 63
0.539 52
0.688 56
0.667 68
0.62 45
0.761 54
0.579 53
0.68 60
0.511 53
0.976 57
0.666 42
0.561 58
0.524 53
0.912 38
0.775 55
0.738 50
0.824 50
0.689 29
0.78 59
0.793 45
0.809 58
0.564 57
0.788 47
0.888 56
0.482 62
0.989 57
0.854 58
0.645 59
0.968 54
0.751 55
0.811 53
0.647 53
0.841 60
0.615 58
0.968 55
0.88 57
0.767 53
0.956 52
0.86 50
0.826 50
0.54 50
0.956 59
0.786 59
0.675 54
0.759 57
0.973 32
0.902 0
0.939 0
0.728 0
0.911 0
0.728 48
0.95 58
0.778 51
0.953 67
0.713 60
0.676 45
0.615 59
0.693 55
0.791 61
0.743 47
0.764 54
0.726 52
0.768 41
0.763 54
0.71 55
0.448 49
0.795 43
0.998 58
0.715 57
0.685 57
0.782 61
0.959 51
0.541 47
0.558 51
0.475 58
0.848 51
0.881 58
0.932 33
0.927 50
0.57 54
0.868 57
0.762 42
0.745 43
0.68 58
0.643 51
0.672 45
0.85 60
0.486 50
0.575 47
0.345 43
0.85 63
0.871 59
0.912 60
0.777 49
0.682 0
0.715 32
0.627 0
0.47 32
0.688 0
0.576 0
0.863 50
0.885 59
0.529 62
0.802 51
0.652 46
0.909 59
0.93 53
0.805 59
0.822 41
0.58 40
0.797 51
0.812 53
0.63 46
0.57 48
0.76 53
0.729 53
0.549 60
0.676 43
0.935 49
0.609 52
0.778 55
0.941 52
0.773 54
0.56 56
0.738 50
0.534 57
0.647 47
0.904 46
0.941 50
0.678 39
0.699 41
0.932 55
0.547 59
0.711 44
0.957 48
0.984 55
0.869 57
0.811 52
0.756 50
0.966 57
0.841 53
0.807 64
0.649 31
0.744 31
0.682 0
0.751 31
0.626 0
0.962 4
0.478 0
0.581 0
0.664 59
0.506 48
0.815 55
0.711 29
0.783 52
0.726 52
0.545 44
0.972 55
0.816 51
0.658 69
0.527 32
0.781 51
0.799 59
0.703 63
0.801 55
0.465 56
0.549 42
0.635 55
0.602 39
0.796 62
0.704 46
0.83 53
0.932 42
0.784 55
0.859 49
0.453 54
0.955 64
0.63 53
0.661 51
0.906 59
0.891 55
0.71 54
0.674 49
0.83 58
0.582 58
0.622 55
0.978 59
0.74 59
0.731 54
0.785 43
0.767 53
0.885 30
0.958 31
0.798 4
0.604 31
0.842 30
0.724 0
0.96 0
0.724 0
0.724 0
0.474 52
0.825 48
0.543 36
0.492 51
0.847 58
0.388 59
0.675 40
0.801 53
0.861 30
0.946 57
0.87 56
0.796 50
0.688 25
0.843 38
0.564 51
0.765 57
0.675 52
0.537 55
0.902 55
0.782 56
0.518 59
0.807 55
0.753 61
0.744 45
0.826 50
0.781 58
0.823 53
0.883 57
0.877 58
0.591 45
0.779 56
0.793 56
0.621 44
0.728 42
0.77 59
0.686 29
0.696 50
0.894 53
0.874 58
0.845 64
0.748 52
0.721 52
0.684 59
0.661 51
0.703 50
0.672 54
0.876 58
0.727 29
0.649 55
0.762 53
0.748 54
0.876 56
0.679 56
0.721 38
0.885 62
0.826 56
0.671 52
0.922 57
0.69 58
0.659 50
0.744 62
0.917 44
0.642 18
0.637 51
0.85 59
0.65 54
0.871 45
0.78 44
0.687 51
0.748 57
0.598 49
0.674 52
0.778 47
0.659 54
0.662 36
0.733 47
0.501 55
0.84 55
0.831 44
0.792 50
0.714 59
0.903 56
0.705 56
0.864 47
0.807 51
0.635 58
0.851 41
0.732 47
0.449 57
0.682 56
0.831 54
0.852 0
0.871 29
0.822 29
0.737 29
0.732 28
0.975 0
0.797 30
0.807 0
0.649 29
0.844 56
0.893 58
0.953 60
0.771 33
0.502 50
0.703 46
0.836 36
0.825 41
0.859 41
0.667 52
0.661 44
0.635 52
0.621 46
0.598 48
0.602 39
0.8 55
0.592 57
0.856 53
0.521 42
0.791 44
0.725 50
0.419 50
0.884 49
0.693 56
0.394 46
0.503 56
0.862 50
0.956 49
0.817 40
0.762 51
0.684 56
0.849 49
0.736 48
0.721 50
0.777 54
0.693 48
0.797 49
0.615 46
0.781 51
0.667 46
0.777 58
0.778 58
0.735 51
0.773 50
0.941 50
0.367 0
0.962 2
0.954 0
0.458 28
0.579 0
0.808 38
0.644 54
0.793 38
0.852 59
0.846 50
0.685 46
0.565 49
0.725 41
0.874 57
0.859 46
0.863 51
0.669 56
0.728 56
0.73 51
0.755 59
0.948 19
0.8 55
0.453 42
0.788 53
0.871 37
0.628 53
0.527 57
0.896 60
0.903 52
0.584 47
0.842 53
0.936 62
0.808 48
0.448 41
0.794 51
0.56 52
0.462 45
0.617 54
0.989 56
0.788 51
0.725 53
0.263 60
0.526 55
0.961 48
0.802 62
0.929 0
0.649 28
0.744 50
0.71 57
0.846 28
0.568 46
0.534 28
0.651 29
0.498 28
0.338 28
0.838 57
0.587 25
0.45 41
0.67 57
0.954 56
0.757 37
0.69 44
0.89 56
0.838 52
0.692 51
0.878 45
0.751 52
0.464 44
0.861 56
0.799 43
0.598 33
0.809 51
0.805 48
0.851 55
0.819 49
0.829 51
0.648 38
0.702 51
0.876 50
0.828 48
0.988 55
0.612 53
0.617 55
0.713 56
0.955 50
0.722 52
0.917 51
0.822 55
0.566 49
0.934 58
0.617 55
0.934 57
0.459 27
0.802 56
0.905 44
0.741 27
0.548 27
0.538 0
0.758 27
0.85 0
0.655 28
0.798 27
0.534 27
0.943 0
0.875 28
0.788 54
0.701 51
0.756 46
0.717 60
0.692 49
0.636 36
0.669 52
0.532 53
0.753 38
0.848 53
0.67 57
0.884 55
0.778 45
0.847 51
0.492 44
0.761 49
0.638 53
0.864 53
0.893 59
0.67 48
0.652 61
0.801 46
0.819 44
0.589 27
0.695 51
0.853 49
0.656 53
0.772 51
0.823 52
0.914 48
0.892 59
0.664 54
0.868 55
0.736 54
0.759 54
0.852 49
0.702 37
0.75 52
0.736 50
0.546 46
0.669 57
0.845 55
0.798 45
0.673 27
0.637 54
0.517 28
0.889 60
0.744 27
0.914 0
0.959 0
0.436 62
0.837 58
0.782 59
0.922 54
0.756 39
0.837 41
0.459 61
0.854 53
0.506 44
0.775 46
0.443 49
0.814 54
0.644 43
0.845 32
0.815 41
0.497 57
0.925 54
0.725 44
0.877 40
0.814 54
0.855 55
0.873 50
0.797 44
0.85 33
0.668 49
0.684 52
0.76 56
0.705 26
0.9 55
0.868 54
0.669 51
0.678 57
0.847 52
0.759 54
0.733 65
0.772 56
0.508 54
0.455 0
0.788 0
0.788 0
0.898 26
0.549 26
0.874 27
0.394 27
0.547 26
0.76 26
0.763 26
0.962 26
0.727 27
0.523 26
0.895 52
0.701 46
0.803 49
0.732 37
0.373 39
0.653 46
0.692 55
0.702 48
0.707 47
0.727 49
0.791 50
0.898 51
0.787 31
0.619 53
0.79 57
0.73 44
0.753 51
0.761 45
0.686 47
0.716 42
0.522 43
0.875 40
0.81 50
0.887 49
0.596 50
0.877 56
0.897 49
0.962 52
0.866 51
0.537 43
0.841 55
0.909 53
0.8 52
0.776 54
0.891 44
0.872 54
0.612 57
0.968 0
0.66 26
0.971 26
0.664 26
0.717 25
0.967 26
0.729 26
0.684 26
0.818 26
0.376 26
0.92 26
0.491 26
0.719 26
0.963 52
0.784 61
0.834 62
0.791 55
0.46 43
0.547 44
0.874 54
0.508 48
0.605 41
0.773 41
0.969 46
0.746 48
0.998 52
0.403 40
0.931 51
0.586 31
0.655 41
0.674 38
0.716 38
0.485 50
0.51 54
0.744 47
0.944 43
0.591 54
0.782 46
0.715 47
0.6 47
0.815 37
0.958 49
0.802 40
0.597 50
0.693 47
0.896 47
0.881 42
0.429 55
0.711 56
0.558 53
0.54 56
0.687 53
0.51 62
0.455 51
0.846 42
0.762 45
0.603 58
0.661 52
0.98 44
0.713 40
0.839 26
0.809 24
0.693 26
0.81 52
0.637 43
0.713 23
0.921 54
0.887 39
0.485 50
0.995 45
0.783 58
0.343 46
0.489 38
0.602 44
0.572 16
0.92 14
0.464 17
0.512 25
0.665 16
0.902 18
0.685 17
0.729 15
0.85 18
0.666 15
0.606 20
0.943 19
0.84 16
0.891 16
0.745 17
0.595 17
0.958 22
0.86 14
0.917 15
0.971 15
0.79 18
0.568 16
0.56 20
0.921 19
0.621 19
0.468 14
0.73 16
0.693 15
0.685 19
0.919 19
0.568 21
0.951 15
0.443 16
0.708 21
0.571 17
0.888 17
0.595 17
0.537 15
0.793 15
0.989 40
0.935 53
0.583 13
0.731 41
0.194 14
0.948 13
0.777 14
0.586 36
0.229 14
0.708 14
0.491 42
0.816 12
0.551 13
0.608 13
0.634 44
0.491 37
0.508 14
0.884 14
0.9 12
0.677 14
0.925 13
0.399 14
0.172 13
0.988 12
0.9 13
0.891 13
0.175 12
0.979 12
0.498 15
0.579 13
0.381 13
0.448 13
0.597 13
0.484 15
0.468 14
0.697 15
0.815 13
0.935 12
0.616 14
0.849 12
0.847 15
0.386 16
0.708 13
0.803 14
0.639 15
0.81 14
0.749 14
0.471 12
0.808 14
0.77 14
0.815 33
0.293 33
0.468 39
0.993 31
0.714 11
0.78 13
0.696 12
0.766 12
0.811 13
0.719 11
0.985 11
0.881 12
0.84 41
0.895 12
0.47 12
0.922 12
0.396 13
0.407 11
0.763 12
0.854 13
0.975 11
0.714 11
0.765 11
0.601 11
0.957 14
0.733 11
0.765 14
0.254 13
0.983 14
0.902 11
0.808 11
0.875 14
0.926 14
0.777 13
0.826 12
0.591 11
0.51 12
0.713 13
0.765 11
0.806 11
0.475 13
0.974 11
0.933 14
0.946 12
0.473 11
0.547 11
0.519 13
0.865 13
0.458 11
0.67 12
0.878 45
0.915 38
0.616 41
0.34 30
0.867 35
0.727 39
0.409 11
0.877 39
0.568 11
0.833 10
0.724 12
0.942 13
0.159 12
0.919 12
0.87 11
0.615 10
0.963 12
0.928 10
0.66 12
0.69 11
0.942 12
0.38 12
0.932 12
0.949 12
0.322 11
0.459 11
0.444 12
0.575 13
0.73 13
0.423 12
0.846 13
0.981 11
0.567 12
0.365 11
0.493 12
0.622 11
0.967 13
0.434 12
0.693 12
0.616 12
0.859 13
0.534 11
0.75 12
0.894 12
0.327 12
0.698 12
0.88 12
0.798 11
0.434 9
0.635 13
0.625 32
0.951 39
0.204 39
0.66 40
0.664 39
0.59 37
0.889 10
0.641 44
0.58 38
0.846 11
0.701 10
0.587 11
0.899 10
0.48 10
0.976 10
0.484 10
0.593 10
0.623 10
0.606 10
0.39 10
0.752 10
0.676 11
0.861 12
0.473 10
0.393 10
0.446 10
0.753 10
0.962 11
0.882 10
0.939 10
0.365 10
0.684 10
0.795 10
0.877 10
0.726 11
0.962 10
0.967 10
0.779 10
0.583 9
0.946 9
0.495 11
0.299 10
0.885 11
0.317 10
0.884 10
0.751 11
0.468 11
0.888 11
0.795 12
0.443 11
0.826 37
0.842 35
0.839 10
0.459 9
0.379 10
0.349 11
0.578 8
0.37 11
0.681 10
0.88 11
0.851 10
0.243 10
0.742 11
0.633 9
0.729 10
0.875 11
0.483 11
0.801 10
0.547 10
0.88 9
0.87 9
0.621 10
0.717 10
0.602 11
0.406 10
0.674 10
0.275 9
0.631 10
0.593 11
0.9 11
0.752 10
0.97 10
0.786 10
0.938 10
0.575 10
0.847 10
0.672 10
0.539 10
0.56 10
0.308 10
0.945 10
0.878 10
0.64 9
0.838 11
0.476 11
0.658 10
0.815 11
0.621 10
0.785 10
0.716 10
0.949 39
0.799 33
0.931 44
0.924 8
0.939 9
0.624 7
0.686 10
0.653 8
0.896 7
0.786 10
0.523 8
0.846 8
0.785 9
0.781 9
0.983 10
0.879 9
0.807 9
0.979 8
0.783 11
0.943 10
0.806 7
0.884 10
0.612 8
0.917 8
0.979 10
0.807 10
0.935 10
0.931 10
0.905 8
0.931 11
0.853 7
0.938 8
0.786 11
0.0464 9
0.615 7
0.747 9
0.83 10
0.992 9
0.434 9
0.873 8
0.877 8
0.585 10
0.79 9
0.921 9
0.457 9
0.279 8
0.749 8
0.838 11
0.656 8
0.505 8
0.624 31
0.73 32
0.72 35
0.712 28
0.853 7
0.698 9
0.935 9
0.822 8
0.547 8
0.508 8
0.703 8
0.518 35
0.952 9
0.92 8
0.95 8
0.879 8
0.95 9
0.977 8
0.868 8
0.683 8
0.72 8
0.71 8
0.78 8
0.262 9
0.485 8
0.949 9
0.468 8
0.714 9
0.255 9
0.806 9
0.734 8
0.621 7
0.959 8
0.882 7
0.925 7
0.526 9
0.645 8
0.838 8
0.756 8
0.523 8
0.517 8
0.944 8
0.773 9
0.549 9
0.971 8
0.666 8
0.844 8
0.807 9
0.62 8
0.953 7
0.767 34
0.5 37
0.327 34
0.447 31
0.753 38
0.564 26
0.864 9
0.733 7
0.32 8
0.796 8
0.804 7
0.805 9
0.826 8
0.784 9
0.136 9
0.653 8
0.849 9
0.242 9
0.758 8
0.937 8
0.983 7
0.651 8
0.733 8
0.614 8
0.877 7
0.476 7
0.896 7
0.906 8
0.431 9
0.812 8
0.705 8
0.25 8
0.863 7
0.544 7
0.769 7
0.551 8
0.952 8
0.698 9
0.924 8
0.823 8
0.597 9
0.408 8
0.742 8
0.669 9
0.708 9
0.756 9
0.753 8
0.868 9
0.684 8
0.47 9
0.52 34
0.51 32
0.404 33
0.259 31
0.854 47
0.917 9
0.58 7
0.838 8
0.864 7
0.576 9
0.49 9
0.848 8
0.847 9
0.76 9
0.834 8
0.695 8
0.727 7
0.858 9
0.3 8
0.894 8
0.724 9
0.39 9
0.862 8
0.476 9
0.978 8
0.747 9
0.97 9
0.667 8
0.719 8
0.519 8
0.783 7
0.805 9
0.829 8
0.506 8
0.87 8
0.863 9
0.649 7
0.611 9
0.943 8
0.595 7
0.749 9
0.713 7
0.857 9
0.753 8
0.879 9
0.628 8
0.654 8
0.871 8
0.633 8
0.811 9
0.318 35
0.54 36
0.599 34
0.407 7
0.822 4
0.767 7
0.538 7
0.695 6
0.88 8
0.552 5
0.793 7
0.595 9
0.585 6
0.798 5
0.801 8
0.873 5
0.605 9
0.823 8
0.833 9
0.649 9
0.691 8
0.539 5
0.91 8
0.286 9
0.957 7
0.896 8
0.66 8
0.691 8
0.697 7
0.446 9
0.613 8
0.878 8
0.339 5
0.544 8
0.935 7
0.869 9
0.711 9
0.564 8
0.628 7
0.734 8
0.573 9
0.773 9
0.993 8
0.908 9
0.922 9
0.828 8
0.98 9
0.976 8
0.797 8
0.822 8
0.72 20
0.916 16
0.887 7
0.93 25
0.972 7
0.684 6
0.753 6
0.616 5
0.878 6
0.786 6
0.892 6
0.917 6
0.722 6
0.97 7
0.78 5
0.779 6
0.737 6
0.948 5
0.913 5
0.814 4
0.844 6
0.56 6
0.996 7
0.805 4
0.572 4
0.711 5
0.791 5
0.653 6
0.921 6
0.805 5
0.563 4
0.878 4
0.627 7
0.915 7
0.861 7
0.55 4
0.574 6
0.951 5
0.568 6
0.635 5
0.89 6
0.988 6
0.509 7
0.935 5
0.942 6
0.598 5
0.519 5
0.836 6
0.758 7
0.529 5
0.618 22
0.626 20
0.906 30
0.828 28
0.504 29
0.666 5
0.715 7
0.645 29
0.762 27
0.574 7
0.734 6
0.914 7
0.619 5
0.727 29
0.749 25
0.892 7
0.722 5
0.643 6
0.976 5
0.762 27
0.873 23
0.972 6
0.316 5
0.539 5
0.918 5
0.762 5
0.988 6
0.997 7
0.78 7
0.733 5
0.781 7
0.633 6
0.717 5
0.499 8
0.975 4
0.654 5
0.588 5
0.603 7
0.824 6
0.528 5
0.405 5
0.173 5
0.769 7
0.521 5
0.375 5
0.667 5
0.721 5
0.405 5
0.552 5
0.427 5
0.592 20
0.505 34
0.949 24
0.781 28
0.394 6
0.946 4
0.915 26
0.92 6
0.696 7
0.744 7
0.248 20
0.457 6
0.486 5
0.586 7
0.719 7
0.384 7
0.807 5
0.674 5
0.741 5
0.411 5
0.609 5
0.947 5
0.63 7
0.689 30
0.318 6
0.67 5
0.587 5
0.894 7
0.942 7
0.843 6
0.85 6
0.636 5
0.966 5
0.768 7
0.949 6
0.714 6
0.902 5
0.794 5
0.995 5
0.569 7
0.942 5
0.846 7
0.532 7
0.955 6
0.649 5
0.485 6
0.842 5
0.564 6
0.621 5
0.884 5
0.541 32
0.741 29
0.62 30
0.659 28
0.732 27
0.608 32
0.799 7
0.811 35
0.952 5
0.789 6
0.544 5
0.912 5
0.905 5
0.966 5
0.93 5
0.469 5
0.868 6
0.947 6
0.365 5
0.618 5
0.534 5
0.453 7
0.793 6
0.999 5
0.679 5
0.574 5
0.818 6
0.89 5
0.609 4
0.796 5
0.651 6
0.761 6
0.314 5
0.418 5
0.626 5
0.646 5
0.5 7
0.781 7
0.992 6
0.376 7
0.819 5
0.839 6
0.87 5
0.551 5
0.759 7
0.615 6
0.894 5
0.901 5
0.584 4
0.679 5
0.936 26
0.396 28
0.985 5
0.405 5
0.62 6
0.872 6
0.843 7
0.998 7
0.566 7
0.96 5
0.97 6
0.862 7
0.456 6
0.285 7
0.575 7
0.82 7
0.602 5
0.588 5
0.801 6
0.993 5
0.924 7
0.529 6
0.988 5
0.893 4
0.468 6
0.446 7
0.609 7
0.941 6
0.562 6
0.554 5
0.937 7
0.831 6
0.972 7
0.347 5
0.685 7
0.732 5
0.589 7
0.934 6
0.199 5
0.683 5
0.282 5
0.855 6
0.632 5
0.813 7
0.576 7
0.971 5
0.698 5
0.514 4
0.364 4
0.719 4
0.484 35
0.383 29
0.816 27
0.815 33
0.384 26
0.309 28
0.423 33
0.435 6
0.559 5
0.664 5
0.526 5
0.315 7
0.895 5
0.727 7
0.298 7
0.789 6
0.862 5
0.696 5
0.877 7
0.783 6
0.758 7
0.906 7
0.458 5
0.805 6
0.86 5
0.74 6
0.818 5
0.683 5
0.763 6
0.463 6
0.755 5
0.831 6
0.643 5
0.976 6
0.592 5
0.73 5
0.556 7
0.846 6
0.994 6
0.575 5
0.801 5
0.57 7
0.641 5
0.681 5
0.37 7
0.483 7
0.727 6
0.37 4
0.798 7
0.81 6
0.558 30
0.601 25
0.479 26
0.188 15
0.247 26
0.472 31
0.159 7
0.587 38
0.939 5
0.906 30
0.488 22
0.849 7
0.721 7
0.811 6
0.917 6
0.487 7
0.761 6
0.891 6
0.358 6
0.56 5
0.733 6
0.773 7
0.862 5
0.79 6
0.877 5
0.514 4
0.674 7
0.804 6
0.567 7
0.321 6
0.764 5
0.529 7
0.364 4
0.801 7
0.963 7
0.69 6
0.752 6
0.882 7
0.899 5
0.779 5
0.903 5
0.708 6
0.623 5
0.64 6
0.654 5
0.803 7
0.731 5
0.892 5
0.924 6
0.668 6
0.836 36
0.401 26
0.675 23
0.593 28
0.54 4
0.865 32
0.963 27
0.773 7
0.609 29
0.825 5
0.897 5
0.682 5
0.885 7
0.601 5
0.885 7
0.415 7
0.56 5
0.835 5
0.983 7
0.727 5
0.654 6
0.918 5
0.515 6
0.566 6
0.806 6
0.757 5
0.579 6
0.591 5
0.613 7
0.75 6
0.928 6
0.674 5
0.887 5
0.64 6
0.872 6
0.625 5
0.508 7
0.661 7
0.763 7
0.865 7
0.676 7
0.628 5
0.837 7
0.646 7
0.929 7
0.989 5
0.984 7
0.828 5
0.735 7
0.698 5
0.961 17
0.689 8
0.948 5
0.909 7
0.979 5
0.918 5
0.783 5
0.405 6
0.554 5
0.972 7
0.95 5
0.547 5
0.883 6
0.783 5
0.887 3
0.6 5
0.908 5
0.723 3
0.754 6
0.946 5
0.831 5
0.277 2
0.877 6
0.714 5
0.967 7
0.513 5
0.921 5
0.783 5
0.818 5
0.924 6
0.853 1
0.474 0
0.786 6
0.687 5
0.671 5
0.975 5
0.983 5
0.854 5
0.839 7
0.87 5
0.729 5
0.721 6
0.961 6
0.655 5
0.713 6
0.756 5
0.955 6
0.944 7
0.723 6
0.852 5
0.832 83
0.808 78
0.752 70
0.614 71
0.636 42
0.777 72
0.883 73
0.535 77
0.939 45
0.773 80
0.939 80
0.719 67
0.703 9
0.703 0
0.762 2
0.703 0
0.762 0
0.425 5
0.627 1
0.775 0
0.834 0
0.782 1
0.779 2
0.92 1
0.92 1
0.361 0
0.782 0
0.923 2
0.361 0
0.782 0
0.856 0
0.767 0
0.923 0
0.584 1
0.482 0
0.361 0
0.874 0
0.562 1
0.874 1
0.816 0
0.767 1
0.296 0
0.779 0
0.748 53
0.659 1
0.779 0
0.822 0
0.744 0
0.744 1
0.717 0
0.764 70
0.478 74
0.851 68
0.799 79
0.573 80
0.868 69
0.954 75
0.641 0
0.317 71
0.793 1
0.735 0
0.849 0
0.722 0
0.793 0
0.796 3
0.793 0
0.743 0
0.854 0
0.766 0
0.925 0
0.669 0
0.796 1
0.796 0
0.788 0
0.788 0
0.788 0
0.575 1
0.808 49
0.796 1
0.796 0
0.242 1
0.494 0
0.788 0
0.622 0
0.77 0
0.788 0
0.78 0
0.78 0
0.723 0
0.78 0
0.55 0
0.78 0
0.878 0
0.801 0
0.757 0
0.965 2
0.867 0
0.796 0
0.443 1
0.921 0
0.648 79
0.775 69
0.723 77
0.357 74
0.686 73
0.84 38
0.703 76
0.907 55
0.969 70
0.732 62
0.5 74
0.569 0
0.845 3
0.458 0
0.845 0
0.845 0
0.589 0
0.803 1
0.782 0
0.782 0
0.671 1
0.322 0
0.579 0
0.322 0
0.86 0
0.344 1
0.65 0
0.606 0
0.726 0
0.344 0
0.344 0
0.555 0
0.867 0
0.277 0
0.344 0
0.666 0
0.666 0
0.364 0
0.774 0
0.867 0
0.774 0
0.555 0
0.774 0
0.666 0
0.555 0
0.555 0
0.579 0
0.555 0
0.579 0
0.579 0
0.75 71
0.338 74
0.794 75
0.268 71
0.798 63
0.789 73
0.78 70
0.405 69
0.222 68
0.76 65
0.573 72
0.449 76
0.893 65
0.506 56
0.732 0
0.696 66
0.963 68
0.685 74
0.241 44
0.813 0
0.436 72
0.942 0
0.707 1
0.73 75
0.942 0
0.813 0
0.903 3
0.546 0
0.799 0
0.967 2
0.287 0
0.844 44
0.549 74
0.997 0
0.487 0
0.727 0
0.917 0
0.632 0
0.739 1
0.527 0
0.948 0
0.765 1
0.88 0
0.81 0
0.848 0
0.848 0
0.934 0
0.928 0
0.834 0
0.863 0
0.794 61
0.552 61
0.72 30
0.61 30
0.384 75
0.381 72
0.756 76
0.756 36
0.483 62
0.907 70
0.664 72
0.72 67
0.603 72
0.779 73
0.892 42
0.406 71
0.803 64
0.936 5
0.384 68
0.224 65
0.654 72
0.998 1
0.799 0
0.799 0
0.867 0
0.883 1
0.311 0
0.412 22
0.881 0
0.491 0
0.726 44
0.926 0
0.997 0
0.693 0
0.997 0
0.611 0
0.412 0
0.839 43
0.548 0
0.524 13
0.567 0
0.412 0
0.984 0
0.981 0
0.996 0
0.885 1
0.842 0
0.312 0
0.524 0
0.524 0
0.717 59
0.735 65
0.693 37
0.762 69
0.679 60
0.554 40
0.716 45
0.913 70
0.358 68
0.725 68
0.464 67
0.827 63
0.528 30
0.439 68
0.914 29
0.733 72
0.743 51
0.757 55
0.946 41
0.876 66
0.764 26
0.868 72
0.837 74
0.826 67
0.9 5
0.925 64
0.721 70
0.861 0
0.729 71
0.823 68
0.893 71
0.944 1
0.75 39
0.906 0
0.965 1
0.906 0
0.906 0
0.484 0
0.813 0
0.997 0
0.983 0
0.97 0
0.983 0
0.711 1
0.851 1
0.521 0
0.625 0
0.473 0
0.524 0
0.656 40
0.912 63
0.831 68
0.792 62
0.697 53
0.701 35
0.5 67
0.874 68
0.922 37
0.893 51
0.379 71
0.846 69
0.672 27
0.678 64
0.516 63
0.446 65
0.77 51
0.641 71
0.278 68
0.624 68
0.548 63
0.235 37
0.837 66
0.788 39
0.774 69
0.599 73
0.831 65
0.845 39
0.728 69
0.464 69
0.818 0
0.283 0
0.42 0
0.42 0
0.42 0
0.737 69
0.726 1
0.42 0
0.578 36
0.706 1
0.95 38
0.706 0
0.293 0
0.995 0
0.995 0
0.928 0
0.928 0
0.928 0
0.995 0
0.975 0
0.98 0
0.832 67
0.477 61
0.883 43
0.649 69
0.692 66
0.81 24
0.819 38
0.932 67
0.607 59
0.473 66
0.382 71
0.622 64
0.233 64
0.891 63
0.672 71
0.207 70
0.571 46
0.289 61
0.665 56
0.859 47
0.542 66
0.242 66
0.932 59
0.854 50
0.532 65
0.711 74
0.953 37
0.808 36
0.452 39
0.88 0
0.989 0
0.521 0
0.974 35
0.777 36
0.958 0
0.974 0
0.958 0
0.716 69
0.997 0
0.989 0
0.256 38
0.513 1
0.856 36
0.997 0
0.997 0
0.997 0
0.634 37
0.921 0
0.999 36
0.752 0
0.833 69
0.432 63
0.459 64
0.611 63
0.524 53
0.714 38
0.765 66
0.855 56
0.493 31
0.743 67
0.261 37
0.56 68
0.867 57
0.459 60
0.868 27
0.568 24
0.73 66
0.584 66
0.815 59
0.529 34
0.868 72
0.956 3
0.634 35
0.933 68
0.951 34
0.775 35
0.763 33
0.524 68
0.528 37
0.509 35
0.819 34
0.292 37
0.973 35
0.836 35
0.9 35
0.906 0
0.884 35
0.506 35
0.292 37
0.959 34
0.885 0
0.93 35
0.885 0
0.827 34
0.959 0
0.977 5
0.699 0
0.473 34
0.977 0
0.935 36
0.912 68
0.9 23
0.642 58
0.533 69
0.689 38
0.966 48
0.772 25
0.87 62
0.834 55
0.72 36
0.774 55
0.921 22
0.657 64
0.828 54
0.5 63
0.568 64
0.782 70
0.878 67
0.894 65
0.843 52
0.817 35
0.308 57
0.855 69
0.715 33
0.971 33
0.786 33
0.961 67
0.572 70
0.87 34
0.792 59
0.197 57
0.515 70
0.788 67
0.801 32
0.858 33
0.506 33
0.951 33
0.952 34
0.766 36
0.781 33
0.999 33
0.48 65
0.743 65
0.724 34
0.447 37
0.985 32
0.794 35
0.863 34
0.613 0
0.811 0
0.558 63
0.538 54
0.883 46
0.695 38
0.723 65
0.824 49
0.937 24
0.828 70
0.759 67
0.504 52
0.836 55
0.41 33
0.512 62
0.713 70
0.829 32
0.813 34
0.72 33
0.675 33
0.713 70
0.732 32
0.701 65
0.907 33
0.462 34
0.41 34
0.997 33
0.769 35
0.677 72
0.689 33
0.864 33
0.913 34
0.867 34
0.739 34
0.604 33
0.882 34
0.582 34
0.971 0
0.883 33
0.805 33
0.755 33
0.573 33
0.722 0
0.895 33
0.467 0
0.873 0
0.985 34
0.817 34
0.779 0
0.649 0
0.649 0
0.881 0
0.641 65
0.76 60
0.871 50
0.389 64
0.678 56
0.851 55
0.694 54
0.963 35
0.727 51
0.613 55
0.579 50
0.87 41
0.381 63
0.454 61
0.926 37
0.752 46
0.673 20
0.769 63
0.877 62
0.925 58
0.79 32
0.812 55
0.436 33
0.714 42
0.583 52
0.701 62
0.753 32
0.95 31
0.717 63
0.769 33
0.719 70
0.388 57
0.405 32
0.973 32
0.844 0
0.583 34
0.697 31
0.757 32
0.818 32
0.882 32
0.393 32
0.998 32
0.963 32
0.932 31
0.607 32
0.408 34
0.907 32
0.959 32
0.931 32
0.89 33
0.925 28
0.85 49
0.374 61
0.632 49
0.647 65
0.741 53
0.889 46
0.641 66
0.791 43
0.77 30
0.758 46
0.623 60
0.711 56
0.803 57
0.872 67
0.505 32
0.911 32
0.702 57
0.721 31
0.604 61
0.96 31
0.312 34
0.917 31
0.969 32
0.765 32
0.892 65
0.652 31
0.928 32
0.461 32
0.559 64
0.581 31
0.819 32
0.423 32
0.936 32
0.947 2
0.805 32
0.916 32
0.951 32
0.839 69
0.923 32
0.924 0
0.648 32
0.977 32
0.974 32
0.963 32
0.928 32
0.916 32
0.698 0
0.749 32
0.853 32
0.583 56
0.544 54
0.427 59
0.601 50
0.511 53
0.443 53
0.767 59
0.989 57
0.912 62
0.614 60
0.727 65
0.968 54
0.769 47
0.913 55
0.496 47
0.479 62
0.942 74
0.262 31
0.643 33
0.906 62
0.931 31
0.589 31
0.376 34
0.506 32
0.751 31
0.831 34
0.731 60
0.73 32
0.963 31
0.773 32
0.58 65
0.909 32
0.96 31
0.734 31
0.721 31
0.962 31
0.605 31
0.895 31
0.968 0
0.809 31
0.839 32
0.903 32
0.963 32
0.967 31
0.849 31
0.962 0
0.797 32
0.853 32
0.778 32
0.76 31
0.854 62
0.86 59
0.871 66
0.786 58
0.628 53
0.459 65
0.659 46
0.797 51
0.676 59
0.549 60
0.831 62
0.739 51
0.692 32
0.706 52
0.621 59
0.398 31
0.788 38
0.78 68
0.544 20
0.844 62
0.944 31
0.933 60
0.542 30
0.759 33
0.696 30
0.976 30
0.94 31
0.578 68
0.695 56
0.965 31
0.869 32
0.354 31
0.459 32
0.439 33
0.741 33
0.911 0
0.823 30
0.79 31
0.545 61
0.632 31
0.769 30
0.758 31
0.835 31
0.71 30
0.836 31
0.876 31
0.844 31
0.794 31
0.881 31
0.807 31
0.672 51
0.763 22
0.448 49
0.565 18
0.763 54
0.886 51
0.443 67
0.72 49
0.973 46
0.759 57
0.482 62
0.932 33
0.886 66
0.829 55
0.881 59
0.84 65
0.744 36
0.986 44
0.609 31
0.699 31
0.763 63
0.262 62
0.863 29
0.567 52
0.788 30
0.92 30
0.955 30
0.917 30
0.936 30
0.766 31
0.33 29
0.847 31
0.793 30
0.994 31
0.941 29
0.891 30
0.867 30
0.986 30
0.766 29
0.518 32
0.723 31
0.911 30
0.908 29
0.728 0
0.767 31
0.804 31
0.828 30
0.749 30
0.919 30
0.981 30
0.42 62
0.95 58
0.842 44
0.589 41
0.743 47
0.63 46
0.425 65
0.971 33
0.499 67
0.549 55
0.819 44
0.978 59
0.707 67
0.365 62
0.877 31
0.998 30
0.751 30
0.973 32
0.609 60
0.888 30
0.932 29
0.953 30
0.84 30
0.902 0
0.931 29
0.208 31
0.879 30
0.672 31
0.851 29
0.957 30
0.957 30
0.92 30
0.819 29
0.904 30
0.939 0
0.821 30
0.464 31
0.831 30
0.913 30
0.654 0
0.654 0
0.654 0
0.76 0
0.775 31
0.922 0
0.922 0
0.922 0
0.857 0
0.902 30
0.972 31
0.505 53
0.863 50
0.714 25
0.613 57
0.937 54
0.881 44
0.744 62
0.497 57
0.621 39
0.752 62
0.734 30
0.831 57
0.95 30
0.541 30
0.295 31
0.835 30
0.446 30
0.815 29
0.655 29
0.783 30
0.912 0
0.799 29
0.902 30
0.703 61
0.984 30
0.767 30
0.999 29
0.822 29
0.958 30
0.928 30
0.821 35
0.999 30
0.695 30
0.881 30
0.931 29
0.868 0
0.566 30
0.886 29
0.834 29
0.9 0
0.936 0
0.981 0
0.951 0
0.976 0
0.915 0
0.852 0
0.932 0
0.811 30
0.916 0
0.822 30
0.626 66
0.715 67
0.89 61
0.634 56
0.816 49
0.841 53
0.75 43
0.788 39
0.851 62
0.816 62
0.532 62
0.737 29
0.938 28
0.731 53
0.723 31
0.925 29
0.501 29
0.435 29
0.962 4
0.688 0
0.937 29
0.593 62
0.868 29
0.998 30
0.432 31
0.621 29
0.502 30
0.955 29
0.87 30
0.188 31
0.467 30
0.576 0
0.949 29
0.674 29
0.46 30
0.75 30
0.913 28
1 30
0.888 30
0.867 30
0.805 29
0.909 30
0.426 29
0.514 31
0.947 29
0.886 30
0.998 30
0.816 29
0.868 29
0.857 30
0.793 57
0.951 33
0.714 64
0.484 57
0.465 56
0.803 40
0.823 52
0.804 47
0.837 62
0.869 57
0.238 60
0.464 64
0.728 51
0.731 54
0.23 52
0.79 30
0.801 63
0.918 29
0.964 29
0.81 44
0.915 30
0.839 29
0.982 29
0.358 30
0.998 29
0.837 28
0.813 28
0.878 29
0.768 29
0.977 29
0.894 29
0.431 31
0.93 29
0.98 29
0.907 28
0.517 31
0.731 30
0.71 29
0.623 29
0.82 29
0.644 30
0.516 29
0.861 30
0.937 29
0.756 0
0.617 30
0.965 29
0.768 0
0.671 28
0.48 29
0.584 58
0.333 71
0.144 70
0.789 55
0.307 49
0.623 52
0.574 56
0.518 56
0.379 60
0.391 67
0.313 72
0.475 69
0.504 64
0.259 66
0.637 71
0.121 70
0.791 55
0.411 69
0.307 66
0.364 60
0.636 62
0.543 67
0.614 62
0.119 60
0.338 62
0.227 51
0.0867 38
0.374 37
0.205 0
0.481 61
0.534 39
0.149 42
0.327 35
0.552 36
0.43 44
0.0546 0
0.218 39
0.576 46
0.46 0
0.247 38
0.18 37
0.487 36
0.0767 37
0.2 0
0.388 37
0.3 37
0.674 39
0.379 36
0.128 37
0.753 39
0.396 64
0.301 57
0.114 37
0.145 41
0.133 51
0.638 31
0.132 62
0.449 39
0.45 42
0.332 64
0.0505 52
0.825 65
0.711 55
0.543 52
0.319 35
0.062 33
0.278 33
0.474 34
0.474 35
0.00928 32
0.25 33
0.484 33
0.117 33
0.0557 33
0.414 34
0.272 34
0.133 32
0.54 33
0.424 33
0.315 32
0.191 34
0.359 32
0.9 33
0.426 34
0.117 35
0.148 32
0.0563 31
0.179 32
0.151 32
0.469 34
0.544 35
0.142 33
0.397 32
0.491 32
0.0546 33
0.126 33
0.116 32
0.827 33
0.199 33
0.221 32
0.414 39
0.00277 39
0.826 64
0.153 52
0.331 31
0.0405 57
0.269 55
0.784 41
0.609 30
0.171 51
0.82 65
0.0583 56
0.544 31
0.317 57
0.144 30
0.118 55
0.5 29
0.121 30
0.516 31
0.0704 31
0.778 30
0.522 29
0.444 31
0.889 29
0.0323 30
0.152 31
0.479 30
0.612 29
0.362 29
0.749 31
0.28 31
0.294 31
0.311 31
0.691 30
0.517 30
0.316 29
0.509 31
0.242 30
0.0757 31
0.512 30
0.321 31
0.0466 29
0.0445 30
0.644 30
0.299 31
0.473 30
0.166 31
0.518 30
0.32 30
0.761 29
0.352 65
0.525 56
0.375 46
0.428 51
0.614 38
0.779 52
0.424 49
0.18 63
0.0654 55
0.132 60
0.126 29
0.463 60
0.594 29
0.647 28
0.0561 29
0.0201 28
0.494 28
0.0833 28
0.231 28
0.0563 28
0.0525 29
0.26 28
0.353 29
0.258 28
0.814 28
0.272 30
0.0893 27
0.109 28
0.472 28
0.0114 29
0.359 28
0.874 28
0.232 29
0.139 29
0.445 28
0.372 28
0.0569 28
0.123 28
0.742 28
0.101 27
0.868 28
0.483 28
0.33 29
0.505 29
0.471 28
0.0296 28
0.254 29
0.377 29
0.601 27
0.72 28
0.5 61
0.126 65
0.694 47
0.504 52
0.0671 44
0.305 47
0.361 27
0.377 59
0.32 52
0.00841 27
0.0167 27
0.0859 27
0.187 56
0.121 50
0.0683 26
0.0191 28
0.188 28
0.174 26
0.358 26
0.739 26
0.103 27
0.538 27
0.253 27
0.321 27
0.322 26
0.472 28
0.075 26
0.0914 27
0.333 28
0.786 26
0.484 27
0.0606 26
0.34 28
0.0988 27
0.612 27
0.0228 0
0.412 26
0.102 27
0.126 26
0.455 27
0.0614 27
0.932 26
0.29 26
0.94 27
0.651 27
0.714 27
0.883 27
0.556 26
0.377 25
0.892 27
0.742 57
0.0604 42
0.0595 37
0.108 56
0.38 20
0.235 57
0.411 47
0.259 25
0.0548 25
0.608 43
0.901 25
0.0637 25
0.426 50
0.215 25
0.456 25
0.592 53
0.435 25
0.151 25
0.249 25
0.27 25
0.269 25
0.079 26
0.483 24
0.177 25
0.185 25
0.076 25
0.183 26
0.581 25
0.665 26
0.417 25
0.514 26
0.0427 26
0.244 27
0.148 25
0.762 24
0.464 26
0.174 25
0.794 25
0.133 25
0.108 24
0.492 25
0.738 24
0.0254 25
0.195 25
0.108 25
0.473 25
0.0708 25
0.245 26
0.32 25
0.251 25
0.762 38
0.442 46
0.565 61
0.562 24
0.604 24
0.145 24
0.478 24
0.528 24
0.194 24
0.0612 26
0.198 24
0.325 53
0.26 25
0.144 25
0.577 25
0.505 24
0.451 24
0.0927 25
0.058 26
0.0786 26
0.0296 24
0.338 26
0.526 24
0.744 24
0.0652 25
0.494 24
0.43 24
0.587 24
0.581 25
0.509 24
0.0569 24
0.55 24
0.484 24
0.324 24
0.423 25
0.248 24
0.251 24
0.307 24
0.331 24
0.382 24
0.0635 23
0.058 24
0.452 24
0.89 24
0.0563 24
0.879 24
0.295 24
0.713 24
0.304 25
0.599 24
0.0605 48
0.11 20
0.563 23
0.102 54
0.383 52
0.00273 24
0.0268 23
0.4 24
0.063 24
0.0193 24
0.319 24
0.0467 24
0.415 23
0.104 24
0.326 23
0.438 23
0.102 23
0.252 24
0.353 24
0.586 24
0.234 23
0.409 23
0.0971 23
0.297 23
0.576 24
0.582 24
0.0614 23
0.65 24
0.136 23
0.0134 24
0.153 24
0.29 23
0.576 25
0.411 24
0.135 24
0.15 23
0.772 24
0.00879 23
0.142 23
0.204 23
0.766 23
0.662 23
0.065 23
0.415 24
0.632 24
0.558 24
0.839 24
0.187 23
0.377 23
0.316 23
0.446 38
0.453 51
0.237 49
0.202 40
0.522 47
0.398 43
0.285 47
0.789 40
0.0152 22
0.757 24
0.115 49
0.0301 22
0.637 47
0.783 22
0.0363 22
0.349 23
0.172 23
0.0914 22
0.632 23
0.14 23
0.39 23
0.0382 23
0.36 23
0.298 24
0.15 23
0.231 23
0.145 24
0.492 50
0.241 23
0.523 23
0.0615 23
0.148 23
0.0126 22
0.566 23
0.323 24
0.76 23
0.279 23
0.316 22
0.336 23
0.51 23
0.108 22
0.607 23
0.145 24
0.0927 23
0.481 22
0.0269 23
0.802 23
0.241 23
0.626 22
0.448 23
0.465 56
0.239 57
0.0563 39
0.235 39
0.171 22
0.781 46
0.225 56
0.0501 22
0.678 45
0.0827 23
0.118 23
0.394 22
0.0386 22
0.596 22
0.00788 22
0.108 22
0.577 22
0.117 23
0.321 22
0.0681 22
0.153 22
0.671 22
0.195 22
0.462 22
0.324 22
0.416 22
0.288 22
0.433 22
0.234 22
0.217 23
0.0133 22
0.108 23
0.0139 22
0.0526 23
0.255 23
0.492 22
0.212 23
0.0125 22
0.325 23
0.0754 22
0.517 24
0.0765 22
0.888 22
0.634 22
0.0727 22
0.321 22
0.522 22
0.118 22
0.377 22
0.472 23
0.62 37
0.552 34
0.156 41
0.129 45
0.615 39
0.0577 21
0.0334 22
0.0215 22
0.0324 21
0.0607 21
0.226 22
0.269 21
0.0197 56
0.0449 21
0.154 21
0.149 22
0.0907 22
0.0877 60
0.529 21
0.00915 21
0.248 21
0.162 21
0.0299 22
0.0555 22
0.00241 21
0.0845 21
0.151 22
0.56 22
0.034 21
0.32 22
0.422 21
0.349 22
0.542 22
0.429 22
0.172 22
0.332 22
0.567 21
0.0466 21
0.305 21
0.807 21
0.384 22
0.775 22
0.203 21
0.884 22
0.0335 21
0.202 21
0.27 21
0.0254 21
0.0608 21
0.583 21
0.133 29
0.603 39
0.635 38
0.195 52
0.0737 43
0.784 37
0.0464 21
0.321 52
0.0267 21
0.0677 21
0.0335 21
0.0715 22
0.0698 21
0.167 22
0.0353 21
0.381 21
0.123 21
0.0249 21
0.487 21
0.478 44
0.481 48
0.337 42
0.289 21
0.43 21
0.0456 21
0.679 22
0.0123 21
0.363 21
0.603 22
0.248 20
0.229 21
0.191 21
0.662 20
0.41 21
0.467 22
0.371 21
0.0239 21
0.256 21
0.0635 20
0.411 22
0.473 21
0.108 20
0.108 21
0.124 20
0.213 20
0.512 21
0.058 20
0.134 21
0.316 20
0.377 20
0.57 50
0.422 42
0.488 20
0.0435 20
0.0314 21
0.0107 20
0.0199 20
0.02 20
0.45 11
0.113 21
0.0578 21
0.0233 21
0.504 31
0.0159 60
0.0181 20
0.586 21
0.285 20
0.321 20
0.218 21
0.0355 20
0.0506 21
0.415 20
0.0248 21
0.017 21
0.575 20
0.612 47
0.0832 20
0.124 20
0.0606 20
0.142 20
0.0742 21
0.0713 20
0.0562 21
0.286 21
0.289 20
0.176 21
0.467 20
0.239 20
0.257 20
0.225 21
0.0906 20
0.325 20
0.703 20
0.231 21
0.0685 22
0.274 20
0.685 20
0.688 20
0.483 20
0.2 22
0.0413 55
0.0347 37
0.224 46
0.896 40
0.412 59
0.0493 20
0.00993 21
0.18 44
0.00207 21
0.0563 52
0.0435 20
0.057 20
0.73 43
0.0153 20
0.519 44
0.316 53
0.0371 20
0.389 40
0.462 20
0.432 20
0.099 20
0.0785 20
0.28 22
0.0377 59
0.161 20
0.0312 20
0.124 20
0.355 20
0.106 21
0.325 20
0.594 21
0.323 20
0.0406 20
0.251 20
0.398 21
0.579 20
0.0125 20
0.111 20
0.268 20
0.471 20
0.0104 20
0.241 20
0.197 21
0.0335 19
0.32 20
0.615 20
0.0563 20
0.295 20
0.622 20
0.525 19
0.273 44
0.0097 48
0.632 43
0.203 41
0.533 52
0.198 44
0.186 45
0.672 46
0.202 21
0.00405 20
0.358 49
0.0675 20
0.434 19
0.00738 20
0.0702 20
0.0314 20
0.00478 20
0.581 19
0.23 20
0.218 19
0.0919 20
0.0505 19
0.515 19
0.519 19
0.142 19
0.0514 20
0.127 21
0.552 43
0.232 19
0.0132 19
0.0549 20
0.0684 19
0.246 21
0.204 19
0.355 20
0.0768 20
0.336 19
0.229 20
0.296 20
0.448 20
0.568 21
0.482 19
0.222 20
0.178 20
0.0798 19
0.293 21
0.321 19
0.169 19
0.0296 19
0.303 20
0.44 49
0.0613 37
0.0835 39
0.571 32
0.183 47
0.0119 19
0.0106 19
0.175 19
0.226 19
0.627 19
0.108 19
0.479 19
0.0216 19
0.0401 19
0.34 19
0.602 20
0.06 19
0.158 19
0.0996 19
0.14 20
0.0858 19
0.164 19
0.196 19
0.77 19
0.513 19
0.215 19
0.021 20
0.542 20
0.205 20
0.106 19
0.336 19
0.305 19
0.83 19
0.138 19
0.095 20
0.179 19
0.617 20
0.261 19
0.0596 19
0.259 19
0.516 20
0.137 19
0.222 19
0.0239 19
0.108 18
0.187 19
0.22 19
0.0614 19
0.111 19
0.0907 19
0.152 38
0.371 46
0.682 18
0.204 38
0.633 19
0.487 43
0.319 18
0.0534 19
0.436 19
0.234 19
0.00901 19
0.0721 19
0.0336 21
0.0111 19
0.222 18
0.22 20
0.0643 19
0.125 18
0.442 18
0.383 19
0.0683 19
0.0126 19
0.323 18
0.599 19
0.0364 19
0.0934 19
0.349 19
0.252 19
0.249 18
0.109 19
0.594 19
0.507 19
0.0971 18
0.152 18
0.234 19
0.103 18
0.299 19
0.274 19
0.436 19
0.241 19
0.338 18
0.185 19
0.816 19
0.424 18
0.378 19
0.202 19
0.254 19
0.14 19
0.102 19
0.405 19
0.152 38
0.478 36
0.727 34
0.597 31
0.259 18
0.277 19
0.0652 19
0.18 42
0.833 56
0.512 19
0.391 20
0.0871 18
0.0218 19
0.722 19
0.168 53
0.073 18
0.523 20
0.0651 20
0.309 19
0.18 18
0.0708 18
0.204 19
0.749 19
0.0335 18
0.62 20
0.319 18
0.0754 18
0.00737 18
0.0924 20
0.338 19
0.121 19
0.815 18
0.361 19
0.551 19
0.194 20
0.47 19
0.634 18
0.715 18
0.632 18
0.148 20
0.0466 18
0.118 18
0.522 18
0.489 19
0.377 19
0.251 20
0.414 19
0.481 18
0.327 18
0.29 18
0.0722 38
0.134 35
0.0367 18
0.58 19
0.514 18
0.0959 18
0.522 18
0.00559 18
0.0409 18
0.0306 18
0.0607 18
0.175 18
0.0726 18
0.202 20
0.628 19
0.272 43
0.137 18
0.722 18
0.359 18
0.217 18
0.296 18
0.417 18
0.227 19
0.144 18
0.39 18
0.262 18
0.107 18
0.308 18
0.197 18
0.402 20
0.0349 18
0.0134 18
0.293 18
0.323 20
0.0938 18
0.0153 18
0.376 18
0.416 18
0.148 18
0.171 18
0.109 18
0.471 18
0.0133 18
0.174 18
0.13 18
0.0292 18
0.0267 18
0.202 18
0.1 19
0.2 19
0.631 35
0.101 37
0.402 35
0.722 45
0.902 46
0.284 18
0.0378 17
0.499 17
0.00924 17
0.343 18
0.0457 18
0.198 18
0.033 18
0.16 17
0.522 46
0.225 52
0.244 18
0.271 19
0.403 18
0.0179 18
0.292 19
0.0712 17
0.0628 18
0.271 17
0.0613 18
0.202 18
0.139 18
0.0501 19
0.24 17
0.311 18
0.349 18
0.692 17
0.0466 17
0.363 18
0.535 18
0.154 17
0.202 17
0.181 18
0.174 17
0.111 18
0.908 19
0.0935 18
0.00512 18
0.466 18
0.632 18
0.301 18
0.0788 19
0.619 18
0.424 18
0.196 19
0.805 55
0.756 20
0.784 51
0.55 46
0.506 48
0.915 69
0.896 58
0.948 65
0.782 61
0.747 50
0.815 62
0.943 56
0.957 55
0.929 56
0.846 61
0.969 64
0.972 59
0.842 44
0.906 63
0.934 58
0.975 30
0.578 36
0.981 57
0.896 58
0.791 67
0.72 7
0.969 61
0.893 55
0.972 27
0.931 53
0.906 55
0.746 57
0.819 44
0.918 32
0.98 44
0.869 56
0.832 49
0.966 58
0.942 64
0.88 54
0.865 0
0.91 27
0.966 27
0.865 0
0.87 30
0.944 26
0.953 26
0.91 28
0.87 0
0.729 27
0.38 48
0.806 54
0.953 44
0.943 39
0.976 30
0.983 46
0.952 50
0.888 53
0.499 49
0.783 60
0.948 55
0.889 52
0.821 62
0.955 60
0.865 24
0.899 59
0.868 58
0.956 56
0.979 24
0.605 28
0.923 50
0.917 27
0.962 53
0.95 29
0.865 32
0.957 33
0.955 47
0.898 27
0.832 29
0.901 55
0.989 57
0.739 28
0.797 25
0.954 26
0.966 25
0.955 26
0.854 24
0.875 25
0.808 24
0.949 23
0.801 24
0.922 26
0.953 24
0.842 24
0.833 23
0.794 25
0.528 27
0.899 25
0.889 26
0.95 25
0.864 60
0.878 51
0.903 49
0.924 48
0.914 52
0.957 52
0.724 59
0.904 48
0.886 50
0.992 47
0.873 57
0.939 51
0.964 22
0.941 59
0.995 23
0.824 23
0.719 23
0.854 23
0.831 23
0.9 53
0.931 55
0.756 23
0.997 22
0.953 22
0.754 49
0.982 24
0.614 23
0.967 23
0.84 22
0.925 23
0.936 35
0.418 22
0.854 23
0.635 22
0.991 23
0.969 57
0.922 22
0.978 23
0.961 24
0.841 24
0.791 24
0.71 22
0.974 23
0.958 22
0.933 24
0.781 22
0.871 23
0.718 23
0.912 23
0.953 23
0.875 53
0.703 27
0.922 49
0.853 50
0.783 57
0.696 43
0.914 52
0.904 44
0.915 52
0.506 44
0.923 53
0.872 52
0.61 48
0.825 40
0.815 59
0.97 51
0.819 22
0.55 51
0.832 23
0.894 48
0.57 21
0.925 46
0.977 58
0.73 21
0.923 22
0.747 21
0.834 22
0.996 21
0.956 21
0.711 22
0.957 42
0.576 22
0.982 22
0.966 21
0.963 22
0.983 21
0.769 21
0.94 21
0.98 21
0.812 22
0.94 22
0.96 21
0.912 21
0.952 22
0.862 21
0.921 21
0.937 21
0.824 21
0.805 22
0.889 22
0.954 50
0.886 58
0.971 28
0.765 53
0.951 35
0.939 41
0.979 36
0.829 50
0.681 52
0.651 50
0.984 57
0.77 41
0.818 39
0.9 32
0.809 50
0.926 41
0.844 48
0.655 53
0.963 53
0.96 54
0.885 57
0.975 21
0.718 21
0.879 21
0.982 52
0.914 20
0.83 21
0.968 20
0.925 47
0.818 21
0.94 21
0.94 21
0.837 52
0.825 20
0.951 20
0.91 21
0.892 22
0.8 20
0.981 21
0.959 20
0.896 21
0.895 21
0.94 21
0.957 21
0.969 22
0.924 21
0.76 20
0.79 21
0.959 21
0.915 20
0.853 36
0.702 36
0.899 50
0.933 54
0.799 53
0.757 53
0.926 21
0.965 20
0.891 47
0.827 46
0.994 20
0.862 50
0.915 20
0.909 20
0.901 20
0.811 21
0.832 20
0.86 20
0.927 20
0.893 21
0.986 56
0.747 21
0.938 20
0.895 20
0.953 20
0.975 20
0.858 20
0.881 20
0.624 20
0.993 21
0.917 48
0.814 20
0.993 20
0.868 19
0.961 20
0.933 20
0.951 19
0.977 21
0.964 19
0.983 19
0.954 20
0.919 19
0.937 20
0.838 19
0.936 20
0.98 19
0.974 20
0.979 19
0.973 20
0.916 20
0.775 57
0.952 53
0.918 9
0.885 45
0.829 44
0.958 47
0.921 53
0.897 48
0.727 19
0.823 19
0.825 19
0.964 19
0.91 18
0.836 53
0.937 20
0.775 51
0.815 57
0.506 19
0.976 20
0.947 18
0.959 19
0.927 51
0.879 19
0.98 50
0.932 19
0.906 20
0.817 20
0.951 19
0.815 20
0.761 20
0.902 19
0.773 19
0.708 19
0.97 19
0.85 19
0.905 20
0.988 20
0.803 20
0.799 19
0.966 19
0.885 19
0.781 19
0.96 20
0.829 19
0.671 19
0.91 19
0.992 19
0.952 19
0.809 19
0.968 20
0.705 35
0.56 53
0.685 49
0.864 57
0.916 34
0.892 53
0.865 46
0.913 43
0.899 52
0.924 20
0.907 20
0.698 20
0.969 19
0.88 19
0.957 20
0.954 18
0.937 46
0.878 18
0.888 20
0.907 18
0.982 18
0.89 19
0.878 19
0.706 18
0.925 19
0.921 18
0.897 21
0.941 19
0.959 19
0.888 18
0.829 19
0.649 18
0.938 19
0.737 19
0.98 19
0.937 19
0.807 18
0.892 19
0.944 19
0.838 19
0.893 18
0.962 18
0.811 19
0.927 19
0.826 18
0.956 19
0.891 19
0.955 19
0.924 18
0.937 19
0.903 56
0.953 46
0.856 46
0.86 40
0.94 29
0.96 48
0.741 17
0.984 50
0.494 19
0.93 50
0.801 55
0.928 18
0.915 18
0.788 18
0.932 19
0.687 18
0.973 17
0.894 18
0.976 18
0.783 18
0.865 19
0.931 57
0.81 19
0.967 18
0.926 18
0.762 18
0.945 18
0.698 19
0.799 19
0.985 18
0.987 18
0.916 18
0.991 19
0.974 19
0.958 19
0.57 18
0.995 19
0.971 19
0.752 19
0.854 18
0.99 18
0.976 18
0.789 19
0.616 18
0.924 18
0.939 18
0.936 18
0.866 18
0.952 19
0.794 18
0.805 46
0.926 55
0.92 47
0.837 54
0.977 52
0.869 48
0.913 18
0.719 17
0.9 46
0.932 56
0.982 46
0.955 56
0.873 18
0.792 18
0.9 18
0.988 18
0.633 18
0.885 18
0.978 18
0.954 18
0.792 19
0.742 17
0.559 18
0.587 19
0.859 18
0.926 18
0.908 18
0.94 17
0.842 18
0.86 18
0.947 18
0.879 18
0.754 17
0.599 18
0.812 18
0.985 19
0.879 18
0.681 18
0.769 18
0.98 18
0.961 18
0.813 18
0.964 18
0.897 19
0.949 17
0.845 18
0.908 18
0.921 19
0.792 18
0.904 17
0.97 41
0.891 43
0.995 50
0.988 34
0.993 42
0.962 18
0.909 17
0.998 18
0.846 17
0.842 52
0.77 17
0.63 18
0.899 18
0.699 18
0.95 18
0.961 18
0.845 41
0.896 17
0.961 18
0.996 18
0.952 18
0.995 18
0.932 17
0.763 17
0.664 19
0.96 18
0.884 18
0.792 17
0.899 18
0.973 18
0.822 17
0.905 18
0.971 18
0.979 18
0.976 18
0.978 18
0.966 17
0.884 18
0.94 19
0.966 18
0.963 18
0.8 18
0.716 18
0.989 17
0.917 17
0.971 18
0.845 18
0.907 18
0.956 18
0.961 18
0.884 40
0.911 51
0.998 43
0.737 49
0.969 37
0.871 33
0.773 50
0.917 51
0.886 52
0.972 48
0.872 46
0.837 49
0.853 18
0.991 17
0.956 18
0.883 18
0.879 17
0.944 18
0.808 18
0.954 17
0.857 17
0.99 17
0.93 17
0.981 17
0.992 17
0.886 18
0.787 17
0.946 17
0.896 17
0.978 45
0.943 17
0.754 18
0.87 17
0.952 17
0.787 18
0.868 17
0.98 18
0.869 17
0.806 17
0.718 18
0.84 18
0.629 17
0.574 16
0.977 18
0.943 17
0.859 18
0.861 18
0.932 17
0.967 17
0.941 17
0.979 47
0.886 47
0.921 45
0.643 17
0.858 45
0.913 49
0.958 51
0.874 44
0.977 17
0.838 37
0.642 17
0.92 48
0.945 17
0.838 46
0.948 17
0.834 41
0.888 17
0.817 37
0.993 17
0.901 17
0.923 17
0.902 16
0.749 17
0.895 17
0.993 17
0.927 16
0.768 16
0.868 17
0.857 18
0.965 17
0.92 16
0.867 48
0.72 17
0.889 17
0.796 17
0.978 17
0.764 16
0.932 17
0.67 17
0.995 18
0.718 17
0.965 16
0.872 18
0.865 17
0.752 17
0.937 18
0.849 17
0.899 17
0.865 18
0.696 17
0.961 54
0.818 46
0.839 49
0.734 45
0.834 41
0.794 40
0.991 45
0.894 38
0.917 49
0.925 46
0.844 17
0.997 38
0.932 18
0.709 17
0.981 40
0.988 17
0.88 17
0.95 16
0.968 16
0.907 17
0.952 17
0.894 16
0.854 16
0.993 16
0.704 16
0.678 17
0.639 17
0.848 17
0.956 17
0.842 17
0.891 16
0.854 17
0.957 16
0.973 16
0.925 16
0.823 16
0.673 16
0.939 16
0.812 17
0.945 16
0.957 16
0.971 16
0.903 17
0.968 17
0.879 18
0.941 17
0.955 16
0.995 17
0.957 16
0.803 16
0.973 31
0.989 50
0.482 41
0.845 50
0.918 48
0.861 41
0.961 46
0.99 49
0.74 17
0.887 16
0.976 16
0.966 16
0.95 16
0.979 17
0.962 16
0.899 17
0.99 17
0.949 15
0.689 16
0.957 16
0.851 17
0.924 17
0.87 16
0.676 54
0.582 17
0.942 16
0.984 15
0.904 16
0.773 17
0.93 17
0.961 16
0.49 15
0.951 16
0.879 17
0.967 15
0.905 16
0.906 16
0.966 17
0.793 17
0.932 16
0.961 17
0.946 16
0.941 16
0.968 17
0.979 16
0.979 18
0.818 16
0.932 16
0.996 16
0.719 16
0.975 44
0.848 40
0.841 34
0.88 41
0.846 45
0.985 47
0.901 17
0.912 16
0.87 49
0.756 16
0.918 48
0.936 30
0.706 17
0.753 16
0.749 18
0.944 16
0.769 16
0.945 16
0.957 16
0.835 16
0.944 16
0.975 17
0.976 16
0.866 16
0.679 17
0.908 16
0.805 16
0.947 16
0.877 17
0.827 16
0.762 16
0.977 16
0.632 16
0.897 15
0.961 16
0.978 45
0.904 16
0.522 16
0.933 17
0.807 16
0.726 15
0.941 23
0.905 16
0.98 16
0.842 16
0.967 16
0.884 16
0.896 16
0.936 16
0.934 16
0.409 44
0.893 7
0.753 48
0.828 49
0.726 46
0.872 50
0.989 50
0.947 16
0.931 15
0.867 42
0.756 16
0.977 16
0.466 16
0.965 16
0.737 15
0.942 15
0.855 16
0.993 15
0.884 16
0.852 15
0.83 16
0.926 16
0.805 15
0.76 16
0.898 16
0.485 15
0.971 16
0.876 15
0.983 16
0.861 15
0.875 16
0.948 15
0.939 15
0.905 15
0.906 16
0.929 15
0.952 16
0.898 16
0.83 15
0.91 16
0.96 15
0.696 15
0.693 17
0.925 16
0.849 16
0.98 16
0.922 17
0.955 16
0.978 16
0.964 16
0.734 52
0.917 46
0.957 47
0.803 45
0.924 52
0.991 39
0.961 36
0.934 15
0.783 16
0.863 47
0.991 17
0.823 54
0.941 16
0.865 56
0.851 16
0.888 16
0.851 15
0.747 38
0.866 16
0.986 16
0.789 15
0.896 16
0.977 15
0.896 16
0.959 16
0.903 16
0.812 46
0.869 16
0.955 15
0.744 15
0.82 15
0.913 16
0.737 16
0.864 16
0.948 16
0.877 16
0.952 16
0.879 16
0.931 15
0.966 16
0.94 15
0.985 16
0.919 15
0.989 15
0.88 16
0.898 16
0.938 16
0.895 15
0.953 16
0.914 15
0.672 51
0.957 48
0.955 51
0.822 35
0.827 16
0.987 49
0.686 53
0.683 38
0.84 15
0.869 39
0.943 44
0.926 47
0.904 34
0.925 15
0.978 16
0.995 15
0.899 47
0.92 15
0.843 15
0.816 15
0.937 15
0.896 15
0.867 16
0.951 15
0.987 15
0.975 16
0.924 15
0.883 15
0.924 15
0.942 15
0.804 15
0.993 15
0.825 15
0.977 16
0.873 14
0.861 16
0.768 15
0.953 34
0.773 16
0.923 14
0.969 15
0.985 16
0.924 15
0.893 15
0.829 15
0.863 15
0.9 15
0.674 16
0.799 16
0.974 15
0.723 44
0.799 39
0.99 36
0.666 52
0.961 41
0.786 49
0.759 16
0.912 48
0.737 15
0.969 45
0.849 15
0.906 42
0.912 15
0.964 41
0.473 16
0.845 50
0.981 51
0.868 48
0.991 16
0.808 15
0.937 15
0.97 16
0.852 18
0.68 16
0.984 15
0.674 16
0.983 15
0.868 16
0.919 15
0.887 15
0.421 16
0.969 15
0.937 14
0.996 15
0.923 15
0.949 15
0.956 15
0.938 15
0.763 15
0.947 16
0.89 15
0.992 16
0.962 16
0.773 16
0.93 15
0.968 16
0.967 14
0.928 16
0.949 15
0.7 16
0.666 70
0.594 64
0.839 0
0.465 67
0.651 61
0.789 0
0.666 0
0.667 62
0.907 0
0.485 58
0.543 73
0.912 53
0.854 57
0.796 66
0.499 57
0.892 65
0.772 57
0.667 61
0.806 63
0.877 65
0.789 67
0.681 57
0.866 52
0.933 61
0.925 45
0.648 73
0.691 53
0.539 51
0.967 50
0.603 63
0.634 58
0.722 53
0.744 32
0.632 46
0.619 52
0.747 63
0.65 61
0.706 51
0.586 52
0.789 0
0.907 1
0.666 0
0.666 0
0.666 0
0.666 0
0.892 0
0.666 0
0.892 0
0.666 0
0.884 0
0.958 44
0.35 64
0.837 52
0.964 49
0.985 44
0.578 54
0.711 55
0.758 63
0.842 50
0.651 52
0.893 54
0.555 59
0.737 57
0.713 48
0.758 52
0.713 47
0.765 43
0.616 56
0.628 48
0.765 56
0.723 59
0.828 53
0.939 47
0.822 55
0.732 51
0.643 47
0.711 52
0.779 51
0.657 54
0.571 54
0.903 31
0.87 42
0.597 60
0.826 56
0.978 57
0.787 56
0.537 58
0.907 62
0.808 51
0.863 50
0.67 53
0.718 0
0.737 51
0.698 0
0.918 0
0.61 41
0.562 41
0.899 44
0.914 0
0.487 0
0.323 55
0.67 50
0.706 60
0.725 34
0.753 55
0.692 51
0.564 59
0.773 57
0.852 51
0.565 51
0.622 46
0.737 51
0.692 52
0.696 48
0.571 54
0.802 53
0.765 53
0.766 42
0.768 51
0.792 56
0.331 40
0.621 51
0.763 57
0.811 51
0.719 50
0.875 47
0.858 58
0.744 54
0.813 56
0.669 41
0.472 57
0.943 53
0.828 47
0.662 46
0.72 47
0.771 45
0.948 49
0.618 54
0.835 53
0.683 56
0.984 42
0.572 52
0.79 43
0.967 56
0.44 38
0.525 39
0.547 38
0.564 40
0.62 0
0.422 0
0.677 56
0.885 51
0.976 48
0.605 67
0.64 51
0.82 52
0.653 38
0.784 53
0.775 56
0.86 51
0.862 55
0.717 52
0.873 49
0.852 54
0.989 42
0.748 51
0.725 58
0.566 48
0.525 51
0.663 52
0.402 53
0.618 51
0.695 56
0.874 51
0.638 53
0.754 37
0.65 51
0.663 50
0.761 44
0.7 56
0.844 49
0.588 43
0.442 52
0.714 47
0.956 48
0.71 50
0.89 42
0.505 45
0.688 43
0.79 54
0.836 51
0.536 49
0.955 60
0.814 39
0.915 38
0.867 38
0.8 39
0.544 37
0.495 37
0.334 0
0.952 53
0.548 47
0.61 45
0.723 47
0.826 42
0.558 42
0.659 44
0.735 53
0.651 32
0.981 54
0.99 54
0.681 49
0.685 54
0.471 48
0.513 48
0.809 46
0.8 38
0.858 59
0.89 53
0.758 57
0.537 50
0.387 38
0.934 51
0.767 46
0.558 56
0.851 42
0.957 39
0.788 43
0.782 42
0.983 58
0.858 41
0.589 37
0.899 45
0.679 47
0.634 48
0.668 49
0.683 53
0.366 64
0.675 0
0.833 37
0.738 36
0.87 34
0.618 36
0.732 35
0.711 37
0.835 35
0.914 35
0.681 34
0.704 35
0.864 36
0.797 57
0.546 45
0.727 54
0.706 49
0.611 47
0.912 52
0.581 49
0.77 48
0.737 54
0.941 50
0.622 49
0.531 52
0.784 46
0.783 50
0.684 48
0.605 50
0.778 50
0.843 51
0.844 50
0.914 61
0.725 34
0.985 48
0.873 43
0.865 53
0.843 50
0.694 48
0.721 41
0.591 63
0.992 45
0.888 57
0.426 50
0.692 40
0.882 48
0.969 59
0.794 41
0.462 51
0.427 59
0.768 46
0.945 35
0.873 35
0.82 34
0.436 34
0.621 33
0.544 33
0.489 0
0.404 0
0.578 0
0.426 0
0.374 0
0.708 33
0.796 42
0.935 50
0.579 50
0.442 44
0.826 50
0.608 45
0.792 49
0.582 41
0.837 44
0.815 56
0.571 52
0.475 47
0.483 39
0.373 50
0.668 50
0.512 46
0.686 42
0.591 60
0.809 45
0.852 54
0.796 45
0.895 52
0.55 54
0.945 54
0.919 47
0.942 50
0.984 49
0.795 49
0.838 46
0.623 38
0.825 50
0.931 48
0.752 46
0.756 45
0.957 46
0.714 42
0.337 46
0.81 48
0.897 54
0.945 47
0.8 34
0.599 32
0.918 34
0.72 34
0.538 32
0.598 34
0.761 33
0.285 33
0.751 0
0.375 3
0.581 54
0.411 46
0.857 48
0.716 50
0.718 52
0.44 55
0.874 49
0.556 44
0.803 33
0.882 46
0.921 45
0.71 41
0.969 48
0.793 51
0.694 46
0.75 47
0.68 37
0.842 46
0.759 55
0.706 39
0.878 42
0.651 43
0.967 50
0.995 53
0.749 54
0.867 43
0.644 46
0.868 42
0.871 56
0.84 45
0.719 47
0.454 51
0.484 41
0.73 46
0.985 58
0.58 47
0.491 43
0.892 43
0.773 49
0.713 51
0.68 44
0.825 46
0.843 48
0.288 30
0.664 30
0.706 31
0.595 0
0.544 0
0.559 31
0.72 33
0.613 54
0.666 45
0.697 51
0.985 47
0.566 48
0.913 54
0.747 39
0.619 40
0.737 45
0.928 50
0.709 38
0.878 53
0.765 48
0.452 40
0.314 47
0.722 41
0.955 40
0.362 53
0.321 43
0.756 44
0.65 42
0.937 47
0.744 35
0.727 41
0.415 18
0.719 40
0.568 44
0.799 57
0.943 41
0.963 50
0.84 47
0.942 36
0.603 37
0.936 47
0.687 39
0.881 46
0.927 51
0.903 45
0.871 0
0.929 32
0.419 0
0.555 61
0.869 0
0.799 0
0.842 0
0.755 0
0.502 0
0.698 0
0.511 0
0.334 30
0.957 47
0.385 50
0.961 57
0.777 47
0.841 48
0.61 43
0.852 48
0.583 41
0.728 47
0.66 45
0.301 38
0.6 42
0.97 54
0.61 41
0.57 48
0.638 39
0.977 39
0.632 40
0.647 43
0.781 46
0.836 55
0.963 45
0.533 47
0.607 36
0.811 47
0.781 49
0.961 38
0.592 39
0.93 45
0.804 44
0.697 46
0.769 47
0.571 46
0.962 57
0.655 55
0.632 44
0.644 41
0.914 55
0.643 29
0.786 29
0.944 47
0.695 31
0.862 31
0.553 30
0.583 29
0.932 31
0.518 30
0.652 29
0.423 30
0.574 0
0.956 50
0.706 52
0.947 47
0.713 46
0.648 47
0.846 47
0.726 49
0.779 46
0.748 46
0.309 44
0.507 45
0.581 40
0.808 45
0.774 46
0.804 55
0.707 38
0.749 47
0.992 37
0.663 50
0.575 38
0.831 36
0.575 51
0.97 49
0.526 48
0.376 45
0.555 45
0.869 44
0.733 51
0.755 50
0.43 56
0.269 39
0.895 55
0.822 20
0.863 33
0.819 27
0.664 0
0.613 29
0.993 46
0.368 0
0.664 28
0.377 27
0.931 0
0.679 29
0.767 0
0.703 31
0.844 31
0.857 30
0.713 29
0.705 28
0.394 29
0.885 40
0.836 51
0.644 48
0.729 38
0.476 40
0.955 0
0.292 30
0.363 42
0.712 46
0.964 51
0.808 42
0.904 48
0.882 35
0.72 51
0.903 49
0.864 45
0.693 39
0.719 44
0.931 46
0.602 47
0.641 60
0.979 53
0.943 56
0.553 42
0.776 50
0.677 45
0.6 48
0.979 50
0.811 52
0.874 41
0.716 55
0.781 45
0.587 41
0.349 47
0.582 38
0.338 28
0.97 27
0.912 30
0.525 29
0.633 28
0.82 28
0.476 28
0.545 29
0.806 30
0.383 29
0.521 30
0.76 28
0.658 29
0.545 28
0.803 28
0.467 17
0.803 49
0.499 43
0.727 48
0.857 44
0.871 48
0.939 52
0.995 48
0.789 47
0.958 49
0.879 46
0.452 43
0.728 47
0.993 53
0.851 50
0.746 42
0.962 44
0.755 39
0.967 42
0.833 48
0.884 52
0.669 37
0.59 55
0.976 48
0.789 49
0.74 50
0.871 44
0.828 34
0.468 51
0.78 21
0.79 44
0.896 43
0.897 56
0.537 56
0.659 54
0.62 60
0.503 27
0.641 60
0.441 29
0.925 28
0.599 29
0.855 29
0.858 29
0.359 29
0.437 28
0.948 28
0.561 27
0.533 28
0.849 29
0.543 27
0.865 51
0.69 43
0.55 46
0.564 48
0.734 41
0.892 43
0.646 46
0.891 44
0.781 48
0.888 47
0.441 37
0.872 35
0.756 56
0.66 44
0.754 43
0.812 38
0.911 45
0.821 38
0.913 44
0.969 48
0.713 49
0.437 47
0.951 41
0.94 37
0.999 43
0.91 51
0.78 21
0.696 36
0.688 42
0.785 49
0.966 46
0.849 61
0.622 26
0.58 26
0.692 28
0.55 27
0.809 28
0.424 28
0.644 27
0.43 27
0.658 28
0.546 28
0.421 28
0.534 28
0.517 27
0.639 28
0.559 28
0.803 27
0.429 27
0.528 28
0.583 43
0.759 53
0.876 0
0.541 51
0.904 0
0.714 0
0.5 41
0.672 50
0.933 0
0.911 0
0.946 49
0.857 39
0.8 39
0.642 43
0.963 54
0.756 49
0.719 44
0.931 35
0.95 50
0.896 45
0.729 50
0.54 37
0.796 38
0.917 45
0.516 56
0.781 50
0.934 50
0.753 40
0.823 39
0.877 45
0.92 25
0.852 45
0.913 51
0.299 57
0.246 28
0.336 54
0.672 26
0.946 26
0.44 26
0.594 27
0.438 27
0.651 27
0.583 27
0.938 28
0.602 26
0.692 25
0.537 28
0.743 27
0.496 27
0.502 28
0.56 48
0.847 48
0.67 41
0.755 47
0.676 36
0.829 43
0.579 43
0.795 45
0.821 48
0.562 49
0.943 41
0.579 41
0.927 50
0.465 45
0.955 45
0.867 51
0.985 41
0.779 44
0.702 33
0.993 43
0.875 44
0.852 43
0.772 46
0.894 30
0.589 57
0.496 41
0.956 41
0.395 57
0.703 43
0.704 27
0.507 28
0.4 27
0.679 27
0.492 28
0.317 27
0.478 28
0.948 18
0.417 26
0.939 28
0.645 27
0.51 26
0.673 26
0.547 27
0.454 27
0.575 27
0.678 26
0.518 26
0.807 27
0.664 27
0.258 26
0.347 36
0.593 23
0.663 41
0.546 40
0.942 47
0.455 38
0.589 42
0.764 41
0.67 38
0.993 40
0.918 48
0.707 42
0.706 39
0.805 38
0.921 39
0.924 46
0.675 43
0.799 34
0.807 45
0.888 45
0.604 43
0.84 41
0.803 45
0.805 42
0.902 53
0.909 39
0.786 41
0.777 38
0.859 28
0.537 44
0.981 44
0.668 54
0.412 26
0.412 27
0.989 26
0.563 26
0.627 26
0.602 27
0.933 26
0.572 25
0.741 26
0.504 28
0.553 27
0.423 26
0.458 26
0.42 27
0.748 27
0.454 27
0.511 27
0.385 27
0.699 46
0.701 37
0.606 15
0.62 50
0.689 47
0.737 50
0.573 43
0.557 40
0.79 48
0.772 39
0.773 42
0.915 35
0.941 46
0.914 44
0.641 53
0.947 37
0.624 38
0.42 43
0.917 44
0.657 48
0.626 45
0.759 38
0.877 54
0.775 42
0.868 46
0.287 44
0.819 44
0.923 49
0.684 22
0.88 24
0.755 22
0.574 57
0.595 25
0.922 23
0.607 55
0.57 26
0.453 26
0.634 26
0.426 27
0.617 26
0.489 25
0.49 24
0.466 26
0.7 26
0.44 26
0.559 27
0.454 26
0.653 27
0.315 27
0.487 26
0.559 55
0.878 33
0.934 49
0.313 44
0.655 46
0.685 42
0.746 35
0.948 27
0.833 44
0.78 46
0.834 47
0.681 46
0.556 37
0.878 51
0.572 37
0.794 39
0.642 39
0.892 43
0.877 47
0.639 42
0.951 42
0.67 43
0.791 39
0.911 0
0.97 0
0.958 0
0.77 0
0.698 18
0.917 0
0.961 0
0.91 0
0.9 0
0.69 0
0.631 25
0.594 25
0.672 24
0.522 24
0.732 25
0.542 26
0.512 26
0.591 25
0.627 25
0.438 26
0.518 25
0.638 25
0.713 25
0.76 26
0.7 25
0.571 27
0.416 27
0.675 50
0.776 48
0.735 39
0.98 43
0.779 44
0.647 49
0.822 32
0.892 45
0.934 45
0.884 42
0.985 51
0.633 35
0.545 40
0.942 49
0.589 43
0.953 46
0.833 44
0.955 40
0.665 39
0.868 41
0.984 42
0.956 38
0.974 45
0.78 50
0.934 49
0.664 48
0.986 48
0.742 41
0.78 24
0.552 24
0.748 45
0.988 24
0.473 24
0.623 25
0.541 25
0.552 24
0.628 25
0.45 24
0.383 25
0.536 25
0.634 26
0.703 25
0.342 25
0.683 25
0.513 26
0.82 25
0.647 26
0.913 26
0.6 25
0.629 25
0.666 70
0.594 64
0.839 0
0.667 62
0.465 67
0.789 0
0.666 0
0.651 61
0.907 0
0.543 73
0.912 53
0.485 58
0.796 66
0.806 63
0.772 57
0.499 57
0.892 65
0.877 65
0.667 61
0.789 67
0.681 57
0.648 73
0.539 51
0.925 45
0.866 52
0.691 53
0.967 50
0.657 54
0.619 52
0.65 61
0.722 53
0.632 46
0.603 63
0.634 58
0.586 52
0.933 61
0.747 63
0.744 32
0.706 51
0.789 0
0.666 0
0.666 0
0.907 1
0.892 0
0.666 0
0.666 0
0.666 0
0.666 0
0.892 0
0.884 0
0.35 64
0.958 44
0.67 50
0.737 57
0.985 44
0.837 52
0.711 55
0.555 59
0.893 54
0.651 52
0.692 51
0.964 49
0.713 48
0.758 63
0.331 40
0.578 54
0.792 56
0.758 52
0.765 56
0.765 43
0.719 50
0.713 47
0.628 48
0.723 59
0.87 42
0.939 47
0.616 56
0.842 50
0.732 51
0.903 31
0.779 51
0.978 57
0.711 52
0.643 47
0.597 60
0.828 53
0.472 57
0.571 54
0.826 56
0.907 62
0.787 56
0.618 54
0.863 50
0.808 51
0.67 53
0.822 55
0.683 56
0.737 51
0.698 0
0.918 0
0.677 56
0.323 55
0.753 55
0.885 51
0.725 34
0.706 60
0.773 57
0.852 51
0.737 51
0.564 59
0.622 46
0.802 53
0.82 52
0.692 52
0.571 54
0.565 51
0.765 53
0.696 48
0.784 53
0.768 51
0.763 57
0.862 55
0.811 51
0.86 51
0.621 51
0.766 42
0.717 52
0.875 47
0.858 58
0.669 41
0.618 51
0.943 53
0.813 56
0.761 44
0.744 54
0.402 53
0.828 47
0.662 46
0.7 56
0.771 45
0.948 49
0.72 47
0.835 53
0.89 42
0.79 54
0.984 42
0.695 56
0.79 43
0.967 56
0.536 49
0.735 53
0.61 45
0.976 48
0.723 47
0.826 42
0.685 54
0.659 44
0.981 54
0.681 49
0.653 38
0.873 49
0.64 51
0.8 38
0.775 56
0.758 57
0.852 54
0.513 48
0.471 48
0.989 42
0.725 58
0.748 51
0.566 48
0.858 59
0.788 43
0.957 39
0.663 52
0.537 50
0.663 50
0.525 51
0.387 38
0.782 42
0.558 56
0.858 41
0.844 49
0.874 51
0.983 58
0.638 53
0.754 37
0.65 51
0.679 47
0.588 43
0.956 48
0.714 47
0.71 50
0.634 48
0.688 43
0.442 52
0.505 45
0.683 53
0.836 51
0.797 57
0.546 45
0.952 53
0.548 47
0.912 52
0.706 49
0.611 47
0.727 54
0.558 42
0.99 54
0.651 32
0.608 45
0.809 46
0.77 48
0.783 50
0.737 54
0.941 50
0.684 48
0.622 49
0.581 49
0.914 61
0.605 50
0.531 52
0.934 51
0.851 42
0.784 46
0.89 53
0.767 46
0.844 50
0.843 51
0.725 34
0.778 50
0.985 48
0.589 37
0.873 43
0.721 41
0.852 54
0.899 45
0.843 50
0.888 57
0.992 45
0.865 53
0.694 48
0.692 40
0.668 49
0.882 48
0.794 41
0.675 0
0.768 46
0.462 51
0.579 50
0.796 42
0.935 50
0.442 44
0.857 48
0.826 50
0.694 46
0.815 56
0.582 41
0.874 49
0.792 49
0.71 41
0.969 48
0.475 47
0.571 52
0.483 39
0.837 44
0.706 39
0.809 45
0.825 50
0.512 46
0.686 42
0.668 50
0.373 50
0.796 45
0.591 60
0.895 52
0.967 50
0.795 49
0.984 49
0.919 47
0.55 54
0.623 38
0.752 46
0.985 58
0.871 56
0.756 45
0.945 54
0.838 46
0.931 48
0.337 46
0.73 46
0.491 43
0.957 46
0.714 42
0.81 48
0.897 54
0.942 50
0.945 47
0.544 0
0.411 46
0.581 54
0.716 50
0.737 45
0.44 55
0.556 44
0.882 46
0.709 38
0.803 33
0.985 47
0.921 45
0.566 48
0.793 51
0.842 46
0.913 54
0.68 37
0.995 53
0.878 53
0.75 47
0.765 48
0.759 55
0.314 47
0.749 54
0.878 42
0.868 42
0.867 43
0.651 43
0.644 46
0.321 43
0.568 44
0.84 45
0.727 41
0.719 47
0.454 51
0.484 41
0.713 51
0.58 47
0.84 47
0.936 47
0.942 36
0.825 46
0.892 43
0.68 44
0.773 49
0.843 48
0.419 0
0.595 0
0.869 0
0.502 0
0.698 0
0.613 54
0.385 50
0.961 57
0.697 51
0.777 47
0.666 45
0.841 48
0.619 40
0.961 38
0.747 39
0.928 50
0.943 41
0.301 38
0.722 41
0.61 43
0.66 45
0.452 40
0.977 39
0.6 42
0.583 41
0.61 41
0.781 46
0.955 40
0.781 49
0.963 45
0.607 36
0.65 42
0.756 44
0.533 47
0.799 57
0.937 47
0.744 35
0.719 40
0.603 37
0.804 44
0.963 50
0.93 45
0.632 44
0.571 46
0.927 51
0.687 39
0.655 55
0.881 46
0.903 45
0.871 0
0.944 47
0.799 0
0.755 0
0.842 0
0.511 0
0.706 52
0.956 50
0.957 47
0.947 47
0.713 46
0.648 47
0.846 47
0.726 49
0.748 46
0.779 46
0.309 44
0.507 45
0.774 46
0.97 54
0.852 48
0.57 48
0.707 38
0.581 40
0.638 39
0.728 47
0.804 55
0.749 47
0.663 50
0.632 40
0.808 45
0.992 37
0.836 55
0.831 36
0.647 43
0.811 47
0.575 38
0.97 49
0.555 45
0.526 48
0.677 45
0.575 51
0.697 46
0.592 39
0.376 45
0.733 51
0.869 44
0.755 50
0.769 47
0.863 33
0.664 0
0.993 46
0.644 41
0.368 0
0.819 27
0.822 20
0.885 40
0.476 40
0.955 0
0.729 38
0.644 48
0.857 44
0.836 51
0.292 30
0.499 43
0.871 48
0.363 42
0.995 48
0.939 52
0.712 46
0.808 42
0.964 51
0.693 39
0.72 51
0.879 46
0.903 49
0.882 35
0.789 47
0.851 50
0.943 56
0.931 46
0.904 48
0.719 44
0.993 53
0.452 43
0.553 42
0.59 55
0.755 39
0.669 37
0.602 47
0.884 52
0.979 53
0.789 49
0.776 50
0.976 48
0.874 41
0.864 45
0.587 41
0.468 51
0.781 45
0.979 50
0.349 47
0.582 38
0.811 52
0.6 48
0.97 27
0.564 48
0.69 43
0.55 46
0.803 49
0.734 41
0.672 50
0.865 51
0.646 46
0.892 43
0.891 44
0.781 48
0.756 56
0.888 47
0.727 48
0.441 37
0.958 49
0.872 35
0.963 54
0.911 45
0.95 50
0.66 44
0.812 38
0.754 43
0.821 38
0.796 38
0.728 47
0.967 42
0.962 44
0.746 42
0.913 44
0.73 44
0.828 34
0.833 48
0.713 49
0.94 37
0.437 47
0.871 44
0.951 41
0.74 50
0.999 43
0.823 39
0.91 51
0.79 44
0.696 36
0.78 21
0.896 43
0.688 42
0.966 46
0.969 48
0.785 49
0.583 43
0.759 53
0.876 0
0.56 48
0.541 51
0.904 0
0.714 0
0.847 48
0.5 41
0.911 0
0.933 0
0.755 47
0.946 49
0.676 36
0.8 39
0.795 45
0.857 39
0.729 50
0.579 43
0.931 35
0.642 43
0.54 37
0.821 48
0.943 41
0.927 50
0.955 45
0.896 45
0.756 49
0.562 49
0.465 45
0.579 41
0.719 44
0.702 33
0.934 50
0.985 41
0.781 50
0.852 43
0.993 43
0.496 41
0.753 40
0.875 44
0.772 46
0.852 45
0.894 30
0.877 45
0.703 43
0.913 51
0.672 26
0.946 26
0.948 18
0.593 23
0.699 46
0.347 36
0.67 41
0.546 40
0.942 47
0.829 43
0.67 38
0.918 48
0.455 38
0.993 40
0.573 43
0.589 42
0.915 35
0.764 41
0.805 38
0.706 39
0.707 42
0.675 43
0.902 53
0.799 34
0.663 41
0.921 39
0.62 50
0.641 53
0.917 44
0.867 51
0.924 46
0.914 44
0.84 41
0.888 45
0.807 45
0.759 38
0.779 44
0.805 42
0.604 43
0.803 45
0.624 38
0.777 38
0.775 42
0.909 39
0.877 54
0.956 41
0.819 44
0.941 46
0.786 41
0.923 49
0.981 44
0.859 28
0.933 26
0.934 49
0.878 33
0.313 44
0.606 15
0.655 46
0.689 47
0.685 42
0.746 35
0.948 27
0.772 39
0.833 44
0.737 50
0.78 46
0.878 51
0.834 47
0.681 46
0.556 37
0.557 40
0.572 37
0.794 39
0.79 48
0.42 43
0.773 42
0.947 37
0.892 43
0.642 39
0.626 45
0.657 48
0.639 42
0.67 43
0.877 47
0.951 42
0.868 46
0.791 39
0.97 0
0.911 0
0.684 22
0.78 24
0.958 0
0.961 0
0.77 0
0.917 0
0.9 0
0.755 22
0.69 0
0.922 23
0.974 45
0.91 0
0.88 24
0.698 18
0.684 46
0.754 40
0.718 42
0.578 38
0.675 50
0.98 43
0.776 48
0.822 32
0.934 45
0.647 49
0.544 44
0.735 39
0.892 45
0.712 40
0.683 34
0.82 39
0.91 34
0.584 52
0.964 46
0.942 49
0.685 54
0.924 44
0.633 35
0.953 46
0.865 41
0.884 42
0.985 51
0.867 42
0.545 40
0.833 44
0.83 48
0.511 0
0.955 40
0.779 44
0.665 39
0.868 41
0.743 32
0.956 38
0.589 43
0.828 33
0.78 50
0.984 42
0.664 48
0.659 45
0.971 29
0.934 49
0.986 48
0.97 40
0.742 41
0.988 24
0.38 48
0.65 41
0.746 51
0.438 37
0.285 40
0.526 50
0.759 46
0.681 46
0.878 36
0.543 39
0.509 50
0.954 33
0.885 40
0.558 26
0.745 43
0.738 40
0.995 41
0.564 30
0.908 45
0.739 51
0.915 40
0.731 33
0.84 47
0.725 48
0.966 54
0.938 41
0.761 45
0.684 35
0.678 37
0.73 38
0.754 32
0.731 38
0.441 38
0.951 43
0.983 36
0.872 41
0.938 44
0.722 33
0.364 36
0.663 45
0.746 41
0.816 46
0.572 36
0.852 42
0.74 48
0.588 46
0.499 45
0.677 38
0.92 39
0.665 34
0.877 40
0.664 51
0.708 45
0.668 47
0.742 37
0.798 46
0.58 44
0.679 40
0.777 34
0.953 44
0.756 38
0.782 47
0.788 41
0.8 38
0.695 41
0.607 35
0.871 31
0.791 45
0.872 35
0.92 38
0.751 46
0.477 41
0.755 45
0.809 45
0.861 39
0.586 48
0.773 42
0.777 39
0.968 42
0.596 49
0.724 40
0.742 48
0.953 39
0.95 50
0.653 34
0.637 38
0.951 23
0.602 37
0.465 35
0.629 38
0.757 44
0.954 47
0.908 46
0.92 42
0.825 41
0.723 44
0.64 45
0.955 46
0.949 42
0.775 39
0.816 35
0.668 36
0.875 54
0.801 43
0.831 41
0.642 47
0.571 38
0.612 33
0.576 56
0.903 41
0.56 36
0.753 43
0.945 33
0.721 33
0.761 35
0.87 45
0.979 36
0.915 44
0.97 37
0.616 34
0.969 48
0.906 42
0.94 51
0.935 37
0.69 41
0.428 40
0.639 39
0.942 43
0.653 36
0.836 35
0.727 38
0.483 30
0.716 42
0.918 40
0.506 34
0.922 43
0.88 36
0.802 54
0.755 35
0.955 38
0.929 42
0.47 35
0.739 24
0.92 42
0.969 29
0.734 42
0.935 22
0.927 23
0.93 23
0.7 23
0.667 35
0.914 26
0.762 37
0.583 31
0.682 34
0.91 38
0.882 27
0.82 43
0.498 37
0.79 27
0.672 41
0.964 42
0.837 33
0.94 43
0.835 31
0.969 40
0.943 51
0.835 34
0.592 39
0.677 43
0.903 45
0.425 34
0.506 35
0.956 43
0.937 39
0.87 45
0.564 42
0.834 40
0.839 36
0.611 44
0.977 42
0.807 29
0.741 40
0.707 37
0.87 36
0.914 36
0.899 45
0.747 39
0.717 24
0.767 39
0.924 51
0.622 22
0.983 47
0.658 42
0.73 41
0.747 41
0.993 23
0.755 22
0.664 22
0.814 48
0.68 45
0.454 37
0.639 37
0.835 43
0.761 38
0.8 50
0.742 49
0.825 41
0.439 40
0.853 33
0.676 37
0.857 38
0.835 38
0.78 38
0.917 42
0.875 41
0.849 33
0.886 45
0.864 38
0.964 44
0.958 45
0.993 42
0.842 0
0.965 45
0.659 41
0.672 38
0.565 30
0.96 43
0.785 38
0.705 43
0.88 51
0.953 43
0.675 40
0.885 36
0.737 31
0.737 35
0.65 40
0.85 40
0.893 41
0.64 44
0.816 0
0.933 45
0.991 40
0.943 42
0.975 35
0.992 39
0.812 36
0.857 41
0.975 22
0.416 21
0.524 84
0.716 84
0.597 79
0.965 98
0.667 68
0.692 73
0.817 67
0.341 68
0.449 66
0.88 79
0.835 86
0.635 85
0.73 75
0.892 69
0.717 3
0.752 65
0.965 13
0.965 2
0.713 0
0.713 0
0.713 2
0.717 0
0.802 0
0.883 0
0.726 3
0.713 0
0.883 1
0.965 0
0.713 0
0.883 2
0.965 0
0.965 0
0.726 4
0.8 0
0.713 1
0.66 0
0.713 0
0.713 1
0.713 0
0.883 3
0.713 2
0.747 0
0.713 0
0.726 0
0.713 0
0.713 0
0.81 0
0.883 0
0.931 0
0.883 0
0.345 63
0.412 63
0.738 85
0.792 83
0.533 77
0.696 75
0.543 73
0.801 76
0.519 79
0.783 85
0.511 75
0.593 63
0.869 80
0.56 62
0.837 75
0.921 61
0.68 62
0.725 0
0.841 0
0.841 1
0.744 0
0.841 3
0.841 0
0.841 1
0.841 0
0.841 0
0.763 0
0.841 1
0.841 0
0.763 0
0.841 0
0.763 0
0.841 0
0.841 0
0.62 0
0.62 0
0.763 0
0.792 1
0.792 0
0.763 0
0.763 0
0.763 0
0.62 4
0.787 1
0.787 0
0.787 0
0.62 1
0.62 0
0.747 0
0.842 0
0.727 58
0.761 81
0.774 87
0.639 59
0.768 74
0.633 77
0.659 83
0.809 73
0.435 60
0.787 75
0.879 59
0.837 77
0.741 80
0.658 74
0.763 86
0.66 73
0.798 70
0.763 75
0.801 73
0.744 0
0.797 87
0.823 0
0.826 70
0.636 88
0.837 0
0.792 0
0.857 5
0.823 1
0.88 3
0.792 5
0.823 0
0.792 1
0.792 0
0.792 1
0.792 1
0.645 0
0.807 1
0.873 0
0.823 0
0.807 0
0.544 57
0.807 0
0.695 0
0.755 0
0.807 0
0.823 2
0.79 0
0.807 0
0.612 0
0.844 0
0.586 70
0.525 83
0.798 58
0.857 56
0.54 78
0.657 80
0.465 67
0.821 57
0.734 58
0.622 59
0.787 80
0.736 81
0.836 67
0.817 5
0.823 0
0.896 80
0.791 0
0.605 76
0.791 2
0.787 63
0.801 0
0.714 0
0.666 0
0.807 1
0.813 3
0.714 0
0.714 0
0.714 1
0.714 0
0.672 3
0.75 0
0.807 0
0.75 0
0.807 0
0.642 0
0.73 72
0.648 1
0.801 0
0.724 0
0.816 4
0.714 0
0.648 2
0.801 0
0.801 0
0.801 0
0.802 0
0.823 0
0.807 0
0.813 0
0.804 0
0.695 76
0.781 74
0.963 56
0.644 69
0.622 76
0.649 75
0.643 56
0.953 73
0.712 78
0.846 72
0.817 55
0.571 73
0.629 75
0.892 63
0.794 74
0.747 76
0.723 74
0.789 69
0.858 78
0.608 74
0.565 75
0.917 0
0.7 67
0.861 63
0.73 0
0.715 0
0.786 69
0.715 0
0.65 61
0.73 0
0.64 0
0.681 0
0.715 0
0.801 1
0.757 0
0.801 5
0.856 1
0.757 0
0.715 0
0.644 64
0.801 1
0.757 2
0.886 0
0.886 0
0.802 2
0.886 0
0.858 1
0.694 0
0.801 0
0.801 0
0.526 78
0.558 54
0.587 53
0.676 54
0.585 80
0.659 3
0.517 52
0.947 55
0.785 71
0.777 0
0.777 0
0.864 0
0.738 0
0.655 3
0.691 0
0.655 1
0.728 0
0.748 0
0.864 0
0.86 0
0.886 0
0.86 5
0.913 0
0.86 2
0.849 0
0.728 0
0.728 0
0.86 0
0.86 0
0.86 0
0.748 0
0.828 0
0.78 0
0.86 0
0.83 0
0.781 0
0.86 0
0.781 0
0.83 0
0.781 0
0.83 1
0.781 0
0.86 0
0.83 0
0.855 0
0.83 0
0.617 0
0.78 0
0.83 0
0.86 0
0.62 82
0.505 52
0.836 77
0.406 52
0.718 52
0.787 84
0.725 69
0.628 69
0.861 76
0.768 63
0.881 77
0.947 54
0.783 71
0.937 65
0.72 0
0.486 71
0.886 80
0.603 0
0.767 4
0.856 0
0.738 0
0.701 0
0.527 0
0.715 0
0.856 3
0.767 1
0.527 1
0.527 0
0.744 0
0.767 6
0.854 0
0.527 0
0.849 0
0.856 0
0.72 0
0.767 0
0.727 0
0.856 0
0.828 0
0.72 0
0.744 1
0.828 0
0.727 1
0.874 0
0.744 0
0.727 0
0.744 0
0.727 0
0.874 0
0.874 0
0.695 76
0.65 68
0.84 80
0.751 81
0.72 78
0.625 52
0.52 67
0.758 74
0.575 75
0.987 0
0.565 0
0.884 63
0.864 66
0.636 71
0.781 75
0.586 85
0.648 63
0.781 0
0.949 64
0.924 0
0.771 64
0.924 0
0.781 2
0.623 0
0.771 1
0.623 0
0.623 3
0.664 65
0.657 1
0.7 63
0.657 0
0.784 79
0.657 0
0.856 1
0.856 0
0.738 0
0.792 1
0.864 0
0.874 0
0.792 5
0.874 0
0.856 0
0.792 0
0.863 0
0.792 0
0.743 0
0.863 0
0.863 0
0.757 0
0.757 0
0.757 66
0.435 50
0.9 52
0.719 69
0.941 0
0.634 77
0.374 51
0.982 0
0.619 0
0.619 0
0.489 50
0.696 57
0.736 2
0.833 81
0.586 74
0.847 0
0.847 0
0.764 0
0.507 0
0.764 0
0.764 0
0.666 0
0.764 0
0.666 0
0.666 0
0.666 0
0.764 0
0.863 0
0.571 0
0.666 0
0.72 57
0.863 0
0.759 4
0.624 0
0.764 0
0.666 0
0.764 1
0.764 0
0.863 0
0.658 1
0.622 5
0.764 0
0.863 0
0.863 0
0.648 0
0.764 0
0.737 0
0.759 1
0.848 0
0.833 0
0.627 77
0.699 65
0.695 69
0.899 68
0.714 50
0.836 66
0.651 61
0.821 82
0.841 84
0.779 60
0.898 69
0.777 71
0.945 68
0.85 67
0.845 66
0.742 63
0.767 85
0.822 2
0.845 2
0.618 48
0.845 0
0.788 68
0.69 0
0.907 1
0.804 0
0.789 0
0.892 0
0.892 0
0.804 0
0.658 0
0.884 0
0.85 0
0.804 0
0.833 0
0.841 1
0.815 0
0.901 0
0.841 0
0.923 3
0.851 1
0.898 0
0.898 0
0.841 0
0.898 0
0.923 0
0.833 0
0.658 1
0.818 0
0.903 0
0.923 0
0.802 74
0.934 71
0.561 48
0.939 68
0.644 48
0.869 46
0.577 69
0.764 75
0.833 70
0.734 65
0.646 63
0.829 49
0.977 61
0.954 48
0.595 79
0.732 74
0.733 60
0.666 57
0.77 79
0.877 67
0.906 66
0.839 65
0.78 77
0.685 49
0.985 55
0.684 63
0.737 64
0.889 79
0.799 71
0.898 67
0.705 73
0.871 2
0.713 85
0.756 1
0.697 70
0.871 0
0.814 56
0.756 1
0.846 0
0.533 52
0.871 0
0.806 0
0.806 0
0.771 0
0.806 1
0.787 74
0.929 1
0.774 57
0.929 0
0.771 0
0.557 82
0.693 69
0.805 75
0.732 66
0.687 48
0.575 72
0.942 76
0.484 48
0.916 77
0.819 59
0.586 68
0.86 75
0.874 80
0.666 47
0.645 72
0.866 51
0.667 67
0.645 60
0.682 47
0.859 50
0.476 47
0.496 47
0.862 82
0.625 74
0.781 54
0.744 66
0.676 58
0.796 57
0.499 47
0.72 49
0.684 59
0.64 72
0.739 69
0.689 61
0.579 47
0.89 59
0.861 56
0.596 55
0.73 46
0.867 68
0.849 70
0.875 68
0.609 0
0.719 60
0.609 0
0.609 0
0.609 0
0.622 66
0.797 79
0.796 0
0.655 55
0.634 46
0.63 62
0.911 66
0.61 75
0.764 63
0.84 69
0.659 59
0.452 47
0.906 70
0.738 79
0.466 53
0.846 46
0.508 46
0.711 64
0.846 69
0.782 69
0.875 0
0.866 57
0.875 0
0.875 0
0.875 0
0.84 0
0.84 0
0.812 0
0.812 0
0.88 53
0.759 56
0.879 0
0.609 0
0.609 0
0.609 0
0.609 0
0.609 0
0.609 0
0.609 2
0.609 0
0.717 67
0.812 0
0.879 0
0.621 65
0.812 0
0.864 1
0.847 0
0.77 0
0.88 0
0.88 0
0.88 0
0.717 0
0.853 0
0.552 67
0.834 72
0.781 75
0.594 64
0.932 63
0.831 58
0.693 66
0.725 67
0.592 65
0.782 76
0.738 68
0.75 64
0.72 57
0.651 63
0.558 51
0.892 46
0.817 46
0.648 65
0.687 60
0.632 45
0.881 66
0.823 58
0.992 53
0.564 61
0.772 57
0.594 54
0.575 69
0.662 69
0.932 61
0.689 55
0.748 72
0.804 65
0.807 56
0.648 73
0.737 75
0.838 64
0.678 60
0.956 61
0.713 76
0.791 61
0.782 83
0.757 61
0.69 68
0.898 58
0.729 74
0.694 58
0.855 75
0.775 0
0.894 0
0.865 2
0.644 71
0.765 81
0.799 73
0.744 77
0.837 74
0.666 70
0.92 65
0.742 65
0.635 75
0.715 76
0.642 63
0.689 64
0.546 63
0.678 65
0.44 45
0.613 61
0.499 43
0.745 42
0.656 63
0.931 70
0.626 47
0.688 70
0.817 72
0.699 67
0.757 65
0.376 43
0.792 61
0.823 60
0.759 55
0.766 72
0.915 67
0.578 73
0.514 67
0.426 72
0.598 44
0.672 1
0.878 54
0.729 59
0.672 0
0.642 65
0.882 0
0.882 0
0.882 0
0.882 1
0.649 60
0.642 73
0.732 0
0.798 0
0.829 0
0.834 0
0.449 61
0.687 62
0.707 67
0.503 58
0.583 54
0.822 73
0.67 74
0.576 43
0.786 73
0.518 62
0.642 63
0.883 73
0.815 76
0.752 59
0.895 75
0.82 58
0.964 57
0.921 70
0.71 65
0.738 69
0.624 71
0.855 76
0.648 55
0.747 67
0.972 71
0.607 61
0.843 46
0.688 49
0.749 44
0.672 1
0.672 0
0.725 0
0.876 73
0.726 0
0.716 42
0.489 72
0.635 63
0.813 66
0.724 0
0.724 0
0.733 66
0.798 1
0.774 0
0.804 2
0.771 0
0.717 0
0.816 73
0.86 64
0.798 0
0.87 0
0.659 56
0.666 0
0.936 47
0.667 62
0.762 43
0.651 65
0.935 73
0.838 56
0.593 41
0.497 68
0.899 42
0.839 64
0.872 41
0.845 4
0.846 66
0.743 64
0.78 67
0.858 62
0.614 70
0.718 69
0.845 67
0.789 67
0.97 61
0.7 71
0.936 77
0.841 77
0.809 73
0.692 55
0.951 43
0.814 56
0.816 44
0.757 69
0.91 75
0.642 68
0.74 0
0.711 62
0.702 68
0.918 51
0.715 0
0.864 0
0.864 0
0.963 66
0.886 1
0.877 0
0.606 0
0.63 0
0.792 0
0.888 0
0.853 2
0.97 0
0.879 58
0.564 68
0.817 42
0.839 0
0.532 58
0.907 0
0.789 0
0.752 41
0.653 65
0.788 74
0.645 58
0.667 40
0.715 1
0.847 31
0.661 62
0.756 0
0.847 48
0.776 0
0.776 0
0.796 66
0.756 0
0.776 0
0.767 0
0.818 53
0.838 0
0.693 0
0.693 0
0.761 0
0.218 55
0.715 0
0.693 0
0.838 0
0.804 76
0.715 0
0.838 0
0.683 0
0.767 0
0.767 0
0.826 0
0.683 0
0.683 0
0.853 0
0.767 0
0.767 0
0.767 0
0.767 3
0.761 0
0.829 1
0.962 1
0.889 0
0.718 72
0.777 62
0.825 58
0.814 59
0.74 63
0.772 57
0.758 65
0.562 62
0.66 69
0.862 78
0.681 62
0.439 53
0.637 70
0.745 56
0.806 63
0.612 61
0.788 74
0.735 51
0.669 67
0.82 76
0.789 40
0.693 64
0.939 63
0.621 54
0.582 61
0.891 69
0.82 59
0.722 53
0.717 64
0.938 38
0.874 44
0.79 69
0.651 62
0.678 76
0.619 52
0.506 69
0.915 62
0.901 59
0.835 0
0.781 72
0.764 61
0.835 0
0.756 69
0.835 0
0.891 57
0.927 71
0.798 69
0.785 65
0.728 0
0.951 0
0.832 41
0.79 60
0.582 60
0.828 67
0.879 61
0.761 65
0.66 65
0.884 63
0.67 40
0.923 64
0.858 0
0.963 68
0.647 55
0.752 56
0.303 59
0.888 70
0.83 64
0.691 53
0.832 61
0.87 66
0.93 53
0.929 63
0.714 70
0.586 72
0.643 61
0.727 80
0.675 51
0.831 55
0.671 44
0.915 68
0.793 58
0.786 72
0.835 58
0.889 59
0.715 68
0.85 52
0.856 53
0.786 60
0.793 1
0.905 55
0.607 54
0.722 0
0.854 0
0.793 0
0.793 0
0.956 71
0.91 39
0.786 1
0.786 0
0.786 0
0.524 84
0.178 79
0.716 84
0.488 78
0.573 66
0.488 79
0.597 79
0.729 79
0.422 81
0.792 83
0.406 76
0.505 83
0.559 80
0.88 79
0.862 89
0.689 74
0.328 80
0.734 65
0.425 84
0.557 85
0.635 85
0.869 80
0.861 87
0.606 79
0.801 76
0.423 77
0.292 71
0.627 80
0.634 74
0.914 74
0.606 75
0.336 0
0.34 2
0.425 1
0.388 5
0.388 0
0.446 0
0.446 0
0.446 3
0.388 3
0.425 1
0.388 0
0.388 0
0.388 4
0.425 1
0.446 1
0.425 2
0.425 0
0.534 0
0.425 0
0.225 86
0.458 66
0.761 81
0.738 85
0.774 87
0.657 80
0.809 73
0.318 85
0.686 78
0.736 76
0.467 82
0.339 76
0.754 70
0.659 83
0.599 82
0.569 71
0.837 77
0.426 80
0.696 75
0.658 74
0.511 75
0.837 75
0.753 63
0.437 75
0.504 79
0.864 71
0.739 74
0.739 78
0.744 0
0.744 0
0.837 0
0.792 0
0.817 75
0.711 72
0.88 3
0.792 5
0.792 0
0.792 1
0.792 1
0.792 0
0.792 1
0.769 1
0.792 1
0.828 7
0.69 0
0.916 0
0.928 0
0.714 1
0.714 0
0.769 0
0.578 78
0.586 70
0.668 75
0.459 69
0.927 81
0.622 76
0.633 77
0.798 58
0.768 74
0.669 81
0.787 75
0.651 72
0.622 59
0.741 80
0.459 67
0.797 87
0.416 75
0.529 68
0.816 73
0.801 73
0.403 76
0.606 80
0.577 75
0.697 66
0.762 71
0.787 63
0.689 0
0.885 0
0.593 0
0.415 0
0.692 3
0.725 2
0.578 0
0.725 2
0.769 0
0.816 0
0.769 2
0.804 0
0.804 1
0.69 0
0.753 0
0.714 1
0.858 1
0.858 0
0.858 0
0.897 0
0.858 0
0.858 0
0.831 0
0.659 0
0.789 76
0.5 76
0.68 75
0.717 74
0.573 79
0.627 77
0.363 80
0.371 69
0.307 75
0.953 73
0.712 78
0.821 57
0.774 67
0.571 73
0.477 75
0.221 74
0.83 60
0.221 74
0.659 3
0.691 68
0.593 2
0.819 0
0.555 65
0.791 0
0.817 5
0.593 0
0.593 0
0.791 2
0.738 0
0.593 0
0.593 0
0.75 0
0.75 0
0.642 0
0.689 0
0.655 1
0.648 1
0.816 4
0.648 2
0.802 0
0.804 0
0.83 0
0.83 0
0.518 0
0.83 0
0.78 0
0.78 0
0.83 0
0.83 0
0.86 0
0.593 80
0.892 63
0.789 69
0.565 75
0.242 69
0.678 73
0.695 0
0.37 74
0.719 0
0.715 0
0.715 0
0.681 0
0.655 3
0.757 0
0.504 0
0.701 0
0.329 0
0.31 0
0.338 0
0.569 0
0.387 0
0.369 0
0.329 0
0.856 1
0.569 0
0.175 0
0.802 2
0.606 0
0.606 0
0.606 0
0.716 1
0.463 0
0.694 0
0.473 0
0.625 1
0.606 0
0.606 3
0.606 0
0.606 4
0.606 0
0.606 0
0.458 0
0.606 1
0.606 0
0.606 0
0.606 0
0.606 0
0.606 1
0.606 0
0.83 1
0.519 74
0.412 81
0.781 74
0.649 75
0.65 53
0.963 56
0.526 78
0.468 67
0.846 72
0.58 80
0.547 70
0.811 82
0.363 66
0.565 0
0.648 52
0.71 2
0.924 0
0.353 0
0.924 0
0.781 0
0.353 0
0.353 0
0.917 0
0.353 0
0.781 2
0.73 0
0.657 0
0.64 0
0.563 0
0.623 0
0.623 0
0.757 0
0.715 0
0.777 0
0.945 0
0.777 0
0.657 1
0.715 0
0.757 0
0.657 0
0.738 0
0.691 0
0.623 3
0.757 2
0.886 0
0.886 0
0.886 0
0.886 0
0.748 0
0.748 0
0.67 70
0.644 75
0.392 72
0.84 80
0.836 77
0.666 0
0.578 68
0.628 69
0.575 0
0.677 0
0.544 0
0.575 0
0.58 63
0.717 3
0.307 0
0.646 65
0.677 0
0.575 0
0.307 0
0.554 0
0.945 0
0.74 0
0.945 0
0.945 0
0.355 0
0.931 0
0.945 0
0.931 0
0.945 0
0.931 0
0.715 0
0.945 0
0.945 0
0.945 0
0.945 0
0.931 0
0.945 0
0.743 3
0.945 0
0.931 0
0.945 0
0.945 0
0.931 0
0.74 0
0.672 0
0.931 5
0.945 0
0.684 0
0.754 0
0.982 2
0.695 76
0.408 73
0.758 74
0.518 73
0.725 69
0.533 77
0.776 70
0.823 79
0.512 67
0.662 63
0.575 0
0.677 0
0.706 0
0.586 85
0.706 0
0.783 71
0.519 1
0.34 75
0.692 1
0.677 1
0.692 3
0.709 0
0.733 1
0.575 0
0.544 0
0.886 80
0.789 3
0.677 1
0.467 0
0.371 0
0.633 63
0.671 0
0.671 0
0.527 0
0.539 67
0.527 1
0.417 0
0.767 6
0.767 0
0.527 0
0.527 0
0.767 1
0.672 65
0.767 4
0.671 0
0.744 0
0.856 0
0.744 1
0.744 0
0.744 0
0.695 76
0.856 82
0.561 68
0.697 79
0.448 61
0.639 72
0.585 76
0.732 74
0.663 71
0.371 69
0.69 61
0.577 0
0.532 0
0.522 0
0.577 0
0.577 0
0.522 0
0.532 1
0.753 0
0.622 66
0.522 0
0.739 0
0.522 0
0.522 0
0.522 0
0.849 0
0.522 0
0.522 0
0.522 0
0.522 0
0.522 0
0.727 0
0.849 0
0.522 0
0.522 0
0.522 0
0.522 0
0.522 0
0.522 0
0.522 0
0.522 0
0.522 0
0.522 0
0.522 0
0.739 0
0.522 0
0.522 0
0.828 0
0.739 0
0.727 0
0.757 66
0.534 74
0.605 76
0.833 70
0.819 71
0.719 69
0.599 79
0.852 60
0.58 72
0.37 67
0.945 68
0.696 57
0.619 0
0.85 67
0.501 73
0.619 0
0.664 65
0.784 79
0.605 72
0.752 63
0.72 0
0.804 0
0.738 0
0.804 0
0.863 0
0.854 0
0.863 0
0.863 0
0.863 0
0.804 0
0.841 0
0.841 1
0.833 0
0.863 0
0.898 0
0.72 0
0.828 0
0.841 0
0.898 0
0.72 0
0.828 0
0.727 1
0.898 0
0.833 0
0.833 0
0.923 0
0.923 3
0.818 0
0.727 0
0.903 0
0.774 69
0.543 67
0.695 69
0.699 65
0.44 75
0.899 68
0.374 67
0.939 68
0.365 73
0.714 50
0.741 70
0.836 66
0.751 74
0.389 76
0.45 71
0.667 67
0.607 67
0.777 71
0.663 72
0.744 66
0.5 65
0.767 85
0.669 0
0.669 0
0.669 0
0.553 62
0.643 0
0.7 63
0.669 0
0.669 1
0.669 1
0.382 69
0.669 1
0.681 1
0.669 0
0.669 0
0.669 1
0.669 0
0.669 0
0.669 0
0.669 0
0.669 0
0.669 0
0.669 0
0.669 0
0.669 0
0.658 0
0.815 0
0.923 0
0.658 1
0.353 65
0.802 74
0.868 77
0.751 81
0.518 51
0.869 46
0.434 71
0.577 69
0.72 78
0.934 71
0.373 77
0.694 64
0.734 65
0.444 76
0.366 60
0.595 79
0.62 76
0.906 66
0.877 67
0.355 71
0.859 50
0.538 70
0.77 79
0.69 50
0.684 63
0.789 59
0.323 70
0.192 65
0.782 69
0.606 57
0.856 78
0.839 66
0.751 60
0.771 0
0.478 1
0.478 0
0.571 0
0.571 0
0.645 0
0.571 0
0.645 1
0.771 0
0.666 0
0.6 0
0.579 0
0.6 1
0.6 0
0.666 0
0.666 0
0.539 0
0.884 71
0.874 73
0.781 75
0.351 77
0.61 75
0.496 57
0.693 66
0.74 73
0.453 68
0.558 51
0.707 65
0.929 63
0.267 50
0.906 70
0.583 69
0.932 61
0.738 79
0.64 72
0.898 69
0.388 74
0.646 63
0.819 68
0.799 71
0.544 66
0.788 68
0.764 65
0.871 2
0.756 1
0.663 0
0.756 1
0.778 0
0.871 0
0.318 0
0.386 1
0.808 1
0.871 0
0.7 3
0.778 0
0.7 0
0.318 0
0.7 0
0.7 0
0.808 0
0.929 1
0.929 0
0.84 0
0.711 0
0.767 1
0.822 0
0.754 1
0.734 46
0.795 72
0.422 76
0.831 58
0.392 64
0.53 47
0.732 66
0.459 45
0.943 66
0.576 45
0.812 68
0.625 67
0.593 73
0.819 59
0.764 75
0.443 64
0.689 73
0.415 74
0.866 51
0.284 77
0.86 75
0.876 64
0.243 67
0.684 49
0.267 74
0.601 70
0.699 67
0.684 59
0.761 64
0.655 76
0.737 75
0.818 84
0.642 62
0.861 56
0.796 46
0.675 72
0.669 64
0.488 64
0.53 68
0.875 68
0.274 0
0.323 0
0.274 0
0.323 0
0.33 0
0.252 0
0.33 0
0.252 0
0.448 0
0.448 0
0.606 64
0.805 75
0.924 80
0.655 55
0.514 66
0.63 62
0.402 50
0.498 69
0.733 80
0.188 69
0.585 73
0.689 64
0.468 66
0.415 71
0.886 50
0.848 76
0.323 65
0.659 59
0.4 67
0.489 63
0.846 69
0.846 46
0.698 67
0.607 60
0.558 66
0.88 53
0.502 69
0.875 0
0.875 0
0.687 1
0.875 0
0.84 0
0.84 0
0.875 0
0.515 0
0.879 0
0.879 0
0.364 0
0.826 0
0.63 0
0.677 0
0.717 0
0.853 0
0.816 0
0.874 0
0.87 0
0.816 0
0.806 0
0.874 0
0.874 0
0.677 68
0.678 46
0.552 67
0.557 51
0.539 63
0.761 67
0.932 63
0.334 73
0.65 69
0.936 47
0.75 64
0.408 67
0.738 68
0.481 75
0.514 62
0.518 62
0.651 63
0.441 70
0.992 53
0.748 72
0.648 73
0.738 69
0.71 65
0.423 60
0.389 76
0.628 63
0.715 1
0.782 83
0.541 56
0.52 61
0.332 66
0.515 65
0.565 64
0.898 58
0.643 66
0.645 65
0.934 55
0.855 75
0.387 63
0.712 67
0.644 64
0.774 0
0.578 70
0.27 63
0.391 0
0.391 0
0.391 0
0.391 0
0.391 0
0.391 0
0.659 56
0.564 68
0.744 77
0.364 61
0.575 72
0.692 69
0.643 70
0.857 76
0.648 65
0.881 66
0.715 76
0.656 63
0.846 66
0.626 47
0.564 61
0.678 64
0.508 63
0.708 74
0.481 65
0.48 75
0.662 69
0.631 7
0.514 67
0.864 63
0.426 72
0.896 48
0.61 61
0.757 61
0.126 65
0.849 70
0.882 0
0.453 67
0.882 0
0.649 67
0.489 63
0.746 0
0.758 59
0.882 0
0.882 1
0.732 0
0.886 0
0.575 0
0.886 1
0.63 0
0.606 0
0.655 0
0.655 1
0.516 0
0.655 0
0.97 0
0.65 76
0.913 76
0.644 71
0.703 65
0.665 44
0.575 67
0.309 72
0.681 73
0.742 65
0.647 43
0.931 70
0.678 65
0.817 72
0.679 67
0.687 60
0.598 72
0.718 69
0.883 73
0.482 45
0.654 59
0.531 64
0.671 68
0.732 61
0.716 71
0.964 57
0.313 61
0.793 75
0.805 70
0.912 41
0.688 49
0.322 67
0.749 44
0.533 57
0.52 60
0.972 71
0.715 68
0.397 64
0.746 0
0.523 65
0.848 60
0.826 0
0.886 0
0.737 0
0.51 60
0.873 71
0.621 65
0.894 0
0.77 0
0.775 0
0.834 0
0.521 64
0.768 77
0.74 63
0.822 73
0.607 61
0.503 58
0.79 60
0.486 59
0.458 57
0.68 42
0.457 60
0.666 44
0.731 70
0.394 74
0.838 56
0.684 70
0.752 59
0.66 65
0.719 73
0.288 74
0.697 71
0.631 66
0.869 71
0.845 67
0.82 58
0.841 77
0.824 57
0.441 66
0.563 68
0.823 60
0.607 61
0.657 56
0.822 66
0.388 57
0.504 52
0.659 58
0.702 68
0.729 74
0.781 71
0.405 60
0.686 0
0.74 0
0.686 0
0.494 62
0.888 0
0.816 73
0.838 54
0.749 1
0.943 0
0.749 0
0.879 58
0.616 65
0.542 69
0.42 71
0.478 41
0.708 67
0.656 62
0.653 65
0.622 68
0.488 60
0.864 64
0.732 69
0.458 61
0.794 76
0.727 62
0.613 59
0.499 58
0.733 73
0.814 56
0.766 72
0.816 44
0.757 69
0.596 66
0.666 69
0.689 74
0.918 51
0.642 65
0.804 76
0.848 55
0.772 62
0.819 54
0.649 60
0.681 0
0.681 0
0.771 0
0.829 1
0.413 0
0.413 0
0.413 0
0.771 0
0.463 1
0.924 0
0.912 0
0.924 0
0.934 0
0.973 0
0.726 0
0.921 0
0.954 0
0.726 0
0.578 78
0.757 66
0.695 76
0.458 66
0.716 84
0.573 66
0.496 57
0.605 76
0.774 67
0.53 47
0.543 67
0.943 66
0.518 51
0.714 50
0.622 59
0.837 77
0.734 65
0.836 66
0.725 69
0.758 74
0.684 49
0.366 60
0.753 63
0.892 63
0.801 76
0.83 60
0.761 64
0.646 63
0.799 71
0.648 52
0.267 50
0.801 73
0.796 46
0.715 0
0.681 0
0.715 0
0.73 0
0.715 0
0.757 0
0.73 0
0.757 0
0.715 0
0.694 0
0.757 2
0.856 1
0.802 2
0.252 0
0.252 0
0.448 0
0.448 0
0.521 64
0.874 73
0.678 46
0.725 70
0.37 65
0.625 41
0.665 44
0.897 55
0.541 42
0.831 58
0.478 41
0.459 45
0.68 42
0.74 63
0.576 45
0.457 60
0.402 50
0.666 44
0.936 47
0.647 43
0.642 0
0.34 39
0.422 38
0.44 47
0.518 62
0.879 61
0.923 64
0.794 60
0.909 62
0.886 50
0.7 48
0.82 58
0.932 61
0.716 71
0.846 69
0.688 49
0.647 55
0.482 45
0.66 63
0.814 56
0.715 68
0.286 52
0.715 1
0.816 73
0.293 0
0.792 1
0.433 0
0.419 0
0.549 0
0.419 0
0.783 71
0.824 64
0.475 38
0.799 61
0.845 0
0.696 38
0.365 38
0.657 66
0.55 55
0.569 38
0.625 59
0.303 38
0.761 65
0.431 38
0.675 53
0.687 61
0.87 49
0.729 39
0.7 59
0.563 44
0.536 35
0.802 38
0.834 58
0.695 64
0.71 53
0.555 54
0.729 44
0.83 59
0.722 66
0.826 66
0.467 49
0.281 46
0.789 68
0.882 67
0.855 0
0.855 0
0.474 49
0.815 4
0.817 1
0.873 0
0.873 0
0.58 64
0.415 55
0.897 1
0.897 0
0.692 46
0.978 0
0.907 47
0.997 0
0.839 0
0.383 67
0.798 74
0.286 34
0.777 66
0.576 34
0.52 67
0.651 37
0.477 44
0.908 45
0.641 39
0.88 49
0.886 60
0.438 34
0.94 63
0.839 65
0.683 64
0.575 33
0.733 49
0.899 55
0.879 68
0.845 63
0.547 55
0.622 41
0.594 37
0.419 71
0.849 62
0.891 57
0.47 60
0.656 59
0.935 62
0.934 53
0.89 68
0.834 68
0.91 63
0.854 55
0.859 61
0.606 41
0.791 0
0.647 63
0.355 48
0.433 50
0.918 0
0.755 43
0.706 69
0.863 44
0.963 44
0.885 44
0.835 45
0.928 44
0.915 44
0.456 40
0.535 34
0.766 32
0.265 32
0.413 34
0.696 34
0.763 61
0.734 57
0.282 35
0.863 35
0.413 33
0.641 65
0.606 56
0.629 55
0.5 42
0.928 51
0.528 62
0.533 35
0.679 59
0.758 63
0.773 58
0.964 49
0.442 32
0.873 63
0.845 56
0.697 47
0.592 54
0.771 50
0.628 30
0.96 58
0.752 59
0.644 41
0.83 57
0.87 42
0.914 44
0.793 63
0.569 41
0.725 55
0.808 51
0.586 44
0.604 63
0.649 44
0.223 44
0.536 43
0.903 3
0.974 42
0.828 43
0.652 43
0.694 43
0.907 43
0.725 34
0.434 71
0.756 52
0.656 32
0.681 31
0.654 32
0.806 56
0.349 60
0.958 44
0.493 33
0.717 49
0.695 52
0.501 33
0.69 52
0.559 30
0.777 29
0.973 54
0.662 33
0.572 56
0.7 56
0.774 47
0.982 59
0.843 49
0.564 58
0.894 64
0.747 50
0.791 62
0.801 60
0.973 56
0.857 56
0.726 42
0.141 55
0.938 0
0.834 0
0.75 3
0.219 40
0.889 4
0.759 41
0.36 42
0.375 41
0.916 4
0.829 41
0.792 0
0.805 41
0.871 3
0.628 41
0.792 42
0.883 41
0.689 1
0.875 41
0.415 45
0.639 52
0.768 29
0.635 56
0.783 57
0.722 54
0.67 50
0.421 55
0.78 31
0.985 44
0.73 33
0.912 49
0.994 48
0.659 42
0.831 59
0.646 38
0.694 58
0.993 37
0.938 48
0.635 55
0.535 51
0.726 56
0.722 40
0.622 56
0.773 61
0.953 59
0.585 49
0.815 59
0.839 56
0.466 41
0.65 49
0.69 32
0.513 41
0.763 43
0.407 41
0.887 40
0.787 62
0.96 0
0.621 56
0.729 41
0.461 40
0.501 40
0.73 42
0.639 40
0.728 0
0.812 42
0.772 41
0.744 41
0.811 40
0.896 40
0.644 60
0.58 55
0.486 31
0.487 28
0.929 37
0.388 38
0.866 54
0.687 53
0.929 47
0.993 31
0.469 49
0.571 54
0.565 51
0.488 61
0.878 62
0.903 31
0.978 57
0.523 29
0.886 48
0.798 63
0.983 52
0.6 59
0.445 56
0.996 45
0.888 57
0.61 57
0.682 55
0.906 54
0.701 48
0.694 58
0.757 55
0.724 66
0.668 64
0.636 37
0.824 52
0.569 55
0.677 55
0.895 39
0.394 41
0.499 8
0.77 39
0.483 40
0.407 40
0.63 40
0.848 40
0.448 40
0.526 39
0.526 40
0.957 39
0.898 39
0.632 51
0.623 37
0.795 53
0.307 57
0.652 30
0.526 59
0.915 60
0.747 60
0.798 59
0.889 29
0.779 31
0.496 65
0.902 53
0.687 46
0.725 53
0.668 50
0.869 56
0.34 51
0.516 53
0.767 51
0.873 67
0.46 62
0.535 71
0.794 53
0.798 43
0.491 57
0.787 49
0.566 64
0.879 14
0.876 66
0.583 60
0.627 47
0.507 34
0.619 40
0.875 52
0.925 1
0.369 37
0.723 0
0.719 39
0.723 0
0.882 38
0.843 40
0.62 39
0.809 0
0.723 40
0.854 38
0.818 0
0.818 0
0.691 39
0.762 39
0.344 28
0.32 58
0.207 49
0.533 29
0.395 28
0.213 28
0.982 30
0.739 57
0.892 59
0.779 49
0.647 30
0.329 28
0.499 56
0.962 55
0.15 29
0.707 28
0.874 44
0.377 58
0.648 28
0.713 55
0.756 46
0.244 65
0.664 50
0.74 52
0.937 54
0.482 55
0.304 61
0.948 49
0.848 53
0.36 36
0.572 40
0.964 0
0.872 37
0.921 0
0.867 37
0.705 39
0.774 38
0.685 38
0.521 38
0.687 37
0.901 37
0.958 38
0.836 0
0.567 37
0.377 38
0.411 38
0.574 38
0.951 0
0.64 37
0.823 38
0.467 51
0.402 29
0.772 53
0.538 61
0.696 54
0.425 60
0.55 26
0.624 46
0.707 53
0.623 54
0.251 64
0.668 36
0.968 44
0.927 45
0.071 64
0.303 50
0.911 50
0.617 56
0.939 47
0.788 50
0.736 53
0.812 64
0.701 49
0.771 57
0.839 64
0.608 55
0.823 55
0.923 45
0.746 43
0.774 52
0.754 59
0.663 38
0.688 36
0.969 51
0.571 40
0.76 51
0.886 56
0.694 59
0.332 39
0.629 36
0.684 39
0.868 39
0.526 38
0.718 38
0.736 38
0.846 39
0.482 37
0.54 37
0.963 37
0.965 37
0.85 56
0.781 31
0.747 55
0.961 49
0.448 54
0.933 52
0.906 49
0.794 58
0.794 55
0.62 38
0.55 27
0.801 56
0.968 61
0.643 55
0.822 66
0.936 49
0.631 45
0.714 64
0.879 58
0.94 46
0.701 55
0.463 38
0.749 61
0.652 54
0.687 50
0.757 57
0.82 60
0.599 62
0.812 52
0.223 59
0.873 58
0.675 0
0.564 37
0.688 37
0.759 37
0.375 38
0.931 61
0.817 0
0.566 36
0.54 61
0.832 37
0.824 0
0.786 36
0.798 36
0.672 0
0.828 0
0.764 37
0.695 37
0.783 37
0.636 37
0.597 59
0.735 53
0.771 52
0.618 45
0.633 25
0.531 32
0.708 27
0.804 27
0.354 28
0.557 54
0.949 60
0.348 58
0.911 49
0.964 60
0.949 27
0.892 57
0.789 48
0.328 28
0.761 39
0.775 56
0.814 61
0.403 57
0.983 58
0.818 50
0.967 54
0.874 49
0.95 38
0.663 44
0.599 63
0.309 63
0.479 37
0.196 56
0.935 0
0.425 55
0.461 37
0.0259 64
0.655 36
0.572 36
0.968 51
0.505 60
0.626 35
0.649 37
0.803 36
0.693 36
0.869 36
0.877 36
0.876 0
0.898 36
0.679 37
0.786 36
0.734 26
0.29 59
0.799 26
0.781 50
0.727 51
0.983 53
0.869 26
0.894 51
0.759 54
0.707 42
0.414 25
0.569 58
0.934 51
0.606 23
0.659 24
0.894 43
0.486 50
0.283 32
0.294 64
0.781 55
0.655 45
0.853 59
0.965 54
0.96 50
0.933 55
0.957 52
0.637 58
0.589 47
0.92 65
0.787 56
0.904 60
0.578 68
0.612 56
0.93 51
0.423 55
0.696 36
0.599 54
0.907 60
0.814 43
0.806 37
0.837 63
0.758 55
0.45 35
0.497 54
0.661 2
0.493 36
0.849 36
0.641 35
0.592 36
0.533 36
0.588 24
0.949 43
0.452 50
0.726 43
0.751 25
0.948 56
0.869 53
0.63 63
0.635 56
0.908 59
0.705 58
0.858 59
0.489 49
0.286 58
0.842 25
0.749 58
0.827 34
0.689 49
0.808 61
0.697 45
0.764 56
0.678 58
0.491 51
0.888 57
0.597 61
0.985 47
0.492 54
0.601 49
0.84 48
0.844 61
0.834 54
0.865 65
0.732 51
0.636 56
0.611 47
0.683 36
0.747 35
0.401 50
0.766 35
0.564 35
0.533 1
0.633 0
0.75 36
0.679 36
0.794 0
0.852 35
0.887 35
0.943 35
0.695 0
0.558 35
0.885 51
0.404 49
0.215 26
0.464 36
0.873 49
0.57 56
0.593 62
0.981 54
0.728 54
0.884 27
0.934 43
0.723 26
0.743 33
0.869 40
0.73 57
0.902 49
0.873 38
0.456 53
0.619 51
0.63 56
0.649 52
0.505 49
0.81 47
0.637 49
0.98 55
0.7 50
0.996 52
0.337 61
0.591 62
0.689 33
0.841 47
0.844 59
0.352 50
0.706 53
0.901 47
0.33 64
0.548 55
0.586 30
0.867 50
0.329 68
0.701 35
0.312 34
0.731 35
0.511 33
0.442 34
0.521 35
0.741 35
0.71 36
0.609 2
0.692 0
0.619 52
0.581 53
0.802 66
0.847 54
0.922 41
0.538 46
0.856 63
0.595 56
0.782 59
0.73 48
0.832 50
0.977 46
0.674 51
0.385 52
0.785 60
0.572 50
0.936 42
0.829 45
0.801 47
0.583 57
0.839 57
0.843 55
0.83 27
0.644 41
0.538 54
0.819 37
0.725 48
0.572 52
0.747 56
0.628 22
0.952 42
0.43 50
0.895 51
0.827 57
0.597 53
0.423 63
0.555 54
0.747 46
0.588 56
0.853 51
0.537 34
0.699 35
0.692 34
0.4 32
0.0864 35
0.875 34
0.479 33
0.801 34
0.554 34
0.769 34
0.797 57
0.689 27
0.802 51
0.904 23
0.853 65
0.808 49
0.574 30
0.37 25
0.716 47
0.524 45
0.867 46
0.661 28
0.869 48
0.566 54
0.742 48
0.877 45
0.727 59
0.649 22
0.456 64
0.27 55
0.591 60
0.596 48
0.942 56
0.409 50
0.601 59
0.806 46
0.861 47
0.67 63
0.828 48
0.564 54
0.758 42
0.694 60
0.88 60
0.849 44
0.848 58
0.508 34
0.469 57
0.745 53
0.867 48
0.737 61
0.67 34
0.376 35
0.997 35
0.762 34
0.792 34
0.905 34
0.615 33
0.852 35
0.653 34
0.893 35
0.374 53
0.671 49
0.937 30
0.935 51
0.314 54
0.526 47
0.62 24
0.634 22
0.59 23
0.646 51
0.527 25
0.85 54
0.834 50
0.725 54
0.615 50
0.322 29
0.896 55
0.498 49
0.81 48
0.458 56
0.68 61
0.865 46
0.844 52
0.417 35
0.591 53
0.812 50
0.883 57
0.985 58
0.749 49
0.72 58
0.739 49
0.949 53
0.491 55
0.518 50
0.342 61
0.867 57
0.503 52
0.711 35
0.652 59
0.193 33
0.437 35
0.533 32
0.915 32
0.57 33
0.921 35
0.721 33
0.664 33
0.792 33
0.493 33
0.791 33
0.747 55
0.652 48
0.846 52
0.661 55
0.879 38
0.647 23
0.962 66
0.465 51
0.81 54
0.801 24
0.684 63
0.599 48
0.505 33
0.68 45
0.828 47
0.621 23
0.488 20
0.77 48
0.509 25
0.63 50
0.941 50
0.678 41
0.862 55
0.521 41
0.877 58
0.925 49
0.909 45
0.684 54
0.534 52
0.893 36
0.675 54
0.959 22
0.769 50
0.87 44
0.647 53
0.77 52
0.812 45
0.581 61
0.67 56
0.846 34
0.854 0
0.326 33
0.767 32
0.592 34
0.571 34
0.971 0
0.96 33
0.92 33
0.847 2
0.837 33
0.723 70
0.415 68
0.533 83
0.526 75
0.462 73
0.391 84
0.574 81
0.251 87
0.778 77
0.57 85
0.304 79
0.308 80
0.457 86
0.613 83
0.726 82
0.537 83
0.416 75
0.63 71
0.197 75
0.651 66
0.62 76
0.509 74
0.492 72
0.858 80
0.926 47
0.613 0
0.695 76
0.961 2
0.67 6
0.858 2
0.961 1
0.887 2
0.897 2
0.893 1
0.887 2
0.906 1
0.67 2
0.67 0
0.67 0
0.906 0
0.858 3
0.522 0
0.522 0
0.522 0
0.906 0
0.906 0
0.897 1
0.884 0
0.924 0
0.924 0
0.387 72
0.446 65
0.339 71
0.426 66
0.467 72
0.523 64
0.258 66
0.583 72
0.716 69
0.156 71
0.737 80
0.312 66
0.538 68
0.76 75
0.923 80
0.312 68
0.583 78
0.542 75
0.871 63
0.204 70
0.688 71
0.856 65
0.386 62
0.741 80
0.638 73
0.656 69
0.154 68
0.462 63
0.309 67
0.694 66
0.628 69
0.41 69
0.686 71
0.66 70
0.906 64
0.946 69
0.857 81
0.868 74
0.905 79
0.523 0
0.924 73
0.849 1
0.848 0
0.93 0
0.842 0
0.842 0
0.848 0
0.842 0
0.842 0
0.842 0
0.471 75
0.545 56
0.449 65
0.527 64
0.426 60
0.36 61
0.199 60
0.561 63
0.481 58
0.467 64
0.579 74
0.692 62
0.12 63
0.407 63
0.422 64
0.902 72
0.423 56
0.825 78
0.528 77
0.71 65
0.293 65
0.313 64
0.612 58
0.891 79
0.798 57
0.374 65
0.506 55
0.374 65
0.353 77
0.717 66
0.534 58
0.583 0
0.762 72
0.796 73
0.906 74
0.658 67
0.873 68
0.668 61
0.864 49
0.964 70
0.842 78
0.404 51
0.464 48
0.929 1
0.929 0
0.929 0
0.929 2
0.929 0
0.929 0
0.902 50
0.434 70
0.955 64
0.285 59
0.492 61
0.697 63
0.789 61
0.818 75
0.563 74
0.566 60
0.584 65
0.411 46
0.715 65
0.285 62
0.0759 60
0.403 56
0.301 72
0.529 55
0.45 70
0.366 65
0.508 61
0.613 51
0.654 53
0.439 58
0.641 50
0.839 57
0.797 70
0.284 68
0.663 64
0.331 58
0.508 46
0.849 81
0.613 72
0.625 56
0.711 67
0.94 77
0.908 0
0.946 46
0.838 0
0.838 0
0.908 0
0.801 48
0.899 46
0.841 63
0.861 46
0.906 0
0.906 0
0.928 47
0.443 0
0.443 0
0.939 48
0.36 57
0.256 47
0.845 67
0.614 65
0.539 59
0.467 57
0.685 57
0.488 59
0.709 56
0.574 54
0.325 57
0.591 70
0.665 67
0.425 64
0.61 60
0.537 58
0.507 63
0.402 59
0.39 57
0.349 58
0.599 50
0.554 50
0.331 51
0.601 61
0.423 57
0.628 58
0.871 53
0.647 67
0.517 66
0.726 61
0.681 57
0.58 56
0.96 76
0.961 77
0.872 62
0.515 69
0.883 73
0.69 62
0.616 46
0.918 46
0.456 0
0.965 46
0.904 45
0.967 43
0.961 45
0.493 0
0.493 0
0.943 44
0.921 44
0.507 45
0.526 56
0.591 60
0.625 58
0.709 58
0.722 58
0.487 46
0.67 58
0.546 67
0.541 58
0.338 58
0.653 64
0.509 62
0.512 60
0.724 61
0.657 58
0.573 67
0.474 61
0.827 69
0.464 42
0.893 75
0.502 56
0.612 54
0.492 57
0.37 60
0.572 70
0.53 58
0.738 60
0.513 58
0.641 67
0.98 46
0.763 68
0.842 64
0.745 54
0.67 70
0.409 58
0.408 0
0.938 44
0.76 44
0.983 44
0.935 43
0.922 43
0.73 43
0.938 44
0.975 43
0.839 42
0.939 43
0.954 44
0.397 44
0.887 45
0.945 44
0.699 52
0.864 59
0.634 56
0.77 67
0.604 54
0.836 56
0.624 55
0.73 54
0.409 58
0.708 61
0.449 51
0.546 61
0.465 56
0.422 67
0.495 53
0.682 61
0.564 56
0.775 63
0.232 50
0.665 50
0.541 57
0.975 57
0.683 68
0.532 58
0.726 56
0.799 56
0.563 50
0.636 59
0.427 61
0.744 56
0.759 55
0.712 58
0.357 68
0.406 41
0.71 60
0.692 65
0.834 60
0.962 68
0.583 42
0.902 44
0.618 42
0.986 42
0.804 42
0.952 42
0.742 42
0.894 42
0.929 42
0.885 42
0.497 43
0.941 43
0.493 49
0.438 57
0.457 33
0.63 59
0.481 54
0.552 56
0.573 53
0.867 59
0.733 57
0.547 57
0.624 67
0.817 57
0.573 58
0.778 52
0.446 62
0.555 49
0.886 70
0.596 64
0.717 48
0.362 62
0.641 61
0.7 57
0.646 61
0.864 54
0.946 62
0.904 40
0.618 55
0.854 66
0.973 70
0.831 60
0.245 67
0.983 62
0.799 69
0.602 41
0.848 40
0.264 41
0.947 41
0.452 40
0.936 41
0.973 40
0.814 40
0.898 40
0.899 41
0.978 40
0.463 41
0.966 41
0.585 40
0.851 0
0.851 0
0.948 42
0.731 66
0.484 68
0.624 55
0.26 61
0.639 35
0.867 54
0.482 52
0.436 53
0.322 56
0.834 58
0.516 45
0.517 64
0.673 60
0.728 55
0.767 62
0.835 42
0.59 56
0.342 47
0.515 53
0.522 50
0.594 52
0.661 67
0.599 52
0.473 52
0.28 52
0.462 47
0.525 48
0.554 56
0.809 62
0.758 53
0.705 50
0.741 54
0.902 38
0.938 64
0.938 63
0.517 67
0.438 50
0.593 39
0.833 56
0.876 39
0.743 40
0.979 40
0.565 39
0.521 40
0.876 39
0.94 39
0.786 40
0.924 40
0.762 39
0.962 40
0.511 34
0.628 66
0.586 63
0.715 62
0.599 52
0.427 53
0.556 51
0.618 54
0.491 59
0.427 48
0.54 65
0.501 54
0.627 52
0.678 52
0.602 59
0.473 50
0.517 50
0.767 55
0.87 73
0.639 63
0.791 57
0.757 51
0.579 56
0.517 51
0.786 56
0.857 60
0.823 66
0.923 48
0.857 55
0.521 54
0.831 68
0.423 63
0.338 57
0.915 60
0.708 38
0.963 38
0.66 38
0.867 71
0.937 66
0.88 37
0.622 38
0.979 38
0.5 39
0.853 38
0.853 38
0.646 38
0.909 38
0.977 38
0.668 39
0.995 37
0.419 55
0.354 54
0.619 51
0.376 58
0.62 52
0.218 60
0.648 50
0.691 55
0.247 43
0.656 50
0.784 54
0.284 58
0.497 62
0.245 61
0.571 50
0.462 42
0.626 54
0.545 53
0.658 54
0.695 48
0.939 58
0.702 66
0.459 60
0.866 48
0.63 66
0.558 38
0.616 44
0.55 49
0.981 38
0.689 57
0.713 58
0.693 38
0.768 36
0.994 37
0.936 39
0.917 38
0.849 58
0.718 38
0.448 38
0.992 37
0.861 38
0.935 38
0.865 38
0.942 37
0.561 38
0.933 38
0.835 37
0.859 37
0.975 37
0.933 38
0.618 59
0.883 43
0.783 52
0.714 44
0.534 48
0.615 50
0.763 59
0.645 51
0.753 50
0.571 49
0.457 50
0.655 51
0.885 53
0.371 50
0.556 49
0.965 50
0.972 53
0.524 50
0.387 56
0.414 49
0.632 48
0.714 55
0.755 58
0.655 65
0.459 45
0.722 54
0.476 59
0.756 36
0.352 49
0.457 36
0.925 58
0.1 55
0.621 38
0.499 62
0.484 38
0.586 37
0.388 37
0.695 37
0.332 36
0.979 36
0.405 36
0.735 36
0.923 37
0.913 67
0.771 36
0.933 37
0.492 0
0.492 0
0.699 0
0.492 0
0.235 57
0.95 57
0.762 51
0.347 61
0.656 62
0.771 52
0.444 57
0.464 48
0.653 60
0.723 41
0.498 51
0.495 55
0.61 57
0.383 51
0.617 36
0.304 49
0.959 35
0.833 49
0.793 65
0.651 51
0.862 50
0.554 48
0.966 35
0.832 62
0.649 37
0.559 35
0.829 63
0.892 38
0.853 58
0.835 58
0.848 34
0.819 60
0.977 67
0.887 70
0.831 59
0.556 37
0.371 37
0.462 37
0.815 36
0.776 37
0.992 36
0.969 36
0.969 35
0.948 36
0.949 37
0.5 37
0.955 36
0.699 0
0.492 0
0.492 0
0.698 56
0.581 49
0.518 54
0.69 52
0.566 40
0.217 63
0.69 51
0.497 53
0.889 57
0.56 53
0.408 57
0.773 51
0.467 51
0.618 54
0.68 49
0.514 64
0.695 60
0.763 50
0.414 62
0.526 54
0.633 49
0.556 50
0.664 47
0.524 35
0.781 60
0.49 54
0.636 54
0.856 61
0.569 35
0.63 35
0.522 36
0.829 35
0.911 35
0.872 60
0.693 36
0.901 35
0.863 37
0.889 36
0.567 35
0.803 36
0.955 35
0.944 36
0.821 36
0.945 36
0.984 36
0.886 34
0.994 36
0.869 37
0.989 35
0.683 0
0.345 48
0.308 27
0.737 59
0.67 58
0.687 53
0.632 46
0.361 35
0.868 55
0.642 58
0.72 50
0.571 50
0.417 48
0.66 60
0.38 54
0.604 55
0.739 34
0.595 35
0.888 40
0.911 52
0.605 55
0.907 60
0.485 36
0.157 59
0.558 62
0.763 60
0.669 36
0.731 36
0.52 35
0.76 64
0.434 35
0.43 36
0.945 36
0.882 36
0.987 35
0.731 35
0.638 37
0.512 36
0.576 36
0.472 36
0.669 36
0.622 36
0.548 62
0.946 35
0.691 35
0.991 35
0.444 36
0.976 35
0.983 64
0.526 35
0.898 35
0.289 46
0.78 56
0.779 52
0.542 58
0.363 50
0.661 46
0.586 53
0.519 45
0.696 55
0.336 49
0.632 60
0.397 57
0.254 54
0.849 43
0.597 59
0.703 53
0.636 55
0.946 45
0.418 39
0.826 66
0.269 56
0.779 47
0.546 50
0.6 56
0.792 60
0.619 60
0.905 56
0.774 34
0.517 50
0.683 35
0.812 34
0.849 59
0.549 35
0.613 35
0.473 35
0.531 36
0.879 35
0.805 35
0.917 58
0.41 34
0.44 34
0.746 35
0.787 33
0.876 35
0.943 35
0.943 33
0.669 1
0.977 35
0.974 36
0.961 35
0.419 47
0.535 45
0.496 44
0.538 51
0.698 62
0.827 24
0.403 54
0.654 47
0.416 48
0.573 53
0.733 52
0.375 62
0.723 72
0.629 49
0.522 55
0.799 27
0.537 50
0.63 61
0.694 36
0.439 56
0.95 31
0.247 55
0.924 43
0.589 34
0.237 44
0.252 49
0.477 33
0.566 35
0.46 35
0.921 56
0.574 35
0.973 34
0.661 62
0.903 35
0.565 34
0.923 33
0.797 62
0.909 36
0.501 35
0.489 34
0.96 32
0.963 35
0.862 35
0.807 34
0.977 64
0.949 35
0.877 34
0.929 35
0.908 35
0.697 34
0.621 47
0.853 55
0.85 62
0.861 48
0.635 43
0.45 54
0.494 48
0.281 56
0.618 59
0.57 49
0.711 63
0.308 44
0.733 52
0.541 55
0.637 42
0.59 37
0.552 48
0.491 46
0.438 47
0.97 60
0.602 47
0.873 72
0.352 47
0.354 47
0.662 34
0.565 61
0.89 55
0.96 34
0.645 34
0.615 34
0.419 34
0.964 69
0.657 34
0.913 34
0.638 34
0.407 34
0.897 33
0.593 34
0.889 34
0.924 34
0.678 33
0.981 33
0.486 34
0.845 33
0.921 34
0.647 33
0.996 63
0.902 34
0.97 35
0.862 34
0.499 52
0.518 55
0.694 45
0.355 50
0.472 47
0.355 51
0.612 50
0.537 53
0.865 49
0.464 51
0.666 48
0.337 55
0.829 49
0.613 47
0.619 48
0.648 48
0.618 52
0.707 45
0.613 53
0.605 51
0.51 44
0.808 56
0.679 44
0.804 47
0.69 52
0.496 49
0.691 60
0.617 34
0.491 55
0.539 34
0.942 32
0.888 65
0.691 34
0.576 33
2.03e-05 33
0.943 34
0.888 34
0.98 33
0.63 33
0.978 32
0.526 33
0.899 33
0.953 34
0.616 34
0.933 34
0.985 33
0.935 34
0.991 32
0.947 34
0.987 32
0.444 62
0.975 22
0.342 56
0.636 58
0.519 44
0.553 55
0.595 45
0.466 52
0.851 43
0.626 64
0.419 52
0.389 58
0.484 45
0.727 41
0.834 56
0.66 46
0.849 55
0.694 50
0.859 53
0.41 59
0.665 32
0.591 54
0.525 32
0.945 58
0.952 34
0.509 33
0.649 34
0.883 32
0.56 34
0.647 33
0.906 34
0.485 33
0.905 33
0.829 32
0.572 32
0.407 33
0.891 31
0.543 33
0.815 33
0.991 33
0.81 34
0.742 33
0.695 34
0.988 31
0.945 33
0.476 63
0.989 33
0.968 33
0.881 34
0.945 34
0.532 71
0.6 63
0.46 70
0.497 70
0.477 61
0.369 83
0.763 56
0.791 32
0.486 54
0.778 67
0.111 57
0.437 68
0.8 55
0.562 70
0.479 90
0.579 40
0.72 56
0.695 64
0.464 54
0.642 67
0.745 57
0.573 79
0.541 75
0.611 53
0.404 55
0.561 78
0.629 56
0.731 82
0.742 59
0.344 60
0.376 55
0.518 54
0.742 58
0.634 59
0.83 65
0.703 59
0.517 54
0.44 62
0.442 55
0.305 58
0.788 56
0.505 52
0.55 58
0.788 54
0.894 55
0.573 0
0.267 0
0.267 0
0.22 0
0.22 0
0.696 62
0.691 20
0.496 74
0.46 53
0.636 52
0.468 38
0.419 51
0.642 51
0.395 73
0.402 51
0.718 49
0.44 52
0.431 70
0.694 53
0.512 52
0.678 53
0.828 50
0.508 84
0.393 53
0.41 52
0.834 51
0.819 51
0.779 50
0.407 75
0.854 51
0.277 51
0.356 51
0.104 53
0.867 52
0.748 51
0.7 50
0.492 51
0.28 51
0.471 79
0.812 51
0.69 51
0.505 50
0.7 50
0.414 51
0.878 55
0.873 0
0.801 1
0.731 1
0.903 50
0.746 50
0.873 0
0.873 0
0.835 0
0.801 0
0.611 0
0.277 53
0.657 63
0.452 75
0.378 49
0.491 48
0.889 46
0.756 47
0.544 73
0.224 46
0.709 47
0.933 45
0.475 46
0.524 47
0.681 46
0.31 73
0.556 48
0.574 47
0.812 50
0.427 45
0.325 47
0.674 48
0.737 47
0.204 48
0.455 79
0.495 79
0.358 48
0.28 46
0.743 46
0.55 48
0.413 46
0.445 46
0.735 78
0.384 47
0.892 48
0.808 48
0.943 48
0.131 69
0.47 46
0.608 46
0.524 49
0.779 46
0.826 46
0.651 48
0.601 0
0.262 0
0.343 0
0.334 0
0.756 0
0.334 0
0.334 0
0.223 69
0.586 44
0.215 46
0.627 46
0.314 44
0.456 44
0.699 44
0.373 45
0.317 46
0.421 64
0.747 44
0.602 44
0.497 45
0.763 44
0.618 44
0.926 45
0.607 44
0.527 44
0.77 45
0.906 47
0.473 72
0.425 44
0.972 46
0.85 43
0.923 43
0.538 43
0.775 68
0.639 43
0.516 44
0.802 44
0.795 44
0.846 44
0.362 61
0.812 47
0.712 69
0.424 0
0.504 0
0.76 0
0.833 2
0.206 0
0.206 0
0.504 1
0.504 1
0.686 0
0.686 0
0.686 0
0.686 0
0.686 0
0.686 0
0.686 0
0.557 62
0.303 74
0.234 43
0.123 44
0.266 65
0.367 76
0.442 41
0.85 45
0.15 69
0.497 71
0.396 73
0.844 42
0.944 79
0.695 0
0.79 0
0.79 0
0.73 1
0.79 0
0.206 0
0.73 0
0.56 0
0.0952 0
0.301 0
0.13 0
0.838 0
0.823 0
0.838 0
0.838 0
0.13 0
0.13 0
0.13 0
0.838 0
0.684 0
0.684 1
0.76 0
0.326 0
0.838 0
0.644 0
0.666 0
0.838 0
0.838 0
0.838 0
0.838 0
0.838 0
0.758 0
0.758 0
0.838 0
0.838 0
0.838 0
0.838 0
0.518 42
0.82 77
0.856 12
0.0831 66
0.592 56
0.703 41
0.358 41
0.441 42
0.865 41
0.389 41
0.247 43
0.661 40
0.737 41
0.478 42
0.919 41
0.585 42
0.93 41
0.711 45
0.397 68
0.877 70
0.574 42
0.596 43
0.781 40
0.762 41
0.488 43
0.757 80
0.587 41
0.0993 68
0.484 75
0.448 44
0.0749 58
0.862 40
0.869 39
0.305 71
0.403 0
0.738 75
0.538 0
0.403 1
0.403 0
0.403 0
0.563 0
0.563 0
0.507 0
0.612 0
0.306 0
0.366 0
0.758 0
0.713 0
0.608 0
0.651 0
0.45 73
0.253 41
0.715 40
0.149 62
0.611 41
0.677 74
0.246 39
0.419 39
0.597 41
0.591 73
0.292 78
0.79 40
0.531 40
0.696 67
0.254 41
0.495 43
0.701 40
0.889 43
0.694 43
0.917 43
0.43 75
0.339 41
0.805 41
0.683 42
0.708 40
0.743 44
0.263 73
0.873 38
0.526 42
0.745 41
0.481 76
0.574 40
0.127 78
0.83 40
0.553 39
0.265 40
0.728 40
0.537 39
0.401 45
0.542 77
0.324 66
0.226 51
0.691 50
0.448 0
0.534 2
0.534 2
0.625 0
0.788 2
0.788 1
0.534 0
0.403 69
0.425 39
0.46 68
0.85 40
0.165 42
0.802 39
0.56 39
0.512 53
0.586 40
0.778 38
0.876 41
0.939 38
0.539 39
0.624 71
0.455 40
0.085 69
0.438 41
0.689 38
0.608 39
0.873 69
0.434 63
0.126 58
0.171 39
0.969 38
0.488 63
0.58 41
0.501 65
0.31 40
0.893 39
0.603 41
0.179 59
0.481 40
0.55 77
0.326 74
0.402 63
0.544 68
0.186 72
0.838 0
0.216 73
0.579 0
0.496 0
0.496 2
0.299 0
0.299 0
0.738 0
0.413 50
0.759 0
0.759 0
0.36 0
0.823 0
0.242 62
0.247 39
0.494 41
0.277 39
0.537 37
0.784 38
0.704 37
0.826 60
0.881 39
0.675 37
0.407 38
0.155 37
0.418 51
0.42 39
0.462 66
0.764 40
0.743 37
0.437 67
0.765 39
0.731 80
0.441 0
0.925 40
0.261 67
0.351 0
0.709 37
0.78 70
0.374 66
0.669 0
0.441 0
0.669 0
0.572 60
0.669 0
0.251 0
0.251 0
0.376 61
0.251 0
0.0648 64
0.457 62
0.811 47
0.554 0
0.775 0
0.554 0
0.554 0
0.554 0
0.775 1
0.591 0
0.419 0
0.665 0
0.665 0
0.665 0
0.527 36
0.818 37
0.749 37
0.429 36
0.731 39
0.488 37
0.381 37
0.509 68
0.539 63
0.52 37
0.449 71
0.763 37
0.721 37
0.634 37
0.257 61
0.893 40
0.166 38
0.585 37
0.284 60
0.641 40
0.403 72
0.466 36
0.669 38
0.41 61
0.726 37
0.906 38
0.482 60
0.848 35
0.507 63
0.576 47
0.67 77
0.313 0
0.447 49
0.88 48
0.329 0
0.329 0
0.329 0
0.254 48
0.801 0
0.601 0
0.625 0
0.801 0
0.801 0
0.435 48
0.522 0
0.801 0
0.404 0
0.453 46
0.801 0
0.404 0
0.426 61
0.868 37
0.926 35
0.474 35
0.567 38
0.414 62
0.463 36
0.524 36
0.761 36
0.415 36
0.473 60
0.642 68
0.781 35
0.396 67
0.806 38
0.158 58
0.506 76
0.847 41
0.623 37
0.495 37
0.525 36
0.631 38
0.892 37
0.596 54
0.597 36
0.459 38
0.0695 53
0.738 77
0.851 36
0.519 78
0.608 78
0.453 46
0.543 67
0.758 71
0.809 0
0.709 0
0.253 0
0.589 1
0.709 0
0.901 0
0.567 0
0.709 0
0.709 0
0.198 0
0.709 0
0.709 0
0.198 0
0.198 0
0.198 0
0.198 0
0.175 34
0.308 59
0.381 35
0.489 36
0.536 36
0.783 36
0.45 35
0.811 35
0.565 36
0.799 35
0.74 35
0.674 37
0.578 35
0.816 36
0.623 62
0.934 36
0.0809 72
0.66 62
0.604 36
0.563 60
0.956 36
0.817 35
0.191 37
0.215 57
0.427 68
0.53 38
0.74 36
0.468 54
0.225 61
0.254 37
0.584 69
0.304 66
0.408 60
0.675 41
0.606 36
0.723 64
0.385 44
0.701 75
0.42 65
0.739 35
0.527 74
0.49 65
0.434 68
0.324 73
0.863 67
0.815 4
0.457 75
0.513 46
0.42 46
0.825 46
0.728 69
0.529 0
0.735 36
0.922 36
0.676 56
0.449 36
0.79 14
0.386 35
0.314 35
0.763 35
0.66 35
0.625 37
0.554 35
0.141 53
0.537 35
0.354 67
0.728 36
0.357 35
0.514 36
0.433 62
0.655 38
0.553 74
0.326 58
0.336 35
0.864 71
0.763 36
0.197 57
0.52 67
0.371 60
0.189 64
0.492 68
0.422 74
0.129 59
0.892 35
0.583 80
0.721 70
0.28 47
0.679 46
0.322 0
0.288 0
0.346 46
0.47 0
0.639 44
0.415 0
0.768 0
0.831 0
0.187 0
0.262 0
0.157 0
0.24 0
0.653 36
0.167 61
0.578 36
0.313 37
0.697 34
0.749 34
0.555 35
0.64 34
0.396 34
0.756 34
0.693 34
0.293 72
0.67 36
0.886 35
0.903 36
0.772 38
0.698 52
0.455 35
0.926 60
0.421 57
0.694 34
0.202 59
0.558 63
0.827 35
0.512 35
0.681 76
0.265 58
0.188 62
0.6 36
0.344 64
0.602 73
0.449 77
0.15 66
0.713 46
0.442 46
0.609 64
0.256 0
0.615 45
0.488 71
0.766 0
0.57 0
0.557 0
0.766 0
0.272 1
0.716 0
0.81 1
0.431 0
0.289 0
0.287 0
0.724 0
0.436 36
0.536 34
0.357 35
0.426 35
0.28 34
0.405 33
0.195 61
0.511 33
0.608 34
0.89 62
0.969 37
0.65 35
0.263 61
0.311 61
0.387 61
0.802 34
0.623 36
0.303 32
0.758 35
0.729 32
0.717 34
0.625 66
0.575 78
0.862 37
0.327 64
0.672 44
0.71 73
0.31 64
0.876 67
0.542 46
0.0915 45
0.311 45
0.221 45
0.466 2
0.147 0
0.131 0
0.513 46
0.147 0
0.703 45
0.63 44
0.629 44
0.255 0
0.291 67
0.776 0
0.849 0
0.378 0
0.919 0
0.385 0
0.555 0
0.555 0
0.659 34
0.173 34
0.612 33
0.479 33
0.769 33
0.728 33
0.514 34
0.386 31
0.368 65
0.419 71
0.83 33
0.838 34
0.723 35
0.769 34
0.284 66
0.901 34
0.473 33
0.306 67
0.262 34
0.434 61
0.468 34
0.284 37
0.107 65
0.811 34
0.336 64
0.429 67
0.338 70
0.727 42
0.605 43
0.283 43
0.0392 57
0.733 44
0.897 44
0.771 0
0.661 44
0.7 43
0.789 46
0.427 70
0.145 0
0.933 44
0.145 0
0.682 0
0.145 0
0.145 0
0.145 0
0.145 0
0.145 0
0.671 43
0.481 0
0.346 0
0.473 63
0.728 34
0.856 35
0.518 32
0.865 47
0.261 35
0.616 36
0.847 32
0.817 34
0.174 66
0.0713 34
0.317 60
0.825 35
0.791 62
0.142 55
0.82 34
0.715 35
0.394 71
0.824 32
0.295 63
0.269 63
0.323 56
0.65 67
0.469 60
0.597 34
0.807 33
0.313 72
0.575 57
0.186 66
0.789 33
0.769 71
0.78 44
0.364 68
0.372 45
0.123 45
0.485 43
0.175 45
0.549 74
0.498 43
0.118 44
0.311 44
0.161 45
0.568 46
0.56 43
0.721 44
0.365 69
0.346 0
0.346 0
0.346 0
0.346 0
0.514 33
0.459 32
0.425 58
0.52 63
0.672 31
0.423 64
0.886 32
0.389 32
0.428 32
0.369 33
0.869 50
0.908 33
0.213 34
0.695 34
0.666 33
0.473 34
0.685 36
0.664 33
0.836 36
0.355 65
0.506 56
0.519 62
0.649 70
0.17 43
0.117 44
0.149 44
0.124 44
0.499 62
0.0242 44
0.201 0
0.42 43
0.42 0
0.699 43
0.118 44
0.673 42
0.553 43
0.304 0
0.362 0
0.304 0
0.304 0
0.304 0
0.37 0
0.362 0
0.304 0
0.282 0
0.523 42
0.42 0
0.378 0
0.319 0
0.944 43
0.466 46
0.83 31
0.942 37
0.717 31
0.254 33
0.573 31
0.063 61
0.553 34
0.877 35
0.415 33
0.609 32
0.815 36
0.508 31
0.489 34
0.529 33
0.736 32
0.746 59
0.274 58
0.542 32
0.499 32
0.574 30
0.364 62
0.302 65
0.396 44
0.342 63
0.881 69
0.556 0
0.426 0
0.827 66
0.238 43
0.485 71
0.584 43
0.578 31
0.69 43
0.396 67
0.662 43
0.166 42
0.2 44
0.623 42
0.648 43
0.16 42
0.506 42
0.791 42
0.782 0
0.611 44
0.782 0
0.535 42
0.692 42
0.862 42
0.356 0
0.652 60
0.423 32
0.599 33
0.154 62
0.314 33
0.543 31
0.384 33
0.704 30
0.304 59
0.337 31
0.474 31
0.889 33
0.72 32
0.182 33
0.296 61
0.55 54
0.0981 33
0.742 32
0.36 32
0.572 67
0.863 68
0.522 42
0.58 58
0.416 67
0.902 74
0.563 65
0.575 42
0.437 67
0.273 43
0.19 43
0.719 43
0.612 42
0.532 1
0.614 45
0.797 44
0.928 0
0.292 45
0.895 43
0.521 42
0.726 0
0.903 1
0.89 0
0.805 43
0.918 42
0.72 42
0.463 42
0.703 0
0.876 42
0.886 42
0.265 42
0.455 50
0.654 51
0.775 54
0.78 57
0.464 53
0.678 56
0.848 49
0.887 50
0.886 49
0.836 54
0.664 57
0.914 52
0.937 54
0.962 50
0.978 51
0.891 52
0.833 51
0.788 50
0.933 52
0.933 50
0.875 52
0.931 51
0.52 51
0.787 50
0.804 49
0.963 53
0.932 55
0.947 51
0.754 59
0.66 54
0.968 51
0.938 61
0.914 56
0.719 55
0.808 52
0.814 56
0.724 52
0.743 54
0.669 51
0.666 51
0.754 62
0.849 49
0.91 53
0.832 51
0.84 52
0.786 50
0.622 50
0.904 52
0.877 57
0.866 51
0.756 50
0.444 47
0.956 49
0.823 49
0.477 49
0.618 47
0.665 49
0.789 49
0.918 49
0.608 49
0.922 48
0.961 49
0.871 48
0.745 48
0.937 48
0.896 47
0.663 49
0.832 48
0.803 48
0.79 49
0.908 50
0.872 48
0.399 48
0.664 49
0.894 49
0.924 49
0.623 49
0.872 49
0.714 48
0.823 49
0.821 48
0.827 51
0.901 49
0.899 50
0.774 49
0.8 49
0.842 48
0.816 48
0.844 48
0.728 49
0.962 49
0.784 48
0.684 49
0.804 48
0.905 48
0.906 48
0.792 49
0.928 48
0.858 48
0.803 49
0.95 47
0.915 48
0.851 46
0.843 45
0.888 46
0.899 47
0.836 47
0.852 46
0.878 48
0.735 46
0.702 47
0.525 47
0.667 46
0.627 47
0.727 48
0.78 45
0.714 47
0.709 46
0.589 47
0.92 47
0.929 46
0.758 46
0.836 47
0.893 47
0.879 47
0.326 47
0.88 46
0.623 48
0.909 46
0.619 48
0.869 47
0.811 47
0.802 47
0.567 46
0.557 46
0.813 48
0.526 47
0.719 45
0.678 47
0.892 48
0.743 47
0.809 46
0.916 47
0.634 46
0.807 47
0.575 46
0.79 47
0.82 47
0.82 48
0.779 48
0.844 46
0.925 45
0.701 44
0.827 46
0.662 44
0.851 46
0.871 45
0.73 45
0.825 45
0.97 45
0.564 45
0.913 45
0.709 45
0.95 46
0.806 46
0.743 46
0.887 46
0.953 46
0.889 46
0.938 45
0.762 46
0.789 45
0.915 45
0.845 44
0.863 45
0.564 44
0.822 44
0.828 46
0.873 45
0.762 46
0.826 45
0.653 47
0.644 45
0.474 46
0.831 45
0.726 46
0.92 45
0.915 45
0.843 45
0.935 44
0.902 47
0.73 47
0.904 46
0.886 45
0.955 46
0.89 46
0.894 47
0.89 46
0.898 46
0.911 46
0.867 45
0.957 45
0.655 44
0.513 44
0.909 45
0.889 44
0.946 44
0.765 45
0.979 45
0.871 45
0.908 45
0.733 44
0.711 43
0.905 45
0.815 44
0.889 44
0.729 44
0.633 45
0.82 44
0.708 45
0.916 44
0.74 45
0.688 44
0.92 44
0.782 44
0.533 45
0.932 44
0.646 45
0.707 46
0.938 45
0.865 44
0.662 45
0.829 44
0.826 45
0.842 44
0.797 44
0.846 44
0.941 44
0.856 45
0.641 45
0.714 44
0.897 44
0.709 44
0.87 46
0.813 45
0.808 44
0.891 44
0.864 46
0.829 44
0.802 44
0.703 43
0.765 43
0.815 44
0.952 43
0.741 44
0.873 43
0.832 44
0.919 43
0.914 44
0.772 44
0.657 44
0.823 43
0.816 44
0.638 44
0.952 44
0.872 43
0.662 44
0.551 44
0.733 43
0.855 44
0.781 43
0.794 44
0.85 43
0.955 44
0.691 44
0.84 43
0.905 44
0.797 44
0.921 43
0.625 45
0.906 43
0.873 43
0.713 43
0.766 45
0.76 44
0.818 44
0.812 43
0.778 44
0.898 44
0.847 44
0.804 43
0.923 44
0.919 43
0.706 43
0.905 44
0.748 43
0.501 45
0.842 44
0.906 43
0.895 44
0.685 43
0.916 43
0.901 43
0.658 43
0.786 42
0.882 43
0.617 43
0.903 43
0.875 43
0.967 42
0.822 42
0.802 44
0.949 43
0.898 43
0.839 42
0.81 43
0.907 42
0.645 44
0.783 43
0.945 43
0.715 44
0.765 42
0.734 44
0.852 43
0.609 44
0.843 44
0.954 43
0.821 42
0.858 43
0.798 43
0.476 42
0.766 42
0.769 44
0.94 43
0.952 42
0.787 43
0.689 44
0.932 43
0.855 43
0.607 42
0.806 43
0.923 43
0.622 44
0.726 44
0.714 42
0.869 43
0.823 43
0.724 42
0.47 43
0.891 43
0.734 43
0.898 42
0.913 42
0.863 42
0.794 42
0.943 42
0.745 42
0.695 42
0.457 42
0.951 42
0.873 42
0.749 42
0.887 42
0.676 42
0.866 41
0.662 41
0.627 42
0.655 43
0.782 42
0.929 43
0.819 44
0.856 43
0.842 42
0.726 42
0.968 42
0.82 42
0.859 42
0.941 42
0.805 42
0.475 42
0.699 41
0.95 44
0.794 42
0.798 42
0.523 42
0.844 42
0.51 42
0.876 42
0.819 42
0.82 43
0.89 43
0.816 42
0.74 42
0.891 42
0.848 42
0.578 43
0.563 44
0.886 42
0.865 43
0.88 41
0.612 41
0.911 41
0.848 42
0.708 43
0.726 43
0.665 41
0.897 42
0.657 40
0.608 42
0.794 43
0.798 42
0.955 41
0.842 41
0.821 42
0.856 41
0.69 41
0.804 42
0.73 42
0.859 42
0.86 42
0.667 40
0.825 41
0.415 42
0.963 41
0.789 41
0.753 41
0.475 42
0.803 43
0.782 42
0.886 43
0.872 41
0.907 41
0.531 41
0.801 42
0.815 42
0.844 43
0.886 41
0.594 41
0.861 41
0.773 43
0.529 42
0.902 41
0.876 41
0.943 42
0.836 41
0.919 42
0.863 42
0.707 41
0.629 41
0.653 43
0.866 41
0.747 41
0.732 41
0.954 42
0.873 41
0.901 41
0.917 41
0.829 41
0.949 41
0.731 41
0.816 41
0.855 41
0.93 40
0.936 41
0.788 41
0.613 41
0.724 41
0.715 40
0.681 42
0.621 41
0.616 41
0.82 41
0.64 41
0.609 41
0.898 41
0.742 41
0.592 40
0.662 40
0.628 40
0.891 42
0.908 42
0.863 41
0.789 41
0.932 41
0.658 41
0.919 41
0.905 41
0.935 41
0.819 41
0.755 42
0.802 42
0.913 40
0.789 41
0.53 42
0.886 41
0.692 41
0.85 41
0.828 41
0.909 41
0.842 40
0.874 41
0.926 40
0.931 40
0.817 41
0.748 41
0.914 41
0.645 41
0.782 40
0.731 41
0.835 40
0.842 40
0.839 40
0.778 40
0.826 41
0.693 40
0.47 41
0.963 40
0.914 41
0.725 40
0.704 40
0.79 40
0.929 41
0.802 40
0.556 41
0.601 40
0.658 40
0.6 40
0.692 40
0.862 41
0.589 41
0.939 40
0.802 41
0.912 41
0.701 40
0.789 40
0.659 41
0.53 41
0.928 40
0.907 39
0.811 42
0.615 41
0.638 41
0.921 40
0.949 41
0.76 40
0.598 40
0.62 39
0.903 40
0.881 40
0.648 41
0.863 40
0.793 41
0.962 40
0.803 40
0.723 40
0.734 39
0.664 41
0.926 40
0.907 41
0.933 40
0.585 40
0.76 40
0.93 40
0.743 40
0.816 41
0.864 40
0.935 40
0.873 39
0.675 40
0.859 39
0.79 40
0.528 40
0.789 40
0.882 40
0.719 40
0.896 41
0.627 40
0.608 39
0.903 40
0.919 40
0.893 40
0.627 41
0.949 39
0.832 40
0.588 40
0.82 40
0.803 40
0.699 40
0.736 39
0.949 41
0.965 40
0.724 39
0.728 40
0.893 41
0.685 39
0.869 39
0.911 41
0.869 40
0.768 39
0.851 40
0.808 39
0.916 40
0.556 40
0.946 39
0.793 40
0.856 40
0.607 40
0.886 39
0.788 39
0.739 39
0.766 40
0.966 39
0.603 40
0.909 39
0.925 40
0.65 40
0.835 40
0.851 39
0.883 39
0.857 40
0.826 40
0.719 40
0.588 40
0.985 39
0.661 40
0.884 39
0.963 39
0.834 40
0.623 39
0.531 40
0.824 41
0.709 39
0.881 41
0.881 40
0.596 40
0.609 39
0.821 39
0.521 39
0.938 40
0.875 40
0.8 40
0.946 40
0.77 40
0.63 40
0.826 41
0.727 39
0.845 39
0.833 39
0.944 40
0.664 40
0.396 39
0.802 38
0.921 39
0.579 39
0.611 40
0.819 39
0.863 39
0.723 40
0.935 39
0.822 39
0.926 39
0.937 40
0.891 39
0.8 38
0.801 40
0.72 39
0.979 39
0.819 40
0.632 39
0.45 38
0.876 39
0.607 39
0.781 40
0.915 39
0.628 40
0.9 40
0.561 40
0.513 38
0.892 39
0.874 39
0.784 39
0.946 39
0.38 39
0.834 39
0.789 39
0.546 39
0.61 40
0.675 39
0.703 40
0.718 40
0.788 40
0.71 39
0.788 39
0.595 40
0.947 39
0.569 40
0.605 38
0.949 40
0.618 39
0.902 40
0.698 39
0.537 38
0.559 38
0.764 39
0.611 39
0.727 39
0.733 39
0.779 39
0.897 39
0.883 39
0.93 39
0.686 39
0.881 39
0.846 39
0.882 39
0.951 39
0.482 39
0.639 39
0.645 39
0.872 39
0.929 39
0.935 39
0.946 39
0.961 39
0.59 40
0.669 39
0.908 39
0.895 39
0.919 38
0.939 39
0.8 39
0.937 39
0.914 39
0.724 38
0.876 40
0.793 39
0.541 39
0.774 39
0.678 40
0.562 39
0.894 39
0.859 40
0.934 39
0.874 39
0.734 38
0.871 39
0.667 39
0.711 39
0.832 39
0.892 40
0.859 39
0.93 38
0.871 38
0.609 37
0.901 40
0.677 38
0.643 39
0.82 39
0.661 39
0.897 39
0.814 38
0.962 39
0.707 38
0.816 38
0.702 38
0.715 38
0.623 38
0.801 39
0.804 38
0.701 38
0.894 39
0.874 39
0.871 39
0.782 39
0.82 38
0.67 38
0.877 39
0.654 39
0.852 39
0.887 38
0.617 38
0.846 40
0.856 38
0.68 39
0.78 38
0.894 38
0.927 38
0.847 39
0.868 40
0.631 39
0.828 40
0.664 40
0.91 39
0.753 38
0.721 38
0.822 38
0.829 38
0.973 39
0.889 38
0.5 39
0.538 39
0.646 39
0.851 38
0.919 39
0.914 39
0.921 39
0.672 38
0.826 38
0.431 39
0.87 38
0.501 39
0.819 38
0.843 38
0.814 38
0.605 38
0.89 38
0.976 38
0.69 38
0.862 38
0.875 38
0.858 38
0.933 38
0.884 38
0.82 38
0.514 38
0.675 38
0.693 38
0.634 38
0.684 37
0.773 38
0.954 38
0.838 39
0.93 38
0.95 39
0.919 39
0.613 39
0.849 38
0.844 38
0.475 38
0.868 39
0.858 38
0.931 38
0.849 39
0.949 39
0.624 39
0.796 38
0.736 37
0.784 37
0.437 39
0.768 38
0.498 37
0.944 38
0.81 38
0.801 38
0.805 37
0.801 37
0.852 38
0.921 37
0.741 38
0.916 38
0.857 37
0.813 38
0.791 37
0.81 38
0.719 38
0.85 38
0.648 37
0.833 38
0.933 38
0.673 37
0.921 38
0.568 37
0.561 37
0.929 38
0.893 38
0.786 37
0.952 38
0.574 38
0.946 38
0.793 38
0.533 37
0.938 38
0.821 38
0.682 37
0.725 37
0.975 38
0.863 37
0.742 38
0.932 38
0.534 38
0.722 38
0.865 37
0.806 37
0.909 37
0.835 37
0.95 38
0.863 37
0.756 37
0.545 38
0.876 39
0.686 38
0.845 38
0.94 37
0.812 38
0.748 38
0.731 37
0.722 38
0.944 37
0.643 37
0.833 37
0.723 37
0.914 38
0.89 37
0.599 38
0.651 37
0.79 38
0.728 37
0.672 37
0.699 37
0.897 37
0.93 37
0.95 37
0.645 38
0.972 37
0.667 39
0.985 37
0.841 37
0.735 38
0.722 37
0.847 37
0.89 38
0.834 39
0.776 37
0.811 36
0.659 37
0.717 37
0.387 37
0.571 37
0.766 37
0.719 39
0.867 38
0.794 37
0.767 37
0.889 37
0.896 38
0.901 38
0.811 39
0.731 37
0.888 38
0.897 38
0.743 37
0.901 37
0.914 38
0.789 37
0.911 38
0.67 37
0.719 37
0.896 37
0.722 37
0.479 36
0.597 37
0.822 38
0.671 37
0.839 37
0.903 37
0.936 37
0.867 38
0.606 38
0.818 38
0.526 37
0.635 36
0.765 37
0.916 36
0.836 37
0.714 38
0.808 37
0.756 37
0.912 36
0.561 37
0.709 36
0.764 39
0.869 36
0.432 37
0.629 36
0.952 37
0.929 38
0.831 37
0.884 37
0.886 36
0.691 36
0.934 37
0.826 36
0.68 36
0.82 37
0.945 36
0.738 37
0.88 37
0.769 37
0.569 37
0.723 37
0.729 76
0.202 72
0.228 72
0.255 75
0.698 78
0.656 60
0.583 64
0.538 71
0.449 76
0.501 53
0.869 79
0.641 72
0.683 60
0.907 68
0.564 59
0.661 72
0.69 67
0.255 3
0.362 6
0.561 0
0.7 0
0.677 0
0.561 0
0.604 52
0.561 0
0.561 0
0.682 2
0.677 0
0.677 0
0.585 3
0.677 0
0.682 2
0.362 0
0.618 0
0.682 0
0.658 0
0.839 1
0.159 1
0.571 1
0.699 0
0.62 0
0.817 1
0.682 0
0.0656 0
0.679 2
0.186 0
0.302 0
0.0108 0
0.26 0
0.147 0
0.661 65
0.831 69
0.528 57
0.354 68
0.639 66
0.44 67
0.565 61
0.246 59
0.657 66
0.713 55
0.659 63
0.656 61
0.854 57
0.353 64
0.596 67
0.875 73
0.554 65
0.398 66
0.256 65
0.405 65
0.422 70
0.789 73
0.596 51
0.281 45
0.904 66
0.291 51
0.587 60
0.449 49
0.192 73
0.825 48
0.66 72
0.849 0
0.735 0
0.116 0
0.634 0
0.767 41
0.659 0
0.669 0
0.66 2
0.993 0
0.886 0
0.879 0
0.746 0
0.852 0
0.522 0
0.781 0
0.7 0
0.693 0
0.0144 0
0.0852 0
0.713 55
0.458 57
0.644 63
0.486 61
0.709 54
0.433 64
0.735 65
0.875 68
0.751 62
0.479 57
0.641 65
0.583 58
0.791 35
0.686 59
0.554 62
0.647 64
0.048 61
0.472 64
0.699 71
0.711 60
0.988 51
0.683 61
0.689 63
0.714 61
0.634 58
0.489 62
0.705 63
0.829 63
0.44 61
0.793 61
0.152 59
0.647 62
0.968 45
0.596 61
0.583 60
0.813 57
0.871 63
0.308 58
0.758 63
0.727 0
0.724 65
0.464 61
0.51 42
0.0161 70
0.573 65
0.759 0
0.685 1
0.0825 0
0.0532 0
0.361 0
0.526 59
0.526 57
0.796 62
0.612 59
0.836 68
0.409 55
0.635 62
0.54 59
0.564 62
0.419 64
0.405 58
0.354 62
0.802 58
0.496 62
0.371 52
0.692 66
0.913 70
0.876 59
0.415 59
0.632 64
0.522 59
0.54 61
0.886 67
0.783 60
0.677 56
0.509 56
0.573 56
0.642 58
0.672 49
0.67 61
0.642 60
0.876 66
0.437 49
0.482 55
0.764 40
0.574 41
0.388 58
0.715 41
0.618 40
0.75 39
0.88 0
0.521 0
0.577 39
0.619 0
0.887 38
0.54 38
0.887 8
0.573 8
0.889 37
0.581 0
0.306 57
0.462 57
0.98 47
0.666 71
0.734 72
0.943 35
0.502 57
0.554 59
0.586 66
0.448 58
0.547 62
0.387 61
0.684 58
0.764 45
0.49 60
0.574 59
0.505 59
0.541 59
0.415 58
0.255 45
0.529 60
0.541 50
0.614 54
0.7 47
0.408 51
0.667 65
0.669 78
0.416 58
0.494 60
0.481 60
0.584 39
0.713 49
0.668 59
0.627 60
0.592 39
0.925 61
0.026 64
0.88 65
0.705 39
0.805 39
0.493 37
0.802 79
0.649 38
0.0371 0
0.68 0
0.433 38
0.639 37
0.062 0
0.175 0
0.0193 0
0.849 64
0.541 58
0.307 57
0.361 59
0.608 56
0.482 55
0.607 59
0.355 58
0.641 56
0.659 24
0.865 50
0.741 67
0.493 58
0.385 57
0.779 58
0.478 58
0.703 60
0.291 57
0.483 60
0.747 65
0.425 57
0.437 57
0.6 57
0.501 39
0.569 37
0.713 38
0.438 37
0.401 65
0.72 79
0.89 37
0.76 37
0.414 37
0.65 37
0.495 36
0.959 62
0.77 38
0.026 54
0.493 36
0.407 37
0.866 36
0.831 37
0.239 36
0.608 36
0.609 2
0.712 0
0.483 36
0.839 37
0.593 37
0.997 37
0.372 36
0.836 52
0.538 61
0.992 50
0.892 57
0.527 55
0.493 52
0.519 57
0.461 58
0.627 56
0.52 58
0.52 59
0.672 60
0.773 52
0.671 58
0.337 56
0.612 48
0.405 36
0.907 43
0.61 59
0.519 60
0.149 61
0.179 64
0.502 37
0.773 50
0.202 59
0.436 57
0.599 74
0.565 37
0.817 0
0.658 38
0.587 37
0.894 35
0.925 37
0.535 57
0.828 0
0.194 35
0.889 35
0.349 35
0.536 35
0.576 9
0.861 2
0.48 0
0.583 0
0.576 0
0.839 0
0.951 0
0.591 0
0.62 35
0.591 0
0.173 0
0.708 57
0.596 49
0.801 76
0.383 50
0.616 53
0.755 60
0.571 55
0.432 57
0.517 53
0.949 60
0.682 74
0.623 60
0.44 63
0.524 53
0.457 57
0.781 63
0.441 52
0.536 36
0.565 48
0.554 62
0.409 56
0.394 54
0.454 63
0.371 59
0.766 47
0.456 42
0.698 50
0.946 57
0.782 36
0.0656 62
0.454 56
0.495 37
0.588 53
0.597 61
0.731 47
0.764 38
0.837 56
0.498 36
0.389 36
0.745 35
0.59 37
0.523 34
0.633 0
0.499 35
0.769 36
0.794 0
0.818 36
0.339 36
0.749 36
0.815 34
0.76 60
0.433 45
0.664 49
0.619 51
0.664 63
0.709 52
0.671 64
0.456 53
0.655 58
0.647 50
0.177 53
0.927 51
0.67 50
0.95 51
0.496 54
0.576 56
0.593 55
0.679 64
0.752 50
0.731 65
0.954 59
0.822 35
0.404 41
0.659 36
0.453 36
0.61 73
0.747 51
0.569 35
0.546 34
0.788 35
0.734 35
0.526 36
0.354 34
0.752 35
0.616 36
0.47 34
0.734 34
0.654 34
0.493 36
0.181 34
0.762 34
0.466 35
0.778 34
0.873 33
0.907 34
0.827 35
0.597 36
0.436 35
0.0299 34
0.0503 0
0.523 74
0.484 63
0.425 50
0.467 55
0.593 62
0.56 54
0.561 59
0.382 59
0.657 57
0.516 51
0.442 57
0.675 61
0.537 61
0.822 48
0.854 51
0.53 55
0.748 59
0.703 36
0.532 58
0.784 64
0.944 63
0.656 70
0.754 35
0.707 63
0.596 35
0.294 35
0.558 35
0.456 34
0.913 33
0.56 34
0.522 35
0.476 34
0.314 34
0.616 33
0.626 34
0.438 34
0.445 35
0.732 34
0.584 35
0.699 35
0.905 33
0.779 33
0.703 5
0.62 0
0.665 0
0.505 33
0.251 37
0.977 33
0.804 33
0.428 34
0.536 56
0.00756 60
0.697 55
0.408 51
0.611 52
0.836 61
0.63 58
0.768 53
0.706 56
0.543 53
0.532 76
0.241 55
0.766 57
0.724 55
0.623 60
0.449 60
0.651 55
0.7 33
0.399 34
0.605 34
0.811 53
0.718 54
0.566 51
0.756 73
0.871 35
0.652 34
0.812 35
0.634 34
0.35 34
0.745 34
0.791 35
0.612 33
0.682 34
0.543 33
0.51 33
0.722 34
0.757 33
0.592 34
0.804 34
0.573 33
0.467 33
0.515 33
0.433 34
0.415 33
0.759 33
0.8 33
0.859 33
0.212 0
0.0471 0
0.124 0
0.204 47
0.701 60
0.574 55
0.958 41
0.643 55
0.721 61
0.765 50
0.421 53
0.633 55
0.578 35
0.867 57
0.852 47
0.468 35
0.459 35
0.697 65
0.564 34
0.687 53
0.653 34
0.0118 56
0.791 33
0.995 58
0.83 57
0.504 35
0.675 34
0.607 35
0.305 63
0.757 32
0.851 32
0.421 34
0.65 35
0.493 35
0.72 33
0.855 33
0.615 34
0.569 34
0.521 34
0.649 33
0.629 34
0.469 33
0.0686 47
0.591 33
0.788 33
0.37 33
0.512 33
0.91 0
0.456 0
0.0901 33
0.565 32
0.754 32
0.83 33
0.458 54
0.299 45
0.891 49
0.806 49
0.645 61
0.427 59
0.656 71
0.458 59
0.674 63
0.665 50
0.864 63
0.534 52
0.422 56
0.83 56
0.913 44
0.526 58
0.547 54
0.792 0
0.398 34
0.632 34
0.729 33
0.455 33
0.565 34
0.677 34
0.799 34
0.621 33
0.743 34
0.533 33
0.673 33
0.674 34
0.766 32
0.539 34
0.844 34
0.716 34
0.836 32
0.64 33
0.847 2
0.459 32
0.4 32
0.333 32
0.553 34
0.904 32
0.931 32
0.563 34
0.939 32
0.519 32
0.933 32
0.815 33
0.468 32
0.898 33
0.597 50
0.552 59
0.659 73
0.621 54
0.406 55
0.853 55
0.517 53
0.385 55
0.488 54
0.961 43
0.567 34
0.823 49
0.807 57
0.492 48
0.484 56
0.141 51
0.738 48
0.621 59
0.701 33
0.583 32
0.157 31
0.775 34
0.553 32
0.304 34
0.417 33
0.758 34
0.742 34
0.657 32
0.68 34
0.445 33
0.97 58
0.74 33
0.548 33
0.522 33
0.746 32
0.313 33
0.541 34
0.593 34
0.362 32
0.773 33
0.527 32
0.49 32
0.988 32
0.95 32
0.931 32
0.485 33
0.731 33
0.991 32
0.527 32
0.819 32
0.589 54
0.557 56
0.682 73
0.444 49
0.319 54
0.46 53
0.836 75
0.547 55
0.6 52
0.976 46
0.414 59
0.452 53
0.827 54
0.516 52
0.626 54
0.407 56
0.78 49
0.586 57
0.543 34
0.614 33
0.692 62
0.659 50
0.677 34
0.638 56
0.789 33
0.742 33
0.879 33
0.715 33
0.673 33
0.494 33
0.84 31
0.633 33
0.594 31
0.662 34
0.851 31
0.803 33
0.831 34
0.516 33
0.778 32
0.205 32
0.691 31
0.573 34
0.628 32
0.409 0
0.49 31
0.378 32
0.922 32
0.696 31
0.834 31
0.362 32
0.612 52
0.961 42
0.313 54
0.38 49
0.573 53
0.711 43
0.575 52
0.61 33
0.491 37
0.482 56
0.539 34
0.62 33
0.798 54
0.587 33
0.488 54
0.747 51
0.782 34
0.704 33
0.567 33
0.648 0
0.323 2
0.449 33
0.0578 58
0.715 33
0.647 33
0.488 33
0.955 32
0.323 0
0.506 35
0.53 34
0.42 33
0.648 32
0.889 32
0.654 33
0.369 33
0.599 32
0.535 33
0.713 32
0.711 31
0.492 31
0.658 33
0.888 31
0.453 31
0.602 32
0.726 32
0.8 31
0.802 31
0.29 31
0.581 0
0.613 31
0.784 38
0.736 75
0.742 47
0.809 58
0.645 56
0.669 57
0.669 32
0.563 54
0.536 56
0.518 47
0.734 20
0.535 57
0.442 48
0.733 55
0.611 33
0.385 33
0.642 33
0.677 32
0.543 32
0.662 33
0.446 26
0.531 33
0.56 35
0.659 33
0.00674 60
0.706 33
0.172 31
0.493 32
0.409 32
0.647 34
0.696 67
0.655 32
0.378 31
0.6 32
0.824 32
0.555 33
0.882 33
0.87 31
0.567 31
0.6 33
0.239 31
0.732 33
0.373 31
0.82 31
0.115 31
0.392 32
0.547 32
0.896 32
0.907 31
0.778 32
0.522 51
0.515 53
0.67 58
0.717 53
0.306 47
0.504 53
0.463 57
0.985 61
0.571 32
0.539 33
0.78 32
0.375 32
0.452 32
0.773 33
0.465 53
0.564 59
0.74 32
0.625 33
0.575 33
0.902 0
0.0636 15
0.849 32
0.228 19
0.0434 18
0.444 32
0.785 33
0.441 32
0.428 33
0.178 20
0.546 32
0.2 13
0.369 31
0.23 12
0.198 12
0.0986 13
0.08 12
0.859 33
0.0489 13
0.868 30
0.125 14
0.72 33
0.151 14
0.347 12
0.624 33
0.241 12
0.612 33
0.7 31
0.396 32
0.408 32
0.975 31
0.542 69
0.505 53
0.544 54
0.713 60
0.979 54
0.606 55
0.944 42
0.806 65
0.59 51
0.475 58
0.363 58
0.513 51
0.555 32
0.623 58
0.624 56
0.406 33
0.774 53
0.337 32
0.463 33
0.665 32
0.586 34
0.714 49
0.644 33
0.604 32
0.479 33
0.652 32
0.495 32
0.825 31
0.731 31
0.584 32
0.68 32
0.639 32
0.197 31
0.686 30
0.65 30
0.867 31
0.878 30
0.687 30
0.23 30
0.567 32
0.75 31
0.728 30
0.719 31
0.286 31
0.782 32
0.914 30
0.524 32
0.546 30
0.741 30
0.889 30
0.424 48
0.549 62
0.683 44
0.563 59
0.473 59
0.519 35
0.744 52
0.941 67
0.266 53
0.56 56
0.505 53
0.634 53
0.45 53
0.575 33
0.632 55
0.534 57
0.639 53
0.633 32
0.408 32
0.581 33
0.491 52
0.202 31
0.597 32
0.689 33
0.551 32
0.809 31
0.712 64
0.484 30
0.568 32
0.692 32
0.59 32
0.279 30
0.424 32
0.626 31
0.706 31
0.56 32
0.739 32
0.694 32
0.674 32
0.42 31
0.392 31
0.815 30
0.665 30
0.511 32
0.678 31
0.964 30
0.846 31
0.977 30
0.6 32
0.642 30
0.514 89
0.763 75
0.711 2
0.733 0
0.711 0
0.874 2
0.711 0
0.711 0
0.711 0
0.733 0
0.711 0
0.733 0
0.711 0
0.711 0
0.711 0
0.711 1
0.851 2
0.799 0
0.851 0
0.733 0
0.733 1
0.733 0
0.733 0
0.913 4
0.583 1
0.578 0
0.578 0
0.622 4
0.758 2
0.913 2
0.733 0
0.936 0
0.758 0
0.682 3
0.466 3
0.682 1
0.874 0
0.936 0
0.655 0
0.655 0
0.655 0
0.765 2
0.913 0
0.986 1
0.622 0
0.819 0
0.682 0
0.682 0
0.979 1
0.986 2
0.775 84
0.909 81
0.675 69
0.746 75
0.629 75
0.605 76
0.711 0
0.73 72
0.416 0
0.756 1
0.536 1
0.377 0
0.614 0
0.536 0
0.756 0
0.448 0
0.671 61
0.377 0
0.7 0
0.7 0
0.448 0
0.377 0
0.486 0
0.7 0
0.336 0
0.7 0
0.614 0
0.336 0
0.583 0
0.7 0
0.536 0
0.536 0
0.448 0
0.377 0
0.7 0
0.614 0
0.536 0
0.377 0
0.7 0
0.745 0
0.614 0
0.536 0
0.745 0
0.7 0
0.536 0
0.7 0
0.7 0
0.7 0
0.7 0
0.7 0
0.652 68
0.488 0
0.757 0
0.583 4
0.757 0
0.518 1
0.485 1
0.614 0
0.377 0
0.336 0
0.377 0
0.377 0
0.564 2
0.377 0
0.377 0
0.536 0
0.7 0
0.514 0
0.7 0
0.614 0
0.448 0
0.448 0
0.583 0
0.614 0
0.614 0
0.745 0
0.614 0
0.486 0
0.946 0
0.377 0
0.614 0
0.614 0
0.614 0
0.377 0
0.536 0
0.614 0
0.536 0
0.745 1
0.745 0
0.536 0
0.614 0
0.536 0
0.745 0
0.377 0
0.377 0
0.536 0
0.614 0
0.749 1
0.7 0
0.749 0
0.479 67
0.655 78
0.844 81
0.542 61
0.767 82
0.671 81
0.636 71
0.705 73
0.736 2
0.847 0
0.847 0
0.507 0
0.764 0
0.764 0
0.764 0
0.571 0
0.764 0
0.764 0
0.759 4
0.624 0
0.764 1
0.622 5
0.608 7
0.764 0
0.764 0
0.764 0
0.648 0
0.658 1
0.764 0
0.737 0
0.571 0
0.848 0
0.759 1
0.571 0
0.437 0
0.747 1
0.675 0
0.514 0
0.481 0
0.654 57
0.481 0
0.59 0
0.481 0
0.481 0
0.564 0
0.564 0
0.835 0
0.946 0
0.835 0
0.45 0
0.744 82
0.832 83
0.52 79
0.723 77
0.682 5
0.858 8
0.726 6
0.525 7
0.601 10
0.499 6
0.632 57
0.555 5
0.481 4
0.632 77
0.712 6
0.499 4
0.9 80
0.91 79
0.85 79
0.736 84
0.74 80
0.485 61
0.938 82
0.759 56
0.445 3
0.65 55
0.517 53
0.569 55
0.622 66
0.794 0
0.718 54
0.665 54
0.571 55
0.565 55
0.704 56
0.68 56
0.622 56
0.475 56
0.568 54
0.43 56
0.504 54
0.402 53
0.445 56
0.767 54
0.661 55
0.63 1
0.764 57
0.521 0
0.919 0
0.575 55
0.614 71
0.946 72
0.551 75
0.415 79
0.599 69
0.345 82
0.672 0
0.672 0
0.726 0
0.682 53
0.798 1
0.775 54
0.798 0
0.499 53
0.633 53
0.798 0
0.362 0
0.627 1
0.463 53
0.716 52
0.362 0
0.498 53
0.362 0
0.937 54
0.782 1
0.344 0
0.582 52
0.344 0
0.509 0
0.542 1
0.344 0
0.782 0
0.344 0
0.457 0
0.344 0
0.633 0
0.782 0
0.457 0
0.344 0
0.445 0
0.856 0
0.781 1
0.509 0
0.468 0
0.96 0
0.468 0
0.462 0
0.679 0
0.462 0
0.418 53
0.676 72
0.809 73
0.869 70
0.624 71
0.616 54
0.719 0
0.847 31
0.672 1
0.847 48
0.725 0
0.726 0
0.818 53
0.218 55
0.724 0
0.724 0
0.633 51
0.529 51
0.755 52
0.798 1
0.63 52
0.442 51
0.424 51
0.52 52
0.547 53
0.689 51
0.614 50
0.596 51
0.719 51
0.547 50
0.542 51
0.689 50
0.671 0
0.456 53
0.838 54
0.623 51
0.526 52
0.671 1
0.603 50
0.554 51
0.353 51
0.747 0
0.489 51
0.767 1
0.678 52
0.767 0
0.582 52
0.659 1
0.747 0
0.717 0
0.462 0
0.63 75
0.679 72
0.795 80
0.54 72
0.717 79
0.821 75
0.742 74
0.576 51
0.552 51
0.692 51
0.46 50
0.518 50
0.798 69
0.458 0
0.359 50
0.676 49
0.535 49
0.796 0
0.43 50
0.485 49
0.575 1
0.242 1
0.536 49
0.674 49
0.768 50
0.461 48
0.865 51
0.396 0
0.55 0
0.723 49
0.794 50
0.499 48
0.801 0
0.446 49
0.631 50
0.654 0
0.776 3
0.458 0
0.68 0
0.579 0
0.702 0
0.579 0
0.579 0
0.869 51
0.61 0
0.61 0
0.61 0
0.61 0
0.783 1
0.462 0
0.665 73
0.6 82
0.418 79
0.449 63
0.586 72
0.556 58
0.337 50
0.418 48
0.668 50
0.49 47
0.796 3
0.711 0
0.684 48
0.582 48
0.616 47
0.665 48
0.735 50
0.77 50
0.796 1
0.396 48
0.796 1
0.796 0
0.611 48
0.707 49
0.6 48
0.707 48
0.925 0
0.525 48
0.745 48
0.41 48
0.77 0
0.535 49
0.494 0
0.782 0
0.242 0
0.242 1
0.782 0
0.796 0
0.889 0
0.576 0
0.8 51
0.464 48
0.899 0
0.641 49
0.871 1
0.439 49
0.344 0
0.589 48
0.891 0
0.711 0
0.736 63
0.452 75
0.489 74
0.852 74
0.764 70
0.519 49
0.604 48
0.833 80
0.472 48
0.642 47
0.273 47
0.543 47
0.483 48
0.766 0
0.583 47
0.551 48
0.601 49
0.803 1
0.501 47
0.505 47
0.622 0
0.671 1
0.468 47
0.322 0
0.322 0
0.579 0
0.878 0
0.344 1
0.726 0
0.237 48
0.344 0
0.555 0
0.606 0
0.277 0
0.63 49
0.344 0
0.666 0
0.666 0
0.364 0
0.774 0
0.774 0
0.774 0
0.555 0
0.666 0
0.555 0
0.555 0
0.579 0
0.555 0
0.579 0
0.579 0
0.648 79
0.82 62
0.787 68
0.913 78
0.571 71
0.736 76
0.946 48
0.598 46
0.673 47
0.411 46
0.651 47
0.8 47
0.628 46
0.337 48
0.528 47
0.515 46
0.635 49
0.516 46
0.538 46
0.602 48
0.553 50
0.731 47
0.795 47
0.551 47
0.416 47
0.707 47
0.801 49
0.395 48
0.884 47
0.811 46
0.608 49
0.579 47
0.308 47
0.621 47
0.523 46
0.819 47
0.807 47
0.587 46
0.499 48
0.897 0
0.471 48
0.896 50
0.449 46
0.453 48
0.396 47
0.466 47
0.656 47
0.95 0
0.985 47
0.744 47
0.886 60
0.811 73
0.797 50
0.866 65
0.635 70
0.852 70
0.918 68
0.651 76
0.912 51
0.755 46
0.642 52
0.437 46
0.328 46
0.436 48
0.597 46
0.595 45
0.374 46
0.569 0
0.69 48
0.64 45
0.56 46
0.789 22
0.421 46
0.976 47
0.729 46
0.459 48
0.464 46
0.813 46
0.823 48
0.431 0
0.647 48
0.595 46
0.528 46
0.619 45
0.343 46
0.486 46
0.504 0
0.732 48
0.406 46
0.76 0
0.656 47
0.759 48
0.867 48
0.519 47
0.889 48
0.443 1
0.556 46
0.649 46
0.984 47
0.604 47
0.651 67
0.794 75
0.732 71
0.536 54
0.813 39
0.595 47
0.574 47
0.614 69
0.539 52
0.894 68
0.629 47
0.655 24
0.403 47
0.523 45
0.689 47
0.589 48
0.653 47
0.457 45
0.678 45
0.548 46
0.804 47
0.68 46
0.478 46
0.487 45
0.496 47
0.66 45
0.441 45
0.709 46
0.442 45
0.452 45
0.33 47
0.748 47
0.758 45
0.598 45
0.55 46
0.582 46
0.659 46
0.609 45
0.406 45
0.673 45
0.856 47
0.432 45
0.493 45
0.877 45
0.727 0
0.633 45
0.469 44
0.904 46
0.65 45
0.708 45
0.64 35
0.815 64
0.777 66
0.679 67
0.704 45
0.535 46
0.954 21
0.809 66
0.399 44
0.712 46
0.913 66
0.555 44
0.876 45
0.735 44
0.63 4
0.879 3
0.788 4
0.958 45
0.597 44
0.749 44
0.711 44
0.693 44
0.582 45
0.73 44
0.952 0
0.618 44
0.807 4
0.445 46
0.585 47
0.689 44
0.555 46
0.484 47
0.433 46
0.841 47
0.53 44
0.583 44
0.559 44
0.609 45
0.472 44
0.868 45
0.976 45
0.496 45
0.894 46
0.356 44
0.443 44
0.522 1
0.29 44
0.701 44
0.568 46
0.522 0
0.75 71
0.686 53
0.777 66
0.862 68
0.732 69
0.792 75
0.599 44
0.734 45
0.719 46
0.815 66
0.869 64
0.866 63
0.601 62
0.636 46
0.71 66
0.798 62
0.525 46
0.812 62
0.579 44
0.388 44
0.682 44
0.336 44
0.9 45
0.459 44
0.652 47
0.566 45
0.671 44
0.577 45
0.504 46
0.546 44
0.559 44
0.552 44
0.665 0
0.887 44
0.914 46
0.9 44
0.63 46
0.467 46
0.987 44
0.648 43
0.301 44
0.487 0
0.89 46
0.528 45
0.929 46
0.737 0
0.757 46
0.772 46
0.932 0
0.46 43
0.774 45
0.743 45
0.644 67
0.904 69
0.682 46
0.97 75
0.62 43
0.59 68
0.715 61
0.653 63
0.571 44
0.772 44
0.718 43
0.544 43
0.572 45
0.775 43
0.616 60
0.521 43
0.933 76
0.686 43
0.518 44
0.578 46
0.53 46
0.559 43
0.598 44
0.787 44
0.832 43
0.369 44
0.639 43
0.324 43
0.626 45
0.782 43
0.738 43
0.952 44
0.468 45
0.46 44
0.732 43
0.664 43
0.839 47
0.563 43
0.885 45
0.757 0
0.719 43
0.419 43
0.765 1
0.664 45
0.766 46
0.595 43
0.442 0
0.695 44
0.71 63
0.821 74
0.64 34
0.521 78
0.848 58
0.711 70
0.653 44
0.714 56
0.311 43
0.391 43
0.673 42
0.305 43
0.404 43
0.644 43
0.695 44
0.609 45
0.57 43
0.491 43
0.566 44
0.803 43
0.621 45
0.565 43
0.804 42
0.411 45
0.76 43
0.521 43
0.904 42
0.487 43
0.721 42
0.864 45
0.899 43
0.759 45
0.676 43
0.571 44
0.679 43
0.7 43
0.483 44
0.829 43
0.46 42
0.64 44
0.622 45
0.417 43
0.618 44
0.698 45
0.486 43
0.512 45
0.546 43
0.729 0
0.711 0
0.471 0
0.699 62
0.809 71
0.389 43
0.682 72
0.851 45
0.833 45
0.426 42
0.347 60
0.548 43
0.64 44
0.857 43
0.666 44
0.504 42
0.579 43
0.258 42
0.394 45
0.544 43
0.619 42
0.496 44
0.517 43
0.531 42
0.669 43
0.677 44
0.465 42
0.482 42
0.56 42
0.243 0
0.626 43
0.602 42
0.402 43
0.504 42
0.587 43
0.498 44
0.373 0
0.23 0
0.518 42
0.823 44
0.338 0
0.564 42
0.676 0
0.626 0
0.676 0
0.88 0
0.626 0
0.446 0
0.587 0
0.676 0
0.374 0
0.446 0
0.446 0
0.461 80
0.586 72
0.732 0
0.331 44
0.134 67
0.642 42
0.241 44
0.539 44
0.884 77
0.544 42
0.649 44
0.659 42
0.525 44
0.414 43
0.788 42
0.815 44
0.318 42
0.755 42
0.421 42
0.529 42
0.533 42
0.646 43
0.488 42
0.852 44
0.662 42
0.787 42
0.743 42
0.687 42
0.46 42
0.727 45
0.722 43
0.914 44
0.556 43
0.848 42
0.44 43
0.754 42
0.262 44
0.598 44
0.444 42
0.676 42
0.721 42
0.641 42
0.646 42
0.581 43
0.88 45
0.885 44
0.643 42
0.741 42
0.745 43
0.63 43
0.706 75
0.786 65
0.568 44
0.735 71
0.479 42
0.988 42
0.637 43
0.893 42
0.689 43
0.651 43
0.553 43
0.747 43
0.546 43
0.462 42
0.596 41
0.56 41
0.702 43
0.42 44
0.247 43
0.69 43
0.723 42
0.89 44
0.935 42
0.684 43
0.479 42
0.474 42
0.476 43
0.848 42
0.946 43
0.477 41
0.725 41
0.42 41
0.722 41
0.559 42
0.432 42
0.608 42
0.9 0
0.425 42
0.545 0
0.505 0
0.928 0
0.815 0
0.518 42
0.815 0
0.815 0
0.815 0
0.815 0
0.842 0
0.863 0
0.444 0
0.417 92
0.532 88
0.521 64
0.866 88
0.631 88
0.465 78
0.758 83
0.595 69
0.698 71
0.542 76
0.638 80
0.9 80
0.558 78
0.313 77
0.828 79
0.749 79
0.599 74
0.369 77
0.875 76
0.315 58
0.524 62
0.885 72
0.337 63
0.367 56
0.757 82
0.948 75
0.365 0
0.335 0
0.478 0
0.315 0
0.309 0
0.452 0
0.824 0
0.365 0
0.328 0
0.927 0
0.8 3
0.337 0
0.678 0
0.817 0
0.8 1
0.817 0
0.817 0
0.8 0
0.8 0
0.694 0
0.694 0
0.694 0
0.702 0
0.665 0
0.565 67
0.419 66
0.457 60
0.481 65
0.579 60
0.591 66
0.524 65
0.668 70
0.743 67
0.73 70
0.953 69
0.629 57
0.865 63
0.757 64
0.36 59
0.662 65
0.844 65
0.679 71
0.714 68
0.863 61
0.367 67
0.882 69
0.738 69
0.531 70
0.91 74
0.932 64
0.71 61
0.617 67
0.992 61
0.462 66
0.837 69
0.351 67
0.81 67
0.806 64
0.908 72
0.721 68
0.649 75
0.872 73
0.974 71
0.881 67
0.963 72
0.209 67
0.8 64
0.747 66
0.639 69
0.94 0
0.898 40
0.839 42
0.715 43
0.559 42
0.668 56
0.909 58
0.432 59
0.78 62
0.285 61
0.613 49
0.782 62
0.693 63
0.793 61
0.628 52
0.873 67
0.685 63
0.617 62
0.306 60
0.679 61
0.922 64
0.587 63
0.738 26
0.696 50
0.64 60
0.925 63
0.488 56
0.835 59
0.607 61
0.657 63
0.767 59
0.89 60
0.778 66
0.882 55
0.898 61
0.811 62
0.571 64
0.775 68
0.896 62
0.931 69
0.814 67
0.499 8
0.982 72
0.578 70
0.88 37
0.807 38
0.865 38
0.752 0
0.79 0
0.562 40
0.814 40
0.876 39
0.944 41
0.913 0
0.871 0
0.597 59
0.672 66
0.63 63
0.614 56
0.578 56
0.332 70
0.474 56
0.458 52
0.646 58
0.547 61
0.441 67
0.786 58
0.571 55
0.887 62
0.596 64
0.752 62
0.84 56
0.81 62
0.649 58
0.578 68
0.763 61
0.74 56
0.668 61
0.817 64
0.555 55
0.896 59
0.466 64
0.299 57
0.742 66
0.991 25
0.323 60
0.682 63
0.407 60
0.63 67
0.909 55
0.837 63
0.805 59
0.466 66
0.889 65
0.833 70
0.666 63
0.844 60
0.819 36
0.912 62
0.829 35
0.901 35
0.849 34
0.774 39
0.967 35
0.915 36
0.385 54
0.623 59
0.456 64
0.756 58
0.816 53
0.598 49
0.729 56
0.692 58
0.67 63
0.457 54
0.333 61
0.746 30
0.468 55
0.75 60
0.677 57
0.385 59
0.437 56
0.546 56
0.503 55
0.894 32
0.51 55
0.613 59
0.456 57
0.765 57
0.871 50
0.886 57
0.711 61
0.844 37
0.976 58
0.952 59
0.889 63
0.803 56
0.89 57
0.806 33
0.922 63
0.948 61
0.755 55
0.499 58
0.724 57
0.895 63
0.859 33
0.972 35
0.78 68
0.985 32
0.538 0
0.949 34
0.811 32
0.76 35
0.849 37
0.821 35
0.259 53
0.846 59
0.306 50
0.675 48
0.406 59
0.792 50
0.952 61
0.511 51
0.588 49
0.97 46
0.311 54
0.842 22
0.787 44
0.67 59
0.433 55
0.593 54
0.569 56
0.768 61
0.694 54
0.883 55
0.696 59
0.865 54
0.933 33
0.901 61
0.702 32
0.823 62
0.596 62
0.931 32
0.565 32
0.817 32
0.965 33
0.905 33
0.772 31
0.948 56
0.407 33
0.908 33
0.868 31
0.907 32
0.611 34
0.881 33
0.952 32
0.923 34
0.79 31
0.808 31
0.755 33
0.947 2
0.924 0
0.85 33
0.698 0
0.891 32
0.587 57
0.891 54
0.154 53
0.381 43
0.783 57
0.782 61
0.64 57
0.621 60
0.409 53
0.981 61
0.681 51
0.255 52
0.838 58
0.8 53
0.871 59
0.615 63
0.638 55
0.914 58
0.976 31
0.576 62
0.857 63
0.625 31
0.972 58
0.831 52
0.757 32
0.645 66
0.688 57
0.644 31
0.757 58
0.419 33
0.847 30
0.923 31
0.624 30
0.858 31
0.991 30
0.783 30
0.837 31
0.972 32
0.651 30
0.849 31
0.806 31
0.846 32
0.728 0
0.957 31
0.468 33
0.62 0
0.954 30
0.887 32
0.62 0
0.58 32
0.442 54
0.459 55
0.728 55
0.37 49
0.612 59
0.171 52
0.748 57
0.715 54
0.838 59
0.379 56
0.773 51
0.649 59
0.95 29
0.573 58
0.857 50
0.564 51
0.608 45
0.939 54
0.662 34
0.769 62
0.766 50
0.745 56
0.981 28
0.952 65
0.768 29
0.922 55
0.946 59
0.284 57
0.805 30
0.513 29
0.906 30
0.989 33
0.743 55
0.942 59
0.878 31
0.901 31
0.851 30
0.402 31
0.973 62
0.726 29
0.957 30
0.711 30
0.956 31
0.819 30
0.718 29
0.95 31
0.879 29
0.593 31
0.471 31
0.737 0
0.664 59
0.313 47
0.77 54
0.332 51
0.493 52
0.956 51
0.483 56
0.722 54
0.704 57
0.841 54
0.888 31
0.818 49
0.959 41
0.851 29
0.728 58
0.872 54
0.601 50
0.738 57
0.827 29
0.871 47
0.709 65
0.825 32
0.814 29
0.863 28
0.923 28
0.515 63
0.978 65
0.698 57
0.994 28
0.849 64
0.896 29
0.846 58
0.818 29
0.932 29
0.967 30
0.96 29
0.813 30
0.859 31
0.85 29
0.904 29
0.814 29
0.942 29
0.771 30
0.879 30
0.811 29
0.797 30
0.719 29
0.78 29
0.559 30
0.615 0
0.186 54
0.574 54
0.246 52
0.478 49
0.772 50
0.589 52
0.617 56
0.491 52
0.486 50
0.855 52
0.753 61
0.802 54
0.409 55
0.544 58
0.88 53
0.819 50
0.61 53
0.72 58
0.809 60
0.746 57
0.707 28
0.789 52
0.977 31
0.84 29
0.706 28
0.515 28
0.888 29
0.95 29
0.689 29
0.604 28
0.854 28
0.88 29
0.89 58
0.904 28
0.777 27
0.253 29
0.897 29
0.755 28
0.483 28
0.889 29
0.504 29
0.963 27
0.917 29
0.865 28
0.852 29
0.684 28
0.615 28
0.906 30
0.658 65
0.923 28
0.876 56
0.811 53
0.919 61
0.713 53
0.774 52
0.338 50
0.234 46
0.526 51
0.939 51
0.621 54
0.603 56
0.791 28
0.691 53
0.688 57
0.749 41
0.911 28
0.92 28
0.645 57
0.894 28
0.884 29
0.589 27
0.807 53
0.957 27
0.877 28
0.462 28
0.931 28
0.892 30
0.617 62
0.936 62
0.841 28
0.694 28
0.821 28
0.459 27
0.758 55
0.635 29
0.943 26
0.888 28
0.883 28
0.672 27
0.891 27
0.928 27
0.794 29
0.809 27
0.936 29
0.472 29
0.935 29
0.974 30
0.959 29
0.843 28
0.906 28
0.508 49
0.866 50
0.886 42
0.187 55
0.58 48
0.531 55
0.614 52
0.714 50
0.236 51
0.265 53
0.509 56
0.599 56
0.674 62
0.417 56
0.68 28
0.506 56
0.769 57
0.368 49
0.864 59
0.901 59
0.969 27
0.693 57
0.915 54
0.859 57
0.976 28
0.955 29
0.903 27
0.842 27
0.768 27
0.842 27
0.707 28
0.973 28
0.875 29
0.925 27
0.972 26
0.646 29
0.599 28
0.668 27
0.953 28
0.903 28
0.939 27
0.934 28
0.931 31
0.96 27
0.966 28
0.902 28
0.908 28
0.845 28
0.912 29
0.895 28
0.736 39
0.844 56
0.582 52
0.467 50
0.842 52
0.519 52
0.289 52
0.81 56
0.679 61
0.548 59
0.906 55
0.807 28
0.855 50
0.87 49
0.723 58
0.866 27
0.938 29
0.93 27
0.924 53
0.939 26
0.935 27
0.952 27
0.955 26
0.734 27
0.961 27
0.734 26
0.855 26
0.653 31
0.989 28
0.904 26
0.711 27
0.18 28
0.915 27
0.757 28
0.658 27
0.74 27
0.66 56
0.599 28
0.716 26
0.958 27
0.985 28
0.894 0
0.958 27
0.942 0
0.894 0
0.946 27
0.894 0
0.942 0
0.763 28
0.942 0
0.808 38
0.507 52
0.334 51
0.938 55
0.434 53
0.861 48
0.434 56
0.724 51
0.8 35
0.547 57
0.618 56
0.471 38
0.595 57
0.942 48
0.937 51
0.434 49
0.56 27
0.459 27
0.686 52
0.565 26
0.69 46
0.754 55
0.758 26
0.962 26
0.816 26
0.853 52
0.708 59
0.821 26
0.721 26
0.995 25
0.891 26
0.916 25
0.98 26
0.946 60
0.928 27
0.645 26
0.919 27
0.841 26
0.753 56
0.963 25
0.882 59
0.788 26
0.842 26
0.868 25
0.539 26
0.634 28
0.746 27
0.882 26
0.835 27
0.995 28
0.701 51
0.603 50
0.336 49
0.752 50
0.753 53
0.934 52
0.563 52
0.634 55
0.857 26
0.911 26
0.889 26
0.921 58
0.612 25
0.526 26
0.984 25
0.922 26
0.985 26
0.685 25
0.419 52
0.895 25
0.597 57
0.74 50
0.92 26
0.968 25
0.843 53
0.633 26
0.645 26
0.824 60
0.962 26
0.857 26
0.987 25
0.952 27
0.885 26
0.838 58
0.419 26
0.729 27
0.972 26
0.967 26
0.879 26
0.772 27
0.942 25
0.803 26
0.961 26
0.919 26
0.925 57
0.918 26
0.941 59
0.856 26
0.729 26
0.659 26
0.721 53
0.904 41
0.341 55
0.304 55
0.404 49
0.563 44
0.718 25
0.454 54
0.943 51
0.782 25
0.742 26
0.543 49
0.968 54
0.852 25
0.513 50
0.82 44
0.805 60
0.941 53
0.871 25
0.93 24
0.909 25
0.905 25
0.462 25
0.833 26
0.784 25
0.713 24
0.448 25
0.87 26
0.953 26
0.909 26
0.771 25
0.768 62
0.849 25
0.435 26
0.834 26
0.991 25
0.962 26
0.965 26
0.891 27
0.805 25
0.801 26
0.96 26
0.742 26
0.891 27
0.825 26
0.879 26
0.893 28
0.601 27
0.804 28
0.433 25
0.252 56
0.701 50
0.872 33
0.88 51
0.826 47
0.87 49
0.603 51
0.357 25
0.977 23
0.766 55
0.906 53
0.928 26
0.682 25
0.851 38
0.966 53
0.913 25
0.871 59
0.689 26
0.649 26
0.86 26
0.706 27
0.939 25
0.819 45
0.96 26
0.4 25
0.901 25
0.951 28
0.921 59
0.765 25
0.956 26
0.894 25
0.868 26
0.968 27
0.844 25
0.665 26
0.753 24
0.763 25
0.402 26
0.981 25
0.932 25
0.8 25
0.881 27
0.321 26
0.957 27
0.92 26
0.799 25
0.871 26
0.775 26
0.769 24
0.882 26
0.277 49
0.646 48
0.443 49
0.832 54
0.392 52
0.465 56
0.891 48
0.579 49
0.684 37
0.8 58
0.867 51
0.762 44
0.805 57
0.95 26
0.381 49
0.982 24
0.971 53
0.98 24
0.655 58
0.876 25
0.601 25
0.915 27
0.157 25
0.818 27
0.816 26
0.821 23
0.553 25
0.933 24
0.992 58
0.93 24
0.836 54
0.329 25
0.93 25
0.722 26
0.875 25
0.908 25
0.481 29
0.62 25
0.921 26
0.982 25
0.451 24
0.506 26
0.672 26
0.973 24
0.831 25
0.426 24
0.935 24
0.859 24
0.955 27
0.32 25
0.508 45
0.389 47
0.41 51
0.33 48
0.802 52
0.485 44
0.888 54
0.738 46
0.88 57
0.339 47
0.733 65
0.775 25
0.9 25
0.886 25
0.927 25
0.668 48
0.912 24
0.773 25
0.307 54
0.725 27
0.977 26
0.791 26
0.489 25
0.762 24
0.916 24
0.804 60
0.425 24
0.966 25
0.948 24
0.76 23
0.941 25
0.49 25
0.96 25
0.946 26
0.907 25
0.914 24
0.936 25
0.762 59
0.707 24
0.799 25
0.939 25
0.823 26
0.846 26
0.98 23
0.918 24
0.598 25
0.905 25
0.908 24
0.979 27
0.456 25
0.791 55
0.655 50
0.579 48
0.631 49
0.518 46
0.706 51
0.797 52
0.952 40
0.901 25
0.162 48
0.95 24
0.963 24
0.77 24
0.816 37
0.702 25
0.21 26
0.943 25
0.807 25
0.857 25
0.904 25
0.949 52
0.982 25
0.786 24
0.902 25
0.642 29
0.779 25
0.979 25
0.632 26
0.743 24
0.765 25
0.976 24
0.917 25
0.965 24
0.974 23
0.492 55
0.893 25
0.654 24
0.856 24
0.958 24
0.843 24
0.867 24
0.71 54
0.735 24
0.991 24
0.923 54
0.9 58
0.844 25
0.911 24
0.878 25
0.814 26
0.622 76
0.657 80
0.226 74
0.801 5
0.801 1
0.801 0
0.714 0
0.813 3
0.714 0
0.714 1
0.714 0
0.801 1
0.801 0
0.801 0
0.714 0
0.801 0
0.801 0
0.801 0
0.672 3
0.801 0
0.714 0
0.813 0
0.135 1
0.0601 0
0.526 0
0.216 0
0.0744 0
0.113 0
0.173 1
0.059 0
0.059 0
0.0142 0
0.216 0
0.113 0
0.169 0
0.0142 0
0.169 0
0.00972 0
0.276 0
0.135 0
0.2 0
0.526 0
0.135 0
0.049 0
0.526 0
0.296 0
0.167 0
0.00972 0
0.327 0
0.173 0
0.924 0
0.657 0
0.738 0
0.623 0
0.623 0
0.854 0
0.657 1
0.849 0
0.828 0
0.727 0
0.828 0
0.373 0
0.373 1
0.63 0
0.63 0
0.0413 1
0.0846 2
0.0679 0
0.0552 0
0.13 1
0.0601 0
0.0367 0
0.059 0
0.169 0
0.049 0
0.186 0
0.296 1
0.2 0
0.167 1
0.127 1
0.135 0
0.059 0
0.00972 0
0.215 0
0.0699 0
0.2 0
0.00299 0
0.169 0
0.391 0
0.327 0
0.135 0
0.049 0
0.167 0
0.296 0
0.0658 0
0.243 0
0.276 0
0.173 0
0.327 0
0.201 0
0.465 77
0.565 0
0.657 0
0.781 2
0.72 0
0.623 0
0.738 0
0.53 0
0.804 0
0.657 0
0.618 0
0.849 0
0.804 0
0.577 0
0.72 0
0.727 0
0.72 0
0.577 0
0.833 0
0.727 1
0.841 0
0.841 1
0.804 0
0.581 0
0.898 0
0.52 0
0.898 0
0.828 0
0.841 0
0.923 3
0.833 0
0.898 0
0.727 0
0.833 0
0.923 0
0.903 0
0.818 0
0.0217 0
0.217 0
0.0484 0
0.0146 0
0.0951 1
0.116 0
0.0216 0
0.16 0
0.156 0
0.00241 0
0.302 0
0.139 0
0.217 0
0.428 78
0.781 75
0.61 75
0.72 78
0.833 70
0.693 66
0.784 79
0.0301 63
0.581 80
0.846 66
0.815 76
0.0173 65
0.616 70
0.841 77
0.0968 72
0.524 79
0.605 74
0.695 58
0.849 70
0.891 64
0.648 68
0.506 0
0.506 0
0.629 53
0.804 2
0.651 0
0.465 0
0.465 0
0.717 0
0.678 0
0.648 0
0.627 0
0.853 2
0.671 0
0.671 0
0.624 1
0.302 68
0.671 1
0.87 0
0.624 0
0.624 0
0.624 0
0.651 0
0.624 49
0.0379 1
0.0281 0
0.0478 0
0.0996 0
0.0134 0
0.196 0
0.564 68
0.0349 56
0.336 66
0.293 16
0.826 0
0.366 19
0.403 20
0.0151 0
0.00428 0
0.034 0
0.0283 0
0.00248 0
0.0286 0
0.09 1
0.0749 0
0.0837 1
0.116 0
0.0623 0
0.0107 0
0.0391 0
0.34 0
0.186 0
0.261 0
0.024 0
0.0258 0
0.0766 0
0.158 0
0.0316 0
0.195 0
0.198 0
0.0964 0
0.153 0
0.0851 0
0.278 0
0.146 0
0.211 0
0.237 0
0.17 0
0.0519 0
0.357 0
0.00699 0
0.262 0
0.314 0
0.262 0
0.357 0
0.17 0
0.0578 0
0.262 0
0.176 0
0.17 0
0.804 76
0.0883 33
0.072 25
0.232 29
0.232 32
0.631 47
0.184 45
0.112 34
0.219 34
0.137 37
0.319 32
0.119 32
0.212 41
0.0935 35
0.266 39
0.218 31
0.206 30
0.00669 29
0.143 27
0.22 26
0.284 26
0.255 26
0.268 23
0.327 30
0.056 27
0.262 16
0.18 31
0.00358 28
0.119 25
0.249 23
0.0367 24
0.28 27
0.173 25
0.0504 31
0.279 31
0.136 24
0.0715 32
0.713 29
0.34 20
0.567 0
0.0975 12
0.0163 25
0.826 3
0.105 27
0.222 20
0.0747 24
0.395 16
0.487 23
0.429 12
0.223 34
0.198 37
0.232 29
0.19 30
0.218 31
0.284 26
0.273 31
0.201 29
0.262 16
0.189 27
0.371 24
0.063 25
0.373 25
0.28 27
0.0819 16
0.0444 22
0.136 24
0.0693 12
0.0466 14
0.117 21
0.386 22
0.381 21
0.0633 24
0.0519 23
0.226 12
0.34 20
0.6 20
0.0567 13
0.105 21
0.0857 18
0.0975 12
0.021 12
0.0799 13
0.527 13
0.19 11
0.105 27
0.222 20
0.147 15
0.329 13
0.143 14
0.395 16
0.132 15
0.359 12
0.185 15
0.276 14
0.527 16
0.429 12
0.492 11
0.347 16
0.377 13
0.0674 14
0.477 39
0.084 59
0.0585 62
0.564 56
0.224 59
0.66 65
0.759 62
0.35 53
0.665 57
0.727 80
0.603 62
0.923 58
0.417 70
0.708 74
0.679 47
0.85 69
0.577 48
0.351 19
0.836 71
0.119 25
0.0367 24
0.651 62
0.938 0
0.667 0
0.938 0
0.136 24
0.193 18
0.117 21
0.381 21
0.105 21
0.0857 18
0.327 1
0.0975 12
0.281 21
0.718 0
0.021 12
0.527 13
0.25 15
0.19 11
0.0542 11
0.327 0
0.332 15
0.285 14
0.276 14
0.327 0
0.327 0
0.432 12
0.429 12
0.327 6
0.886 0
0.102 61
0.15 59
0.283 58
0.838 72
0.848 69
0.51 35
0.0706 61
0.714 71
0.806 84
0.381 61
0.801 0
0.00527 69
0.894 0
0.701 0
0.894 0
0.333 70
0.701 0
0.701 2
0.602 46
0.517 0
0.517 0
0.517 0
0.517 0
0.517 0
0.517 0
0.517 0
0.634 0
0.517 0
0.634 0
0.634 0
0.517 0
0.517 0
0.517 0
0.634 0
0.634 0
0.634 0
0.634 0
0.634 0
0.634 0
0.162 0
0.634 0
0.634 0
0.906 1
0.906 0
0.231 0
0.909 0
0.21 0
0.0437 0
0.906 0
0.102 0
0.235 59
0.0383 53
0.0651 59
0.00863 49
0.123 56
0.922 75
0.419 55
0.82 73
0.681 76
0.157 69
0.436 60
0.347 65
0.369 45
0.374 44
0.851 45
0.241 45
0.918 0
0.634 0
0.517 0
0.517 0
0.634 0
0.634 0
0.997 0
0.996 0
0.997 0
0.988 1
0.517 0
0.838 0
0.997 0
0.634 0
0.98 0
0.994 0
0.993 0
0.708 0
0.913 0
0.708 0
0.794 0
0.994 0
0.794 0
0.998 0
0.993 0
0.998 0
0.993 0
0.217 0
0.951 0
0.86 0
0.986 0
0.114 0
0.997 0
0.994 0
0.738 65
0.801 73
0.0476 56
0.483 62
0.698 52
0.647 38
0.616 64
0.889 60
0.585 73
0.828 69
0.917 74
0.971 64
0.525 61
0.685 43
0.76 65
0.895 77
0.0927 60
0.897 44
0.802 45
0.581 44
0.923 38
0.946 41
0.666 44
0.108 63
0.911 42
0.812 43
0.814 43
0.973 0
0.548 0
0.927 42
0.973 0
0.996 0
0.997 0
0.771 43
0.997 0
0.877 0
0.993 0
0.708 0
0.889 0
0.413 45
0.986 0
0.91 0
0.978 0
0.978 0
0.978 0
0.941 0
0.941 0
0.941 0
0.92 0
0.902 43
0.926 58
0.698 49
0.915 61
0.182 54
0.723 67
0.976 71
0.656 56
0.557 64
0.654 68
0.245 56
0.796 31
0.695 53
0.597 30
0.564 71
0.0277 55
0.745 52
0.864 59
0.898 74
0.571 75
0.323 54
0.621 53
0.0976 56
0.313 54
0.963 64
0.477 60
0.433 56
0.643 1
0.438 42
0.393 42
0.665 42
0.628 42
0.319 42
0.64 42
0.802 42
0.753 42
0.761 43
0.997 42
0.534 43
0.522 42
0.638 42
0.836 42
0.728 0
0.873 0
0.873 0
0.705 0
0.81 0
0.826 0
0.826 0
0.826 0
0.272 0
0.695 66
0.683 59
0.636 41
0.493 52
0.289 54
0.406 46
0.788 48
0.257 50
0.488 53
0.705 47
0.613 60
0.222 53
0.963 68
0.74 0
0.616 40
0.807 41
0.772 42
0.744 40
0.623 42
0.76 41
0.759 40
0.657 41
0.572 40
0.726 41
0.765 42
0.49 40
0.829 60
0.777 42
0.823 42
0.676 40
0.596 42
0.543 0
0.604 41
0.72 41
0.711 41
0.453 40
0.623 41
0.419 42
0.748 41
0.855 40
0.529 41
0.995 40
0.922 41
0.857 0
0.824 41
0.419 0
0.736 40
0.89 42
0.981 41
0.977 42
0.529 49
0.231 51
0.84 66
0.81 63
0.661 53
0.288 58
0.0532 53
0.687 0
0.49 39
0.652 59
0.75 41
0.342 56
0.679 41
0.323 40
0.548 40
0.643 40
0.664 42
0.658 60
0.357 40
0.502 41
0.161 47
0.513 40
0.698 46
0.76 35
0.67 40
0.478 41
0.721 41
0.45 40
0.633 40
0.535 39
0.637 39
0.619 40
0.698 41
0.627 41
0.703 40
0.601 41
0.387 41
0.889 41
0.559 40
0.726 40
0.621 39
0.726 40
0.585 39
0.873 40
0.559 42
0.967 39
0.948 0
0.886 39
0.593 40
0.941 39
0.00336 53
0.672 65
0.0306 64
0.0234 57
0.881 35
0.337 68
0.509 39
0.796 62
0.491 39
0.741 40
0.398 39
0.483 57
0.84 56
0.771 40
0.476 39
0.659 39
0.538 39
0.604 38
0.324 39
0.839 39
0.684 40
0.334 40
0.927 39
0.616 39
0.628 39
0.776 39
0.535 39
0.521 39
0.76 39
0.82 40
0.927 40
0.891 40
0.916 0
0.737 40
0.803 39
0.572 39
0.618 40
0.833 0
0.482 40
0.794 41
0.636 39
0.619 39
0.906 40
0.673 39
0.6 39
0.464 39
0.669 39
0.994 40
0.992 39
0.656 38
0.00108 53
0.82 58
0.467 27
0.369 54
0.605 60
0.481 52
0.905 29
0.914 64
0.412 78
0.642 38
0.664 38
0.499 39
0.405 39
0.62 40
0.596 39
0.717 40
0.466 40
0.758 38
0.45 39
0.585 39
0.826 39
0.622 39
0.627 39
0.941 38
0.655 38
0.447 39
0.69 39
0.62 40
0.753 38
0.806 40
0.652 39
0.737 40
0.651 39
0.0316 40
0.867 38
0.983 38
0.76 39
0.581 39
0.888 38
0.755 38
0.535 38
0.944 41
0.299 38
0.859 38
0.957 38
0.728 0
0.947 39
0.984 39
0.642 0
0.962 39
0.738 59
0.576 62
0.314 51
0.616 62
0.854 58
0.262 52
0.316 38
0.977 63
0.45 38
0.231 61
0.58 39
0.664 38
0.659 39
0.485 37
0.37 38
0.56 39
0.646 38
0.573 38
0.801 38
0.465 38
0.579 38
0.585 38
0.526 38
0.497 38
0.718 38
0.886 39
0.871 38
0.656 38
0.689 1
0.325 38
0.199 59
0.581 38
0.597 38
0.547 39
0.648 39
0.318 39
0.839 0
0.903 0
0.273 39
0.939 0
0.808 0
0.728 0
0.696 37
0.796 0
0.642 0
0.966 37
0.833 0
0.91 37
0.529 0
0.813 37
0.00256 51
0.125 46
0.0325 51
0.448 50
0.733 57
0.35 59
0.671 37
0.0244 52
0.658 38
0.815 65
0.503 39
0.552 37
0.582 38
0.255 57
0.925 1
0.646 37
0.443 38
0.668 37
0.741 37
0.563 37
0.791 0
0.791 1
0.865 38
0.723 0
0.672 39
0.739 37
0.656 38
0.132 63
0.54 37
0.768 38
0.937 38
0.723 0
0.711 37
0.448 38
0.809 0
0.575 38
0.0139 66
0.669 37
0.799 39
0.747 38
0.567 37
0.59 39
0.967 37
0.828 38
0.98 38
0.41 37
0.879 37
0.943 39
0.957 38
0.367 38
0.652 27
0.833 63
0.644 63
0.0184 55
0.564 37
0.525 38
0.843 37
0.52 52
0.732 38
0.21 38
0.456 37
0.582 37
0.85 37
0.44 37
0.798 39
0.448 38
0.898 38
0.555 38
0.923 0
0.56 37
0.453 38
0.47 37
0.923 0
0.73 38
0.923 0
0.586 38
0.911 38
0.456 37
0.809 0
0.828 37
0.911 0
0.726 37
0.649 38
0.91 0
0.729 37
0.2 38
0.799 0
0.742 37
0.979 37
0.874 38
0.995 0
0.995 0
0.995 38
0.928 0
0.928 0
0.928 0
0.995 0
0.975 0
0.993 38
0.98 0
0.143 48
0.707 28
0.166 53
0.371 50
0.585 65
0.11 60
0.495 64
0.791 75
0.962 44
0.126 64
0.823 63
0.958 53
0.486 37
0.627 67
0.332 37
0.79 44
0.379 49
0.284 49
0.499 37
0.607 37
0.76 37
0.633 37
0.987 45
0.67 38
0.75 38
0.386 49
0.25 38
0.636 37
0.793 36
0.998 38
0.828 38
0.751 37
0.918 36
0.666 38
0.254 38
0.897 36
0.704 37
0.786 38
0.598 38
0.437 37
0.0604 39
0.887 38
0.0582 8
0.113 9
0.113 2
0.0582 2
0.0582 4
0.113 5
0.0582 7
0.113 8
0.69 49
0.643 50
0.633 58
0.674 51
0.792 50
0.485 52
0.519 57
0.74 58
0.67 51
0.603 51
0.414 53
0.619 55
0.542 50
0.597 53
0.24 55
0.339 53
0.609 51
0.526 54
0.555 51
0.492 55
0.654 49
0.787 51
0.758 51
0.443 52
0.422 0
0.486 51
0.706 58
0.478 50
0.534 50
0.422 0
0.616 51
0.681 50
0.429 52
0.458 53
0.524 52
0.843 54
0.523 55
0.422 0
0.51 51
0.449 52
0.405 51
0.463 53
0.266 54
0.566 50
0.509 53
0.364 50
0.656 53
0.644 52
0.452 56
0.472 50
0.522 50
0.186 51
0.487 49
0.621 48
0.732 48
0.704 47
0.458 49
0.601 50
0.672 49
0.494 49
0.65 49
0.632 48
0.524 49
0.574 48
0.629 49
0.612 49
0.339 48
0.441 49
0.482 47
0.323 48
0.758 50
0.486 48
0.53 48
0.394 48
0.603 47
0.56 48
0.724 49
0.633 48
0.481 48
0.432 49
0.533 49
0.331 47
0.736 48
0.648 46
0.828 48
0.679 48
0.368 47
0.339 48
0.501 50
0.577 48
0.434 49
0.69 48
0.754 48
0.292 49
0.665 48
0.636 48
0.633 47
0.828 48
0.248 49
0.461 48
0.741 47
0.69 48
0.642 47
0.441 46
0.902 46
0.383 47
0.634 47
0.568 47
0.614 47
0.565 47
0.478 46
0.617 46
0.877 47
0.47 47
0.442 46
0.843 47
0.489 47
0.362 47
0.522 47
0.869 47
0.438 46
0.532 46
0.463 0
0.5 0
0.724 47
0.79 46
0.574 47
0.594 47
0.722 46
0.771 46
0.698 46
0.391 47
0.63 47
0.66 46
0.401 46
0.567 47
0.526 46
0.75 46
0.444 47
0.71 47
0.496 46
0.399 47
0.579 47
0.873 46
0.59 46
0.766 46
0.438 47
0.718 46
0.608 47
0.92 47
0.8 47
0.214 45
0.867 46
0.457 46
0.405 46
0.738 46
0.299 44
0.488 45
0.472 48
0.753 46
0.478 46
0.824 45
0.529 46
0.749 45
0.632 45
0.496 46
0.893 44
0.658 46
0.715 45
0.582 45
0.618 46
0.782 45
0.326 46
0.821 46
0.765 46
0.298 46
0.588 46
0.699 45
0.825 46
0.632 45
0.419 45
0.512 45
0.532 46
0.764 46
0.574 45
0.541 44
0.967 45
0.56 45
0.581 46
0.217 46
0.856 45
0.568 45
0.591 46
0.429 45
0.544 44
0.392 45
0.715 45
0.504 45
0.57 46
0.619 45
0.604 45
0.752 44
0.632 44
0.759 44
0.489 45
0.84 45
0.533 45
0.911 43
0.489 45
0.784 45
0.666 44
0.588 44
0.489 44
0.613 44
0.724 45
0.666 45
0.799 46
0.768 44
0.372 45
0.693 44
0.207 45
0.62 45
0.73 44
0.673 44
0.563 45
0.427 45
0.401 44
0.578 45
0.396 43
0.534 43
0.502 44
0.545 43
0.631 45
0.397 45
0.572 43
0.659 44
0.372 44
0.271 45
0.445 43
0.603 44
0.534 45
0.757 46
0.696 45
0.713 44
0.589 44
0.459 44
0.641 44
0.346 45
0.214 44
0.652 44
0.651 44
0.267 43
0.42 44
0.409 43
0.455 44
0.311 45
0.679 44
0.599 44
0.615 43
0.467 44
0.556 44
0.832 44
0.373 44
0.532 43
0.774 44
0.32 44
0.5 44
0.594 44
0.61 44
0.676 43
0.605 44
0.589 44
0.427 44
0.739 43
0.74 43
0.6 43
0.636 44
0.325 45
0.419 43
0.416 44
0.716 44
0.563 43
0.89 44
0.766 44
0.766 44
0.576 44
0.403 43
0.614 44
0.747 43
0.531 43
0.802 45
0.78 44
0.455 43
0.665 44
0.528 43
0.676 44
0.615 45
0.75 44
0.499 44
0.206 44
0.619 43
0.656 43
0.379 43
0.99 42
0.462 43
0.436 42
0.73 44
0.412 43
0.681 42
0.351 44
0.618 43
0.853 43
0.836 43
0.476 43
0.408 42
0.852 42
0.457 42
0.532 43
0.645 43
0.415 42
0.353 42
0.558 42
0.481 43
0.529 43
0.669 43
0.315 43
0.637 44
0.723 42
0.517 43
0.688 43
0.869 42
0.717 42
0.505 43
0.334 42
0.722 42
0.546 42
0.684 43
0.613 43
0.47 44
0.537 42
0.459 43
0.652 42
0.831 43
0.54 42
0.204 43
0.512 43
0.661 43
0.271 43
0.624 42
0.489 43
0.687 42
0.48 43
0.611 42
0.602 42
0.399 42
0.495 43
0.597 43
0.62 42
0.694 43
0.663 42
0.591 42
0.26 43
0.276 43
0.253 42
0.815 42
0.723 42
0.668 42
0.422 42
0.485 42
0.578 42
0.46 41
0.178 43
0.848 41
0.686 42
0.544 42
0.623 42
0.649 41
0.589 42
0.542 43
0.319 41
0.435 43
0.538 42
0.511 42
0.539 42
0.585 42
0.466 42
0.53 43
0.823 43
0.533 42
0.686 42
0.618 42
0.73 42
0.691 41
0.447 42
0.767 42
0.663 41
0.361 42
0.537 42
0.715 42
0.422 41
0.62 42
0.524 42
0.731 41
0.455 42
0.563 42
0.667 42
0.375 42
0.826 41
0.521 42
0.653 42
0.697 42
0.604 42
0.857 41
0.731 42
0.802 42
0.508 41
0.792 42
0.79 41
0.663 43
0.598 41
0.669 41
0.749 42
0.758 41
0.656 41
0.821 42
0.936 41
0.477 42
0.839 41
0.717 43
0.288 41
0.908 42
0.733 41
0.581 41
0.298 41
0.349 41
0.907 41
0.446 42
0.699 42
0.313 41
0.676 42
0.437 41
0.575 41
0.585 41
0.625 43
0.951 42
0.86 43
0.725 42
0.86 41
0.284 42
0.231 42
0.576 41
0.557 42
0.288 42
0.555 42
0.508 41
0.832 41
0.446 41
0.543 41
0.674 41
0.573 42
0.822 41
0.519 41
0.33 41
0.499 40
0.244 42
0.382 41
0.552 41
0.515 41
0.787 41
0.772 41
0.461 41
0.634 41
0.442 41
0.434 42
0.508 41
0.61 41
0.436 41
0.316 41
0.328 41
0.779 43
0.771 42
0.292 42
0.671 41
0.511 40
0.874 41
0.746 42
0.485 40
0.283 41
0.247 40
0.643 41
0.726 41
0.641 41
0.696 41
0.73 40
0.763 42
0.313 41
0.817 41
0.698 41
0.591 42
0.755 41
0.68 63
0.644 41
0.63 41
0.368 41
0.612 41
0.635 40
0.903 41
0.606 41
0.629 41
0.486 41
0.307 41
0.823 41
0.397 40
0.531 42
0.503 40
0.315 41
0.706 41
0.671 41
0.786 40
0.6 41
0.331 41
0.527 41
0.902 41
0.649 41
0.693 40
0.408 41
0.502 40
0.726 41
0.49 41
0.606 41
0.559 40
0.742 41
0.554 40
0.763 41
0.516 41
0.576 40
0.522 41
0.44 41
0.792 40
0.811 41
0.708 41
0.499 40
0.304 40
0.634 41
0.854 41
0.826 40
0.872 40
0.55 41
0.727 41
0.648 41
0.28 41
0.333 41
0.661 40
0.684 40
0.829 40
0.721 40
0.326 41
0.777 40
0.493 40
0.404 39
0.464 41
0.491 41
0.631 40
0.408 40
0.197 41
0.659 40
0.543 40
0.622 40
0.395 40
0.529 40
0.685 40
0.422 41
0.207 41
0.67 40
0.792 41
0.294 41
0.507 40
0.485 40
0.702 40
0.554 41
0.664 41
0.369 41
0.562 40
0.629 40
0.776 40
0.691 40
0.742 39
0.723 40
0.593 39
0.499 40
0.456 40
0.64 40
0.472 40
0.741 40
0.38 40
0.83 41
0.566 39
0.804 41
0.555 40
0.697 41
0.283 38
0.859 39
0.297 40
0.918 39
0.56 40
0.672 40
0.968 40
0.678 40
0.768 40
0.447 40
0.468 40
0.626 40
0.487 40
0.222 40
0.949 42
0.392 39
0.614 39
0.776 39
0.562 40
0.565 40
0.849 39
0.582 40
0.609 40
0.641 40
0.504 40
0.203 40
0.331 40
0.667 39
0.777 40
0.647 39
0.215 40
0.468 39
0.658 39
0.869 40
0.616 39
0.917 40
0.454 39
0.386 40
0.655 39
0.25 39
0.589 40
0.696 40
0.588 39
0.403 39
0.455 39
0.384 40
0.721 40
0.634 39
0.598 39
0.68 41
0.567 40
0.654 40
0.396 39
0.344 40
0.283 40
0.4 40
0.522 41
0.456 39
0.921 40
0.757 40
0.834 40
0.282 39
0.73 39
0.792 40
0.469 40
0.42 40
0.686 40
0.68 40
0.79 40
0.56 39
0.667 39
0.53 40
0.645 39
0.899 39
0.267 41
0.602 40
0.491 39
0.414 40
0.625 40
0.367 39
0.779 38
0.705 39
0.656 40
0.79 39
0.609 40
0.596 39
0.9 41
0.594 40
0.883 41
0.626 41
0.541 41
0.484 39
0.541 40
0.404 39
0.592 40
0.406 39
0.849 39
0.574 40
0.68 39
0.55 40
0.801 39
0.481 39
0.484 39
0.412 40
0.542 40
0.72 40
0.869 39
0.6 38
0.541 39
0.394 39
0.51 40
0.602 39
0.443 39
0.401 39
0.533 39
0.6 40
0.692 39
0.584 39
0.736 40
0.563 40
0.182 39
0.7 39
0.611 38
0.635 41
0.477 38
0.464 38
0.175 39
0.655 39
0.728 39
0.941 39
0.958 39
0.431 38
0.316 39
0.543 38
0.746 38
0.157 38
0.412 39
0.932 38
0.523 39
0.585 40
0.271 39
0.632 39
0.687 39
0.263 39
0.495 38
0.95 38
0.386 40
0.327 39
0.723 39
0.459 39
0.299 39
0.423 39
0.155 39
0.559 39
0.377 39
0.688 39
0.279 39
0.54 39
0.403 38
0.505 38
0.912 38
0.697 38
0.602 39
0.757 39
0.67 39
0.266 40
0.634 39
0.943 38
0.776 39
0.447 39
0.826 38
0.81 39
0.35 38
0.548 39
0.427 39
0.583 38
0.666 39
0.401 38
0.233 39
0.619 39
0.663 39
0.908 39
0.672 39
0.268 39
0.514 38
0.86 39
0.627 38
0.924 39
0.455 38
0.51 39
0.44 39
0.388 39
0.781 38
0.653 39
0.404 39
0.798 39
0.901 38
0.683 39
0.524 38
0.231 39
0.529 39
0.318 37
0.451 38
0.424 38
0.472 39
0.438 39
0.775 39
0.39 39
0.531 39
0.38 39
0.887 38
0.818 39
0.414 39
0.67 39
0.715 39
0.769 38
0.179 39
0.866 38
0.634 38
0.516 40
0.781 39
0.584 39
0.102 39
0.823 39
0.134 38
0.601 39
0.58 39
0.451 39
0.701 39
0.579 38
0.363 38
0.667 38
0.511 0
0.378 38
0.541 38
0.495 39
0.358 39
0.581 38
0.536 39
0.716 37
0.809 38
0.526 39
0.511 38
0.317 39
0.586 38
0.7 38
0.357 38
0.441 38
0.33 39
0.661 38
0.974 38
0.0494 38
0.513 39
0.656 39
0.708 39
0.608 38
0.409 38
0.613 40
0.449 38
0.547 38
0.473 38
0.778 38
0.903 39
0.631 38
0.267 38
0.799 38
0.87 38
0.812 38
0.622 38
0.617 38
0.481 37
0.398 37
0.677 38
0.745 38
0.825 39
0.485 39
0.725 38
0.595 38
0.619 39
0.73 38
0.498 37
0.775 39
0.612 40
0.377 38
0.65 38
0.51 0
0.909 38
0.417 38
0.52 37
0.703 37
0.465 38
0.463 38
0.32 37
0.244 38
0.499 38
0.549 39
0.509 38
0.532 39
0.898 38
0.399 38
0.414 42
0.792 38
0.8 37
0.441 38
0.437 38
0.741 38
0.622 38
0.37 37
0.408 38
0.425 38
0.32 38
0.482 39
0.863 38
0.387 38
0.768 37
0.357 39
0.581 38
0.465 39
0.606 38
0.875 38
0.341 38
0.546 39
0.876 38
0.387 38
0.298 38
0.538 37
0.75 38
0.598 39
0.241 37
0.238 38
0.688 37
0.207 38
0.683 37
0.585 38
0.679 37
0.724 37
0.362 38
0.606 38
0.466 38
0.422 37
0.421 37
0.578 38
0.608 38
0.406 37
0.642 38
0.818 38
0.721 37
0.839 38
0.359 38
0.8 38
0.774 37
0.221 39
0.73 38
0.643 37
0.369 37
0.354 38
0.799 38
0.979 38
0.434 38
0.672 38
0.544 38
0.141 38
0.287 38
0.665 37
0.464 38
0.501 38
0.835 38
0.517 37
0.338 38
0.785 38
0.476 38
0.382 38
0.794 38
0.677 37
0.803 37
0.812 38
0.492 38
0.828 38
0.474 38
0.516 38
0.586 38
0.619 38
0.341 38
0.637 38
0.536 37
0.296 37
0.482 37
0.873 38
0.723 38
0.732 37
0.601 37
0.447 37
0.624 38
0.968 38
0.36 37
0.391 38
0.611 38
0.742 37
0.696 37
0.4 38
0.972 51
0.556 56
0.306 67
0.15 66
0.73 57
0.221 45
0.852 44
0.454 40
0.306 0
0.23 41
0.171 40
0.313 40
0.724 46
0.897 38
0.743 40
0.743 42
0.74 40
0.881 39
0.747 44
0.931 0
0.913 0
0.848 1
0.703 40
0.968 0
0.555 44
0.865 39
0.954 41
0.91 2
0.571 43
0.91 0
0.91 1
0.91 1
0.712 40
0.91 0
0.877 1
0.931 0
0.931 0
0.977 0
0.931 0
0.298 0
0.889 42
0.601 1
0.877 0
0.871 41
0.977 0
0.953 39
0.314 40
0.601 1
0.601 0
0.601 0
0.61 51
0.658 56
0.905 54
0.863 34
0.369 55
0.698 35
0.963 58
0.872 58
0.369 38
0.745 59
0.331 36
0.355 32
0.493 36
0.87 36
0.464 34
0.887 33
0.465 38
0.833 37
0.342 34
0.661 34
0.875 37
0.697 36
0.452 34
0.8 35
0.663 33
0.632 37
0.571 39
0.507 34
0.932 35
0.276 35
0.58 34
0.932 61
0.398 35
0.439 35
0.422 35
0.86 34
0.795 33
0.64 34
0.702 35
0.667 38
0.897 34
0.812 36
0.885 36
0.297 34
0.979 37
0.857 38
0.949 37
0.757 39
0.914 34
0.719 32
0.266 50
0.757 33
0.572 51
0.867 56
0.601 59
0.683 32
0.762 30
0.763 33
0.907 31
0.835 63
0.829 60
0.526 32
0.487 31
0.787 32
0.588 58
0.343 32
0.168 31
0.697 32
0.948 32
0.583 32
0.785 32
0.647 32
0.533 30
0.68 30
0.271 31
0.891 32
0.488 30
0.78 32
0.579 30
0.492 31
0.795 32
0.732 32
0.947 33
0.675 30
0.704 33
0.86 32
0.674 30
0.784 31
0.829 32
0.797 33
0.881 32
0.871 31
0.587 32
0.935 31
0.845 32
0.756 32
0.935 33
0.854 33
0.875 31
0.569 0
0.16 33
0.687 50
0.583 52
0.952 55
0.759 32
0.734 54
0.724 30
0.494 30
0.853 64
0.828 30
0.49 30
0.751 54
0.979 29
0.501 29
0.742 28
0.967 60
0.553 31
0.612 28
0.914 63
0.977 63
0.362 29
0.965 28
0.954 29
0.875 29
0.283 30
0.773 28
0.539 30
0.398 30
0.628 30
0.661 28
0.818 28
0.939 29
0.312 30
0.965 28
0.901 63
0.774 29
0.883 29
0.852 31
0.652 29
0.152 29
0.936 60
0.77 29
0.977 30
0.554 30
0.582 30
0.887 31
0.494 30
0.725 28
0.876 29
0.946 30
0.197 54
0.586 29
0.713 30
0.823 52
0.436 62
0.676 51
0.866 27
0.825 53
0.467 48
0.859 58
0.574 29
0.859 52
0.867 28
0.506 27
0.83 60
0.948 60
0.0459 27
0.87 28
0.977 58
0.569 29
0.852 29
0.681 29
0.912 29
0.668 27
0.882 29
0.883 54
0.54 27
0.906 28
0.708 28
0.964 27
0.778 29
0.856 28
0.739 28
0.618 29
0.942 28
0.791 27
0.509 28
0.76 28
0.885 27
0.878 29
0.747 28
0.844 27
0.463 29
0.872 27
0.844 28
0.963 29
0.948 29
0.971 27
0.508 27
0.561 28
0.699 56
0.517 28
0.9 17
0.95 51
0.872 45
0.586 27
0.388 27
0.729 28
0.7 60
0.677 26
0.941 53
0.84 26
0.666 28
0.683 28
0.697 26
0.752 28
0.547 27
0.758 28
0.869 27
0.47 46
0.649 26
0.612 27
0.843 28
0.465 28
0.464 27
0.389 28
0.665 27
0.769 27
0.98 28
0.956 28
0.79 27
0.852 28
0.584 28
0.876 26
0.932 28
0.93 27
0.416 27
0.712 27
0.821 28
0.756 27
0.964 28
0.74 26
0.601 26
0.898 26
0.976 28
0.716 26
0.905 27
0.726 28
0.785 26
0.767 26
0.368 33
0.374 46
0.858 25
0.62 25
0.848 25
0.83 49
0.545 26
0.902 54
0.555 46
0.692 56
0.437 49
0.251 62
0.793 24
0.918 52
0.935 26
0.8 26
0.523 26
0.419 25
0.666 26
0.514 27
0.865 46
0.649 25
0.813 26
0.882 25
0.954 57
0.869 25
0.571 27
0.83 25
0.971 58
0.592 30
0.967 26
0.547 24
0.924 27
0.601 27
0.675 25
0.858 25
0.786 27
0.507 26
0.67 26
0.846 26
0.772 25
0.645 26
0.958 26
0.879 24
0.988 26
0.885 27
0.912 26
0.911 25
0.836 26
0.6 25
0.51 54
0.426 45
0.48 26
0.535 42
0.475 24
0.917 52
0.713 25
0.638 26
0.858 25
0.544 25
0.578 48
0.724 26
0.53 25
0.9 54
0.859 24
0.699 27
0.732 57
0.354 43
0.932 53
0.631 25
0.946 25
0.915 56
0.349 24
0.719 26
0.171 26
0.926 48
0.963 26
0.453 23
0.892 24
0.569 26
0.85 57
0.942 24
0.936 27
0.825 54
0.431 24
0.956 25
0.874 26
0.81 24
0.9 26
0.777 25
0.987 26
0.17 25
0.834 24
0.759 24
0.769 24
0.776 26
0.978 25
0.67 25
0.837 26
0.484 25
0.195 43
0.908 49
0.853 40
0.5 44
0.738 57
0.881 51
0.991 57
0.475 38
0.667 55
0.986 59
0.93 60
0.715 24
0.512 0
0.938 47
0.908 59
0.304 24
0.971 24
0.968 56
0.865 25
0.792 25
0.58 25
0.631 25
0.596 54
0.657 24
0.342 24
0.996 48
0.755 25
0.933 25
0.65 25
0.701 24
0.813 24
0.583 24
0.338 24
0.74 25
0.779 24
0.739 25
0.464 23
0.963 57
0.732 25
0.867 25
0.904 24
0.933 25
0.642 24
0.931 23
0.738 24
0.878 25
0.62 24
0.927 24
0.838 24
0.769 24
0.538 25
0.673 49
0.929 49
0.713 25
0.558 25
0.815 43
0.728 23
0.506 23
0.722 23
0.906 24
0.638 23
0.646 23
0.95 57
0.947 23
0.863 23
0.845 25
0.82 22
0.87 24
0.938 25
0.945 56
0.532 24
0.974 24
0.826 26
0.451 24
0.907 26
0.95 23
0.955 24
0.711 25
0.594 24
0.967 24
0.778 23
0.717 24
0.966 25
0.92 25
0.948 23
0.767 23
2.02e-05 25
0.495 25
0.946 57
0.94 24
0.964 24
0.271 23
0.878 24
0.903 23
0.688 23
0.559 24
0.889 23
0.882 24
0.396 23
0.818 25
0.865 45
0.969 51
0.556 45
0.928 12
0.974 60
0.752 44
0.776 25
0.757 53
0.49 23
0.959 42
0.935 25
0.932 23
0.905 22
0.787 24
0.571 41
0.755 22
0.803 59
0.49 23
0.75 51
0.873 54
0.626 24
0.889 48
0.913 25
0.667 23
0.571 24
0.815 23
0.66 23
0.801 24
0.819 22
0.564 22
0.951 53
0.727 24
0.8 22
0.742 24
0.978 24
0.952 24
0.619 24
0.733 25
0.762 23
0.801 24
0.522 23
0.452 23
0.939 24
0.725 24
0.64 24
0.921 23
0.93 23
0.912 23
0.655 23
0.665 23
0.472 40
0.506 24
0.71 42
0.761 46
0.615 22
0.643 44
0.678 23
0.669 23
0.771 44
0.512 23
0.985 57
0.561 39
0.832 49
0.832 23
0.655 23
0.916 22
0.529 24
0.634 22
0.674 23
0.826 22
0.976 25
0.881 23
0.716 23
0.828 23
0.962 51
0.493 22
0.866 54
0.579 22
0.925 23
0.523 23
0.224 24
0.679 24
0.967 23
0.951 23
0.882 24
0.806 24
0.772 22
0.931 23
0.54 22
0.687 22
0.733 25
0.98 22
0.638 22
0.949 23
0.318 22
0.889 23
0.378 22
0.942 23
0.938 23
0.695 23
0.835 49
0.827 48
0.705 56
0.876 52
0.619 56
0.905 51
0.638 21
0.531 22
0.831 22
0.935 25
0.828 22
0.987 22
0.955 22
0.884 22
0.895 22
0.868 23
0.604 22
0.537 22
0.509 22
0.82 22
0.981 22
0.859 23
0.37 24
0.959 48
0.435 22
0.526 23
0.928 22
0.618 23
0.659 23
0.589 21
0.706 22
0.86 21
0.849 59
0.857 23
0.67 22
0.987 22
0.695 22
0.867 22
0.993 23
0.635 24
0.921 23
0.877 22
0.923 24
0.742 22
0.928 22
0.947 23
0.852 22
0.806 22
0.944 22
0.901 21
0.942 53
0.613 23
0.533 45
0.706 23
0.868 23
0.542 24
0.659 21
0.76 22
0.953 48
0.371 21
0.596 22
0.65 50
0.831 22
0.816 23
0.894 22
0.915 22
0.539 22
0.811 22
0.293 22
0.643 52
0.696 23
0.979 24
0.955 22
0.87 23
0.851 23
0.904 21
0.831 23
0.689 23
0.789 24
0.47 22
0.819 23
0.862 23
0.758 24
0.522 22
0.799 21
0.928 24
0.888 21
0.502 22
0.683 23
0.55 23
0.829 22
0.877 22
0.911 21
0.506 22
0.929 22
0.967 22
0.649 21
0.975 24
0.717 23
0.909 23
0.544 23
0.902 46
0.858 51
0.758 46
0.449 21
0.806 21
0.893 21
0.832 21
0.84 22
0.722 24
0.941 22
0.947 21
0.841 22
0.731 21
0.888 49
0.911 21
0.641 24
0.555 22
0.472 22
0.455 22
0.787 20
0.736 21
0.578 22
0.564 22
0.557 21
0.864 21
0.589 22
0.541 22
0.935 22
0.868 21
0.925 45
0.573 21
0.606 21
0.899 21
0.675 22
0.591 22
0.862 21
0.232 21
0.833 21
0.799 21
0.88 21
0.918 23
0.833 23
0.953 21
0.904 21
0.706 22
0.963 23
0.916 21
0.977 23
0.289 21
0.885 49
0.505 23
0.5 38
0.851 55
0.675 22
0.841 20
0.778 23
0.589 21
0.309 21
0.98 21
0.497 51
0.928 21
0.708 24
0.81 23
0.774 22
0.909 21
0.878 21
0.892 51
0.368 22
0.911 22
0.912 48
0.921 21
0.765 20
0.803 23
0.273 21
0.712 22
0.648 22
0.919 22
0.877 22
0.904 21
0.787 22
0.854 23
0.607 22
0.988 22
0.912 22
0.665 21
0.886 22
0.973 23
0.7 21
0.953 21
0.93 55
0.697 21
0.835 21
0.758 21
0.783 21
0.985 23
0.918 22
0.843 21
0.967 22
0.882 21
0.526 42
0.418 43
0.406 39
0.845 22
0.843 22
0.882 21
0.358 39
0.901 21
0.954 21
0.311 41
0.499 23
0.979 24
0.749 20
0.95 52
0.718 20
0.949 22
0.484 22
0.719 22
0.826 22
0.993 22
0.954 21
0.873 47
0.271 20
0.573 22
0.978 21
0.831 20
0.832 21
0.905 20
0.707 21
0.818 21
0.966 21
0.881 21
0.932 22
0.483 21
0.588 22
0.966 22
0.733 22
0.923 21
0.886 22
0.494 21
0.836 23
0.793 23
0.859 20
0.793 21
0.831 21
0.625 21
0.713 21
0.736 23
0.8 20
0.897 22
0.809 36
0.932 46
0.591 20
0.657 21
0.694 20
0.706 21
0.939 23
0.839 21
0.882 49
0.939 42
0.957 21
0.772 34
0.465 22
0.755 21
0.857 22
0.866 20
0.925 21
0.942 22
0.884 20
0.76 21
0.862 22
0.968 21
0.964 57
0.773 22
0.93 21
0.906 22
0.507 22
0.877 22
0.982 20
0.98 22
0.304 21
0.868 22
0.861 21
0.968 22
0.8 22
0.424 22
0.881 21
0.33 22
0.756 23
0.921 20
0.668 20
0.794 21
0.886 22
0.547 21
0.84 23
0.961 22
0.782 21
0.642 22
0.725 20
0.824 22
0.402 46
0.851 44
0.989 21
0.84 21
0.96 20
0.921 22
0.779 23
0.702 22
0.954 50
0.301 48
0.833 21
0.764 19
0.688 22
0.225 20
0.872 21
0.39 22
0.678 19
0.511 21
0.875 20
0.864 22
0.677 20
0.879 20
0.803 20
0.885 20
0.598 21
0.9 58
0.793 21
0.88 22
0.827 22
0.604 20
0.439 21
0.806 20
0.937 21
0.877 21
0.869 22
0.886 20
0.746 22
0.612 20
0.643 22
0.927 20
0.934 21
0.9 21
0.243 21
0.788 22
0.676 20
0.427 20
0.911 21
0.977 20
0.771 20
0.891 21
0.245 27
0.496 27
0.7 41
0.7 18
0.468 22
0.339 39
0.757 50
0.783 22
0.452 41
0.505 21
0.912 20
0.692 22
0.887 19
0.836 41
0.622 22
0.948 21
0.799 21
0.824 46
0.902 21
0.834 20
0.878 21
0.143 20
0.991 23
0.919 20
0.98 21
0.277 21
0.812 21
0.882 20
0.614 22
0.588 20
0.937 21
0.874 21
0.894 21
0.69 21
0.978 21
0.879 21
0.438 20
0.748 20
0.594 21
0.616 21
0.433 21
0.929 21
0.914 21
0.894 21
0.994 23
0.524 20
0.849 22
0.901 21
0.721 21
0.724 20
0.934 21
0.994 18
0.972 21
0.988 20
0.981 19
0.743 25
0.899 22
0.948 28
0.986 23
0.906 24
0.818 21
0.945 22
0.82 21
0.994 20
0.994 31
0.954 45
0.654 23
0.822 24
0.984 23
0.887 21
0.961 20
0.946 27
0.936 21
0.905 21
0.996 21
0.998 21
0.917 23
0.98 27
0.997 25
0.998 26
0.996 29
0.689 24
0.997 21
0.922 23
0.992 20
0.997 21
0.963 21
0.975 0
0.998 23
0.991 21
0.887 22
0.993 22
0.995 20
0.836 23
0.979 21
0.741 20
0.981 0
0.994 0
0.936 22
0.933 20
0.986 46
0.961 18
0.917 18
0.887 19
0.869 20
0.913 18
0.986 19
0.988 18
0.956 19
0.977 18
0.872 17
0.97 17
0.982 19
0.998 19
0.975 43
0.987 19
0.936 17
0.935 20
0.931 20
0.924 17
0.978 18
0.988 17
0.847 20
0.993 19
0.874 20
0.977 20
0.988 19
0.994 19
0.924 18
0.998 21
0.955 19
0.92 20
0.968 18
0.696 21
0.958 17
0.989 19
0.968 20
0.847 19
0.988 20
0.985 19
0.922 18
0.962 17
0.894 19
0.965 19
0.999 19
0.972 19
0.942 19
0.891 21
0.944 18
0.841 21
0.959 16
0.934 16
0.996 17
0.983 16
0.99 17
0.991 15
0.907 16
0.86 18
0.92 18
0.712 18
0.834 18
0.995 16
0.898 18
0.975 18
0.996 17
0.875 17
0.867 18
0.899 18
0.989 16
0.856 17
0.931 18
0.835 16
0.989 16
0.967 16
0.995 18
0.994 18
0.965 17
0.94 18
0.979 18
0.98 19
0.993 17
0.958 17
0.673 17
0.834 16
0.989 17
0.872 18
0.981 17
0.971 18
0.915 20
0.894 17
0.989 18
0.985 17
0.927 16
0.991 17
0.505 18
0.81 19
0.847 20
0.988 17
0.715 18
0.485 18
0.993 46
0.994 15
0.994 17
0.944 15
0.662 17
0.928 16
0.97 16
0.949 16
0.97 16
0.99 17
0.996 16
0.99 15
0.919 17
0.955 17
0.98 16
0.968 16
0.967 16
0.998 16
0.763 15
0.63 16
0.995 16
0.995 16
0.964 16
0.887 40
0.913 17
0.688 17
0.997 15
0.987 16
0.981 17
0.861 16
0.896 18
0.959 15
0.997 16
0.953 16
0.957 17
0.96 16
0.599 17
0.961 16
0.957 15
0.824 18
0.956 16
0.865 17
0.846 19
0.847 18
0.613 18
0.934 15
0.994 18
0.966 16
0.982 15
0.71 18
0.964 23
0.996 16
0.871 16
0.742 16
0.99 14
0.989 14
0.949 14
0.874 15
0.97 16
0.979 17
0.969 17
0.743 16
0.989 15
0.639 16
0.886 17
0.973 17
0.992 15
0.977 14
0.997 18
0.99 16
0.943 16
0.996 15
0.998 16
0.986 16
0.95 16
0.909 16
0.966 16
0.88 17
0.695 17
0.997 16
0.877 15
0.976 16
0.995 16
0.997 16
0.792 18
0.982 16
0.946 15
0.997 16
0.939 16
0.977 15
0.941 18
0.975 15
0.979 16
0.981 15
0.342 15
0.708 17
0.86 17
0.933 17
0.811 19
0.964 15
0.923 44
0.977 16
0.962 15
0.975 17
0.902 15
0.977 14
0.996 14
0.932 15
0.992 15
0.865 15
0.993 14
0.829 16
0.938 15
0.955 16
0.988 16
0.917 15
0.99 15
0.923 18
0.993 16
0.832 14
0.981 14
0.948 14
0.997 16
0.939 14
0.964 15
0.88 15
0.95 15
0.997 16
0.772 17
0.472 17
0.693 17
0.974 15
0.946 14
0.877 17
0.715 17
0.926 14
0.834 16
0.869 15
0.962 15
0.98 15
0.89 17
0.983 15
0.811 15
0.841 17
0.834 16
0.692 16
0.947 15
0.784 18
0.962 15
0.761 16
0.998 14
0.995 43
0.995 15
0.993 14
0.985 14
0.943 14
0.955 16
0.762 15
0.969 16
0.904 13
0.953 14
0.985 15
0.981 15
0.937 14
0.989 16
0.991 15
0.994 15
0.855 15
0.995 14
0.968 15
0.991 14
0.892 14
0.993 15
0.789 17
0.978 14
0.931 16
0.729 17
0.982 17
0.911 16
0.826 15
0.932 14
0.996 15
0.955 15
0.966 15
0.841 15
0.968 16
0.996 15
0.997 14
0.902 14
0.768 17
0.982 14
0.988 14
0.988 16
0.897 17
0.855 17
0.937 16
0.97 15
0.912 17
0.818 16
0.979 14
0.81 14
0.997 44
0.92 15
0.974 14
0.934 14
0.991 12
0.882 14
0.937 14
0.974 15
0.939 14
0.914 14
0.982 15
0.762 14
0.983 15
0.937 15
0.945 14
0.995 13
0.996 14
0.979 15
0.977 13
0.946 14
0.944 14
0.95 14
0.993 15
0.994 15
0.993 14
0.467 15
0.977 15
0.969 14
0.89 14
0.991 14
0.995 14
0.989 15
0.89 13
0.906 14
0.975 14
0.949 13
0.974 14
0.98 14
0.67 16
0.998 14
0.949 14
0.967 14
0.75 14
0.879 14
0.934 14
0.413 17
0.971 14
0.962 14
0.97 13
0.927 13
0.966 13
0.989 13
0.953 14
0.998 14
0.98 13
0.988 12
0.93 14
0.958 14
0.972 13
0.995 13
0.907 15
0.995 13
0.919 15
0.998 14
0.954 12
0.98 41
0.979 13
0.995 12
0.992 13
0.981 14
0.908 13
0.89 14
0.682 14
0.755 14
0.949 16
0.98 39
0.966 14
0.939 13
0.991 13
0.855 13
0.896 14
0.981 13
0.968 14
0.624 15
0.973 13
0.986 13
0.979 15
0.971 15
0.993 16
0.89 13
0.966 15
0.981 15
0.932 15
0.968 13
0.832 16
0.752 17
0.96 12
0.983 13
0.964 14
0.987 12
0.837 13
0.756 13
0.995 12
0.989 14
0.978 13
0.961 13
0.977 13
0.829 13
0.94 38
0.996 13
0.597 14
0.952 14
0.86 14
0.982 14
0.989 14
0.99 15
0.908 13
0.947 14
0.998 13
0.858 14
0.944 13
0.96 13
0.968 13
0.896 15
0.956 15
0.944 13
0.911 14
0.859 13
0.979 13
0.879 15
0.934 13
0.757 15
0.971 16
0.979 13
0.998 13
0.918 13
0.982 13
0.539 15
0.989 13
0.959 12
0.904 16
0.952 13
0.869 15
0.87 15
0.926 16
0.932 13
0.969 13
0.969 12
0.987 13
0.849 12
0.325 13
0.988 13
0.93 13
0.709 12
0.968 13
0.969 13
0.915 12
0.899 13
0.996 14
0.977 13
0.939 13
0.845 13
0.903 13
0.925 13
0.962 13
0.996 13
0.954 14
0.964 13
0.86 12
0.931 13
0.564 13
0.942 13
0.958 13
0.968 14
0.989 13
0.971 12
0.894 13
0.961 13
0.969 13
0.837 13
0.985 16
0.899 12
0.983 13
0.995 13
0.983 13
0.993 15
0.948 13
0.995 13
0.994 14
0.984 13
0.985 13
0.896 16
0.976 12
0.959 13
0.965 13
0.956 13
0.996 12
0.93 12
0.826 16
0.837 13
0.974 12
0.981 14
0.954 13
0.99 13
0.992 11
0.691 14
0.996 12
0.992 11
0.988 13
0.988 13
0.877 14
0.995 11
0.768 12
0.957 12
0.643 14
0.972 15
0.973 14
0.672 13
0.995 13
0.825 13
0.968 13
0.788 14
0.995 14
0.903 13
0.736 13
0.893 12
0.95 14
0.978 13
0.998 13
0.994 13
0.984 13
0.978 12
0.954 14
0.994 13
0.992 13
0.967 12
0.979 15
0.758 13
0.998 13
0.911 15
0.957 12
0.999 13
0.916 13
0.995 13
0.972 13
0.978 13
0.907 12
0.971 13
0.88 13
0.995 12
0.944 12
0.989 13
0.988 13
0.902 13
0.978 11
0.973 11
0.991 11
0.976 13
0.982 11
0.999 13
0.992 12
0.964 11
0.961 12
0.988 13
0.933 13
0.7 12
0.987 14
0.965 13
0.934 11
0.982 12
0.993 13
0.989 11
0.98 13
0.974 13
0.991 12
0.995 12
0.956 13
0.962 11
0.987 12
0.936 12
0.974 13
0.979 15
0.868 13
0.883 13
0.895 14
0.991 14
0.254 14
0.773 14
0.933 14
0.984 14
0.736 14
0.894 14
0.712 15
0.863 15
0.932 14
0.956 15
0.906 12
0.817 14
0.655 13
0.985 11
0.95 11
0.978 36
0.998 12
0.988 11
0.93 11
0.934 12
0.938 39
0.951 13
0.99 13
0.963 13
0.939 13
0.979 13
0.801 12
0.986 14
0.988 11
0.966 13
0.975 11
0.887 11
0.917 13
0.959 13
0.848 12
0.86 13
0.995 13
0.704 14
0.961 13
0.977 12
0.832 13
0.996 12
0.993 14
0.958 14
0.857 14
0.933 14
0.998 15
0.973 12
0.998 12
0.947 12
0.964 11
0.991 12
0.947 12
0.989 12
0.979 12
0.997 12
0.83 15
0.98 15
0.98 11
0.982 15
0.977 11
0.906 11
0.967 11
0.992 13
0.995 13
0.952 12
0.946 12
0.993 12
0.995 14
0.995 11
0.853 11
0.644 11
0.827 11
0.975 12
0.918 13
0.953 11
0.995 13
0.968 12
0.989 13
0.929 11
0.987 11
0.989 13
0.763 12
0.973 12
0.9 12
0.978 11
0.948 12
0.979 11
0.963 13
0.993 13
0.931 11
0.967 12
0.985 12
0.988 13
0.889 11
0.977 12
0.981 11
0.909 11
0.759 11
0.956 13
0.993 11
0.976 14
0.862 11
0.993 13
0.988 12
0.707 11
0.521 13
0.916 13
0.955 12
0.999 11
0.98 11
0.882 12
0.959 11
0.9 12
0.988 12
0.914 13
0.992 12
0.95 12
0.965 14
0.955 12
0.975 12
0.95 11
0.875 12
0.964 12
0.86 12
0.982 12
0.985 12
0.995 11
0.991 12
0.995 12
0.981 14
0.856 13
0.943 11
0.995 12
0.943 12
0.943 11
0.9 11
0.942 11
0.935 13
0.881 12
0.979 12
0.939 12
0.955 12
0.997 12
0.97 13
0.404 14
0.988 12
0.967 13
0.981 12
0.983 13
0.815 14
0.953 14
0.988 12
0.854 11
0.987 12
0.974 14
0.978 11
0.99 11
0.996 12
0.881 12
0.985 11
0.993 11
0.994 12
0.967 13
0.988 12
0.979 12
0.992 11
0.989 11
0.967 12
0.835 12
0.951 12
0.837 12
0.977 11
0.978 12
0.927 11
0.882 11
0.952 12
0.855 13
0.828 11
0.963 12
0.987 12
0.98 13
0.997 11
0.754 12
0.991 12
0.996 12
0.95 12
0.942 13
0.979 12
0.915 12
0.989 12
0.935 12
0.554 12
0.99 12
0.912 13
0.915 13
0.967 12
0.998 12
0.657 13
0.974 13
0.889 11
0.992 12
0.959 12
0.935 13
0.996 11
0.774 14
0.919 12
0.978 11
0.942 12
0.958 12
0.975 12
0.995 12
0.644 13
0.93 13
0.977 40
0.808 12
0.702 12
0.978 13
0.974 12
0.971 13
0.837 12
0.994 12
0.994 12
0.831 13
0.988 12
0.994 12
0.625 12
0.987 11
0.63 13
0.939 11
0.724 12
0.875 12
0.928 12
0.926 14
0.862 12
0.848 11
0.842 11
0.921 11
0.862 11
0.988 12
0.995 12
0.692 13
0.805 11
0.998 11
0.994 12
0.986 11
0.694 14
0.996 11
0.995 12
0.994 12
0.962 12
0.955 11
0.747 13
0.933 13
0.986 12
0.969 11
0.928 11
0.843 13
0.729 12
0.76 13
0.789 13
0.995 12
0.676 13
0.946 37
0.657 11
0.988 12
0.884 12
0.817 10
0.988 10
0.97 11
0.998 12
0.975 12
0.985 12
0.826 12
0.959 12
0.995 11
0.997 12
0.921 12
0.989 11
0.826 12
0.997 12
0.991 12
0.974 11
0.971 11
0.988 11
0.678 11
0.917 11
0.963 11
0.984 12
0.954 10
0.997 11
0.824 11
0.997 11
0.97 12
0.802 12
0.983 13
0.992 12
0.989 12
0.781 11
0.992 12
0.894 13
0.973 12
0.965 12
0.698 14
0.971 14
0.98 14
0.93 14
0.957 12
0.855 14
0.991 14
0.981 14
0.991 14
0.829 14
0.941 11
0.653 11
0.678 12
0.984 11
0.888 11
0.994 10
0.958 10
0.975 10
0.984 10
0.987 10
0.986 11
0.986 10
0.976 10
0.961 10
0.99 12
0.944 12
0.751 10
0.89 12
0.928 11
0.527 12
0.95 11
0.993 10
0.959 11
0.965 12
0.987 14
0.979 11
0.992 10
0.758 12
0.95 11
0.889 11
0.962 9
0.953 12
0.962 11
0.967 12
0.944 13
0.823 12
0.931 10
0.995 9
0.977 11
0.996 9
0.983 11
0.968 12
0.993 11
0.986 11
0.956 13
0.957 11
0.993 14
0.986 11
0.941 11
0.951 12
0.69 90
0.876 71
0.811 63
0.742 63
0.78 70
0.903 68
0.94 70
0.69 0
0.828 70
0.69 2
0.69 0
0.69 1
0.911 74
0.714 4
0.69 2
0.836 0
0.69 0
0.876 0
0.69 0
0.906 0
0.876 0
0.69 1
0.714 2
0.845 0
0.845 3
0.764 0
0.824 0
0.845 0
0.958 1
0.956 66
0.884 0
0.911 0
0.764 0
0.678 0
0.828 0
0.879 0
0.704 0
0.62 45
0.828 0
0.955 1
0.87 0
0.961 0
0.828 0
0.937 0
0.97 1
0.617 46
0.979 0
0.429 45
0.937 1
0.874 0
0.622 73
0.728 80
0.79 67
0.615 63
0.872 71
0.956 54
0.877 60
0.853 67
0.675 70
0.955 36
0.765 66
0.89 67
0.932 66
0.79 0
0.982 61
0.996 64
0.704 74
0.908 72
0.908 3
0.91 2
0.936 5
0.726 67
0.597 1
0.799 0
0.9 5
0.267 43
0.799 0
0.916 4
0.488 45
0.944 1
0.299 44
0.632 44
0.956 0
0.921 0
0.881 0
0.962 0
0.871 3
0.946 0
0.786 40
0.979 0
0.419 43
0.979 0
0.589 42
0.572 43
0.594 40
0.946 0
0.905 0
0.935 0
0.686 42
0.624 42
0.543 54
0.745 67
0.746 66
0.697 53
0.944 66
0.76 63
0.883 62
0.735 52
0.836 61
0.811 27
0.873 64
0.758 54
0.937 61
0.992 55
0.984 56
0.925 46
0.649 54
0.906 61
0.701 55
0.959 57
0.627 54
0.886 65
0.925 61
0.935 65
0.888 65
0.88 65
0.982 60
0.998 60
0.802 1
0.37 37
0.828 72
0.404 39
0.987 63
0.318 37
0.0987 36
0.962 5
0.903 41
0.82 36
0.743 36
0.621 37
0.659 36
0.452 37
0.697 38
0.446 38
0.414 37
0.679 37
0.406 37
0.491 39
0.742 37
0.447 37
0.443 58
0.862 59
0.803 57
0.886 62
0.762 63
0.839 62
0.979 64
0.688 49
0.681 60
0.857 60
0.971 52
0.975 51
0.848 35
0.917 64
0.888 60
0.688 58
0.99 53
0.989 52
0.952 54
0.845 54
0.964 65
0.987 65
0.983 55
0.978 51
0.986 55
0.963 0
0.988 54
0.878 65
0.777 4
0.959 62
0.291 34
0.778 34
0.814 36
0.608 38
0.23 36
0.579 35
0.45 35
0.509 36
0.412 34
0.308 35
0.826 34
0.495 35
0.477 36
0.899 0
0.554 35
0.802 0
0.785 38
0.774 35
0.565 35
0.747 36
0.681 55
0.67 62
0.854 26
0.949 60
0.712 61
0.811 42
0.961 44
0.945 60
0.668 59
0.908 64
0.761 49
0.52 45
0.97 69
0.881 66
0.779 42
0.832 67
0.954 59
0.953 64
0.96 58
0.8 49
0.699 51
0.958 57
0.956 3
0.988 51
0.92 35
0.694 33
0.796 33
0.991 52
0.694 0
0.68 33
0.908 32
0.935 66
0.775 33
0.519 33
0.0761 33
0.919 34
0.914 67
0.215 34
0.576 34
0.588 33
0.783 33
0.381 34
0.982 0
0.718 32
0.565 34
0.898 34
0.526 33
0.494 33
0.647 34
0.544 33
0.808 59
0.752 25
0.738 69
0.66 54
0.764 56
0.561 58
0.735 58
0.827 58
0.876 56
0.78 59
0.759 57
0.829 48
0.951 63
0.902 0
0.995 58
0.969 54
0.528 1
0.865 0
0.982 55
0.528 2
0.636 1
0.445 0
0.691 32
0.445 1
0.59 33
0.636 0
0.473 0
0.334 33
0.707 0
0.634 1
0.634 0
0.863 32
0.986 55
0.778 32
0.649 32
0.995 33
0.505 0
0.686 33
0.987 67
0.411 32
0.652 34
0.677 34
0.561 32
0.312 33
0.896 31
0.894 31
0.306 32
0.911 32
0.609 33
0.954 0
0.529 63
0.747 58
0.667 68
0.782 61
0.824 50
0.767 59
0.998 58
0.723 47
0.959 51
0.676 43
0.989 57
0.854 58
0.82 40
0.881 58
0.868 57
0.85 60
0.841 60
0.871 59
0.462 49
0.986 51
0.874 62
0.39 52
0.811 57
0.654 55
0.991 51
0.83 57
0.97 58
0.397 0
0.95 31
0.537 30
0.189 31
0.641 30
0.654 32
0.848 31
0.942 0
0.853 31
0.517 30
0.561 31
0.755 30
0.909 0
0.909 0
0.853 0
0.944 0
0.232 32
0.955 0
0.602 31
0.556 32
0.394 32
0.85 31
0.491 31
0.953 67
0.885 59
0.816 51
0.909 59
0.976 57
0.726 52
0.703 63
0.805 59
0.558 51
0.57 44
0.822 41
0.941 50
0.686 29
0.984 55
0.966 57
0.955 60
0.945 53
0.73 61
0.995 50
0.724 0
0.724 0
0.856 61
0.798 4
0.589 30
0.458 32
0.93 29
0.724 0
0.902 0
0.89 30
0.988 62
0.979 0
0.646 30
0.552 30
0.603 29
0.63 30
0.939 0
0.786 30
0.616 30
0.399 0
0.67 30
0.523 30
0.832 29
0.339 30
0.509 30
0.565 32
0.235 30
0.681 30
0.843 30
0.58 30
0.765 31
0.664 59
0.735 18
0.529 62
0.721 38
0.783 52
0.972 55
0.765 57
0.659 50
0.947 36
0.63 48
0.859 49
0.955 64
0.674 29
0.83 58
0.906 59
0.891 55
0.894 39
0.607 58
0.983 64
0.728 44
0.885 30
0.613 53
0.73 0
0.985 52
0.964 59
0.688 58
0.953 31
0.954 61
0.347 28
0.975 0
0.933 62
0.864 29
0.807 0
0.472 29
0.816 29
0.827 31
0.986 0
0.988 65
0.986 0
0.982 0
0.46 28
0.982 32
0.411 29
0.813 30
0.574 30
0.503 30
0.656 29
0.736 29
0.885 30
0.685 29
0.826 56
0.885 62
0.755 59
0.852 59
0.791 61
0.801 53
0.946 57
0.902 55
0.713 38
0.748 57
0.782 56
0.753 61
0.883 57
0.746 47
0.874 58
0.685 47
0.892 58
0.877 53
0.958 31
0.727 29
0.812 54
0.871 29
0.991 63
0.824 54
0.976 52
0.404 28
0.809 28
0.823 29
0.451 28
0.31 28
0.434 29
0.198 28
0.988 58
0.989 65
0.896 28
0.821 28
0.425 28
0.295 28
0.779 28
0.287 28
0.446 29
0.698 28
0.627 28
0.406 28
0.944 0
0.718 28
0.976 0
0.736 29
0.714 28
0.479 29
0.472 48
0.748 54
0.876 56
0.679 56
0.922 57
0.555 46
0.69 58
0.847 58
0.744 62
0.874 57
0.84 55
0.836 47
0.635 52
0.564 51
0.688 33
0.711 45
0.884 49
0.682 46
0.802 62
0.856 53
0.788 44
0.819 44
0.76 47
0.948 19
0.71 42
0.742 45
0.76 40
0.829 43
0.778 58
0.98 55
0.937 58
0.53 27
0.969 57
0.811 27
0.318 28
0.49 27
0.332 28
0.647 27
0.929 65
0.888 27
0.366 28
0.957 0
0.466 27
0.438 27
0.79 30
0.899 28
0.388 28
0.607 28
0.763 28
0.664 28
0.808 38
0.844 56
0.953 60
0.893 58
0.954 56
0.861 56
0.917 44
0.878 45
0.775 46
0.988 55
0.876 50
0.557 39
0.356 52
0.687 46
0.678 57
0.929 0
0.58 40
0.936 62
0.934 57
0.738 54
0.836 50
0.986 56
0.997 44
0.828 61
0.971 54
0.974 48
0.962 49
0.937 50
0.872 56
0.78 26
0.936 59
0.485 27
0.37 33
0.981 27
0.421 27
0.996 27
0.917 29
0.416 27
0.647 27
0.986 28
0.63 28
0.352 26
0.602 27
0.969 29
0.623 27
0.897 26
0.827 26
0.372 27
0.98 0
0.453 27
0.838 57
0.846 50
0.713 56
0.707 47
0.838 52
0.656 53
0.761 49
0.854 53
0.491 41
0.893 59
0.437 50
0.705 26
0.652 47
0.772 51
0.85 45
0.934 58
0.772 56
0.641 40
0.971 42
0.868 55
0.459 27
0.76 44
0.978 56
0.989 59
0.978 63
0.977 52
0.581 25
0.994 47
0.962 52
0.877 53
0.924 25
0.576 26
0.451 26
0.986 61
0.96 56
0.539 25
0.962 2
0.387 27
0.814 26
0.802 25
0.916 28
0.37 26
0.526 26
0.517 26
0.523 26
0.806 26
0.603 26
0.795 26
0.658 26
0.606 26
0.701 51
0.717 60
0.707 46
0.922 54
0.633 46
0.884 55
0.67 57
0.459 61
0.847 51
0.903 52
0.877 40
0.542 46
0.819 49
0.558 41
0.873 50
0.626 39
0.512 40
0.72 45
0.9 55
0.851 55
0.736 50
0.953 57
0.989 56
0.992 55
0.965 57
0.964 48
0.988 61
0.938 50
0.984 28
0.835 28
0.793 0
0.997 48
0.916 25
0.586 26
0.603 25
0.5 25
0.996 57
0.677 26
0.987 26
0.939 26
0.466 26
0.828 63
0.516 26
0.869 26
0.831 25
0.345 27
0.788 25
0.674 26
0.475 26
0.39 26
0.784 61
0.727 49
0.458 39
0.814 54
0.998 52
0.898 51
0.444 25
0.622 51
0.593 41
0.808 45
0.875 40
0.728 49
0.877 56
0.855 55
0.962 52
0.89 39
0.708 37
0.596 43
0.807 49
0.711 56
0.995 44
0.896 47
0.851 52
0.932 54
0.991 57
0.984 27
0.949 45
0.512 42
0.938 56
0.93 27
0.993 53
0.919 27
0.818 24
0.967 2
0.812 24
0.933 27
0.778 27
0.882 25
0.835 26
0.817 24
0.729 25
0.583 25
0.247 26
0.559 25
0.45 25
0.489 25
0.701 25
0.399 25
0.387 26
0.913 25
0.895 52
0.782 59
0.791 55
0.631 43
0.692 55
0.874 54
0.61 50
0.955 50
0.728 56
0.969 46
0.458 39
0.79 57
0.708 38
0.896 60
0.903 55
0.753 51
0.727 40
0.677 50
0.629 36
0.927 58
0.951 46
0.508 40
0.946 56
0.823 52
0.444 45
0.648 39
0.956 50
0.859 24
0.935 47
0.929 56
0.608 45
0.756 51
0.993 60
0.429 24
0.579 24
0.404 25
0.911 27
0.978 25
0.337 24
0.751 27
0.981 24
0.569 25
0.712 24
0.986 24
0.639 25
0.4 24
0.71 24
0.365 24
0.391 25
0.808 25
0.897 51
0.726 54
0.498 41
0.821 27
0.655 41
0.931 51
0.876 25
0.89 56
0.529 38
0.958 49
0.657 44
0.836 51
0.739 53
0.997 43
0.803 32
0.72 42
0.603 43
0.944 28
0.992 61
0.83 55
0.788 0
0.788 0
0.647 20
0.526 24
0.991 54
0.989 46
0.991 47
0.707 49
0.987 55
0.629 25
0.818 1
0.574 50
0.87 47
0.984 56
0.911 60
0.427 23
0.953 0
0.765 23
0.922 27
0.968 27
0.449 25
0.229 24
0.672 24
0.861 0
0.992 0
0.78 24
0.901 24
0.448 24
0.921 0
0.976 0
0.883 49
0.712 43
0.936 0
0.651 55
0.66 49
0.536 37
0.861 54
0.576 37
0.924 47
0.842 59
0.714 46
0.71 37
0.779 42
0.73 48
0.933 47
0.944 15
0.954 45
0.977 43
0.732 44
0.994 43
0.821 41
0.76 51
0.812 36
0.855 24
0.97 52
0.988 44
0.95 56
0.996 52
0.866 25
0.957 56
0.855 53
0.965 24
0.915 23
0.925 26
0.99 26
0.961 59
0.868 54
0.844 52
0.98 26
0.601 23
0.875 24
0.534 24
0.956 25
0.902 26
0.67 24
0.628 24
0.719 24
0.519 23
0.395 24
0.534 24
0.929 46
0.804 44
0.793 43
0.83 50
0.93 51
0.756 36
0.71 52
0.844 45
0.723 39
0.835 34
0.605 41
0.807 57
0.928 56
0.849 40
0.874 51
0.621 41
0.891 41
0.96 41
0.779 35
0.871 59
0.867 61
0.891 46
0.954 56
0.742 24
0.896 24
0.892 48
0.878 51
0.874 50
0.856 24
0.986 48
0.989 25
0.951 51
0.573 23
0.267 24
0.999 45
0.775 23
0.913 23
0.975 23
0.302 23
0.734 23
0.772 25
0.978 23
0.838 23
0.502 24
0.801 23
0.443 24
0.897 24
0.572 23
0.697 23
0.798 24
0.869 43
0.807 42
0.974 43
0.912 46
0.697 26
0.913 52
0.897 39
0.458 38
0.981 58
0.779 53
0.812 51
0.593 50
0.41 51
0.724 47
0.851 0
0.975 58
0.906 56
0.854 43
0.849 48
0.861 51
0.738 23
0.965 56
0.949 24
0.839 0
0.997 46
0.947 22
0.978 46
0.748 0
0.959 0
0.79 1
0.681 25
0.735 1
0.847 54
0.83 1
0.662 0
0.902 22
0.37 23
0.896 56
0.992 60
0.9 23
0.671 22
0.927 25
0.389 23
0.571 23
0.692 22
0.975 25
0.306 22
0.327 24
0.74 22
0.426 23
0.201 76
0.864 85
0.863 83
0.961 42
0.671 69
0.533 76
0.972 75
0.637 55
0.911 73
0.824 79
0.671 81
0.839 64
0.808 70
0.912 83
0.98 67
0.932 58
0.93 58
0.951 73
0.677 72
0.702 76
0.969 78
0.753 76
0.978 77
0.641 79
0.849 71
0.939 75
0.963 3
0.545 0
0.58 0
0.912 1
0.715 0
0.843 0
0.964 6
0.848 1
0.973 3
0.848 0
0.904 0
0.751 2
0.72 1
0.808 1
0.964 0
0.827 0
0.964 0
0.964 0
0.964 0
0.434 0
0.964 0
0.434 0
0.954 1
0.827 1
0.727 42
0.925 36
0.393 52
0.688 61
0.712 63
0.427 76
0.84 63
0.965 67
0.788 65
0.951 66
0.97 68
0.885 54
0.658 60
0.736 73
0.865 80
0.907 63
0.797 73
0.922 73
0.978 66
0.88 60
0.764 80
0.656 73
0.852 64
0.908 70
0.881 84
0.932 74
0.964 74
0.959 79
0.981 67
0.427 1
0.671 0
0.815 1
0.671 1
0.742 5
0.981 4
0.936 0
0.487 0
0.558 0
0.722 0
0.991 0
0.991 0
0.706 0
0.991 0
0.843 0
0.573 0
0.981 0
0.573 1
0.573 1
0.573 0
0.573 0
0.692 71
0.871 62
0.91 70
0.912 76
0.561 71
0.61 70
0.74 56
0.714 57
0.59 69
0.808 55
0.934 48
0.792 75
0.83 72
0.932 75
0.884 65
0.716 69
0.863 61
0.94 76
0.568 78
0.684 74
0.978 64
0.637 57
0.778 70
0.632 72
0.574 64
0.944 76
0.876 69
0.875 76
0.995 63
0.873 66
0.95 70
0.876 67
0.746 71
0.845 72
0.929 68
0.828 77
0.806 57
0.88 71
0.853 74
0.873 60
0.83 74
0.833 66
0.919 77
0.72 72
0.795 0
0.643 0
0.883 0
0.643 0
0.932 0
0.942 0
0.891 30
0.85 54
0.766 56
0.905 47
0.927 55
0.584 55
0.626 54
0.858 71
0.935 62
0.953 41
0.787 64
0.568 47
0.753 71
0.723 66
0.815 70
0.354 70
0.913 63
0.861 57
0.618 68
0.844 65
0.964 76
0.948 71
0.958 59
0.869 60
0.92 68
0.878 58
0.958 56
0.927 76
0.83 71
0.348 69
0.865 70
0.476 76
0.868 67
0.833 73
0.969 59
0.832 64
0.951 67
0.951 60
0.927 65
0.909 70
0.886 65
0.766 65
0.846 71
0.791 75
0.904 58
0.95 75
0.903 56
0.949 0
0.89 0
0.816 43
0.748 34
0.886 48
0.66 45
0.92 52
0.977 52
0.774 65
0.877 64
0.788 66
0.911 68
0.918 23
0.922 55
0.962 52
0.936 65
0.854 41
0.831 57
0.819 36
0.929 61
0.423 70
0.768 70
0.802 62
0.858 63
0.934 9
0.533 56
0.741 68
0.865 65
0.823 66
0.939 75
0.896 72
0.911 64
0.905 69
0.539 73
0.844 54
0.875 52
0.816 57
0.97 68
0.927 66
0.604 74
0.849 66
0.927 73
0.969 63
0.947 61
0.915 59
0.72 75
0.9 67
0.534 61
0.72 54
0.982 0
0.946 69
0.929 40
0.921 63
0.528 48
0.675 56
0.784 25
0.961 25
0.99 51
0.951 56
0.479 43
0.934 25
0.817 63
0.885 57
0.808 56
0.899 55
0.768 70
0.603 44
0.926 47
0.626 43
0.971 62
0.81 61
0.682 63
0.943 65
0.967 55
0.682 60
0.954 66
0.551 71
0.699 53
0.94 53
0.974 60
0.71 68
0.964 59
0.684 64
0.433 69
0.795 65
0.769 64
0.51 61
0.864 75
0.907 63
0.864 70
0.748 72
0.982 55
0.746 57
0.326 63
0.979 59
0.908 71
0.765 54
0.965 62
0.939 52
0.94 54
0.418 66
0.81 36
0.947 0
0.673 52
0.912 63
0.939 25
0.795 53
0.835 48
0.948 60
0.762 53
0.776 66
0.646 58
0.688 55
0.877 63
0.662 37
0.981 58
0.943 60
0.677 57
0.965 58
0.68 55
0.873 44
0.89 64
0.89 61
0.934 59
0.917 43
0.896 66
0.957 43
0.764 57
0.867 48
0.792 64
0.708 57
0.559 62
0.916 53
0.897 67
0.335 63
0.778 65
0.684 64
0.549 65
0.882 62
0.953 70
0.501 61
0.722 52
0.92 50
0.884 64
0.914 58
0.91 50
0.739 68
0.935 53
0.932 53
0.641 60
0.819 51
0.866 49
0.93 52
0.594 63
0.567 69
0.927 23
0.543 67
0.862 55
0.736 45
0.815 70
0.735 53
0.702 62
0.938 61
0.317 52
0.274 54
0.72 46
0.854 70
0.774 63
0.373 41
0.96 54
0.873 56
0.657 67
0.785 46
0.924 60
0.847 63
0.855 66
0.863 59
0.97 52
0.75 61
0.966 67
0.671 67
0.969 52
0.796 69
0.973 53
0.962 64
0.371 51
0.905 50
0.961 62
0.895 61
0.966 65
0.761 61
0.672 71
0.818 60
0.792 36
0.927 60
0.884 54
0.975 60
0.706 62
0.702 69
0.673 71
0.969 61
0.71 33
0.889 34
0.936 43
0.747 55
0.922 60
0.561 44
0.949 22
0.942 65
0.692 42
0.982 49
0.862 53
0.704 52
0.921 51
0.266 55
0.553 58
0.951 53
0.873 38
0.746 54
0.805 59
0.746 54
0.408 55
0.659 64
0.925 55
0.911 55
0.874 58
0.908 51
0.939 54
0.825 62
0.926 58
0.593 66
0.973 61
0.85 55
0.695 62
0.941 56
0.952 70
0.946 56
0.723 59
0.576 61
0.449 58
0.792 62
0.342 58
0.93 55
0.92 60
0.947 58
0.704 64
0.948 60
0.903 58
0.67 69
0.579 60
0.988 66
0.873 33
0.964 32
0.63 54
0.715 54
0.567 58
0.863 54
0.51 43
0.774 45
0.76 57
0.823 53
0.895 64
0.479 51
0.75 55
0.995 52
0.694 62
0.415 55
0.835 50
0.542 58
0.664 64
0.978 50
0.922 48
0.922 49
0.979 59
0.742 61
0.567 38
0.714 56
0.646 55
0.983 56
0.706 65
0.479 50
0.793 60
0.808 55
0.971 49
0.969 47
0.864 48
0.976 53
0.9 67
0.756 66
0.866 52
0.748 58
0.335 57
0.919 56
0.641 58
0.886 59
0.932 55
0.768 64
0.938 64
0.961 33
0.916 64
0.781 59
0.622 32
0.902 67
0.929 57
0.699 47
0.839 62
0.797 54
0.976 48
0.611 44
0.938 57
0.917 68
0.839 51
0.861 49
0.91 54
0.64 38
0.662 66
0.873 50
0.843 70
0.905 58
0.978 45
0.703 52
0.959 51
0.88 59
0.929 59
0.529 55
0.993 51
0.837 57
0.702 46
0.97 46
0.639 59
0.967 58
0.781 55
0.936 56
0.966 52
0.78 63
0.838 64
0.708 57
0.392 58
0.728 70
0.777 31
0.819 52
0.939 67
0.597 33
0.552 31
0.493 65
0.385 56
0.812 69
0.569 32
0.937 31
0.969 31
0.703 29
0.676 30
0.867 30
0.777 60
0.658 58
0.858 44
0.673 49
0.963 27
0.892 61
0.882 55
0.739 46
0.874 39
0.927 43
0.645 67
0.327 60
0.796 51
0.593 51
0.289 50
0.951 51
0.974 48
0.94 64
0.724 62
0.933 40
0.619 53
0.72 49
0.701 55
0.708 64
0.908 45
0.868 58
0.887 57
0.895 58
0.567 53
0.911 64
0.866 56
0.808 65
0.933 58
0.474 56
0.728 60
0.664 59
0.988 56
0.902 50
0.932 62
0.866 59
0.896 58
0.855 66
0.878 56
0.769 29
0.879 29
0.747 30
0.964 29
0.827 30
0.917 63
0.613 28
0.723 50
0.698 64
0.563 54
0.835 52
0.694 46
0.825 50
0.803 54
0.82 47
0.456 56
0.876 59
0.935 49
0.491 38
0.931 55
0.646 55
0.976 47
0.475 54
0.547 54
0.913 47
0.836 51
0.82 61
0.884 44
0.692 60
0.777 55
0.922 59
0.778 50
0.957 66
0.904 64
0.803 59
0.938 54
0.738 30
0.645 64
0.863 58
0.882 30
0.818 69
0.975 51
0.99 52
0.505 63
0.907 28
0.823 27
0.543 54
0.875 61
0.94 28
0.415 62
0.834 29
0.872 64
0.963 29
0.913 29
0.726 29
0.872 29
0.841 64
0.448 54
0.671 50
0.715 41
0.779 50
0.897 43
0.902 43
0.835 43
0.855 48
0.781 44
0.908 50
0.648 63
0.493 47
0.921 44
0.776 56
0.819 55
0.9 44
0.846 53
0.935 44
0.684 48
0.515 56
0.824 59
0.742 45
0.88 60
0.845 49
0.913 43
0.895 62
0.898 55
0.795 56
0.542 60
0.983 47
0.914 55
0.895 58
0.975 45
0.272 56
0.896 28
0.673 53
0.708 51
0.86 29
0.637 60
0.972 30
0.434 28
0.977 64
0.65 28
0.85 29
0.387 56
0.931 62
0.699 28
0.588 66
0.883 29
0.993 27
0.533 43
0.682 18
0.676 52
0.677 54
0.488 49
0.818 48
0.961 34
0.763 55
0.925 43
0.772 49
0.945 61
0.67 55
0.963 46
0.445 61
0.498 37
0.944 30
0.831 49
0.812 62
0.781 62
0.82 54
0.826 65
0.961 46
0.947 47
0.967 58
0.902 26
0.702 59
0.574 47
0.982 54
0.94 64
0.934 56
0.37 57
0.895 45
0.814 38
0.946 56
0.956 27
0.907 54
0.882 56
0.88 30
0.865 53
0.895 51
0.735 62
0.914 59
0.845 61
0.926 27
0.875 54
0.998 27
0.976 30
0.817 28
0.834 28
0.997 29
0.718 48
0.918 49
0.93 31
0.692 35
0.691 53
0.805 50
0.53 66
0.859 58
0.693 49
0.933 26
0.947 43
0.92 45
0.953 54
0.907 58
0.922 46
0.871 60
0.737 64
0.656 48
0.933 51
0.331 49
0.913 63
0.885 58
0.78 56
0.964 45
0.935 55
0.728 61
0.85 26
0.858 56
0.749 60
0.46 62
0.759 29
0.854 27
0.83 59
0.871 43
0.913 62
0.954 27
0.829 27
0.977 26
0.864 27
0.981 25
0.947 27
0.816 26
0.939 26
0.705 28
0.924 27
0.892 27
0.554 26
0.855 27
0.987 28
0.845 27
0.933 47
0.643 43
0.965 41
0.864 52
0.688 43
0.453 47
0.384 54
0.89 54
0.827 56
0.835 64
0.849 43
0.95 53
0.941 60
0.84 60
0.54 50
0.827 31
0.781 57
0.867 61
0.914 51
0.875 60
0.973 61
0.932 25
0.955 55
0.808 51
0.95 44
0.34 55
0.754 53
0.899 42
0.984 28
0.807 58
0.96 52
0.668 29
0.93 25
0.592 26
0.83 53
0.981 61
0.922 60
0.858 27
0.978 68
0.752 59
0.927 27
0.931 26
0.942 71
0.662 26
0.863 28
0.857 26
0.833 27
0.944 27
0.597 66
0.958 26
0.682 56
0.912 14
0.627 46
0.68 49
0.861 40
0.792 56
0.94 58
0.973 58
0.63 40
0.904 52
0.67 54
0.709 52
0.808 60
0.924 39
0.716 59
0.989 52
0.647 59
0.971 46
0.946 67
0.943 53
0.702 46
0.905 24
0.742 57
0.873 66
0.861 26
0.98 24
0.913 59
0.872 25
0.981 61
0.827 27
0.852 25
0.669 26
0.896 25
0.92 26
0.981 28
0.903 26
0.29 57
0.471 27
0.529 58
0.831 27
0.789 60
0.959 27
0.445 26
0.902 26
0.803 62
0.955 26
0.981 27
0.843 26
0.976 27
0.922 26
0.903 49
0.594 59
0.911 13
0.811 41
0.934 41
0.635 46
0.91 39
0.716 30
0.658 28
0.863 45
0.619 58
0.871 57
0.949 53
0.532 52
0.901 50
0.899 27
0.867 55
0.984 27
0.984 26
0.835 49
0.933 25
0.548 55
0.983 25
0.823 25
0.875 25
0.939 25
0.971 24
0.939 49
0.843 54
0.627 64
0.557 58
0.524 52
0.701 54
0.939 24
0.728 26
0.721 25
0.998 25
0.781 24
0.828 25
0.865 26
0.981 25
0.66 24
0.977 63
0.802 26
0.769 25
0.521 25
0.844 25
0.764 60
0.903 25
0.928 26
0.765 40
0.943 41
0.422 50
0.941 57
0.67 56
0.633 56
0.784 51
0.276 53
0.64 49
0.683 37
0.779 44
0.888 49
0.587 60
0.894 33
0.415 43
0.969 55
0.648 54
0.591 55
0.714 65
0.632 51
0.833 57
0.707 55
0.853 59
0.627 44
0.979 25
0.947 41
0.464 58
0.66 24
0.864 26
0.846 24
0.937 26
0.817 65
0.764 60
0.667 26
0.877 28
0.97 57
0.709 24
0.865 25
0.825 25
0.992 25
0.948 25
0.686 25
0.888 60
0.944 25
0.979 25
0.933 25
0.926 26
0.845 25
0.725 25
0.824 25
0.614 71
0.489 55
0.112 56
0.11 56
0.0841 54
0.0529 51
0.105 48
0.287 40
0.266 37
0.295 52
0.135 41
0.291 38
0.122 40
0.4 54
0.0749 55
0.255 54
0.0392 47
0.567 52
0.147 56
0.694 37
0.0423 39
0.842 54
0.698 39
0.499 36
0.825 48
0.634 36
0.301 37
0.575 38
0.365 37
0.733 38
0.519 37
0.414 35
0.938 0
0.0338 35
0.292 37
0.301 38
0.283 41
0.639 36
0.289 0
0.416 38
0.399 37
0.405 36
0.0909 37
0.292 41
0.267 36
0.225 1
0.194 41
0.0507 42
0.142 0
0.0811 37
0.253 48
0.579 47
0.299 51
0.212 60
0.381 48
0.31 49
0.083 41
0.0685 53
0.158 30
0.112 51
0.0293 61
0.23 42
0.153 51
0.64 47
0.105 52
0.179 31
0.57 32
0.396 43
0.53 33
0.656 35
0.138 31
0.0334 31
0.0383 33
0.826 35
0.936 55
0.474 34
0.533 35
0.2 0
0.785 32
0.485 33
0.0973 32
0.797 0
0.797 0
0.214 33
0.398 32
0.217 0
0.241 33
0.353 0
0.564 34
0.797 0
0.797 0
0.797 0
0.797 0
0.797 0
0.201 0
0.194 32
0.28 32
0.17 0
0.47 0
0.47 0
0.125 47
0.191 42
0.303 30
0.115 40
0.203 51
0.0586 49
0.137 50
0.138 49
0.0675 50
0.0767 49
0.168 33
0.0821 50
0.523 52
0.183 49
0.128 30
0.775 48
0.545 44
0.494 31
0.0973 49
0.585 31
0.0294 30
0.697 30
0.365 29
0.364 55
0.635 31
0.591 31
0.0308 31
0.868 30
0.2 0
0.545 30
0.135 30
0.622 29
0.294 30
0.233 29
0.508 32
0.0804 30
0.747 32
0.229 31
0.743 33
0.382 33
0.134 29
0.401 30
0.295 31
0.461 30
0.663 30
0.219 31
0.436 30
0.191 30
0.143 31
0.334 30
0.329 46
0.154 47
0.204 41
0.0612 50
0.309 41
0.0331 51
0.0866 36
0.0504 30
0.118 39
0.333 28
0.354 43
0.162 37
0.454 30
0.143 28
0.526 29
0.105 28
0.817 29
0.225 29
0.16 28
0.0153 28
0.0712 28
0.43 28
0.505 28
0.716 30
0.075 29
0.0471 28
0.654 30
0.795 30
0.353 29
0.0357 28
0.144 29
0.208 28
0.311 29
0.0109 28
0.138 28
0.0128 28
0.189 29
0.381 30
0.641 29
0.109 29
0.138 28
0.146 29
0.665 29
0.519 28
0.765 30
0.458 29
0.328 29
0.473 30
0.231 29
0.293 29
0.0543 45
0.821 33
0.244 50
0.00785 58
0.0459 30
0.226 27
0.346 41
0.642 28
0.285 48
0.382 27
0.0246 28
0.123 27
0.113 27
0.195 27
0.0949 27
0.226 28
0.117 27
0.12 27
0.098 56
0.31 28
0.112 27
0.243 57
0.0709 28
0.107 27
0.118 27
0.118 27
0.298 28
0.215 27
0.116 27
0.541 27
0.0455 28
0.533 28
0.104 28
0.116 27
0.435 27
0.0644 28
0.102 27
0.142 27
0.147 28
0.0946 28
0.664 29
0.789 28
0.145 28
0.0484 28
0.18 27
0.703 29
0.335 28
0.623 29
0.522 28
0.383 28
0.616 37
0.715 37
0.392 41
0.448 41
0.476 44
0.245 41
0.592 47
0.217 27
0.663 42
0.219 51
0.719 26
0.0525 26
0.0207 27
0.239 34
0.696 28
0.0999 26
0.68 26
0.541 27
0.102 26
0.141 27
0.13 27
0.771 45
0.106 27
0.387 27
0.124 27
0.444 27
0.118 27
0.129 27
0.109 26
0.243 27
0.12 27
0.818 28
0.119 27
0.0968 27
0.316 26
0.122 27
0.917 58
0.702 28
0.702 28
0.202 27
0.284 27
0.372 26
0.578 29
0.228 27
0.76 27
0.189 27
0.0797 27
0.429 28
0.778 28
0.758 29
0.609 46
0.482 40
0.732 47
0.357 44
0.108 50
0.2 45
0.0883 43
0.384 45
0.268 47
0.186 48
0.134 47
0.119 41
0.154 53
0.115 26
0.0296 52
0.447 43
0.142 28
0.52 37
0.193 27
0.127 26
0.463 26
0.523 25
0.159 26
0.28 26
0.156 26
0.122 25
0.302 26
0.171 25
0.134 28
0.322 26
0.577 27
0.482 27
0.549 26
0.0515 25
0.144 49
0.801 26
0.177 26
0.355 26
0.516 27
0.786 25
0.246 26
0.638 27
0.335 53
0.039 26
0.376 26
0.0935 26
0.446 26
0.222 26
0.21 26
0.22 26
0.428 41
0.546 22
0.315 42
0.0666 42
0.245 35
0.752 60
0.208 53
0.202 38
0.0812 47
0.108 40
0.185 37
0.619 29
0.0839 49
0.0703 47
0.331 42
0.137 24
0.364 51
0.0563 24
0.66 46
0.175 25
0.583 26
0.917 49
0.27 25
0.529 25
0.283 24
0.582 25
0.517 26
0.379 24
0.0791 25
0.0507 25
0.41 27
0.335 26
0.81 26
0.579 26
0.396 26
0.68 26
0.727 26
0.701 25
0.295 25
0.472 26
0.318 24
0.298 0
0.298 0
0.599 25
0.241 26
0.0938 25
0.352 26
0.472 26
0.137 26
0.0718 25
0.276 37
0.158 28
0.137 38
0.0614 35
0.0177 45
0.351 48
0.0448 47
0.0863 46
0.177 32
0.953 45
0.141 52
0.119 47
0.16 41
0.127 46
0.164 39
0.606 39
0.402 39
0.209 40
0.489 35
0.27 25
0.158 51
0.951 49
0.357 24
0.357 24
0.48 47
0.0709 24
0.298 25
0.706 24
0.407 24
0.754 25
0.287 24
0.821 24
0.244 24
0.732 25
0.476 25
0.178 25
0.403 25
0.64 25
0.266 24
0.89 24
0.871 25
0.186 24
0.287 25
0.104 24
0.307 25
0.356 55
0.209 25
0.131 24
0.344 25
0.134 24
0.236 26
0.795 36
0.156 49
0.21 11
0.139 30
0.0899 47
0.172 7
0.257 6
0.123 47
0.284 24
0.108 44
0.133 46
0.228 5
0.145 6
0.108 51
0.12 6
0.332 33
0.205 6
0.202 9
0.163 5
0.0593 5
0.159 6
0.239 24
0.135 6
0.0945 6
0.57 24
0.161 7
0.177 5
0.184 24
0.17 6
0.723 24
0.196 6
0.516 24
0.475 42
0.203 24
0.525 24
0.206 24
0.305 25
0.607 26
0.159 23
0.726 25
0.301 24
0.332 25
0.557 26
0.373 24
0.744 25
0.149 24
0.336 24
0.373 24
0.0812 24
0.256 42
0.101 38
0.386 44
0.076 28
0.0265 49
0.185 46
0.0266 51
0.155 39
0.175 47
0.173 48
0.51 24
0.25 45
0.322 23
0.581 24
0.316 24
0.187 23
0.413 25
0.332 39
0.207 23
0.45 23
0.356 23
0.168 25
0.366 23
0.0514 23
0.857 23
0.242 25
0.666 25
0.17 0
0.178 23
0.143 23
0.0125 24
0.214 23
0.329 25
0.121 23
0.151 23
0.579 24
0.47 53
0.114 51
0.695 24
0.72 24
0.564 25
0.598 23
0.647 24
0.778 23
0.678 23
0.0688 25
0.631 23
0.385 24
0.166 23
0.463 24
0.111 35
0.668 42
0.137 40
0.237 30
0.257 46
0.15 23
0.149 35
0.119 45
0.0496 48
0.162 37
0.525 38
0.195 37
0.223 44
0.143 39
0.172 26
0.0832 22
0.197 37
0.115 44
0.24 22
0.0893 48
0.189 46
0.0925 23
0.331 24
0.49 23
0.272 22
0.0313 23
0.445 23
0.312 23
0.383 23
0.605 23
0.603 24
0.452 24
0.321 25
0.564 24
0.786 24
0.325 23
0.44 23
0.94 22
0.426 23
0.179 24
0.299 23
0.427 23
0.435 23
0.135 23
0.112 23
0.408 23
0.522 23
0.0562 23
0.106 23
0.124 23
0.396 35
0.0708 49
0.252 32
0.111 46
0.341 40
0.282 42
0.231 42
0.218 35
0.188 49
0.114 41
0.157 43
0.143 22
0.145 44
0.628 29
0.0659 23
0.0874 23
0.00981 36
0.584 24
0.558 24
0.382 24
0.113 51
0.293 24
0.413 24
0.166 22
0.355 24
0.303 23
0.394 22
0.44 24
0.627 23
0.512 23
0.324 22
0.191 22
0.409 24
0.228 24
0.39 23
0.202 23
0.607 24
0.402 23
0.499 24
0.289 22
0.236 24
0.13 3
0.25 22
0.534 24
0.434 23
0.465 23
0.0966 23
0.369 23
0.118 23
0.45 23
0.154 43
0.102 46
0.123 47
0.125 44
0.418 32
0.389 41
0.11 47
0.326 33
0.106 49
0.017 25
0.3 27
0.0701 36
0.388 25
0.359 45
0.0455 51
0.0832 49
0.74 22
0.417 38
0.305 22
0.142 45
0.00108 22
0.445 22
0.323 22
0.25 22
0.0572 22
0.293 23
0.414 22
0.523 23
0.399 22
0.472 22
0.108 22
0.0317 23
0.458 22
0.365 22
0.576 49
0.613 23
0.333 22
0.123 22
0.267 22
0.628 24
0.451 22
0.71 24
0.0931 24
0.619 22
0.0506 22
0.33 22
0.0277 23
0.328 22
0.324 23
0.0724 22
0.762 45
0.145 32
0.124 46
0.0878 45
0.0988 45
0.261 38
0.087 45
0.303 42
0.28 34
0.0234 37
0.279 42
0.797 39
0.0202 22
0.397 45
0.294 21
0.509 23
0.161 47
0.307 22
0.74 24
0.0033 21
0.00129 23
0.162 24
0.146 21
7.4e-05 21
0.591 22
0.578 23
0.435 23
0.332 23
0.55 23
0.004 22
0.54 22
0.944 32
0.0999 21
0.13 44
0.502 22
0.22 21
7.26e-05 21
0.195 22
0.482 22
0.564 22
0.602 22
0.228 21
0.466 22
0.0299 22
0.18 23
0.447 21
0.309 22
0.302 22
0.531 22
0.771 22
0.0594 42
0.163 34
0.279 47
0.418 34
0.518 36
0.242 44
0.144 34
0.113 39
0.194 27
0.301 20
0.193 44
0.515 25
0.297 43
0.0353 23
0.295 21
0.33 41
0.946 47
0.185 36
0.247 58
0.196 21
0.573 23
0.000179 21
0.327 21
0.0268 22
0.273 22
0.316 23
0.181 43
0.0763 21
0.417 21
0.0022 22
0.279 21
0.237 23
0.122 22
0.141 23
0.416 22
0.314 21
0.222 23
0.0268 21
0.432 23
0.353 22
0.0754 21
0.893 22
0.0851 21
0.626 21
0.652 21
0.522 50
0.121 22
0.493 22
0.139 22
0.326 22
0.276 27
0.163 32
0.0961 44
0.175 41
0.27 26
0.272 21
0.0931 21
0.348 21
0.0485 45
0.904 41
0.259 49
0.158 21
0.486 21
0.59 21
0.904 21
0.189 21
0.226 21
0.23 20
0.303 21
0.222 21
0.287 21
0.299 21
0.787 21
0.0446 21
0.451 21
0.184 23
0.796 22
0.654 21
0.0948 21
0.534 23
0.597 21
0.372 21
0.122 24
0.199 51
0.708 23
0.588 23
0.399 23
0.544 21
0.75 23
0.552 20
0.473 21
0.322 21
0.241 22
0.408 22
0.0646 21
0.51 22
0.488 22
0.0386 21
0.478 22
0.895 23
0.16 26
0.0615 25
0.157 30
0.221 32
0.161 27
0.098 22
0.171 35
0.235 28
0.034 29
0.389 19
0.0952 38
0.22 43
0.147 24
0.0905 25
0.165 44
0.574 22
0.0861 45
0.765 21
0.258 21
0.206 21
0.4 37
0.252 21
0.275 38
0.432 21
0.32 22
0.532 23
0.00174 21
0.451 22
0.813 21
0.0367 20
0.408 21
0.0907 20
0.502 23
0.245 21
0.34 21
0.078 22
0.31 21
0.227 22
0.129 21
0.216 20
0.0859 22
0.15 21
0.567 21
0.716 23
0.538 22
0.542 21
0.809 23
0.304 21
0.304 22
0.374 21
0.614 34
0.088 45
0.617 48
0.112 44
0.0328 46
0.39 35
0.239 42
0.162 44
0.327 20
0.295 21
0.141 21
0.229 21
0.415 20
0.339 20
0.00323 20
0.418 22
0.00153 21
0.00209 21
0.297 21
2.03e-05 20
0.0709 20
0.00222 20
0.0725 22
0.166 21
0.239 21
0.171 22
0.266 21
0.166 22
0.469 21
0.235 20
0.729 21
0.36 21
0.204 21
0.508 20
0.202 20
0.529 22
0.121 21
0.362 21
0.2 21
0.138 23
0.629 21
0.597 20
0.564 21
0.784 20
0.795 21
0.806 20
0.356 21
0.437 20
0.264 21
0.102 21
0.476 36
0.218 37
0.525 35
0.222 29
0.255 30
0.161 38
0.264 34
0.226 43
0.194 42
0.622 32
0.882 38
0.225 40
0.647 31
0.958 50
0.104 43
0.134 46
0.666 19
0.223 44
0.201 22
0.372 38
0.175 20
0.504 22
0.315 36
0.455 21
0.576 21
0.102 20
0.173 21
0.022 20
0.743 22
0.569 21
0.0963 21
0.352 21
0.626 21
0.382 20
0.812 22
0.546 21
0.504 21
0.212 22
0.412 21
0.615 21
0.553 21
0.575 22
0.447 21
0.397 21
0.634 20
0.366 21
0.0834 21
0.266 21
0.333 21
0.751 22
0.996 65
0.99 59
0.76 55
0.896 62
0.878 57
0.979 58
0.98 56
0.891 57
0.985 47
0.878 57
0.929 59
0.496 34
0.444 33
0.963 30
0.886 0
0.997 35
0.894 31
0.477 33
0.572 30
0.412 31
0.967 0
0.906 31
0.999 32
0.974 31
0.816 30
0.949 35
0.573 31
0.986 30
0.942 35
0.996 31
0.85 0
0.955 31
0.967 31
0.95 34
0.996 32
0.95 0
0.948 36
0.968 35
0.915 31
0.93 33
0.905 31
0.867 30
0.958 32
0.928 31
0.836 33
0.964 36
0.963 32
0.966 30
0.979 32
0.982 32
0.959 51
0.993 51
0.954 53
0.988 43
0.883 43
0.953 65
0.991 40
0.991 29
0.834 57
0.983 28
0.931 29
0.905 28
0.929 57
0.69 30
0.338 28
0.979 28
0.977 29
0.973 28
0.992 27
0.928 28
0.997 29
0.926 27
0.963 30
0.938 29
0.929 27
0.913 29
0.862 27
0.929 28
0.931 27
0.553 29
0.934 26
0.537 27
0.937 26
0.95 27
0.973 28
0.921 27
0.999 0
0.994 27
0.886 26
0.986 29
0.824 27
0.964 27
0.989 27
0.97 28
0.994 27
0.966 29
0.999 0
0.992 0
0.919 29
0.823 28
0.958 48
0.997 56
0.991 53
0.85 49
0.884 25
0.982 58
0.98 26
0.985 26
0.754 24
0.999 25
0.971 26
0.945 27
0.875 24
0.834 26
0.835 26
0.901 26
0.993 26
0.952 26
0.93 24
0.94 24
0.918 26
0.981 26
0.98 25
0.998 25
0.991 25
0.999 26
0.936 58
0.901 27
0.943 25
0.962 26
0.996 26
0.85 26
0.969 24
0.941 24
0.903 26
0.515 26
0.867 27
0.974 26
0.997 24
0.687 24
0.981 26
0.967 25
0.92 26
0.851 25
0.981 26
0.864 26
0.969 26
0.989 26
0.887 26
0.921 27
0.988 56
0.823 56
0.995 36
0.967 50
0.955 57
0.979 50
0.952 56
0.808 25
0.925 23
0.998 25
0.987 25
0.881 24
0.944 25
0.989 24
0.865 24
0.897 24
0.792 25
0.938 62
0.937 24
0.937 25
0.982 25
0.86 25
0.977 24
0.934 25
0.875 25
0.983 25
0.983 24
0.866 24
0.918 24
0.592 24
0.958 24
0.988 24
0.98 24
0.931 25
0.452 24
0.858 25
0.891 25
0.973 24
0.933 25
0.984 24
0.971 24
0.979 24
0.837 24
0.879 25
0.943 23
0.936 24
0.825 23
0.965 25
0.973 25
0.997 24
0.96 50
0.956 51
0.69 22
0.96 49
0.984 51
0.888 59
0.833 23
0.758 22
0.901 61
0.898 23
0.98 23
0.94 23
0.91 22
0.942 23
0.98 23
0.929 24
0.513 22
0.873 22
0.887 22
0.962 23
0.997 23
0.994 60
0.957 24
0.976 24
0.956 23
0.797 23
0.992 23
0.875 23
0.997 23
0.995 24
0.902 24
0.907 24
0.964 23
0.991 23
0.999 23
0.958 22
0.891 23
0.716 23
0.914 23
0.868 24
0.892 23
0.892 23
0.817 23
0.999 22
0.594 23
0.92 22
0.999 23
0.905 23
0.997 23
0.663 24
0.575 44
0.933 22
0.852 22
0.924 23
0.961 22
0.994 22
0.956 21
0.873 22
0.981 22
0.649 21
0.933 23
0.577 22
0.95 20
0.921 21
0.968 22
0.99 22
0.951 23
0.79 22
0.963 23
0.982 23
0.808 23
0.992 22
0.946 21
0.967 22
0.929 22
0.668 21
0.986 23
0.984 22
0.99 22
0.999 22
0.986 23
0.956 22
0.948 22
0.997 22
0.94 22
0.988 23
0.589 21
0.941 23
0.967 22
0.917 23
0.954 22
0.995 23
0.875 22
0.963 22
0.733 22
0.896 21
0.995 21
0.938 22
0.817 22
0.977 21
0.987 51
0.976 21
0.806 20
0.94 21
0.848 21
0.797 22
0.964 41
0.959 22
0.795 20
0.967 21
0.996 21
0.928 21
0.976 20
0.976 21
0.912 21
0.962 22
0.915 21
0.951 21
0.687 20
0.928 22
0.935 22
0.937 21
0.998 22
0.952 22
0.842 21
0.953 4
0.972 9
0.997 21
0.955 21
0.966 21
0.995 3
0.98 21
0.758 22
0.932 22
0.995 22
0.983 20
0.811 21
0.704 0
0.99 21
0.984 21
0.984 0
0.69 0
0.951 22
0.909 22
0.979 21
0.874 20
0.958 21
0.935 22
0.967 22
0.977 21
0.951 49
0.979 20
0.934 21
0.996 52
0.588 21
0.695 19
0.985 40
0.991 21
0.958 20
0.905 20
0.981 21
0.945 21
0.776 20
0.977 21
0.732 21
0.998 21
0.969 21
0.969 21
0.719 9
0.847 9
0.907 21
0.962 21
0.985 0
0.951 0
0.829 20
0.994 21
0.891 20
0.634 20
0.844 0
0.929 0
0.97 0
0.92 0
0.453 20
0.972 0
0.918 0
0.605 20
0.825 20
0.641 20
0.963 21
0.921 0
0.883 0
0.96 20
0.99 21
0.96 20
0.997 20
0.95 21
0.871 21
0.74 21
0.922 21
0.917 21
0.991 21
0.989 21
0.965 21
0.847 20
0.954 9
0.909 13
0.981 21
0.961 21
0.707 19
0.817 19
0.94 20
0.866 8
0.971 8
0.882 5
0.877 7
0.986 20
0.894 7
0.879 10
0.937 20
0.852 6
0.99 0
0.971 20
0.895 4
0.922 20
0.899 0
0.981 0
0.929 0
0.854 21
0.857 0
0.961 0
0.948 15
0.974 0
0.892 0
0.87 0
0.961 21
0.915 0
0.976 0
0.822 0
0.994 20
0.859 0
0.946 0
0.873 0
0.935 20
0.901 0
0.948 0
0.853 0
0.91 0
0.653 20
0.874 20
0.687 20
0.891 49
0.878 26
0.891 51
0.756 19
0.968 20
0.997 20
0.977 19
0.992 20
0.979 20
0.95 19
0.906 16
0.876 20
0.947 19
0.934 19
0.859 20
0.925 20
0.972 10
0.814 14
0.99 20
0.999 20
0.573 20
0.967 19
0.848 12
0.654 19
0.996 20
0.962 20
0.85 4
0.903 20
0.999 19
0.832 20
0.936 21
0.935 6
0.886 4
0.962 20
0.964 20
0.977 5
0.971 20
0.969 20
0.937 20
0.858 3
0.948 20
0.946 0
0.711 19
0.993 0
0.917 0
0.938 0
0.932 21
0.919 20
0.945 20
0.912 19
0.995 46
0.883 27
0.933 47
0.851 19
0.969 19
0.955 19
0.885 18
0.991 19
0.896 20
0.962 19
0.951 20
0.972 19
0.91 19
0.949 35
0.994 20
0.933 19
0.952 20
0.894 20
0.949 19
0.885 19
0.933 20
0.94 20
0.947 19
0.983 20
0.884 20
0.93 20
0.961 19
0.977 19
0.872 20
0.986 20
0.994 19
0.806 18
0.988 20
0.998 19
0.891 20
0.935 19
0.996 19
0.708 19
0.992 20
0.912 19
0.54 19
0.964 20
0.997 19
0.639 20
0.994 20
0.922 19
0.987 19
0.943 20
0.96 19
0.999 20
0.96 42
0.926 58
0.926 50
0.997 19
0.906 35
0.838 18
0.977 18
0.858 19
0.98 18
0.704 19
0.92 18
0.994 19
0.976 19
0.873 20
0.948 20
0.996 19
0.899 20
0.925 19
0.991 19
0.982 19
0.935 18
0.961 20
0.956 19
0.87 19
0.999 19
0.954 19
0.987 20
0.939 19
1 19
0.965 19
0.982 19
0.966 20
0.998 19
0.984 18
0.931 19
0.966 18
0.913 19
0.947 19
0.95 18
0.814 19
0.945 19
0.996 19
0.867 19
0.951 19
0.977 18
0.902 19
0.99 19
0.999 19
0.945 19
0.561 18
0.864 50
0.928 54
0.983 24
0.922 19
0.957 18
0.912 18
0.941 19
0.979 27
0.926 19
0.978 19
0.804 24
0.997 19
0.991 26
0.979 19
0.954 18
0.945 18
0.994 17
0.945 18
0.794 19
0.977 18
0.988 18
0.865 19
0.985 24
0.57 17
0.98 18
0.866 57
0.829 17
0.961 19
0.93 17
0.971 19
0.977 19
0.883 18
0.998 19
0.982 18
0.974 19
0.794 18
0.926 18
0.85 17
0.976 18
0.995 19
0.957 19
0.896 18
0.918 19
0.958 18
0.879 19
0.955 19
0.925 17
0.877 18
0.971 19
0.891 18
0.839 53
0.891 18
0.999 18
0.627 18
0.94 18
0.99 17
0.98 17
0.651 18
0.715 18
0.884 19
0.999 18
0.89 18
0.988 18
0.968 18
0.907 19
0.796 18
0.99 18
0.99 18
0.97 18
0.789 18
0.998 18
0.988 20
0.949 18
0.995 19
0.732 17
0.96 18
0.977 57
0.964 18
0.989 18
0.961 18
0.929 18
0.947 18
0.983 18
0.915 18
0.989 18
0.923 18
0.933 18
0.995 17
0.983 18
0.976 18
0.95 17
0.814 18
0.951 18
0.857 18
0.947 19
0.935 18
0.973 19
0.974 18
0.983 18
0.905 18
0.913 38
0.966 49
0.95 47
0.982 35
0.93 49
0.986 17
0.981 18
0.757 18
0.99 18
0.898 18
0.794 17
0.964 17
0.871 18
0.696 17
0.851 18
0.992 18
0.721 17
0.949 17
0.976 17
0.953 18
0.921 18
0.99 18
0.985 18
0.83 18
0.91 17
0.998 18
0.978 19
0.965 19
0.944 18
0.814 18
0.927 18
0.652 18
0.996 17
0.963 17
0.851 17
0.967 17
0.861 18
0.716 18
0.808 17
0.96 18
0.932 17
0.852 17
0.9 19
0.993 18
0.865 18
0.931 17
0.873 17
0.81 18
0.904 18
0.936 18
0.95 40
0.991 49
0.635 54
0.858 16
0.996 18
0.956 17
0.944 18
0.987 17
0.927 16
0.727 17
0.959 18
0.852 17
0.914 18
0.74 17
0.708 18
0.961 18
0.905 17
0.935 17
0.774 18
0.997 18
0.997 17
0.962 19
0.998 17
0.97 18
0.956 17
0.873 17
0.934 17
0.977 17
0.975 17
0.907 17
0.907 17
0.867 17
0.984 17
0.636 17
0.985 17
0.651 17
0.992 18
0.919 17
0.908 17
0.848 17
0.822 18
0.83 18
0.99 16
0.967 17
0.885 17
0.958 18
0.945 17
0.99 18
0.958 17
0.979 17
0.992 37
0.944 42
0.966 47
0.956 41
0.979 46
0.632 16
0.993 18
0.742 16
0.931 16
0.859 18
0.633 17
0.894 52
0.965 17
0.732 16
0.86 17
0.992 17
0.982 16
0.897 17
0.832 16
0.98 17
0.977 17
0.96 17
0.963 17
0.997 17
0.906 16
0.746 16
0.921 16
0.827 17
0.907 17
0.993 17
0.801 17
0.886 17
0.834 17
0.991 16
0.988 17
0.996 17
0.997 17
0.888 16
0.888 17
0.872 17
0.998 16
0.986 17
0.751 17
0.623 18
0.816 18
0.902 17
0.944 17
0.997 17
0.962 16
0.965 17
0.888 40
0.878 16
0.979 17
0.975 17
0.905 16
0.74 17
0.905 16
0.868 52
0.935 17
0.992 16
0.892 17
0.951 16
0.754 17
0.996 17
0.985 17
0.848 16
0.967 17
0.951 16
0.931 17
0.917 17
0.979 16
0.927 17
0.991 17
0.947 17
0.879 16
0.882 17
0.976 17
0.908 16
0.99 17
0.886 16
0.84 17
0.922 17
0.992 17
0.982 17
0.987 17
0.906 17
0.653 16
0.815 17
0.974 17
0.936 17
0.923 17
0.906 17
0.927 16
0.993 17
0.961 17
0.993 17
0.936 17
0.835 16
0.973 17
0.887 16
0.957 42
0.99 43
0.949 45
0.913 57
0.959 17
0.967 15
0.913 15
0.972 15
0.829 16
0.965 18
0.82 17
0.96 41
0.9 17
0.925 16
0.985 16
0.815 16
0.96 16
0.987 16
0.983 50
0.977 16
0.985 17
0.995 16
0.963 17
0.929 16
0.941 17
0.793 16
0.87 16
0.978 17
0.767 15
0.774 16
0.922 17
0.998 16
0.895 15
0.954 16
0.716 16
0.963 15
0.999 16
0.746 16
0.704 17
0.988 16
0.739 16
0.741 16
0.894 17
0.822 16
0.982 16
0.972 17
0.992 16
0.943 16
0.866 17
0.973 16
0.979 45
0.919 16
0.823 16
0.936 16
0.904 16
0.923 15
0.968 15
0.997 15
0.823 16
0.834 16
0.937 15
0.968 16
0.912 16
0.524 16
0.894 16
0.961 16
0.85 15
0.989 16
0.999 16
0.931 16
0.997 16
0.792 16
0.978 17
0.989 16
0.884 16
0.952 16
0.893 16
0.743 17
0.987 15
0.912 16
0.983 16
0.916 16
0.702 16
0.78 16
0.668 16
0.543 16
0.95 15
0.982 16
0.98 16
0.947 16
0.999 15
0.797 16
0.953 16
0.902 16
0.987 15
0.896 16
0.971 16
0.964 16
0.964 16
0.936 16
0.9 88
0.739 79
0.433 82
0.91 84
0.362 80
0.89 84
0.524 79
0.932 78
0.952 79
0.641 81
0.34 79
0.913 85
0.828 81
0.836 81
0.7 85
0.9 3
0.9 0
0.9 0
0.9 2
0.9 2
0.9 5
0.9 3
0.724 2
0.823 6
0.868 8
0.903 0
0.903 0
0.903 0
0.63 0
0.903 2
0.926 1
0.63 0
0.926 1
0.696 0
0.696 0
0.696 0
0.724 1
0.891 1
0.954 1
0.891 0
0.939 1
0.909 1
0.724 0
0.983 1
0.724 1
0.724 0
0.771 0
0.889 0
0.976 2
0.985 2
0.843 78
0.748 83
0.569 72
0.59 78
0.656 66
0.952 79
0.9 75
0.902 77
0.954 80
0.759 78
0.605 81
0.605 74
0.866 55
0.767 81
0.528 2
0.469 0
0.864 1
0.704 0
0.97 1
0.889 0
0.448 0
0.625 0
0.924 0
0.737 1
0.664 1
0.786 0
0.948 2
0.978 1
0.459 1
0.72 1
0.827 0
0.904 0
0.948 0
0.985 0
0.978 0
0.948 0
0.948 2
0.948 0
0.975 0
0.978 0
0.948 0
0.975 0
0.978 0
0.948 0
0.978 0
0.809 0
0.978 0
0.95 0
0.954 1
0.827 1
0.838 66
0.868 69
0.891 64
0.649 76
0.297 72
0.685 42
0.94 53
0.791 44
0.676 73
0.908 75
0.8 3
0.8 1
0.608 0
0.8 0
0.943 1
0.906 1
0.937 2
0.937 3
0.67 0
0.905 0
0.817 0
0.788 2
0.884 0
0.937 2
0.627 0
0.824 0
0.8 0
0.817 0
0.937 1
0.87 0
0.937 0
0.937 0
0.745 0
0.937 0
0.817 0
0.906 1
0.606 0
0.742 0
0.647 0
0.87 0
0.742 0
0.788 1
0.845 0
0.845 0
0.507 0
0.67 0
0.507 0
0.621 0
0.925 0
0.604 0
0.322 78
0.471 79
0.487 64
0.834 77
0.417 70
0.695 73
0.924 69
0.584 74
0.858 73
0.847 70
0.864 74
0.983 48
0.724 76
0.805 77
0.959 51
0.97 75
0.615 71
0.913 78
0.487 49
0.976 48
0.794 0
0.904 73
0.916 51
0.964 0
0.286 0
0.889 0
0.386 0
0.89 0
0.918 0
0.386 0
0.386 0
0.891 0
0.386 0
0.567 0
0.899 0
0.984 0
0.984 0
0.601 0
0.589 1
0.678 0
0.47 0
0.951 49
0.831 0
0.942 0
0.871 1
0.522 0
0.399 0
0.683 0
0.81 1
0.771 0
0.598 48
0.662 74
0.936 34
0.918 68
0.51 35
0.982 36
0.48 62
0.452 75
0.929 77
0.522 62
0.786 76
0.995 0
0.681 79
0.828 77
0.866 75
0.622 71
0.71 73
0.866 72
0.612 61
0.656 69
0.64 77
0.828 37
0.48 73
0.902 0
0.596 48
0.835 78
0.953 74
0.711 48
0.906 74
0.945 48
0.981 48
0.89 48
0.898 47
0.834 47
0.851 47
0.646 47
0.967 48
0.937 0
0.787 3
0.707 0
0.941 1
0.937 1
0.687 0
0.849 0
0.687 0
0.981 0
0.969 47
0.555 0
0.555 0
0.825 0
0.995 62
0.846 70
0.651 55
0.89 66
0.636 63
0.648 70
0.487 70
0.902 74
0.722 65
0.951 71
0.534 71
0.704 74
0.846 71
0.531 69
0.39 68
0.805 73
0.931 71
0.564 61
0.637 71
0.927 76
0.891 74
0.943 72
0.882 68
0.909 67
0.961 72
0.873 74
0.42 0
0.945 46
0.979 0
0.995 45
0.979 0
0.903 1
0.89 0
0.726 0
0.647 0
0.937 1
0.932 0
0.974 46
0.596 47
0.979 0
0.42 0
0.722 46
0.961 0
0.985 0
0.88 0
0.961 0
0.937 0
0.846 0
0.985 0
0.809 46
0.486 40
0.469 71
0.962 74
0.561 71
0.427 32
0.656 56
0.796 31
0.783 67
0.134 67
0.665 65
0.752 74
0.539 61
0.991 32
0.76 74
0.985 72
0.908 72
0.905 71
0.679 33
0.856 72
0.787 70
0.937 74
0.73 75
0.912 68
0.982 68
0.777 72
0.985 69
0.747 69
0.722 72
0.924 75
0.313 59
0.823 69
0.863 72
0.706 76
0.848 1
0.718 2
0.946 44
0.881 0
0.488 44
0.838 44
0.571 0
0.944 44
0.961 0
0.912 0
0.814 1
0.983 1
0.824 45
0.884 0
0.874 0
0.872 0
0.831 0
0.559 49
0.442 68
0.982 65
0.745 52
0.242 61
0.597 30
0.813 64
0.759 69
0.763 76
0.911 73
0.882 50
0.635 60
0.833 73
0.887 71
0.762 67
0.964 69
0.717 69
0.747 66
0.91 68
0.908 74
0.824 66
0.667 65
0.901 73
0.791 75
0.947 71
0.618 68
0.89 69
0.576 70
0.21 70
0.743 65
0.894 43
0.949 43
0.484 43
0.959 67
0.989 43
0.59 43
0.769 43
0.949 43
0.852 42
0.749 43
0.896 43
0.96 44
0.991 43
0.982 43
0.937 43
0.731 44
0.905 0
0.935 0
0.976 43
0.974 42
0.579 41
0.864 74
0.691 74
0.819 63
0.944 52
0.987 68
0.424 65
0.552 30
0.613 60
0.517 69
0.746 67
0.689 65
0.609 68
0.727 71
0.612 59
0.766 64
0.983 42
0.868 72
0.762 58
0.726 67
0.419 58
0.609 65
0.947 69
0.607 71
0.706 41
0.871 72
0.962 71
0.978 74
0.594 71
0.721 66
0.97 66
0.676 40
0.768 70
0.858 41
0.859 41
0.915 41
0.913 41
0.878 41
0.921 43
0.85 0
0.84 41
0.986 40
0.942 0
0.894 42
0.94 42
0.977 41
0.78 42
0.818 42
0.73 42
0.838 41
0.713 56
0.497 55
0.749 68
0.718 59
0.776 28
0.953 65
0.703 70
0.647 28
0.692 60
0.898 63
0.722 29
0.693 61
0.84 56
0.398 64
0.928 65
0.903 66
0.34 61
0.483 68
0.92 67
0.851 71
0.98 58
0.666 64
0.982 71
0.748 66
0.758 68
0.973 65
0.79 72
0.866 40
0.589 40
0.598 76
0.859 73
0.868 40
0.963 40
0.903 67
0.919 67
0.868 40
0.951 40
0.961 40
0.638 41
0.835 40
0.97 39
0.823 40
0.877 40
0.919 41
0.505 39
0.953 40
0.933 40
0.991 40
0.741 40
0.978 40
0.705 65
0.448 74
0.364 62
0.524 39
0.476 54
0.823 74
0.538 39
0.868 41
0.606 53
0.802 72
0.849 59
0.931 69
0.282 51
0.516 67
0.814 67
0.609 61
0.435 62
0.935 65
0.791 65
0.787 63
0.694 32
0.992 64
0.709 64
0.929 66
0.866 68
0.726 68
0.919 67
0.932 73
0.731 39
0.749 39
0.939 39
0.838 65
0.699 39
0.819 39
0.933 40
0.475 39
0.962 39
0.669 39
0.859 39
0.982 40
0.927 38
0.694 39
0.998 39
0.992 40
0.979 40
0.825 39
0.979 39
0.886 40
0.966 39
0.965 40
0.774 51
0.644 68
0.683 46
0.295 52
0.833 63
0.922 26
0.943 62
0.931 57
0.412 58
0.856 63
0.963 76
0.897 50
0.825 66
0.927 73
0.52 52
0.876 55
0.907 72
0.986 70
0.991 63
0.726 56
0.765 39
0.747 39
0.936 65
0.938 0
0.8 38
0.833 39
0.533 38
0.559 38
0.869 39
0.712 39
0.97 38
0.795 39
0.882 38
0.985 38
0.82 38
0.989 39
0.976 37
0.934 38
0.907 39
0.994 38
0.605 38
0.959 38
0.995 39
0.648 38
0.736 39
0.976 38
0.845 39
0.902 38
0.854 0
0.928 38
0.785 65
0.508 26
0.738 47
0.573 57
0.742 48
0.936 25
0.677 68
0.551 71
0.877 68
0.586 69
0.92 72
0.609 70
0.668 59
0.656 54
0.897 57
0.696 65
0.745 69
0.911 38
0.888 65
0.449 54
0.849 63
0.946 69
0.974 69
0.86 72
0.66 37
0.821 62
0.718 61
0.847 67
0.791 38
0.968 38
0.813 37
0.872 38
0.784 38
0.611 37
0.954 37
0.916 38
0.764 37
0.905 37
0.98 37
0.875 38
0.886 38
0.983 37
0.993 38
0.802 39
0.817 38
0.974 38
0.968 38
0.995 38
0.944 38
0.953 38
0.815 72
0.591 24
0.722 65
0.553 63
0.974 60
0.912 72
0.868 59
0.881 61
0.807 57
0.902 68
0.825 62
0.204 67
0.901 63
0.624 71
0.897 64
0.778 67
0.441 55
0.833 67
0.581 66
0.854 67
0.928 61
0.835 64
0.481 60
0.818 37
0.631 37
0.697 37
0.949 37
0.94 37
0.978 37
0.318 60
0.947 36
0.912 61
0.264 0
0.937 36
0.563 37
0.8 37
0.816 36
0.264 0
0.264 0
0.264 0
0.7 37
0.813 37
0.95 37
0.986 38
0.978 37
0.973 0
0.917 37
0.986 37
0.882 37
0.95 37
0.615 60
0.71 65
0.723 61
0.97 61
0.719 68
0.612 60
0.504 60
0.605 50
0.795 65
0.938 60
0.535 62
0.659 57
0.995 60
0.747 60
0.725 64
0.991 64
0.878 65
0.814 71
0.691 64
0.874 36
0.532 72
0.835 60
0.961 67
0.618 53
0.938 68
0.691 36
0.739 68
0.677 74
0.81 36
0.912 64
0.768 36
0.9 70
0.813 36
0.941 36
0.836 36
0.659 36
0.752 36
0.984 36
0.973 36
0.919 36
0.961 36
0.983 37
0.976 36
0.963 36
0.979 36
0.715 36
0.953 38
0.829 36
0.982 36
0.943 37
0.554 59
0.946 24
0.497 52
0.955 69
0.995 63
0.931 62
0.489 56
0.798 63
0.688 55
0.579 71
0.473 59
0.902 61
0.488 61
0.765 71
0.906 63
0.628 63
0.979 61
0.881 62
0.882 53
0.661 36
0.916 62
0.909 36
0.715 68
0.988 63
0.873 65
0.788 71
0.932 63
0.81 36
0.715 36
0.899 36
0.782 36
0.811 35
0.975 36
0.942 36
0.438 36
0.915 35
0.97 36
0.92 36
0.894 36
0.912 36
0.522 36
0.897 36
0.995 35
0.665 36
0.965 36
0.678 35
0.869 36
0.953 36
0.871 36
0.947 36
0.606 67
0.395 50
0.96 61
0.964 23
0.62 23
0.51 54
0.838 61
0.921 64
0.655 62
0.743 72
0.459 68
0.728 67
0.507 56
0.973 63
0.677 58
0.96 59
0.439 72
0.716 56
0.819 37
0.932 63
0.845 62
0.771 35
0.659 64
0.841 35
0.804 36
0.914 36
0.844 35
0.921 35
0.469 35
0.907 36
0.963 35
0.942 35
0.561 37
0.917 36
0.988 35
0.976 35
0.806 35
0.946 36
0.954 36
0.843 35
0.988 35
0.885 36
0.991 35
0.89 35
0.941 36
0.992 35
0.854 36
0.746 35
0.945 36
0.975 36
0.567 69
0.934 24
0.954 45
0.426 22
0.931 28
0.751 63
0.954 66
0.947 62
0.796 23
0.869 61
0.537 60
0.822 53
0.612 59
0.945 61
0.704 56
0.371 51
0.704 56
0.771 67
0.791 65
0.98 74
0.974 60
0.804 35
0.975 60
0.445 63
0.243 55
0.948 60
0.696 69
0.809 57
0.434 55
0.988 61
0.956 35
0.746 35
0.951 34
0.827 35
0.946 35
0.768 70
0.735 35
0.78 35
0.924 66
0.838 35
0.79 35
0.875 35
0.962 35
0.933 36
0.942 63
0.952 35
0.765 34
0.843 36
0.93 35
0.971 35
0.726 24
0.482 23
0.554 67
0.726 58
0.941 59
0.701 65
0.881 66
0.727 55
0.852 59
0.808 66
0.973 53
0.987 75
0.416 59
0.693 64
0.946 68
0.635 59
0.934 0
0.924 56
0.851 62
0.766 59
0.744 34
0.934 1
0.518 34
0.934 1
0.98 36
0.915 35
0.969 34
0.934 1
0.768 70
0.883 35
0.866 34
0.914 34
0.988 34
0.715 35
0.913 34
0.759 34
0.958 35
0.596 36
0.951 35
0.879 34
0.924 34
0.824 64
0.464 36
0.513 35
0.992 34
0.926 36
0.985 34
0.904 35
0.979 34
0.74 35
0.686 63
0.291 41
0.585 47
0.969 34
0.776 48
0.626 66
0.726 68
0.96 0
0.738 34
0.928 67
0.768 66
0.479 63
0.98 59
0.477 34
0.92 55
0.863 59
0.529 67
0.75 34
0.976 61
0.937 56
0.731 34
0.937 34
0.964 34
0.648 65
0.321 34
0.585 35
0.917 61
0.652 35
0.809 34
0.796 35
0.796 34
0.838 35
0.745 34
0.917 34
0.981 34
0.737 34
0.955 35
0.972 34
0.849 34
0.842 34
0.925 34
0.813 35
0.838 34
0.95 34
0.968 34
0.676 34
0.945 34
0.995 34
0.916 35
0.875 34
0.721 66
0.914 76
0.519 72
0.697 80
0.899 74
0.758 62
0.575 79
0.914 4
0.545 6
0.404 51
0.705 0
0.858 2
0.72 0
0.694 0
0.863 0
0.573 0
0.66 1
0.697 0
0.667 3
0.847 0
0.703 0
0.63 0
0.736 0
0.937 3
0.801 0
0.744 0
0.943 1
0.67 0
0.937 2
0.921 1
0.97 0
0.467 0
0.97 0
0.908 0
0.937 2
0.937 0
0.937 0
0.937 0
0.937 1
0.459 0
0.742 0
0.606 0
0.742 0
0.845 0
0.845 0
0.507 0
0.507 0
0.67 0
0.621 0
0.604 0
0.916 64
0.694 72
0.691 69
0.671 72
0.996 65
0.753 37
0.833 39
0.868 69
0.91 72
0.797 50
0.75 71
0.636 70
0.551 60
0.896 62
0.807 63
0.995 62
0.916 67
0.786 76
0.738 62
0.8 61
0.988 51
0.549 75
0.878 72
0.932 75
0.703 71
0.884 75
0.818 76
0.948 71
0.808 60
0.946 46
0.464 48
0.869 0
0.76 0
0.76 0
0.825 62
0.935 43
0.949 43
0.734 5
0.837 0
0.687 0
0.886 0
0.993 0
0.579 0
0.73 43
0.939 43
0.95 0
0.967 0
0.838 44
0.967 43
0.737 0
0.501 69
0.652 32
0.893 64
0.479 69
0.583 43
0.672 71
0.543 65
0.671 59
0.564 70
0.682 67
0.577 70
0.845 67
0.603 57
0.628 35
0.9 65
0.7 67
0.555 72
0.745 57
0.611 75
0.944 52
0.952 41
0.929 59
0.809 69
0.484 65
0.873 68
0.931 72
0.98 58
0.264 41
0.816 42
0.85 0
0.843 0
0.794 0
0.742 42
0.778 0
0.898 42
0.958 39
0.885 42
0.961 40
0.929 42
0.745 0
0.943 0
0.913 0
0.749 43
0.921 43
0.933 40
0.894 42
0.644 0
0.986 40
0.977 41
0.924 42
0.759 70
0.527 46
0.898 44
0.95 64
0.707 74
0.564 35
0.794 68
0.589 71
0.938 61
0.807 59
0.775 65
0.782 60
0.894 50
0.83 56
0.823 74
0.6 64
0.764 67
0.546 67
0.562 65
0.524 39
0.828 0
0.513 28
0.984 60
0.848 58
0.986 70
0.991 38
0.871 0
0.862 68
0.893 60
0.64 0
0.518 37
0.825 0
0.686 2
0.589 40
0.749 0
0.723 0
0.705 0
0.705 0
0.938 38
0.978 37
0.676 0
0.683 0
0.638 41
0.746 0
0.976 37
0.97 39
0.868 0
0.475 39
0.907 39
0.982 40
0.895 55
0.816 61
0.892 61
0.839 59
0.759 64
0.71 65
0.97 61
0.734 63
0.717 60
0.723 61
0.831 55
0.995 63
0.894 62
0.455 55
0.662 67
0.832 64
0.659 69
0.948 59
0.658 66
0.496 34
0.574 40
0.825 64
0.977 66
0.332 36
0.405 36
0.747 39
0.59 0
0.533 38
0.541 0
0.541 0
0.746 0
0.771 36
0.697 37
0.847 0
0.909 36
0.869 39
0.947 36
0.937 36
0.928 37
0.795 39
0.984 36
0.816 36
0.964 36
0.895 37
0.937 36
0.953 38
0.605 38
0.8 38
0.986 38
0.736 39
0.505 38
0.608 63
0.496 27
0.594 57
0.698 64
0.895 51
0.954 45
0.666 70
0.877 51
0.878 57
0.756 70
0.884 57
0.826 60
0.996 34
0.552 67
0.819 37
0.981 35
0.566 66
0.958 34
0.745 0
0.661 36
0.962 34
0.942 36
0.942 35
0.898 0
0.949 35
0.771 35
0.948 36
0.944 36
0.964 34
0.859 0
0.859 0
0.966 0
0.96 35
0.948 36
0.78 35
0.99 36
0.949 36
0.988 34
0.942 36
0.933 36
0.958 35
0.995 35
0.917 36
0.954 36
0.665 36
0.885 36
0.836 33
0.882 37
0.726 35
0.767 62
0.771 63
0.585 55
0.707 53
0.913 58
0.62 64
0.98 56
0.878 61
0.729 65
0.808 66
0.942 35
0.969 34
0.919 55
0.444 33
0.874 59
0.642 67
0.941 60
0.599 35
0.738 34
0.934 0
0.477 34
0.618 34
0.663 0
0.974 35
0.876 35
0.997 35
0.772 0
0.758 33
0.991 34
0.934 1
0.976 35
0.934 1
0.914 36
0.98 36
0.934 1
0.951 34
0.968 35
0.917 36
0.827 35
0.99 35
0.652 35
0.969 35
0.438 36
0.715 35
0.561 37
0.955 35
0.522 36
0.963 35
0.926 36
0.983 0
0.587 25
0.98 61
0.956 54
0.642 66
0.851 55
0.77 61
0.957 51
0.85 64
0.481 68
0.92 57
0.948 64
0.687 57
0.793 61
0.647 54
0.639 32
0.844 33
0.96 34
0.477 33
0.93 34
0.959 33
0.972 35
0.943 34
0.965 33
0.921 33
0.95 34
0.935 32
0.87 32
0.736 0
0.606 33
0.611 0
0.853 33
0.728 0
0.728 0
0.94 34
0.963 33
0.735 35
0.93 33
0.255 0
0.967 34
0.711 34
0.974 34
0.949 34
0.968 34
0.666 0
0.97 0
0.958 35
0.913 35
0.513 35
0.982 33
0.858 34
0.973 57
0.68 65
0.66 62
0.671 49
0.619 71
0.76 55
0.878 57
0.604 63
0.961 42
0.466 61
0.563 55
0.931 66
0.798 59
0.8 33
0.743 34
0.86 32
0.906 31
0.965 34
0.974 32
0.871 32
0.999 32
0.805 37
0.968 35
0.927 34
0.538 34
0.779 34
0.953 34
0.853 0
0.898 34
0.997 34
0.585 35
0.789 34
0.977 32
0.919 33
0.547 0
0.963 32
0.796 35
0.744 0
0.994 34
0.982 32
0.974 35
0.838 35
0.836 34
0.984 33
0.889 34
0.986 32
0.94 34
0.948 34
0.476 0
0.464 36
0.444 51
0.636 36
0.63 65
0.611 60
0.9 42
0.832 66
0.891 57
0.603 56
0.846 57
0.793 61
0.953 32
0.832 32
0.771 55
0.873 33
0.944 32
0.992 31
0.678 63
0.972 32
0.606 33
0.83 34
0.96 32
0.623 33
0.96 32
0.978 31
0.742 33
0.94 68
0.962 35
0.737 34
0.961 32
0.944 32
0.88 33
0.665 33
0.938 34
0.959 35
0.891 33
0.92 33
0.938 31
0.965 32
0.881 32
0.999 32
0.911 0
0.938 33
0.64 34
0.982 31
0.684 34
0.929 33
0.968 32
0.959 34
0.966 35
0.979 32
0.563 53
0.979 54
0.718 63
0.818 62
0.987 55
0.738 62
0.757 62
0.979 58
0.985 61
0.899 55
0.874 60
0.791 61
0.738 61
0.984 31
0.866 32
0.942 32
0.941 31
0.572 30
0.993 31
0.921 32
0.572 33
0.977 32
0.868 33
0.894 31
0.996 30
0.573 31
0.973 32
0.974 31
0.991 32
0.639 64
0.887 32
0.955 31
0.939 31
0.968 33
0.995 31
0.949 31
0.955 32
0.958 33
0.996 32
0.929 32
0.942 62
0.948 34
0.985 32
0.877 32
0.878 33
0.989 32
0.568 33
0.963 32
0.709 33
0.857 32
0.885 59
0.914 54
0.831 59
0.737 52
0.785 52
0.988 64
0.807 60
0.845 60
0.711 70
0.993 55
0.534 68
0.595 61
0.803 59
0.932 31
0.995 31
0.966 31
0.959 30
0.865 31
0.388 34
0.898 32
0.934 31
0.97 32
0.745 1
0.909 32
0.996 31
0.892 32
0.978 34
0.84 30
0.972 33
0.871 32
0.992 33
0.979 31
0.97 30
0.88 32
0.628 33
0.988 31
0.994 32
0.721 32
0.991 33
0.877 31
0.935 31
0.999 32
0.873 32
0.959 31
0.991 31
0.734 32
0.805 0
0.982 32
0.855 31
0.915 33
0.99 59
0.746 50
0.956 56
0.819 52
0.402 58
0.512 67
0.785 64
0.822 54
0.969 31
0.779 46
0.923 54
0.985 47
0.883 29
0.963 30
0.886 31
0.993 58
0.627 63
0.98 32
0.99 31
0.676 30
0.98 33
0.934 31
0.973 31
0.989 31
0.857 31
0.929 31
0.889 31
0.94 32
0.681 32
0.879 31
0.593 32
0.961 32
0.986 32
0.919 32
0.8 32
0.848 31
0.876 32
0.965 33
0.912 33
0.998 30
0.899 30
0.958 32
0.786 32
0.971 33
0.996 30
0.991 30
0.996 31
0.977 32
0.928 33
0.909 31
0.832 64
0.996 54
0.897 51
0.728 61
0.988 43
0.776 40
0.953 59
0.649 21
0.924 60
0.361 65
0.674 48
0.946 32
0.823 59
0.828 30
0.957 30
0.929 57
0.939 30
0.412 31
0.973 29
0.949 31
0.881 31
0.959 30
0.919 32
0.909 29
0.99 30
0.922 31
0.896 30
0.153 31
0.997 29
0.986 30
0.998 31
0.887 31
0.988 32
0.967 32
0.933 29
0.975 31
0.991 30
0.977 32
0.575 0
0.993 30
0.988 31
0.99 32
0.958 32
0.911 31
0.928 31
0.96 30
0.851 32
0.842 32
0.777 32
0.709 31
0.64 27
0.832 52
0.508 32
0.749 62
0.991 40
0.988 34
0.754 61
0.963 56
0.953 30
0.991 29
0.628 62
0.917 48
0.946 30
0.983 30
0.803 30
0.934 30
0.709 30
0.931 29
0.858 31
0.875 31
0.988 31
0.752 31
0.978 30
0.897 31
0.612 30
0.913 29
0.642 0
0.864 30
0.706 0
0.548 0
0.953 31
0.949 31
0.924 30
0.948 32
0.898 30
0.967 31
0.946 31
0.959 32
0.974 31
0.966 30
0.829 31
0.867 30
0.981 32
0.812 32
0.977 31
0.975 31
0.56 32
0.959 34
0.94 32
0.915 31
0.898 22
0.729 57
0.745 65
0.912 57
0.991 58
0.781 57
0.976 31
0.716 65
0.719 29
0.69 30
0.917 30
0.898 30
0.969 30
0.938 30
0.784 32
0.66 31
0.993 30
0.716 6
0.865 32
0.879 31
0.91 31
0.991 30
0.86 31
0.998 30
0.907 29
0.991 31
0.95 29
0.963 30
0.869 29
0.998 30
0.909 31
0.95 31
0.941 0
0.977 30
0.972 30
0.925 31
0.999 0
0.586 31
0.906 31
0.966 30
0.999 0
0.987 30
0.912 30
0.789 31
0.941 30
0.982 0
0.91 31
0.902 31
0.992 0
0.911 31
0.954 53
0.993 51
0.782 54
0.859 31
0.91 60
0.983 31
0.904 67
0.918 59
0.976 29
0.992 30
0.995 29
0.823 30
0.949 29
0.639 31
0.928 28
0.816 30
0.887 29
0.968 29
0.951 29
0.966 30
0.968 29
0.87 31
0.553 29
0.962 31
0.735 31
0.977 30
0.989 30
0.966 29
0.89 30
0.986 30
0.982 29
0.99 29
0.978 32
0.805 30
0.905 31
0.924 31
0.974 30
0.73 30
0.93 31
0.937 31
0.984 29
0.988 29
0.966 30
0.967 31
0.964 29
0.99 29
0.976 30
0.997 33
0.966 30
0.868 30
0.828 62
0.959 51
0.681 30
0.844 55
0.883 43
0.968 39
0.984 44
0.841 59
0.701 63
0.71 58
0.517 51
0.566 58
0.485 56
0.872 28
0.89 61
0.983 28
0.873 30
0.945 28
0.995 29
0.988 29
0.994 30
0.991 29
0.93 29
0.958 28
0.547 30
0.975 29
0.982 29
0.871 29
0.927 30
0.86 32
0.979 28
0.895 31
0.971 29
0.752 30
0.968 30
0.862 31
0.989 29
0.952 30
0.961 29
0.906 30
0.959 30
0.991 30
0.936 29
0.973 29
0.972 30
0.874 31
0.973 30
0.862 31
0.979 32
0.741 31
0.667 31
0.73 55
0.423 35
0.71 62
0.953 57
0.59 54
0.981 28
0.919 29
0.94 29
0.993 62
0.817 29
0.883 29
0.991 29
0.977 29
0.956 29
0.931 30
0.998 29
0.894 29
0.866 29
0.759 31
0.537 27
0.91 30
0.846 30
0.963 30
0.947 29
0.969 31
0.997 31
0.923 28
0.808 29
0.985 29
0.911 30
0.967 29
0.955 28
0.976 29
0.735 30
0.891 30
0.879 30
0.979 29
0.993 29
0.956 30
0.795 31
0.939 29
0.983 0
0.933 30
0.979 0
0.932 30
0.976 30
0.865 31
0.931 31
0.898 30
0.51 22
0.841 51
0.766 30
0.931 55
0.799 65
0.881 53
0.894 56
0.795 57
0.944 63
0.941 58
0.773 32
0.879 29
0.912 42
0.977 28
0.83 28
0.687 63
0.991 29
0.992 27
0.835 28
0.944 28
0.959 31
0.601 28
0.959 29
0.667 30
0.951 29
0.985 30
0.983 30
0.929 30
0.822 30
0.957 29
0.949 28
0.785 28
0.662 31
0.978 28
0.986 29
0.939 28
0.875 30
0.989 29
0.978 28
0.932 31
0.958 28
0.987 30
0.925 29
0.968 30
0.65 31
0.867 30
0.95 29
0.911 30
0.969 30
0.933 30
0.996 65
0.919 50
0.869 61
0.941 64
0.861 70
0.705 38
0.967 56
0.948 65
0.594 57
0.94 65
0.979 56
0.915 58
0.867 62
0.865 64
0.794 55
0.929 58
0.939 57
0.993 36
0.743 0
0.95 0
0.896 2
0.943 0
0.875 36
0.886 0
0.966 37
0.951 37
0.942 0
0.943 37
0.936 0
0.934 0
0.6 39
0.855 1
0.85 0
0.949 0
0.983 39
0.967 0
0.925 0
0.966 0
0.928 0
0.931 0
0.935 0
0.992 39
0.93 0
0.995 0
0.935 0
0.934 0
0.976 0
0.963 37
0.966 0
0.836 0
0.953 50
0.992 37
0.915 54
0.993 56
0.921 58
0.908 62
0.983 51
0.877 55
0.871 55
0.902 54
0.871 56
0.941 59
0.906 53
0.825 60
0.728 62
0.981 64
0.947 63
0.942 57
0.883 55
0.963 56
0.791 58
0.896 60
0.952 33
0.902 35
0.992 33
0.989 35
0.95 0
0.991 32
0.87 60
0.721 34
0.891 33
0.621 35
0.882 34
0.95 34
0.706 33
0.881 32
0.876 32
0.948 34
0.875 33
0.968 35
0.948 36
0.975 34
0.834 32
0.93 33
0.921 33
0.911 0
0.933 35
0.964 36
0.978 36
0.998 34
0.818 54
0.899 55
0.92 53
0.753 51
0.994 48
0.876 60
0.949 56
0.797 51
0.924 42
0.753 58
0.885 50
0.917 50
0.71 46
0.869 52
0.979 57
0.92 45
0.781 49
0.819 55
0.787 55
0.89 29
0.878 30
0.924 29
0.848 30
0.638 31
0.945 29
0.865 30
0.715 30
0.644 29
0.942 30
0.89 30
0.749 31
0.738 30
0.967 30
0.886 31
0.775 31
0.938 0
0.998 30
0.975 32
0.898 30
0.989 30
0.905 31
0.995 31
0.958 32
0.719 30
0.928 31
0.966 30
0.741 30
0.963 32
0.906 31
0.711 31
0.981 49
0.873 56
0.988 49
0.767 57
0.88 25
0.968 52
0.901 58
0.759 57
0.937 46
0.941 50
0.668 46
0.981 49
0.877 57
0.842 28
0.939 57
0.953 47
0.964 26
0.956 61
0.984 0
0.962 29
0.957 36
0.925 28
0.865 27
0.921 28
0.866 33
0.945 28
0.974 27
0.633 29
0.867 29
0.622 29
0.924 27
0.783 29
0.978 57
0.95 27
0.984 27
0.869 29
0.85 29
0.841 29
0.97 0
0.883 29
0.73 29
0.905 29
0.966 29
0.665 28
0.843 28
0.918 29
0.911 28
0.879 0
0.919 29
0.688 29
0.971 23
0.915 41
0.763 53
0.93 46
0.865 52
0.832 47
0.761 56
0.993 55
0.954 55
0.949 55
0.957 58
0.824 57
0.925 25
0.995 25
0.978 26
0.912 51
0.95 26
0.865 60
0.924 27
0.823 27
0.955 28
0.87 26
0.872 26
0.916 26
0.78 26
0.948 26
0.885 26
0.932 27
0.938 28
0.836 26
0.749 26
0.93 26
0.988 26
0.907 27
0.914 26
0.929 26
0.977 27
0.995 27
0.927 27
0.94 26
0.686 26
0.823 28
0.938 27
0.943 27
0.887 27
0.98 0
0.739 27
0.864 27
0.927 27
0.995 28
0.863 51
0.81 53
0.856 23
0.995 36
0.941 41
0.975 54
0.975 50
0.615 25
0.817 26
0.744 25
0.897 25
0.926 25
0.937 46
0.796 52
0.901 26
0.748 25
0.963 24
0.863 55
0.955 25
0.763 24
0.983 25
0.97 27
0.951 24
0.987 25
0.96 25
0.874 25
0.64 26
0.904 26
0.838 25
0.895 24
0.759 26
0.947 26
0.959 26
0.813 25
0.922 25
0.968 25
0.985 26
0.778 0
0.974 25
0.963 0
0.981 26
0.807 0
0.828 26
0.908 26
0.877 0
0.969 26
0.895 25
0.932 26
0.97 25
0.887 26
0.853 50
0.981 46
0.895 53
0.942 46
0.888 58
0.953 54
0.869 52
0.904 49
0.819 44
0.843 54
0.994 48
0.992 23
0.842 23
0.98 58
0.909 46
0.908 23
0.925 49
0.983 24
0.996 25
0.993 24
0.951 24
0.937 25
0.951 25
0.594 25
0.867 24
0.968 24
0.907 25
0.883 24
0.976 23
0.891 25
0.978 25
0.867 24
0.683 24
0.999 25
0.938 25
0.916 24
0.937 23
0.972 25
0.845 25
0.798 26
0.96 24
0.875 24
0.929 25
0.821 25
0.918 24
0.709 24
0.988 23
0.92 25
0.914 24
0.975 25
0.771 52
0.752 51
0.679 50
0.933 56
0.985 56
0.939 57
0.991 58
0.868 54
0.881 23
0.946 23
0.932 23
0.878 23
0.672 56
0.923 23
0.988 23
0.682 23
0.955 24
0.974 24
0.997 23
0.783 23
0.844 23
0.781 0
0.822 23
0.979 23
0.976 23
0.977 23
0.781 0
0.916 23
0.906 23
0.881 23
0.844 23
0.981 23
0.995 23
1 25
0.974 25
0.932 23
0.759 24
0.794 24
0.924 24
0.953 24
0.891 25
0.932 23
0.74 24
0.846 23
0.979 23
0.936 23
0.979 24
0.834 24
0.973 25
0.994 23
0.803 32
0.794 50
0.683 51
0.791 46
0.863 54
0.95 41
0.971 46
0.92 40
0.989 23
0.941 23
0.933 23
0.88 50
0.859 23
0.99 23
0.966 23
0.972 24
0.984 23
0.939 23
0.938 22
0.988 22
0.934 54
0.913 23
0.995 22
0.995 22
0.788 23
0.888 23
0.831 23
0.927 24
0.969 22
0.965 23
0.921 23
0.958 23
0.935 23
0.856 23
0.911 22
0.898 23
0.774 23
0.829 24
0.964 24
0.981 23
0.828 23
0.866 24
0.955 23
0.949 23
0.98 22
0.993 23
0.988 24
0.709 24
0.994 22
0.961 23
0.927 39
0.984 56
0.829 52
0.934 56
0.874 43
0.862 22
0.893 22
0.857 22
0.946 22
0.898 23
0.957 23
0.853 22
0.993 22
0.981 22
0.682 22
0.805 21
0.994 22
0.895 22
0.77 23
0.874 23
0.958 22
0.92 21
0.961 22
0.613 23
0.938 22
0.708 23
0.947 22
0.848 22
0.914 22
0.954 23
0.966 23
0.975 22
0.967 23
0.987 23
0.867 23
0.955 21
0.966 22
0.938 0
0.973 21
0.952 23
0.663 24
0.936 22
0.916 23
0.936 23
0.938 0
0.966 23
0.939 23
0.931 23
0.953 22
0.997 23
0.992 46
0.846 50
0.985 49
0.812 46
0.963 43
0.881 49
0.967 22
0.961 54
0.881 54
0.858 21
0.92 22
0.95 22
0.941 21
0.801 22
0.685 22
0.902 22
0.849 22
0.941 22
0.972 21
0.935 22
0.969 22
0.731 22
0.849 22
0.937 23
0.777 21
0.935 22
0.838 23
0.935 22
0.834 22
0.935 21
0.859 22
0.567 22
0.899 22
0.94 22
0.898 22
0.917 22
0.988 22
0.963 23
0.825 21
0.962 23
0.899 22
0.998 22
0.801 21
0.786 21
0.839 23
0.981 22
0.964 22
0.824 22
0.883 23
0.947 22
0.9 45
0.85 51
0.945 40
0.939 44
0.978 21
0.861 21
0.985 50
0.947 22
0.902 21
0.891 21
0.962 22
0.873 21
0.954 22
0.966 21
0.989 21
0.937 21
0.966 21
0.874 21
0.984 22
0.872 21
0.735 23
0.862 22
0.96 22
0.931 56
0.942 22
0.922 22
0.99 23
0.887 23
0.995 21
0.875 21
0.845 22
0.984 22
0.999 22
0.727 21
0.947 21
0.705 20
0.815 22
0.89 23
0.995 21
0.797 23
0.935 22
0.969 22
0.911 22
0.922 21
0.968 22
0.829 22
0.932 22
0.817 23
0.998 21
0.905 23
0.849 40
0.871 46
0.988 47
0.96 50
0.889 44
0.879 45
0.772 52
0.954 52
0.918 21
0.7 22
0.778 21
0.927 21
0.833 23
0.935 54
0.743 21
0.877 22
0.88 21
0.991 21
0.956 21
0.974 21
0.842 21
0.97 21
0.808 21
0.915 21
0.964 41
0.923 21
0.938 21
0.935 22
0.827 21
0.733 21
0.624 22
0.996 21
0.921 21
0.811 22
0.843 21
0.913 21
0.928 22
0.801 21
0.906 21
0.818 22
0.837 21
0.843 20
0.928 21
0.937 21
0.941 22
0.933 22
0.926 21
0.928 22
0.837 21
0.938 22
0.8 49
0.862 50
0.93 43
0.964 54
0.977 49
0.918 21
0.972 21
0.954 52
0.941 21
0.916 20
0.86 21
0.902 20
0.949 22
0.965 20
0.975 20
0.883 21
0.966 21
0.718 21
0.965 22
0.852 20
0.931 21
0.964 21
0.896 21
0.981 21
0.914 21
0.964 21
0.989 21
0.921 21
0.871 20
0.944 20
0.946 20
0.987 21
0.986 21
0.966 21
0.938 21
0.925 22
0.671 21
0.827 20
0.872 21
0.837 21
0.888 20
0.784 21
0.958 20
0.952 21
0.961 21
0.912 21
0.824 21
0.994 20
0.97 21
0.897 0
0.902 33
0.991 53
0.851 55
0.791 53
0.961 20
0.912 43
0.885 20
0.994 20
0.834 21
0.877 20
0.918 20
0.972 20
0.97 21
0.998 20
0.895 20
0.942 22
0.92 20
0.824 21
0.961 21
0.937 20
0.996 20
0.761 20
0.844 53
0.893 20
0.846 21
0.836 20
0.928 20
0.964 22
0.857 21
0.963 21
0.952 21
0.876 20
0.832 20
0.929 22
0.899 0
0.866 8
0.981 0
0.847 9
0.92 0
0.882 5
0.822 0
0.892 0
0.921 0
0.87 0
0.883 0
0.879 10
0.771 20
0.852 6
0.91 0
0.876 21
0.901 35
0.832 20
0.943 43
0.957 21
0.941 20
0.931 21
0.93 20
0.945 20
0.954 9
0.977 19
0.865 21
0.909 13
0.949 20
0.976 20
0.989 21
0.906 16
0.968 21
0.99 0
0.814 14
0.972 10
0.929 0
0.854 21
0.946 0
0.961 0
0.848 12
0.993 0
0.974 0
0.877 7
0.915 0
0.971 8
0.976 0
0.917 0
0.85 4
0.873 0
0.946 0
0.948 0
0.853 0
0.894 7
0.901 0
0.938 0
0.935 6
0.857 0
0.859 0
0.886 4
0.895 4
0.928 21
0.977 5
0.858 3
0.948 15
0.817 22
0.949 50
0.884 50
0.875 50
0.987 20
0.95 19
0.952 47
0.866 19
0.902 19
0.833 20
0.969 20
0.836 20
0.944 20
0.964 20
0.991 20
0.981 20
0.981 20
0.955 20
0.89 20
0.939 21
0.653 20
0.81 20
0.939 20
0.959 20
0.88 21
0.833 20
0.876 20
0.981 21
0.984 20
0.744 21
0.919 20
0.944 20
0.892 20
0.974 20
0.902 21
0.981 20
0.951 20
0.707 21
0.904 20
0.988 19
0.951 20
0.908 20
0.761 20
0.994 20
0.962 20
0.891 21
0.995 20
0.81 21
0.967 22
0.855 21
0.953 20
0.98 44
0.856 26
0.966 55
0.718 32
0.921 40
0.816 44
0.993 46
0.805 47
0.977 43
0.782 19
0.877 20
0.961 21
0.881 52
0.916 19
0.999 20
0.997 20
0.956 20
0.962 20
0.987 21
0.94 19
0.89 20
0.928 19
0.952 19
0.889 19
0.98 19
0.733 20
0.888 19
0.924 21
0.932 20
0.849 20
0.971 21
0.985 19
0.937 20
0.955 21
0.947 20
0.98 20
0.953 20
0.928 20
0.96 21
0.922 20
0.901 19
0.949 20
0.971 20
0.983 21
0.913 20
0.981 20
0.947 19
0.965 20
0.837 20
0.936 20
0.992 37
0.99 37
0.994 47
0.846 47
0.813 19
0.949 20
0.961 20
0.781 19
0.594 53
0.988 19
0.992 20
0.934 19
0.797 22
0.688 20
0.962 46
0.819 20
0.973 20
0.959 19
0.933 19
0.975 19
0.675 20
0.973 20
0.746 19
0.892 57
0.905 20
0.565 21
0.797 19
0.973 21
0.989 19
0.918 20
0.857 20
0.96 20
0.828 20
0.974 20
0.896 20
0.848 21
0.835 20
0.832 21
0.735 20
0.985 0
0.929 0
0.972 0
0.984 0
0.816 20
0.994 20
0.975 20
0.986 20
0.862 20
0.811 20
0.956 19
0.703 47
0.866 19
0.779 52
0.98 19
0.994 19
0.819 19
0.967 19
0.936 19
0.927 20
0.96 19
0.994 20
0.988 20
0.906 19
0.982 19
0.944 19
0.956 19
0.966 19
0.769 20
0.939 19
0.997 19
0.979 19
0.997 19
0.845 20
0.988 19
0.736 19
0.987 19
0.859 20
0.935 19
0.97 19
0.802 19
0.858 20
0.983 20
0.951 0
0.942 19
0.861 19
0.961 20
0.973 21
0.981 19
0.907 20
0.893 19
0.961 20
0.979 19
0.86 19
0.97 0
0.844 0
0.995 19
0.719 9
0.918 0
0.859 19
0.901 20
0.979 37
0.857 41
0.915 35
0.99 35
0.848 40
0.961 36
0.546 37
0.852 41
0.817 37
0.976 37
0.632 38
0.778 41
0.772 41
0.977 39
0.676 43
0.69 39
0.831 41
0.649 0
0.823 42
0.852 39
0.938 37
0.782 36
0.86 39
0.708 39
0.912 37
0.951 40
0.908 38
0.575 36
0.722 42
0.815 37
0.938 36
0.803 38
0.956 36
0.947 37
0.985 34
0.801 36
0.957 42
0.839 40
0.955 38
0.977 36
0.637 38
0.99 43
0.862 35
0.612 35
0.669 38
0.902 35
0.916 0
0.88 36
0.9 36
0.948 39
0.743 62
0.744 34
0.809 32
0.912 60
0.993 33
0.792 32
0.94 33
0.647 55
0.932 33
0.854 33
0.869 33
0.951 33
0.95 35
0.936 34
0.913 34
0.974 33
0.961 33
0.896 34
0.84 34
0.981 34
0.96 33
0.992 34
0.917 34
0.864 32
0.95 33
0.396 34
0.938 34
0.98 32
0.788 33
0.465 34
0.774 32
0.982 33
0.336 34
0.994 34
0.995 34
0.928 35
0.774 34
0.608 36
0.791 33
0.735 34
0.928 33
0.829 34
0.845 33
0.787 32
0.621 34
0.798 35
0.777 33
0.461 35
0.984 33
0.982 34
0.935 59
0.977 62
0.829 52
0.587 31
0.785 31
0.972 30
0.967 30
0.634 30
0.739 61
0.887 30
0.95 61
0.889 30
0.984 31
0.966 30
0.976 30
0.727 31
0.908 31
0.956 31
0.973 33
0.863 31
0.97 31
0.809 31
0.736 31
0.714 32
0.943 30
0.583 32
0.96 31
0.648 32
0.914 32
0.933 32
0.886 31
0.983 31
0.52 30
0.774 32
0.99 30
0.885 33
0.668 31
0.604 30
0.944 31
0.946 32
0.967 30
0.747 32
0.913 32
0.888 31
0.59 31
0.54 32
0.828 31
0.954 30
0.957 32
0.962 32
0.694 47
0.904 59
0.822 59
0.873 29
0.688 29
0.97 29
0.884 29
0.955 59
0.673 29
0.975 30
0.983 30
0.98 30
0.552 30
0.855 30
0.587 30
0.988 28
0.953 29
0.967 31
0.978 30
0.915 28
0.951 29
0.993 30
0.894 30
0.93 29
0.984 30
0.868 30
0.879 30
0.975 29
0.914 29
0.622 30
0.979 30
0.967 30
0.956 30
0.951 29
0.931 30
0.847 29
0.73 31
0.913 28
0.936 30
0.722 28
0.826 30
0.511 29
0.955 30
0.951 30
0.96 29
0.929 28
0.843 31
0.605 30
0.918 29
0.821 30
0.66 45
0.972 60
0.977 27
0.935 28
0.806 27
0.988 27
0.907 27
0.864 60
0.968 28
0.969 28
0.985 27
0.975 27
0.986 28
0.879 28
0.95 28
0.973 28
0.979 28
0.975 28
0.93 28
0.97 28
0.952 28
0.878 28
0.663 27
0.953 27
0.981 29
0.931 28
0.92 27
0.98 28
0.908 27
0.79 28
0.964 28
0.889 28
0.929 29
0.954 29
0.911 28
0.958 29
0.823 27
0.763 27
0.993 28
0.557 29
0.653 28
0.891 27
0.897 27
0.421 29
0.979 28
0.944 27
0.759 29
0.862 29
0.94 28
0.946 27
0.958 56
0.938 25
0.646 26
0.97 26
0.9 57
0.995 27
0.96 26
0.914 26
0.976 57
0.851 26
0.949 27
0.833 27
0.847 26
0.949 26
0.832 28
0.982 26
0.958 26
0.973 26
0.378 25
0.758 28
0.962 26
0.527 27
0.883 28
0.941 27
0.954 28
0.889 26
0.942 27
0.866 26
0.828 27
0.985 27
0.736 26
0.98 28
0.97 27
0.977 27
0.857 26
0.949 27
0.787 27
0.964 27
0.952 27
0.988 26
0.983 27
0.97 27
0.987 27
0.469 28
0.657 26
0.931 26
0.892 27
0.569 26
0.957 26
0.89 27
0.631 39
0.654 42
0.963 25
0.959 25
0.952 25
0.877 25
0.939 24
0.947 25
0.942 25
0.904 55
0.496 26
0.93 53
0.949 25
0.917 26
0.933 52
0.923 25
0.407 25
0.922 25
0.991 25
0.82 25
0.995 25
0.751 25
0.945 26
0.918 26
0.928 25
0.99 26
0.95 26
0.974 26
0.917 25
0.977 25
0.947 26
0.949 25
0.683 26
0.939 26
0.799 25
0.949 25
0.904 25
0.891 26
0.866 26
0.885 25
0.861 25
0.521 25
0.907 25
0.857 26
0.786 25
0.947 25
0.853 26
0.96 25
0.959 26
0.492 27
0.946 44
0.64 43
0.96 24
0.944 25
0.979 24
0.878 57
0.864 24
0.978 24
0.846 24
0.734 24
0.784 24
0.727 24
0.993 26
0.974 25
0.911 26
0.993 25
0.994 24
0.985 25
0.992 24
0.973 24
0.984 24
0.75 24
0.95 24
0.943 24
0.703 24
0.907 25
0.954 26
0.957 26
0.869 25
0.953 24
0.885 24
0.976 25
0.918 26
0.869 25
0.868 25
0.934 26
0.941 24
0.959 26
0.837 24
0.98 26
0.989 26
0.729 24
0.555 25
0.97 24
0.882 24
0.962 24
0.897 24
0.913 25
0.964 25
0.934 25
0.947 55
0.911 55
0.977 23
0.964 23
0.957 23
0.798 23
0.987 24
0.948 24
0.99 23
0.986 24
0.939 24
0.719 24
0.917 24
0.935 54
0.9 23
0.649 23
0.708 23
0.68 24
0.859 25
0.938 23
0.967 24
0.855 24
0.96 25
0.982 25
0.929 25
0.911 25
0.862 25
0.978 24
0.95 25
0.604 24
0.925 24
0.829 24
0.833 25
0.808 24
0.96 24
0.959 24
0.986 24
0.937 24
0.96 24
0.957 25
0.844 24
0.978 24
0.954 24
0.681 25
0.782 24
0.789 24
0.857 23
0.982 24
0.856 24
0.755 24
0.944 52
0.783 21
0.621 42
0.981 23
0.979 23
0.722 49
0.577 23
0.996 23
0.988 23
0.852 23
0.981 51
0.453 23
0.981 23
0.984 55
0.558 22
0.874 24
0.683 22
0.577 24
0.947 23
0.99 23
0.94 23
0.954 23
0.992 24
0.929 23
0.943 24
0.995 23
0.897 24
0.917 24
0.935 24
0.656 24
0.956 24
0.952 24
0.686 23
0.843 22
0.991 24
0.87 23
0.941 23
0.802 23
0.949 22
0.954 23
0.97 24
0.983 24
0.944 24
0.824 22
0.903 24
0.993 24
0.674 23
0.94 22
0.978 23
0.381 24
0.958 22
0.918 22
0.958 23
0.993 22
0.971 22
0.896 22
0.928 22
0.862 23
0.927 23
0.962 23
0.803 55
0.951 23
0.992 22
0.864 22
0.584 48
0.927 22
0.889 55
0.948 23
0.945 23
0.963 22
0.802 23
0.989 22
0.929 22
0.949 22
0.955 22
0.956 23
0.884 24
0.956 22
0.993 22
0.817 23
0.927 24
0.985 23
0.933 22
0.93 23
0.971 22
0.994 23
0.96 24
0.777 23
0.674 24
0.962 22
0.888 22
0.969 22
0.84 23
0.785 24
0.948 23
0.855 23
0.95 23
0.905 24
0.942 23
0.698 22
0.809 22
0.658 22
0.966 22
0.477 22
0.842 22
0.853 22
0.824 22
0.754 22
0.732 22
0.962 22
0.976 23
0.882 22
0.945 21
0.992 22
0.901 22
0.993 22
0.99 22
0.907 21
0.876 22
0.968 22
0.957 22
0.92 23
0.984 22
0.904 23
0.891 22
0.511 23
0.801 23
0.743 22
0.855 22
0.982 22
0.683 22
0.922 22
0.987 23
0.829 23
0.932 23
0.976 22
0.924 22
0.889 23
0.946 22
0.977 23
0.969 23
0.902 22
0.942 23
0.795 23
0.882 22
0.978 23
0.904 23
0.969 22
0.975 22
0.703 22
0.947 43
0.744 21
0.913 22
0.99 22
0.976 22
0.976 22
0.955 22
0.965 52
0.964 22
0.845 21
0.869 21
0.713 54
0.981 22
0.904 21
0.99 21
0.933 21
0.832 21
0.988 22
0.887 21
0.974 22
0.965 22
0.929 23
0.897 23
0.927 21
0.862 21
0.973 22
0.903 22
0.938 22
0.924 21
0.986 22
0.895 21
0.897 21
0.943 22
0.971 22
0.94 23
0.925 23
0.945 22
0.849 22
0.742 21
0.942 22
0.645 21
0.991 23
0.508 22
0.987 21
0.796 23
0.792 22
0.522 23
0.917 22
0.92 22
0.927 22
0.734 54
0.974 54
0.92 21
0.98 21
0.968 21
0.894 21
0.964 21
0.993 21
0.969 21
0.919 21
0.912 55
0.993 21
0.814 21
0.991 21
0.747 21
0.981 21
0.976 21
0.859 22
0.958 21
0.978 21
0.919 22
0.713 22
0.864 21
0.939 23
0.826 22
0.746 21
0.941 22
0.941 21
0.963 21
0.969 22
0.852 23
0.699 23
0.98 22
0.762 21
0.957 21
0.827 23
0.633 21
0.946 21
0.693 22
0.948 22
0.954 22
0.963 22
0.948 23
0.98 22
0.951 22
0.628 22
0.969 22
0.972 21
0.631 22
0.875 21
0.764 40
0.974 21
0.917 20
0.922 20
0.864 22
0.99 21
0.953 21
0.966 20
0.885 20
0.893 22
0.832 22
0.984 21
0.885 20
0.871 21
0.93 21
0.987 22
0.869 22
0.968 21
0.961 21
0.631 22
0.907 22
0.935 21
0.995 21
0.982 22
0.957 21
0.961 21
0.676 22
0.939 20
0.555 21
0.505 21
0.985 20
0.752 21
0.872 22
0.869 21
0.872 22
0.99 21
0.925 22
0.939 21
0.929 21
0.951 21
0.747 20
0.942 21
0.905 22
0.792 22
0.699 21
0.974 21
0.982 22
0.888 22
0.804 22
0.886 21
0.553 47
0.985 20
0.984 20
0.628 45
0.948 20
0.938 20
0.95 20
0.725 20
0.757 20
0.558 20
0.942 20
0.673 21
0.966 20
0.268 21
0.948 20
0.942 53
0.884 20
0.957 21
0.981 21
0.95 49
0.965 20
0.95 20
0.584 20
0.943 20
0.917 21
0.93 21
0.874 21
0.91 21
0.762 21
0.78 20
0.923 20
0.766 20
0.953 22
0.884 21
0.987 21
0.588 20
0.93 21
0.947 21
0.617 20
0.769 20
0.911 20
0.89 21
0.983 21
0.997 21
0.813 20
0.974 21
0.761 20
0.697 21
0.735 21
0.937 20
0.635 38
0.922 20
0.97 20
0.983 19
0.988 20
0.985 20
0.978 20
0.988 53
0.712 19
0.75 20
0.414 38
0.954 20
0.987 20
0.965 20
0.952 54
0.987 20
0.986 20
0.937 20
0.996 19
0.973 19
0.983 19
0.989 19
0.637 19
0.883 54
0.933 20
0.99 20
0.95 49
0.855 21
0.961 21
0.964 20
0.867 20
0.938 20
0.967 21
0.954 21
0.958 20
0.975 20
0.798 21
0.952 19
0.847 21
0.914 20
0.981 21
0.873 21
0.907 21
0.954 21
0.976 21
0.431 21
0.832 21
0.967 20
0.711 21
0.968 20
0.53 36
0.654 39
0.659 40
0.803 21
0.948 20
0.969 20
0.971 20
0.885 20
0.951 19
0.993 20
0.804 20
0.988 20
0.906 19
0.963 20
0.943 19
0.911 19
0.992 20
0.865 20
0.891 48
0.972 20
0.894 20
0.967 20
0.842 20
0.984 20
0.955 20
0.937 21
0.953 19
0.92 20
0.981 20
0.996 21
0.45 21
0.928 21
0.959 21
0.747 21
0.954 21
0.903 20
0.858 19
0.904 19
0.928 19
0.956 21
0.787 21
0.975 20
0.983 21
0.951 20
0.811 19
0.918 20
0.891 20
0.802 20
0.983 20
0.986 20
0.649 50
0.95 19
0.933 19
0.956 19
0.597 19
0.973 19
0.769 19
0.796 19
0.973 19
0.971 19
0.887 20
0.892 19
0.761 19
0.985 19
0.888 19
0.978 20
0.953 19
0.989 53
0.773 19
0.683 19
0.976 20
0.782 21
0.922 19
0.871 19
0.913 20
0.989 20
0.97 20
0.854 19
0.957 20
0.865 20
0.851 21
0.556 20
0.754 19
0.659 19
0.985 20
0.906 20
0.964 19
0.853 19
0.998 20
0.951 21
0.372 20
0.58 19
0.953 20
0.954 19
0.981 20
0.974 19
0.919 20
0.869 20
0.554 20
0.967 19
0.755 43
0.856 18
0.989 19
0.965 19
0.959 19
0.294 19
0.61 19
0.649 50
0.851 18
0.798 19
0.828 18
0.958 18
0.971 19
0.908 19
0.96 19
0.967 19
0.716 19
0.944 19
0.868 19
0.988 19
0.943 18
0.87 20
0.974 19
0.966 19
0.253 20
0.992 19
0.956 20
0.903 19
0.988 19
0.979 20
0.91 19
0.9 20
0.799 20
0.507 20
0.519 20
0.994 19
0.782 19
0.988 20
0.928 19
0.995 20
0.814 19
0.974 19
0.92 18
0.8 20
0.959 19
0.717 19
0.918 19
0.755 20
0.649 19
0.961 20
0.541 83
0.487 83
0.702 82
0.572 77
0.764 89
0.558 75
0.655 71
0.456 71
0.533 76
0.554 72
0.717 82
0.504 79
0.673 75
0.613 74
0.472 71
0.457 86
0.611 76
0.674 73
0.431 72
0.488 75
0.763 72
0.661 72
0.84 81
0.647 77
0.803 74
0.728 76
0.675 71
0.387 76
0.794 78
0.672 72
0.658 74
0.683 73
0.494 74
0.599 72
0.429 73
0.786 74
0.842 74
0.925 72
0.663 71
0.583 72
0.86 73
0.717 74
0.879 72
0.886 71
0.779 74
0.757 76
0.665 72
0.823 71
0.947 71
0.596 70
0.704 86
0.846 87
0.314 70
0.854 68
0.541 63
0.737 69
0.505 66
0.67 69
0.655 69
0.57 85
0.509 89
0.714 70
0.481 82
0.331 68
0.588 67
0.768 69
0.539 70
0.346 69
0.563 71
0.51 68
0.543 70
0.614 69
0.687 72
0.562 70
0.581 72
0.609 69
0.712 69
0.575 71
0.514 66
0.624 67
0.867 66
0.496 67
0.703 69
0.948 66
0.672 68
0.601 67
0.715 68
0.748 70
0.764 86
0.839 70
0.603 69
0.579 68
0.89 71
0.488 69
0.846 69
0.847 66
0.648 68
0.513 70
0.783 69
0.619 68
0.605 66
0.514 89
0.463 80
0.723 63
0.906 65
0.667 68
0.534 67
0.594 68
0.713 66
0.566 66
0.613 83
0.817 67
0.66 67
0.589 67
0.73 66
0.745 67
0.575 67
0.739 68
0.635 67
0.735 65
0.399 66
0.579 66
0.652 70
0.827 69
0.58 67
0.346 66
0.672 66
0.72 66
0.503 83
0.496 66
0.772 66
0.812 68
0.69 66
0.824 68
0.641 2
0.605 0
0.566 0
0.755 65
0.662 0
0.84 65
0.65 66
0.67 66
0.649 0
0.591 65
0.782 65
0.827 65
0.705 3
0.705 8
0.705 2
0.826 66
0.769 82
0.537 83
0.573 66
0.758 63
0.632 67
0.726 64
0.572 67
0.449 66
0.804 64
0.669 88
0.539 66
0.549 65
0.444 60
0.69 64
0.785 64
0.572 65
0.538 65
0.87 67
0.781 64
0.674 64
0.693 67
0.625 64
0.763 64
0.689 64
0.728 64
0.905 7
0.855 2
0.855 3
0.531 5
0.855 0
0.667 65
0.855 1
0.789 8
0.843 64
0.855 0
0.764 3
0.679 64
0.894 4
0.909 3
0.878 4
0.623 2
0.585 64
0.909 2
0.894 3
0.878 7
0.909 0
0.786 4
0.907 0
0.906 0
0.84 0
0.434 83
0.391 84
0.695 67
0.673 91
0.58 66
0.695 79
0.752 65
0.427 57
0.479 66
0.694 63
0.68 58
0.829 64
0.905 7
0.855 2
0.855 5
0.855 2
0.661 87
0.613 0
0.751 63
0.855 1
0.531 2
0.789 8
0.531 3
0.855 0
0.768 63
0.855 0
0.909 2
0.909 4
0.909 5
0.894 9
0.86 0
0.909 2
0.909 1
0.84 3
0.886 63
0.909 0
0.909 0
0.786 4
0.878 0
0.878 2
0.894 0
0.939 0
0.943 0
0.776 63
0.626 0
0.818 4
0.79 0
0.803 0
0.878 0
0.878 0
0.449 84
0.53 77
0.902 62
0.726 82
0.508 79
0.8 61
0.844 66
0.698 65
0.73 57
0.715 90
0.673 57
0.962 81
0.782 62
0.607 65
0.693 64
0.648 62
0.599 55
0.633 62
0.892 65
0.691 81
0.768 63
0.934 63
0.834 63
0.491 55
0.711 64
0.515 62
0.618 63
0.847 86
0.363 63
0.767 62
0.438 64
0.573 64
0.8 62
0.706 63
0.774 63
0.477 65
0.845 62
0.818 62
0.791 62
0.595 63
0.86 62
0.862 63
0.96 63
0.738 63
0.786 63
0.548 62
0.836 63
0.624 62
0.719 62
0.419 64
0.625 85
0.768 85
0.6 63
0.593 81
0.716 64
0.818 61
0.889 64
0.615 62
0.65 63
0.703 62
0.599 62
0.727 62
0.533 62
0.508 63
0.969 63
0.776 65
0.488 63
0.761 62
0.422 0
0.739 62
0.745 83
0.422 2
0.712 64
0.77 43
0.308 0
0.81 61
0.699 62
0.87 62
0.308 2
0.308 0
0.852 61
0.308 0
0.422 0
0.422 0
0.422 0
0.422 0
0.535 0
0.636 62
0.72 63
0.62 61
0.952 61
0.598 4
0.422 0
0.524 61
0.941 61
0.629 62
0.471 61
0.575 0
0.587 62
0.818 61
0.633 83
0.345 63
0.743 89
0.446 63
0.734 61
0.628 60
0.746 58
0.412 63
0.619 60
0.782 68
0.609 63
0.761 62
0.553 63
0.655 61
0.449 61
0.77 62
0.739 60
0.538 62
0.869 63
0.954 81
0.664 62
0.49 79
0.607 60
0.555 60
0.776 63
0.767 63
0.809 60
0.473 63
0.329 5
0.56 61
0.53 5
0.663 62
0.533 0
0.76 0
0.587 60
0.802 61
0.78 60
0.816 60
0.632 1
0.766 60
0.688 63
0.829 61
0.492 0
0.685 2
0.409 0
0.635 0
0.687 3
0.598 0
0.585 61
0.7 0
0.839 60
0.925 83
0.772 87
0.666 60
0.563 1
0.821 63
0.607 0
0.563 0
0.522 1
0.719 61
0.563 0
0.563 0
0.563 0
0.632 0
0.791 77
0.563 0
0.581 1
0.583 60
0.522 0
0.749 60
0.563 0
0.776 1
0.563 0
0.563 0
0.563 0
0.522 0
0.522 0
0.586 0
0.522 0
0.522 0
0.754 4
0.522 0
0.367 62
0.522 1
0.652 0
0.519 0
0.758 60
0.563 0
0.563 0
0.563 0
0.563 0
0.582 0
0.563 0
0.618 0
0.522 0
0.69 0
0.706 0
0.582 0
0.563 0
0.723 0
0.521 88
0.45 63
0.304 79
0.427 82
0.832 54
0.862 61
0.847 59
0.805 60
0.891 92
0.902 59
0.542 61
0.811 59
0.668 59
0.619 79
0.826 59
0.712 61
0.672 60
0.508 62
0.618 62
0.994 64
0.648 61
0.852 61
0.563 0
0.563 0
0.793 59
0.654 61
0.44 62
0.724 59
0.947 60
0.97 59
0.563 0
0.652 0
0.652 0
0.822 59
0.832 60
0.499 61
0.583 61
0.72 62
0.769 60
0.652 0
0.727 59
0.581 0
0.652 0
0.652 0
0.652 0
0.652 0
0.563 0
0.652 0
0.56 61
0.563 0
0.621 84
0.563 86
0.731 79
0.755 86
0.728 84
0.716 59
0.698 62
0.657 81
0.413 80
0.414 60
0.618 60
0.658 60
0.687 61
0.935 60
0.642 62
0.687 62
0.907 60
0.861 60
0.842 61
0.956 62
0.725 4
0.906 59
0.725 59
0.789 74
0.298 0
0.848 61
0.747 59
0.652 2
0.69 1
0.815 59
0.925 60
0.57 58
0.786 0
0.601 0
0.855 59
0.616 0
0.669 0
0.69 0
0.652 0
0.652 0
0.497 0
0.652 0
0.79 59
0.832 0
0.652 0
0.555 0
0.732 59
0.48 2
0.931 61
0.82 59
0.607 75
0.475 59
0.781 59
0.705 61
0.649 0
0.844 59
0.414 4
0.616 1
0.649 3
0.813 61
0.512 0
0.637 0
0.795 0
0.71 0
0.406 0
0.477 0
0.712 1
0.71 0
0.352 0
0.414 0
0.414 0
0.522 0
0.414 0
0.414 0
0.414 0
0.414 0
0.664 0
0.795 0
0.362 0
0.71 0
0.459 8
0.701 1
0.795 0
0.414 0
0.459 0
0.613 0
0.435 0
0.601 0
0.365 0
0.459 1
0.489 0
0.601 0
0.601 0
0.669 0
0.744 0
0.723 0
0.601 0
0.604 0
0.48 0
0.733 0
0.464 81
0.563 60
0.556 60
0.881 59
0.649 61
0.703 60
0.473 58
0.758 76
0.583 59
0.639 59
0.677 60
0.678 61
0.389 1
0.776 58
0.843 78
0.903 58
0.348 2
0.637 59
0.895 60
0.518 58
0.523 3
0.841 60
0.745 1
0.725 58
0.797 61
0.51 0
0.473 3
0.51 0
0.329 0
0.473 0
0.523 0
0.51 2
0.668 59
0.542 60
0.526 0
0.901 58
0.598 0
0.637 1
0.598 0
0.837 59
0.522 0
0.362 0
0.414 0
0.622 4
0.562 0
0.733 0
0.622 0
0.655 0
0.655 0
0.655 0
0.67 83
0.533 83
0.713 83
0.858 61
0.913 59
0.629 59
0.657 58
0.689 58
0.743 59
0.757 59
0.573 60
0.797 58
0.988 59
0.626 59
0.782 99
0.922 60
0.531 58
0.579 60
0.801 59
0.748 58
0.635 58
0.894 60
0.884 58
0.742 59
0.577 60
0.788 59
0.672 58
0.821 59
0.848 60
0.628 4
0.712 59
0.636 3
0.798 57
0.764 59
0.68 58
0.811 57
0.841 60
0.941 59
0.698 59
0.731 60
0.532 58
0.542 57
0.425 58
0.913 59
0.794 58
0.93 58
0.874 57
0.714 1
0.897 0
0.691 57
0.465 83
0.475 60
0.914 58
0.854 60
0.738 59
0.783 59
0.735 58
0.71 57
0.651 59
0.627 59
0.828 57
0.695 57
0.945 58
0.904 58
0.489 57
0.737 60
0.867 60
0.956 57
0.769 1
0.697 1
0.725 2
0.873 57
0.769 4
0.769 0
0.725 2
0.919 4
0.725 2
0.769 2
0.804 1
0.671 0
0.828 7
0.839 0
0.694 3
0.858 1
0.858 0
0.881 0
0.69 0
0.69 0
0.804 0
0.856 0
0.753 0
0.916 0
0.858 0
0.858 0
0.858 0
0.714 0
0.831 0
0.694 2
0.769 0
0.856 0
0.736 82
0.642 89
0.73 83
0.569 82
0.5 59
0.678 57
0.639 59
0.816 56
0.935 73
0.636 59
0.684 56
0.74 82
0.608 57
0.853 58
0.552 58
0.673 57
0.735 56
0.76 57
0.893 59
0.873 59
0.549 57
0.795 57
0.89 58
0.52 58
0.774 57
0.964 56
0.813 57
0.797 59
0.549 58
0.799 57
0.685 57
0.6 57
0.654 56
0.73 55
0.791 56
0.489 56
0.726 2
0.571 58
0.857 59
0.906 56
0.701 57
0.856 3
0.856 0
0.726 0
0.856 0
0.525 58
0.856 0
0.727 58
0.856 0
0.856 0
0.462 73
0.775 84
0.746 58
0.926 58
0.741 56
0.812 56
0.837 56
0.456 58
0.904 59
0.638 57
0.813 56
0.758 58
0.786 74
0.652 56
0.779 56
0.592 56
0.831 57
0.872 57
0.392 58
0.909 57
0.511 58
0.769 3
0.743 0
0.743 0
0.408 56
0.743 1
0.743 0
0.743 0
0.807 3
0.769 1
0.769 1
0.743 0
0.769 5
0.769 0
0.743 0
0.769 2
0.743 0
0.771 5
0.622 1
0.743 0
0.707 0
0.769 0
0.622 0
0.743 0
0.769 0
0.622 0
0.769 0
0.627 0
0.854 0
0.627 0
0.66 56
0.861 58
0.443 56
0.565 0
0.781 2
0.743 1
0.565 0
0.565 0
0.658 0
0.658 2
0.622 3
0.479 0
0.565 0
0.565 0
0.743 0
0.743 0
0.743 0
0.565 0
0.769 0
0.449 0
0.658 0
0.479 0
0.479 1
0.743 0
0.743 0
0.743 0
0.479 0
0.541 3
0.479 1
0.449 0
0.592 4
0.743 0
0.8 3
0.479 0
0.479 0
0.769 4
0.707 0
0.707 0
0.769 0
0.627 0
0.771 3
0.743 0
0.664 1
0.623 0
0.834 57
0.622 0
0.769 0
0.938 0
0.919 0
0.627 0
0.599 57
0.917 74
0.88 56
0.673 59
0.565 4
0.777 57
0.811 57
0.565 1
0.572 0
0.572 1
0.565 0
0.479 0
0.565 0
0.565 0
0.565 0
0.565 1
0.66 0
0.565 0
0.565 0
0.479 0
0.479 0
0.676 57
0.568 0
0.658 1
0.565 0
0.509 0
0.565 0
0.565 0
0.565 0
0.565 0
0.565 0
0.687 1
0.565 0
0.658 0
0.565 0
0.66 0
0.728 3
0.66 1
0.631 57
0.735 79
0.479 0
0.479 0
0.565 0
0.733 0
0.854 0
0.733 0
0.479 0
0.872 0
0.872 0
0.872 0
0.737 58
0.745 56
0.854 58
0.647 56
0.791 56
0.708 5
0.766 56
0.501 57
0.752 58
0.859 2
0.744 1
0.667 1
0.519 2
0.603 1
0.708 1
0.872 1
0.872 0
0.708 1
0.816 2
0.576 0
0.731 0
0.872 3
0.859 2
0.891 2
0.787 2
0.744 0
0.708 0
0.708 0
0.517 0
0.787 0
0.787 0
0.872 0
0.731 0
0.708 0
0.708 0
0.871 1
0.816 0
0.787 1
0.839 1
0.816 0
0.816 0
0.917 2
0.517 0
0.885 1
0.818 1
0.645 0
0.818 1
0.818 0
0.647 0
0.862 0
0.232 54
0.365 50
0.327 38
0.162 46
0.295 46
0.177 22
0.211 27
0.173 54
0.36 55
0.182 50
0.273 52
0.527 23
0.298 54
0.3 45
0.499 26
0.383 21
0.287 49
0.42 23
0.898 23
0.178 24
0.439 22
0.21 56
0.311 22
0.487 22
0.213 24
0.336 24
0.214 29
0.247 28
0.414 23
0.717 26
0.406 55
0.208 22
0.309 26
0.26 21
0.157 32
0.404 25
0.62 24
0.977 25
0.346 22
0.351 27
0.518 22
0.63 26
0.701 56
0.217 23
0.445 30
0.248 21
0.293 24
0.333 29
0.333 27
0.279 36
0.204 47
0.188 42
0.404 30
0.231 44
0.0648 21
0.277 44
0.538 20
0.522 21
0.468 56
0.338 21
0.505 20
0.304 21
0.132 21
0.599 21
0.328 21
0.448 21
0.291 49
0.425 20
0.707 19
0.385 22
0.794 21
0.441 44
0.183 20
0.218 50
0.362 20
0.188 20
0.75 20
0.342 20
0.434 20
0.412 21
0.327 20
0.383 20
0.311 19
0.487 20
0.491 20
0.254 20
0.337 20
0.424 49
0.595 21
0.266 20
0.36 20
0.0966 21
0.262 21
0.259 20
0.228 21
0.673 21
0.232 20
0.41 21
0.293 21
0.272 20
0.197 36
0.166 46
0.198 19
0.379 19
0.236 50
0.428 19
0.392 19
0.612 18
0.259 19
0.192 18
0.448 19
0.499 18
0.245 18
0.252 19
0.541 19
0.736 18
0.389 18
0.262 18
0.572 19
0.488 19
0.191 19
0.367 19
0.4 19
0.0653 19
0.349 19
0.181 19
0.196 19
0.567 19
0.518 18
0.192 18
0.327 19
0.223 19
0.109 19
0.635 18
0.222 19
0.384 19
0.28 19
0.46 18
0.256 19
0.657 19
0.32 19
0.667 19
0.502 19
0.282 18
0.342 18
0.382 19
0.201 18
0.284 19
0.642 18
0.578 18
0.553 23
0.603 44
0.468 18
0.486 17
0.294 18
0.393 17
0.276 18
0.519 17
0.296 17
0.717 17
0.29 18
0.304 36
0.352 17
0.353 17
0.279 18
0.147 17
0.486 18
0.328 17
0.262 51
0.511 55
0.449 17
0.201 18
0.396 18
0.328 18
0.575 17
0.744 17
0.327 17
0.48 18
0.588 17
0.537 18
0.824 17
0.268 18
0.515 18
0.397 18
0.275 17
0.299 18
0.343 17
0.412 19
0.733 17
0.365 17
0.251 18
0.207 17
0.8 16
0.358 18
0.378 18
0.653 17
0.485 18
0.174 17
0.29 18
0.256 17
0.625 17
0.533 44
0.101 16
0.223 16
0.394 16
0.497 16
0.518 17
0.549 16
0.463 16
0.306 43
0.286 16
0.603 17
0.266 16
0.798 16
0.352 16
0.353 15
0.24 17
0.554 15
0.235 16
0.2 16
0.146 16
0.172 17
0.274 16
0.563 16
0.402 16
0.224 16
0.718 15
0.299 16
0.324 16
0.243 45
0.27 16
0.475 16
0.399 16
0.298 16
0.21 16
0.24 16
0.188 16
0.509 15
0.164 16
0.375 16
0.363 16
0.168 16
0.459 15
0.582 16
0.567 47
0.263 16
0.379 16
0.4 16
0.185 18
0.602 16
0.309 46
0.349 51
0.654 15
0.0541 15
0.314 17
0.253 16
0.321 16
0.422 15
0.405 45
0.774 16
0.314 15
0.431 15
0.398 15
0.464 16
0.263 15
0.207 15
0.241 16
0.637 16
0.325 16
0.286 16
0.116 15
0.306 15
0.48 15
0.362 15
0.492 16
0.195 16
0.824 16
0.462 14
0.134 16
0.161 15
0.374 15
0.42 15
0.17 15
0.295 15
0.107 15
0.502 15
0.107 15
0.327 15
0.53 14
0.251 15
0.169 14
0.307 16
0.398 16
0.4 16
0.195 15
0.174 15
0.357 15
0.191 16
0.324 16
0.292 15
0.414 15
0.481 31
0.288 44
0.428 37
0.572 14
0.598 15
0.202 13
0.35 41
0.825 14
0.842 14
0.387 15
0.248 14
0.881 14
0.32 50
0.667 14
0.489 15
0.267 14
0.632 14
0.217 15
0.27 15
0.271 14
0.407 15
0.321 15
0.221 15
0.228 15
0.531 15
0.223 15
0.536 15
0.298 14
0.357 15
0.675 14
0.241 15
0.175 15
0.607 14
0.226 14
0.15 14
0.469 15
0.247 15
0.292 14
0.192 14
0.147 15
0.218 14
0.605 14
0.192 15
0.375 15
0.328 14
0.413 15
0.33 14
0.149 14
0.819 15
0.278 49
0.16 48
0.465 26
0.178 40
0.287 35
0.644 13
0.322 14
0.565 14
0.395 46
0.423 14
0.361 41
0.349 14
0.2 14
0.274 14
0.5 14
0.357 14
0.472 13
0.294 14
0.532 38
0.268 13
0.288 13
0.194 14
0.2 13
0.32 14
0.85 14
0.326 15
0.184 13
0.149 13
0.454 13
0.23 13
0.41 13
0.152 15
0.264 14
0.305 13
0.383 14
0.298 13
0.463 13
0.139 13
0.274 14
0.192 14
0.383 14
0.233 14
0.341 13
0.372 14
0.241 14
0.313 14
0.288 14
0.149 14
0.492 14
0.159 14
0.202 41
0.38 39
0.424 13
0.243 33
0.568 29
0.302 12
0.317 13
0.318 12
0.523 12
0.739 13
0.443 14
0.31 13
0.274 14
0.551 14
0.146 13
0.644 14
0.652 14
0.31 13
0.482 14
0.686 14
0.254 13
0.212 14
0.579 15
0.357 14
0.201 14
0.384 14
0.22 14
0.272 14
0.425 14
0.18 14
0.456 14
0.308 14
0.426 13
0.353 14
0.139 13
0.284 14
0.293 13
0.52 13
0.327 14
0.597 14
0.293 14
0.282 13
0.339 14
0.441 14
0.356 14
0.542 13
0.314 14
0.25 14
0.643 14
0.232 14
0.235 12
0.275 48
0.182 34
0.285 13
0.0832 14
0.178 13
0.475 12
0.805 12
0.271 13
0.47 14
0.153 13
0.42 46
0.608 14
0.433 14
0.572 13
0.349 14
0.226 13
0.158 13
0.21 31
0.271 14
0.286 14
0.223 13
0.216 12
0.728 13
0.692 13
0.249 14
0.199 13
0.538 13
0.386 13
0.405 12
0.464 13
0.181 13
0.212 13
0.291 12
0.227 13
0.373 13
0.473 13
0.336 13
0.3 13
0.393 12
0.133 13
0.18 13
0.307 13
0.395 14
0.484 13
0.0648 13
0.169 12
0.625 13
0.58 13
0.594 13
0.37 49
0.184 13
0.13 12
0.389 13
0.776 13
0.288 12
0.418 13
0.254 12
0.518 13
0.179 13
0.565 13
0.8 52
0.418 13
0.427 13
0.256 12
0.294 13
0.189 13
0.291 13
0.608 13
0.201 12
0.378 12
0.327 12
0.327 40
0.173 12
0.209 13
0.366 13
0.326 13
0.688 13
0.345 12
0.297 13
0.469 13
0.422 13
0.306 13
0.341 13
0.325 12
0.201 13
0.29 13
0.333 13
0.191 12
0.274 12
0.28 13
0.311 12
0.393 13
0.291 13
0.237 13
0.396 13
0.725 12
0.301 13
0.311 13
0.183 13
0.184 40
0.387 12
0.33 13
0.308 13
0.33 12
0.311 13
0.426 12
0.137 13
0.221 12
0.214 13
0.8 52
0.303 13
0.399 13
0.348 13
0.87 12
0.423 13
0.8 13
0.397 13
0.443 12
0.235 13
0.378 12
0.247 13
0.357 13
0.295 13
0.188 13
0.224 13
0.366 13
0.203 13
0.195 13
0.222 13
0.276 12
0.47 12
0.193 13
0.36 13
0.389 12
0.324 13
0.273 13
0.443 12
0.269 13
0.191 13
0.468 13
0.444 12
0.365 13
0.276 12
0.32 13
0.287 12
0.279 13
0.291 12
0.303 13
0.524 13
0.77 11
0.373 46
0.354 11
0.384 35
0.273 11
0.348 12
0.442 11
0.455 12
0.164 35
0.226 11
0.56 11
0.339 11
0.78 12
0.769 12
0.318 11
0.592 11
0.86 11
0.359 12
0.815 11
0.283 11
0.187 12
0.351 13
0.795 11
0.386 12
0.18 12
0.32 11
0.747 12
0.235 12
0.269 12
0.834 12
0.188 12
0.436 11
0.869 12
0.192 11
0.62 11
0.922 12
0.334 12
0.223 11
0.4 11
0.205 12
0.422 11
0.273 11
0.244 11
0.356 12
0.53 12
0.304 13
0.392 11
0.207 12
0.207 12
0.705 11
0.209 42
0.366 20
0.252 11
0.355 11
0.227 12
0.276 11
0.669 12
0.918 12
0.703 12
0.464 11
0.29 11
0.168 11
0.369 12
0.465 12
0.292 11
0.559 11
0.328 12
0.977 12
0.34 11
0.495 12
0.154 12
0.416 11
0.289 11
0.0821 12
0.233 12
0.242 12
0.363 11
0.392 12
0.443 11
0.319 11
0.461 11
0.241 12
0.268 11
0.305 12
0.213 12
0.265 12
0.787 12
0.388 11
0.267 11
0.106 12
0.305 12
0.27 12
0.487 11
0.257 12
0.153 11
0.174 12
0.244 11
0.381 12
0.259 12
0.593 11
0.423 43
0.251 26
0.223 38
0.855 11
0.232 11
0.29 40
0.451 11
0.213 37
0.184 34
0.357 11
0.148 11
0.299 11
0.214 12
0.34 11
0.334 12
0.324 12
0.244 11
0.23 11
0.418 11
0.18 11
0.315 12
0.664 12
0.342 11
0.28 12
0.27 12
0.415 12
0.462 12
0.461 11
0.19 12
0.193 12
0.233 11
0.228 12
0.34 11
0.533 12
0.778 11
0.557 11
0.234 11
0.178 11
0.456 11
0.667 11
0.255 11
0.308 11
0.186 11
0.244 11
0.215 12
0.267 12
0.334 11
0.341 12
0.712 12
0.19 11
0.42 40
0.431 35
0.464 12
0.451 11
0.612 12
0.647 11
0.428 12
0.523 11
0.36 12
0.305 12
0.445 11
0.761 12
0.302 12
0.48 12
0.127 12
0.245 12
0.334 12
0.559 11
0.159 11
0.259 11
0.295 12
0.244 11
0.374 11
0.605 11
0.227 12
0.203 12
0.344 12
0.225 12
0.397 12
0.306 13
0.341 12
0.342 11
0.268 11
0.517 12
0.325 11
0.193 12
0.282 11
0.45 12
0.541 12
0.239 12
0.533 12
0.345 11
0.558 12
0.276 11
0.377 12
0.576 12
0.354 12
0.2 37
0.449 12
0.574 12
0.294 32
0.395 21
0.245 12
0.363 10
0.587 10
0.354 10
0.425 32
0.381 10
0.392 43
0.256 10
0.317 38
0.431 11
0.408 9
0.454 10
0.244 10
0.764 9
0.4 11
0.305 9
0.281 11
0.383 9
0.678 10
0.276 12
0.737 10
0.254 12
0.512 10
0.394 12
0.439 10
0.347 10
0.199 11
0.351 12
0.278 11
0.5 10
0.138 11
0.298 12
0.386 12
0.351 12
0.241 10
0.448 10
0.646 10
0.728 10
0.514 11
0.44 10
0.324 12
0.273 11
0.267 11
0.448 11
0.601 11
0.53 11
0.482 12
0.7 10
0.246 32
0.415 10
0.398 10
0.802 11
0.515 10
0.444 11
0.383 10
0.328 11
0.271 11
0.27 11
0.699 9
0.299 10
0.307 10
0.423 11
0.164 10
0.262 10
0.171 9
0.402 10
0.916 11
0.337 9
0.306 10
0.409 11
0.297 11
0.248 9
0.291 10
0.221 10
0.205 10
0.333 9
0.246 9
0.283 10
0.281 9
0.294 10
0.351 11
0.437 10
0.469 10
0.194 10
0.344 10
0.148 9
0.41 10
0.27 10
0.462 10
0.241 10
0.438 11
0.205 10
0.455 10
0.285 10
0.257 10
0.298 10
0.392 9
0.25 11
0.184 43
0.367 10
0.271 10
0.436 10
0.273 10
0.212 45
0.455 10
0.865 10
0.39 9
0.273 10
0.253 10
0.409 10
0.279 10
0.487 11
0.237 11
0.346 10
0.825 11
0.618 10
0.417 10
0.296 10
0.213 11
0.243 10
0.292 10
0.651 9
0.432 11
0.182 10
0.269 10
0.197 9
0.373 10
0.197 10
0.231 10
0.259 10
0.543 10
0.267 10
0.493 10
0.39 10
0.52 11
0.392 11
0.2 11
0.399 10
0.469 10
0.154 10
0.222 10
0.33 11
0.388 9
0.16 10
0.255 11
0.35 10
0.726 10
0.229 10
0.273 10
0.167 31
0.363 10
0.431 9
0.248 36
0.273 10
0.534 10
0.417 11
0.273 10
0.301 11
0.308 11
0.321 11
0.859 10
0.895 10
0.279 10
0.237 11
0.473 10
0.199 10
0.212 10
0.204 10
0.171 10
0.261 10
0.18 10
0.637 9
0.243 10
0.226 10
0.249 10
0.28 10
0.32 10
0.903 11
0.645 10
0.236 10
0.184 10
0.287 10
0.282 11
0.399 10
0.38 10
0.281 9
0.128 9
0.219 10
0.463 9
0.226 10
0.308 11
0.411 11
0.372 10
0.107 10
0.274 10
0.255 11
0.271 11
0.223 10
0.524 84
0.593 81
0.862 89
0.689 74
0.792 83
0.88 79
0.754 70
0.533 77
0.511 75
0.519 79
0.659 83
0.635 85
0.869 80
0.683 82
0.627 80
0.864 71
0.725 0
0.841 0
0.841 1
0.69 67
0.841 3
0.634 74
0.841 1
0.841 0
0.841 0
0.841 0
0.841 1
0.914 74
0.763 0
0.841 0
0.841 0
0.841 0
0.763 0
0.841 0
0.763 0
0.606 75
0.62 0
0.763 0
0.763 0
0.763 0
0.763 0
0.62 4
0.787 1
0.62 1
0.787 0
0.62 0
0.787 0
0.62 0
0.747 0
0.842 0
0.73 83
0.609 69
0.427 82
0.761 81
0.728 84
0.927 81
0.774 87
0.798 58
0.738 85
0.633 77
0.657 80
0.774 77
0.54 78
0.659 75
0.724 81
0.809 73
0.787 75
0.658 74
0.696 75
0.741 80
0.763 86
0.727 76
0.837 75
0.798 70
0.763 75
0.797 87
0.826 70
0.636 88
0.744 0
0.744 0
0.896 80
0.837 0
0.792 0
0.697 66
0.885 0
0.792 5
0.88 3
0.792 1
0.792 1
0.792 1
0.817 75
0.711 72
0.792 1
0.792 0
0.792 0
0.762 71
0.801 0
0.816 0
0.801 0
0.612 0
0.586 70
0.622 76
0.857 56
0.953 73
0.526 78
0.671 82
0.879 59
0.821 57
0.651 72
0.69 90
0.741 78
0.913 80
0.625 71
0.529 68
0.816 73
0.555 65
0.917 0
0.605 76
0.64 0
0.864 0
0.701 0
0.715 0
0.787 63
0.777 0
0.748 0
0.801 1
0.801 5
0.886 0
0.886 0
0.714 0
0.813 3
0.714 0
0.864 0
0.73 72
0.714 0
0.886 0
0.714 0
0.714 1
0.801 1
0.672 3
0.886 0
0.714 0
0.748 0
0.801 0
0.801 0
0.801 0
0.801 0
0.801 0
0.781 0
0.813 0
0.695 76
0.723 74
0.571 73
0.565 75
0.691 68
0.7 67
0.659 3
0.767 4
0.777 0
0.767 1
0.691 0
0.767 6
0.527 0
0.744 0
0.728 0
0.86 0
0.527 0
0.906 0
0.527 0
0.856 0
0.86 5
0.767 0
0.86 2
0.86 0
0.738 0
0.728 0
0.728 0
0.655 3
0.655 1
0.884 0
0.86 0
0.744 0
0.86 0
0.744 0
0.86 0
0.781 0
0.86 0
0.781 0
0.781 0
0.617 0
0.86 0
0.855 0
0.78 0
0.83 0
0.83 0
0.83 0
0.83 1
0.78 0
0.83 0
0.86 0
0.644 69
0.781 74
0.856 82
0.989 81
0.697 79
0.963 56
0.649 75
0.712 78
0.629 75
0.787 84
0.846 72
0.811 82
0.823 79
0.585 80
0.794 74
0.747 76
0.586 85
0.708 61
0.678 73
0.759 71
0.886 80
0.69 2
0.752 0
0.785 83
0.714 4
0.759 1
0.69 1
0.683 0
0.69 0
0.69 2
0.69 0
0.714 2
0.589 0
0.547 1
0.69 1
0.934 0
0.836 0
0.69 0
0.92 0
0.913 0
0.829 0
0.829 1
0.787 66
0.654 1
0.829 0
0.69 0
0.547 0
0.92 0
0.914 1
0.829 0
0.62 82
0.84 80
0.852 60
0.628 69
0.781 75
0.565 0
0.619 0
0.783 71
0.785 71
0.619 0
0.781 0
0.767 85
0.58 63
0.564 59
0.924 0
0.781 2
0.924 0
0.72 0
0.644 56
0.784 79
0.536 70
0.646 65
0.623 0
0.657 1
0.623 0
0.657 0
0.657 0
0.738 0
0.738 0
0.854 0
0.849 0
0.863 0
0.863 0
0.863 0
0.849 0
0.72 0
0.863 0
0.658 0
0.72 0
0.863 0
0.828 0
0.727 0
0.828 0
0.727 1
0.815 0
0.828 0
0.727 0
0.727 0
0.658 1
0.923 0
0.84 51
0.481 79
0.52 67
0.743 53
0.751 81
0.881 77
0.662 63
0.861 76
0.608 74
0.486 71
0.7 63
0.603 0
0.856 0
0.856 3
0.693 66
0.856 0
0.856 1
0.804 0
0.672 65
0.539 67
0.604 52
0.804 0
0.874 0
0.874 0
0.856 0
0.856 0
0.804 0
0.486 0
0.833 0
0.841 1
0.841 0
0.923 3
0.898 0
0.851 1
0.874 0
0.898 0
0.486 0
0.841 0
0.757 0
0.833 0
0.757 0
0.874 0
0.874 0
0.923 0
0.898 0
0.833 0
0.486 0
0.486 0
0.818 0
0.903 0
0.868 77
0.628 79
0.639 72
0.72 78
0.789 75
0.719 69
0.841 84
0.585 76
0.636 71
0.945 68
0.859 50
0.77 79
0.575 75
0.731 0
0.595 79
0.731 0
0.69 61
0.664 65
0.871 2
0.633 63
0.752 63
0.92 0
0.756 1
0.586 74
0.764 0
0.871 0
0.624 0
0.622 5
0.92 0
0.713 0
0.537 0
0.92 1
0.792 1
0.914 1
0.771 0
0.622 66
0.864 0
0.792 5
0.732 0
0.737 0
0.792 0
0.914 0
0.792 0
0.743 0
0.929 0
0.771 0
0.863 0
0.863 0
0.934 0
0.566 0
0.884 71
0.554 75
0.699 65
0.74 73
0.783 0
0.833 70
0.651 61
0.634 77
0.667 67
0.877 67
0.684 63
0.737 64
0.777 60
0.853 65
0.696 57
0.742 63
0.833 81
0.845 66
0.736 2
0.822 2
0.85 67
0.845 2
0.553 62
0.847 0
0.847 0
0.845 0
0.507 0
0.764 0
0.907 1
0.789 0
0.571 0
0.764 0
0.69 0
0.764 0
0.759 4
0.764 0
0.892 0
0.658 1
0.764 0
0.764 1
0.764 0
0.764 0
0.884 0
0.648 0
0.85 0
0.764 0
0.901 0
0.892 0
0.848 0
0.759 1
0.734 46
0.795 72
0.708 76
0.802 74
0.805 75
0.924 80
0.628 56
0.561 67
0.939 68
0.759 69
0.61 75
0.764 75
0.964 75
0.577 69
0.733 80
0.734 65
0.558 51
0.866 51
0.86 75
0.898 69
0.906 66
0.849 73
0.862 82
0.533 54
0.932 61
0.839 65
0.683 64
0.732 74
0.818 84
0.705 73
0.684 59
0.64 72
0.985 55
0.789 59
0.898 67
0.803 61
0.782 83
0.751 60
0.839 66
0.729 0
0.729 0
0.729 0
0.788 68
0.474 1
0.797 79
0.474 0
0.692 1
0.823 1
0.752 0
0.752 0
0.874 73
0.781 75
0.655 55
0.693 69
0.932 63
0.744 77
0.693 66
0.575 72
0.942 76
0.857 76
0.715 76
0.84 69
0.977 61
0.876 64
0.929 63
0.848 76
0.501 53
0.748 72
0.744 66
0.846 46
0.819 59
0.642 62
0.737 75
0.689 61
0.738 79
0.861 56
0.59 78
0.669 64
0.697 70
0.794 72
0.764 65
0.88 53
0.898 58
0.855 75
0.875 68
0.622 66
0.774 0
0.718 0
0.787 74
0.605 0
0.621 65
0.703 0
0.859 0
0.875 0
0.842 0
0.842 0
0.842 0
0.703 0
0.703 0
0.834 0
0.558 70
0.374 57
0.874 80
0.699 70
0.648 65
0.931 70
0.586 68
0.883 73
0.739 69
0.749 47
0.764 56
0.607 60
0.849 70
0.837 2
0.837 0
0.609 0
0.831 0
0.609 0
0.831 4
0.785 0
0.785 0
0.785 0
0.609 0
0.831 0
0.785 0
0.785 0
0.785 0
0.785 0
0.796 0
0.785 0
0.785 1
0.785 0
0.785 0
0.785 0
0.785 0
0.785 0
0.785 1
0.785 0
0.925 0
0.785 0
0.785 1
0.785 0
0.785 0
0.785 0
0.785 0
0.785 0
0.775 0
0.785 0
0.615 0
0.785 0
0.913 76
0.834 72
0.936 47
0.681 78
0.811 73
0.911 66
0.63 62
0.678 65
0.764 63
0.782 69
0.896 48
0.714 52
0.875 0
0.749 44
0.726 0
0.672 0
0.875 0
0.875 0
0.759 56
0.84 0
0.724 0
0.84 0
0.812 0
0.812 0
0.741 65
0.878 71
0.879 0
0.609 0
0.609 0
0.609 0
0.609 0
0.609 0
0.609 2
0.609 0
0.609 0
0.879 0
0.609 0
0.812 0
0.812 0
0.798 1
0.847 0
0.864 1
0.88 0
0.88 0
0.77 0
0.798 1
0.88 0
0.717 0
0.853 0
0.798 0
0.552 67
0.808 78
0.768 77
0.557 51
0.592 65
0.492 72
0.725 67
0.738 68
0.831 58
0.526 74
0.642 63
0.689 64
0.712 70
0.697 71
0.651 63
0.786 65
0.869 71
0.992 53
0.845 67
0.964 57
0.671 0
0.877 71
0.671 0
0.648 73
0.738 69
0.671 1
0.715 1
0.846 69
0.541 56
0.825 59
0.672 0
0.726 0
0.672 1
0.725 0
0.757 61
0.69 68
0.849 0
0.849 0
0.511 52
0.849 0
0.849 0
0.849 0
0.934 55
0.729 74
0.635 61
0.724 0
0.849 0
0.652 60
0.888 0
0.798 0
0.659 56
0.594 64
0.635 75
0.782 76
0.815 76
0.626 47
0.564 61
0.846 66
0.699 67
0.804 65
0.662 69
0.757 65
0.687 60
0.809 73
0.575 69
0.733 73
0.841 77
0.855 76
0.671 1
0.822 66
0.816 44
0.715 68
0.849 0
0.635 63
0.776 0
0.776 0
0.91 75
0.776 0
0.813 66
0.849 0
0.849 0
0.849 0
0.756 69
0.829 0
0.882 0
0.761 0
0.882 0
0.849 0
0.882 0
0.888 4
0.882 1
0.829 1
0.722 0
0.849 0
0.854 0
0.761 0
0.889 0
0.599 0
0.732 0
0.853 2
0.718 72
0.449 61
0.564 68
0.817 42
0.644 71
0.46 74
0.649 59
0.742 65
0.518 62
0.862 78
0.719 73
0.786 73
0.915 73
0.678 64
0.864 64
0.718 69
0.936 77
0.688 70
0.792 61
0.793 75
0.912 41
0.483 74
0.548 61
0.683 60
0.766 72
0.514 67
0.578 73
0.647 46
0.717 64
0.886 73
0.687 74
0.757 69
0.915 62
0.806 51
0.901 59
0.713 76
0.642 65
0.793 1
0.781 72
0.804 76
0.835 0
0.848 60
0.711 62
0.835 0
0.642 73
0.793 0
0.793 0
0.835 0
0.771 0
0.894 0
0.645 70
0.814 59
0.8 46
0.707 67
0.822 73
0.66 65
0.538 71
0.818 43
0.66 69
0.636 42
0.735 51
0.775 67
0.752 59
0.717 77
0.858 0
0.895 75
0.824 57
0.7 71
0.71 65
0.823 60
0.563 57
0.624 71
0.607 61
0.838 64
0.651 62
0.657 56
0.77 65
0.489 72
0.642 68
0.733 66
0.692 63
0.918 51
0.892 74
0.75 0
0.659 58
0.75 1
0.826 0
0.75 0
0.75 0
0.764 0
0.798 69
0.717 0
0.75 0
0.804 2
0.974 2
0.728 0
0.816 73
0.911 0
0.764 0
0.87 0
0.686 72
0.491 68
0.607 61
0.761 44
0.839 64
0.708 67
0.634 50
0.651 65
0.788 74
0.497 68
0.838 56
0.463 75
0.858 62
0.743 64
0.789 67
0.785 61
0.709 68
0.693 64
0.933 41
0.754 48
0.719 0
0.929 63
0.786 72
0.915 68
0.609 56
0.793 58
0.684 0
0.589 62
0.684 0
0.684 0
0.641 0
0.799 0
0.546 63
0.799 0
0.649 60
0.799 0
0.702 68
0.799 1
0.649 60
0.724 0
0.75 0
0.74 0
0.799 0
0.799 0
0.963 66
0.956 71
0.927 71
0.824 0
0.785 65
0.678 0
0.879 58
0.839 0
0.5 62
0.667 62
0.789 0
0.839 67
0.907 0
0.631 45
0.893 57
0.851 65
0.51 77
0.653 65
0.809 74
0.78 67
0.645 58
0.756 47
0.883 60
0.699 59
0.954 75
0.488 39
0.743 69
0.847 48
0.796 66
0.661 62
0.818 53
0.756 0
0.218 55
0.848 55
0.756 0
0.838 0
0.819 54
0.767 0
0.715 0
0.693 0
0.693 0
0.715 0
0.838 0
0.693 0
0.683 0
0.838 0
0.767 0
0.683 0
0.958 1
0.853 0
0.683 0
0.767 0
0.767 0
0.767 0
0.767 0
0.767 3
0.691 61
0.731 63
0.727 76
0.74 63
0.831 69
0.583 54
0.778 68
0.806 63
0.892 59
0.837 65
0.745 56
0.612 61
0.861 63
0.724 67
0.624 53
0.653 68
0.596 51
0.939 63
0.527 54
0.621 54
0.907 60
0.714 47
0.524 62
0.752 70
0.889 59
0.841 56
0.847 31
0.96 74
0.703 66
0.712 60
0.764 61
0.963 68
0.77 60
0.792 1
0.845 3
0.813 0
0.813 0
0.743 0
0.845 0
0.788 0
0.845 0
0.951 0
0.788 0
0.545 2
0.788 0
0.788 0
0.788 0
0.7 0
0.545 0
0.693 0
0.579 70
0.372 56
0.601 38
0.0971 44
0.442 42
0.2 37
0.427 44
0.267 47
0.66 44
0.56 2
0.508 37
0.651 44
0.572 50
0.271 45
0.306 47
0.497 20
0.251 22
0.497 20
0.204 46
0.461 50
0.919 23
0.508 47
0.271 42
0.47 21
0.902 20
0.34 19
0.389 44
0.501 17
0.289 45
0.899 20
0.916 19
0.611 45
0.418 42
0.985 22
0.919 26
0.722 20
0.978 21
0.49 5
0.995 20
0.791 18
0.981 26
0.98 19
0.989 18
0.956 22
0.599 19
0.599 21
0.538 29
0.931 18
0.352 18
0.754 18
0.128 36
0.462 0
0.67 36
0.0512 41
0.192 0
0.0372 17
0.368 16
0.507 43
0.547 43
0.145 45
0.222 17
0.239 36
0.622 9
0.249 0
0.254 44
0.442 0
0.27 0
0.452 42
0.187 0
0.229 0
0.179 17
0.708 16
0.261 18
0.137 0
0.589 15
0.459 15
0.319 0
0.797 16
0.423 18
0.732 16
0.74 16
0.251 15
0.257 19
0.523 16
0.138 44
0.718 16
0.952 17
0.994 16
0.899 17
0.998 17
0.164 18
0.86 16
0.613 39
0.958 17
0.925 17
0.744 16
0.972 16
0.82 19
0.917 16
0.79 16
0.156 37
0.44 41
0.418 0
0.136 25
0.877 36
0.538 15
0.739 16
0.159 15
0.388 41
0.255 0
0.41 14
0.323 0
0.852 16
0.208 16
0.291 0
0.253 0
0.522 36
0.58 15
0.536 14
0.73 15
0.755 15
0.622 15
0.524 16
0.146 15
0.614 14
0.452 39
0.821 15
0.487 15
0.375 15
0.411 15
0.652 38
0.414 16
0.964 16
0.29 16
0.998 16
0.803 14
0.968 16
0.663 15
0.926 18
0.976 15
0.762 37
0.156 18
0.341 18
0.591 37
0.708 18
0.524 16
0.726 16
0.996 16
0.994 16
0.48 14
0.418 34
0.464 37
0.569 31
0.0866 36
0.62 38
0.366 39
0.92 48
0.636 35
0.587 15
0.58 41
0.271 13
0.265 13
0.487 15
0.495 13
0.25 15
0.93 14
0.621 46
0.547 15
0.345 12
0.492 14
0.772 15
0.37 16
0.416 14
0.864 16
0.634 15
0.52 14
0.598 15
0.692 15
0.44 16
0.676 15
0.978 14
0.187 16
0.509 15
0.219 15
0.277 33
0.669 14
0.686 15
0.927 16
0.116 16
0.532 14
0.116 18
0.676 35
0.834 16
0.949 16
0.713 15
0.776 14
0.29 15
0.994 15
0.378 16
0.976 14
0.192 36
0.512 37
0.763 30
0.335 31
0.722 36
0.106 14
0.789 13
0.588 40
0.483 43
0.168 13
0.813 13
0.468 12
0.61 42
0.47 13
0.78 13
0.953 13
0.326 13
0.858 39
0.734 41
0.79 12
0.595 12
0.959 13
0.659 12
0.484 14
0.49 14
0.913 13
0.304 13
0.972 15
0.228 13
0.633 16
0.636 13
0.492 13
0.315 12
0.505 12
0.841 13
0.273 14
0.444 13
0.838 14
0.6 13
0.796 38
0.111 14
0.568 15
0.394 14
0.647 13
0.776 16
0.591 15
0.505 14
0.588 13
0.812 15
0.449 13
0.314 30
0.557 27
0.913 32
0.993 25
0.153 13
0.397 12
0.458 12
0.177 30
0.328 13
0.446 33
0.316 13
0.881 35
0.366 39
0.238 38
0.215 39
0.767 12
0.875 14
0.494 14
0.661 43
0.336 12
0.845 13
0.7 13
0.679 12
0.442 13
0.319 14
0.555 14
0.197 12
0.305 14
0.533 12
0.549 12
0.604 12
0.585 14
0.979 43
0.804 12
0.882 11
0.643 13
0.695 14
0.0964 15
0.81 16
0.975 13
0.721 14
0.981 13
0.712 12
0.369 14
0.754 14
0.631 15
0.324 14
0.54 14
0.711 12
0.931 13
0.394 34
0.601 33
0.311 32
0.373 39
0.747 40
0.613 12
0.483 13
0.545 35
0.377 11
0.953 38
0.376 40
0.893 13
0.682 13
0.967 12
0.676 37
0.589 40
0.271 12
0.937 13
0.864 38
0.345 13
0.727 12
0.712 37
0.343 32
0.358 12
0.729 13
0.541 13
0.679 12
0.0606 11
0.58 13
0.402 13
0.906 11
0.34 12
0.349 12
0.0284 12
0.58 14
0.248 11
0.784 14
0.62 13
0.98 14
0.696 13
0.614 14
0.259 13
0.812 14
0.558 13
0.771 13
0.601 15
0.41 13
0.565 13
0.576 14
0.847 13
0.375 36
0.207 37
0.231 12
0.223 12
0.244 11
0.421 11
0.554 11
0.118 41
0.236 12
0.754 13
0.383 11
0.543 12
0.645 11
0.668 12
0.276 12
0.661 12
0.754 12
0.476 11
0.806 12
0.625 12
0.957 12
0.436 11
0.617 11
0.931 11
0.863 11
0.228 12
0.469 12
0.896 12
0.68 13
0.0454 13
0.481 13
0.564 11
0.773 12
0.97 14
0.792 12
0.472 13
0.404 12
0.367 12
0.555 13
0.145 11
0.632 11
0.691 12
0.166 13
0.462 13
0.835 12
0.837 11
0.39 14
0.675 13
0.811 13
0.413 11
0.251 37
0.479 35
0.671 11
0.662 39
0.511 36
0.961 45
0.633 41
0.297 10
0.964 34
0.409 11
0.218 12
0.849 39
0.752 11
0.899 12
0.658 31
0.137 10
0.375 10
0.322 10
0.731 34
0.459 11
0.567 10
0.689 13
0.872 38
0.281 10
0.97 11
0.977 14
0.687 12
0.59 10
0.0342 12
0.575 12
0.231 13
0.702 11
0.674 35
0.24 10
0.258 12
0.681 12
0.859 11
0.93 13
0.594 13
0.92 11
0.571 13
0.634 11
0.901 12
0.995 12
0.796 10
0.634 12
0.961 12
0.92 11
0.93 11
0.96 12
0.447 26
0.892 33
0.0882 12
0.937 31
0.686 30
0.691 11
0.938 11
0.295 36
0.555 11
0.0701 11
0.137 35
0.709 12
0.524 12
0.686 12
0.856 12
0.974 11
0.893 12
0.433 13
0.221 11
0.572 12
0.156 11
0.22 13
0.586 11
0.0771 11
0.88 12
0.461 11
0.239 12
0.865 12
0.401 12
0.528 11
0.372 11
0.359 11
0.399 11
0.456 12
0.986 12
0.266 11
0.599 13
0.819 11
0.907 13
0.0697 11
0.851 12
0.77 12
0.289 11
0.65 12
0.821 12
0.743 12
0.926 12
0.523 12
0.504 13
0.525 11
0.259 26
0.522 25
0.578 11
0.786 11
0.204 11
0.597 10
0.0662 10
0.358 9
0.535 9
0.0734 10
0.738 11
0.23 9
0.329 22
0.0809 11
0.119 10
0.136 9
0.53 10
0.39 12
0.555 13
0.206 10
0.743 10
0.711 11
0.588 10
0.155 41
0.252 10
0.615 10
0.651 10
0.917 10
0.75 39
0.32 13
0.662 10
0.673 10
0.452 13
0.906 12
0.577 10
0.85 12
0.932 11
0.601 10
0.00655 11
0.667 13
0.87 11
0.911 11
0.518 11
0.325 10
0.811 11
0.609 12
0.415 13
0.628 12
0.501 11
0.69 10
0.21 37
0.621 33
0.619 33
0.737 34
0.127 33
0.533 35
0.36 11
0.942 10
0.153 12
0.16 10
0.552 10
0.895 11
0.331 40
0.839 10
0.498 11
0.905 10
0.227 10
0.848 10
0.613 10
0.327 10
0.341 9
0.25 10
0.423 11
0.417 11
0.886 9
0.63 10
0.917 10
0.142 10
0.632 37
0.746 9
0.277 10
0.309 12
0.0126 11
0.876 10
0.919 9
0.791 11
0.672 9
0.694 10
0.292 10
0.407 10
0.828 12
0.923 11
0.524 9
0.51 11
0.761 12
0.533 11
0.863 11
0.457 12
0.751 10
0.832 12
0.508 29
0.288 27
0.22 29
0.655 27
0.656 31
0.519 36
0.496 30
0.206 10
0.585 30
0.528 11
0.32 10
0.388 11
0.519 10
0.594 33
0.458 11
0.896 10
0.831 11
0.959 34
0.566 10
0.145 33
0.651 10
0.224 10
0.602 10
0.532 10
0.388 9
0.957 10
0.26 10
0.35 10
0.562 10
0.269 10
0.13 10
0.898 10
0.621 9
0.418 11
0.907 11
0.632 10
0.648 11
0.433 11
0.904 10
0.458 10
0.911 9
0.76 12
0.867 12
0.661 13
0.777 12
0.857 10
0.844 11
0.994 10
0.685 10
0.891 12
0.263 27
0.44 27
0.656 31
0.677 20
0.529 29
0.758 30
0.613 10
0.483 11
0.016 10
0.557 10
0.278 10
0.549 9
0.712 37
0.336 11
0.955 10
0.363 10
0.348 11
0.495 10
0.425 11
0.945 12
0.43 10
0.808 10
0.702 37
0.466 10
0.505 29
0.597 11
0.571 10
0.458 10
0.978 12
0.11 11
0.592 12
0.531 12
0.461 11
0.991 12
0.525 10
0.598 10
0.587 9
0.566 10
0.494 10
0.702 10
0.848 11
0.453 10
0.094 10
0.091 10
0.751 11
0.407 10
0.915 11
0.724 10
0.994 11
0.981 9
0.408 26
0.415 28
0.605 36
0.175 10
0.394 27
0.198 9
0.996 11
0.138 10
0.282 10
0.829 10
0.512 11
0.687 10
0.179 9
0.406 11
0.707 10
0.676 37
0.477 10
0.778 11
0.315 9
0.428 10
0.246 10
0.377 10
0.679 10
0.51 10
0.699 11
0.292 10
0.895 10
0.774 10
0.464 11
0.259 11
0.325 10
0.746 11
0.603 11
0.658 10
0.0811 11
0.113 10
0.0697 10
0.0691 9
0.704 12
0.0288 10
0.222 11
0.758 9
0.602 11
0.327 9
0.681 10
0.325 11
0.368 11
0.532 9
0.242 11
0.421 10
0.876 41
0.845 31
0.206 36
0.461 38
0.049 33
0.289 10
0.194 35
0.478 10
0.726 10
0.788 10
0.987 10
0.546 10
0.365 37
0.0465 10
0.487 9
0.498 12
0.881 9
0.625 9
0.696 8
0.16 8
0.402 7
0.973 11
0.0859 10
0.189 10
0.442 10
0.672 10
0.343 10
0.253 11
0.47 9
0.69 31
0.334 10
0.657 12
0.272 10
0.709 10
0.253 11
0.654 10
0.198 10
0.527 11
0.83 10
0.728 9
0.233 10
0.317 10
0.073 9
0.591 12
0.609 7
0.341 11
0.538 10
0.885 12
0.964 12
0.571 12
0.715 29
0.555 24
0.277 34
0.549 8
0.77 9
0.36 8
0.351 7
0.394 9
0.588 9
0.509 37
0.304 9
0.0713 9
0.212 8
0.063 8
0.144 8
0.303 8
0.0314 8
0.663 8
0.224 8
0.931 8
0.907 10
0.852 9
0.805 8
0.738 11
0.574 8
0.731 10
0.517 9
0.526 9
0.679 9
0.0511 11
0.255 8
0.456 8
0.569 9
0.715 11
0.525 8
0.34 10
0.823 11
0.583 12
0.678 10
0.255 8
0.386 8
0.00129 10
0.951 8
0.334 10
0.262 8
0.754 12
0.745 11
0.939 7
0.996 11
0.885 8
0.587 27
0.381 33
0.706 8
0.316 11
0.0361 9
0.526 11
0.694 7
0.216 9
0.614 9
0.499 37
0.406 11
0.847 11
0.802 35
0.406 33
0.564 8
0.264 8
0.624 10
0.644 11
0.4 8
0.418 33
0.513 8
0.759 8
0.117 11
0.88 11
0.936 8
0.979 10
0.918 11
0.286 10
0.492 10
0.926 10
0.664 11
0.981 10
0.949 10
0.314 10
0.857 10
0.924 10
0.878 11
0.735 11
0.848 10
0.611 10
0.884 10
0.93 10
0.882 10
0.794 11
0.802 10
0.903 10
0.831 10
0.1 11
0.961 11
0.6 8
0.843 30
0.734 29
0.552 36
0.76 7
0.122 8
0.613 8
0.694 7
0.148 7
0.773 9
0.171 9
0.945 41
0.464 9
0.472 9
0.197 8
0.674 8
0.743 8
0.195 9
0.0639 9
0.808 8
0.423 8
0.652 9
0.293 8
0.532 8
0.486 8
0.996 32
0.963 8
0.395 8
0.376 9
0.391 8
0.00201 9
0.722 9
0.357 9
0.502 8
0.6 8
0.182 9
0.96 9
0.157 9
0.86 8
0.603 8
0.127 9
0.288 8
0.552 8
0.67 8
0.621 9
0.388 8
0.606 8
0.565 7
0.975 9
0.665 7
0.911 8
0.374 33
0.981 18
0.41 8
0.119 9
0.444 8
0.658 7
0.736 8
0.163 9
0.333 8
0.617 9
0.882 8
0.748 8
0.595 9
0.634 8
0.721 8
0.282 8
0.252 8
0.853 8
0.26 9
0.273 8
0.256 8
0.702 8
0.651 8
0.91 9
0.404 10
0.482 8
0.961 11
0.717 8
0.483 8
0.526 8
0.672 9
0.599 8
0.704 10
0.376 9
0.902 9
0.052 8
0.705 10
0.875 8
0.573 8
0.569 9
0.0408 10
0.654 10
0.0951 9
0.334 11
0.828 10
0.938 8
0.774 11
0.824 9
0.615 11
0.851 9
0.294 71
0.574 88
0.669 73
0.46 70
0.532 71
0.497 70
0.606 51
0.538 74
0.721 79
0.55 73
0.91 70
0.796 74
0.418 69
0.788 70
0.555 74
0.468 74
0.124 76
0.758 75
0.461 68
0.349 72
0.699 54
0.859 69
0.493 72
0.94 50
0.574 66
0.581 73
0.75 54
0.227 70
0.606 60
0.631 70
0.481 75
0.573 77
0.929 74
0.596 32
0.299 70
0.729 62
0.202 70
0.929 54
0.736 72
0.796 57
0.728 16
0.595 19
0.588 35
0.924 12
0.73 13
0.939 9
0.709 20
0.934 15
0.698 14
0.938 11
0.609 63
0.767 66
0.695 67
0.667 68
0.817 67
0.522 67
0.341 68
0.422 63
0.721 69
0.744 65
0.815 64
0.449 66
0.752 64
0.778 67
0.601 64
0.798 66
0.904 64
0.562 70
0.579 65
0.223 68
0.638 64
0.699 64
0.654 68
0.841 66
0.967 68
0.475 68
0.516 64
0.9 66
0.473 63
0.798 69
0.349 66
0.445 66
0.336 68
0.932 65
0.566 64
0.283 62
0.788 66
0.634 66
0.752 65
0.159 64
0.954 65
0.412 65
0.455 62
0.601 67
0.456 68
0.643 66
0.899 67
0.372 64
0.758 64
0.293 68
0.787 62
0.543 61
0.345 63
0.837 63
0.446 63
0.477 61
0.746 61
0.412 63
0.683 60
0.6 63
0.695 61
0.669 64
0.522 62
0.9 61
0.581 64
0.522 63
0.752 62
0.769 62
0.612 63
0.904 62
0.791 62
0.671 61
0.944 64
0.148 61
0.884 63
0.959 62
0.268 62
0.56 62
0.638 62
0.46 63
0.55 60
0.593 63
0.921 61
0.432 61
0.443 62
0.816 62
0.736 63
0.941 63
0.68 62
0.695 64
0.44 62
0.788 61
0.441 62
0.703 59
0.599 61
0.83 65
0.595 63
0.473 62
0.0762 63
0.654 63
0.332 59
0.712 60
0.664 59
0.475 59
0.435 60
0.718 61
0.563 59
0.873 61
0.209 57
0.859 60
0.369 59
0.898 59
0.859 59
0.867 60
0.757 60
0.481 58
0.792 60
0.419 59
0.768 60
0.313 58
0.742 59
0.3 59
0.747 59
0.44 58
0.418 58
0.701 59
0.55 60
0.681 60
0.103 58
0.737 59
0.452 60
0.344 60
0.588 60
0.665 58
0.528 61
0.919 60
0.342 59
0.449 60
0.736 59
0.93 60
0.308 59
0.556 61
0.305 58
0.899 59
0.982 60
0.488 59
0.91 59
0.63 59
0.596 59
0.562 59
0.508 57
0.694 57
0.663 59
0.837 57
0.833 57
0.639 59
0.111 57
0.738 58
0.236 58
0.268 58
0.668 60
0.626 57
0.734 58
0.633 58
0.929 59
0.773 57
0.178 55
0.222 58
0.463 57
0.314 58
0.655 56
0.325 57
0.459 56
0.622 57
0.33 57
0.539 57
0.889 58
0.863 56
0.487 56
0.477 57
0.91 58
0.439 58
0.326 56
0.48 57
0.415 57
0.578 57
0.664 56
0.33 56
0.914 59
0.517 54
0.867 57
0.634 59
0.391 58
0.427 57
0.0664 56
0.466 56
0.635 56
0.497 58
0.55 58
0.544 57
0.526 55
0.8 55
0.46 53
0.486 54
0.763 56
0.686 55
0.72 56
0.251 56
0.637 53
0.706 56
0.938 57
0.66 56
0.451 54
0.423 55
0.829 57
0.622 59
0.694 55
0.143 54
0.566 56
0.873 56
0.562 56
0.391 54
0.397 56
0.451 55
0.448 56
0.629 56
0.973 55
0.636 54
0.816 56
0.376 55
0.917 56
0.846 55
0.836 67
0.745 57
0.396 55
0.924 54
0.742 58
0.519 55
0.297 53
0.311 54
0.442 55
0.546 56
0.638 54
0.362 54
0.403 55
0.356 56
0.557 56
0.906 55
0.457 54
0.894 55
0.454 54
0.474 52
0.47 54
0.41 53
0.643 56
0.791 32
0.579 40
0.254 54
0.678 53
0.811 54
0.921 53
0.404 55
0.769 54
0.611 53
0.299 56
0.464 54
0.0901 55
0.249 52
0.942 55
0.417 52
0.327 53
0.291 53
0.393 53
0.934 53
0.925 56
0.461 53
0.652 56
0.654 54
0.947 55
0.104 53
0.496 53
0.537 55
0.816 53
0.535 53
0.237 54
0.93 54
0.128 53
0.947 54
0.709 54
0.924 54
0.546 54
0.543 54
0.372 54
0.372 54
0.788 56
0.518 54
0.753 54
0.505 52
0.399 53
0.788 54
0.9 52
0.406 52
0.821 57
0.505 52
0.718 52
0.587 53
0.636 52
0.152 53
0.907 53
0.806 52
0.508 52
0.462 51
0.123 51
0.44 52
0.558 54
0.435 50
0.676 54
0.86 54
0.694 53
0.512 52
0.432 53
0.795 52
0.418 53
0.402 51
0.386 52
0.48 52
0.694 53
0.956 53
0.298 52
0.336 52
0.867 52
0.821 51
0.486 52
0.277 51
0.532 53
0.821 53
0.28 51
0.474 52
0.159 52
0.654 53
0.854 51
0.41 52
0.6 51
0.318 53
0.356 51
0.492 51
0.79 52
0.878 55
0.468 51
0.746 51
0.668 52
0.604 51
0.625 52
0.378 50
0.691 20
0.293 50
0.387 50
0.634 51
0.468 38
0.559 51
0.356 49
0.951 53
0.419 51
0.604 51
0.77 50
0.675 50
0.24 50
0.664 50
0.483 52
0.293 50
0.424 50
0.388 50
0.396 50
0.97 51
0.302 50
0.387 50
0.719 51
0.174 49
0.834 51
0.921 52
0.701 51
0.522 52
0.632 51
0.553 50
0.819 51
0.56 53
0.419 51
0.187 52
0.867 52
0.671 53
0.7 50
0.895 50
0.414 51
0.479 51
0.304 49
0.37 51
0.309 49
0.631 50
0.344 50
0.835 0
0.465 51
0.435 50
0.954 48
0.661 50
0.504 49
0.821 50
0.327 49
0.561 50
0.533 49
0.828 50
0.468 49
0.137 48
0.374 51
0.975 49
0.486 48
0.451 49
0.9 49
0.328 50
0.787 50
0.769 48
0.642 51
0.489 50
0.743 48
0.684 49
0.368 49
0.195 48
0.57 50
0.548 49
0.838 49
0.339 49
0.145 49
0.779 50
0.845 50
0.535 48
0.618 48
0.7 50
0.421 49
0.921 49
0.209 7
0.812 51
0.748 51
0.267 50
0.767 49
0.505 50
0.803 51
0.42 51
0.269 49
0.903 50
0.746 50
0.408 48
0.792 49
0.561 48
0.518 51
0.767 47
0.687 48
0.469 47
0.112 46
0.835 47
0.829 49
0.491 48
0.104 50
0.781 47
0.891 48
0.401 49
0.823 48
0.267 47
0.728 49
0.204 48
0.285 48
0.634 49
0.824 48
0.671 48
0.787 48
0.535 49
0.423 48
0.685 49
0.671 48
0.797 49
0.415 49
0.812 50
0.354 47
0.556 48
0.307 48
0.358 48
0.718 49
0.602 47
0.361 49
0.815 47
0.291 50
0.153 47
0.393 48
0.892 48
0.909 49
0.861 48
0.291 47
0.276 47
0.384 47
0.562 48
0.524 49
0.612 48
0.548 47
0.555 48
0.424 50
0.484 48
0.285 49
0.0977 46
0.342 47
0.306 47
0.586 48
0.598 47
0.224 46
0.822 47
0.709 47
0.819 47
0.553 47
0.575 47
0.632 47
0.519 48
0.788 49
0.474 47
0.797 47
0.939 47
0.568 47
0.899 51
0.849 47
0.532 48
0.537 49
0.743 46
0.297 47
0.334 47
0.55 48
0.487 46
0.278 48
0.229 47
0.778 46
0.703 45
0.266 48
0.617 46
0.554 49
0.608 46
0.518 47
0.464 48
0.696 0
0.696 0
0.696 2
0.351 46
0.696 1
0.536 46
0.651 48
0.666 47
0.378 49
0.634 46
0.114 46
0.644 46
0.892 46
0.615 45
0.599 46
0.825 46
0.336 44
0.524 47
0.484 47
0.475 46
0.878 47
0.388 45
0.496 47
0.318 46
0.783 49
0.373 45
0.756 47
0.871 46
0.918 48
0.499 47
0.681 46
0.427 45
0.675 46
0.72 49
0.579 47
0.335 45
0.674 48
0.896 48
0.622 46
0.717 46
0.557 46
0.432 47
0.914 46
0.889 46
0.67 46
0.449 45
0.624 46
0.167 47
0.145 46
0.581 49
0.458 45
0.308 46
0.808 48
0.943 48
0.802 44
0.527 47
0.23 46
0.722 47
0.678 46
0.316 51
0.395 0
0.351 46
0.576 45
0.222 0
0.423 0
0.215 46
0.695 15
0.667 46
0.666 47
0.258 0
0.371 45
0.565 45
0.56 46
0.61 0
0.687 15
0.716 2
0.344 4
0.813 2
0.696 0
0.682 47
0.453 3
0.325 47
0.339 0
0.476 47
0.77 45
0.273 47
0.737 47
0.281 45
0.516 46
0.397 0
0.694 1
0.799 46
0.814 46
0.73 46
0.38 46
0.457 44
0.413 45
0.396 47
0.535 46
0.162 45
0.28 46
0.916 47
0.559 45
0.47 45
0.703 45
0.807 45
0.148 45
0.826 46
0.481 45
0.432 45
0.459 45
0.431 46
0.264 45
0.694 46
0.315 44
0.918 48
0.429 44
0.402 44
0.317 46
0.953 47
0.933 45
0.525 52
0.736 45
0.428 44
0.376 45
0.387 45
0.367 44
0.452 47
0.479 45
0.822 47
0.508 46
0.527 44
0.312 45
0.11 44
0.747 45
0.574 47
0.743 45
0.385 46
0.41 45
0.564 48
0.575 44
0.518 44
0.101 45
0.215 44
0.214 44
0.425 44
0.543 44
0.231 44
0.13 45
0.274 46
0.53 45
0.418 44
0.481 44
0.207 44
0.65 45
0.779 46
0.776 47
0.681 43
0.586 44
0.665 44
0.236 44
0.362 42
0.234 43
0.316 43
0.255 44
0.627 46
0.125 43
0.314 44
0.538 43
0.236 43
0.123 44
0.817 46
0.566 48
0.787 45
0.33 45
0.69 45
0.48 44
0.0665 43
0.548 44
0.7 44
0.157 43
0.701 45
0.829 45
0.607 44
0.419 47
0.234 45
0.481 44
0.747 44
0.413 46
0.37 44
0.269 44
0.679 44
0.48 44
0.516 44
0.193 44
0.906 47
0.576 44
0.639 43
0.493 46
0.402 44
0.0441 44
0.497 45
0.445 46
0.616 45
0.964 47
0.728 45
0.597 44
0.952 43
0.923 44
0.68 42
0.39 51
0.678 47
0.783 4
0.563 44
0.576 43
0.477 43
0.823 44
0.471 43
0.866 51
0.888 43
0.56 43
0.545 44
0.632 45
0.324 43
0.414 44
0.632 44
0.675 42
0.408 42
0.602 44
0.417 43
0.987 43
0.929 46
0.712 43
0.456 44
0.618 44
0.505 43
0.926 45
0.763 44
0.621 44
0.379 44
0.85 43
0.859 45
0.71 43
0.552 44
0.327 43
0.384 43
0.218 43
0.972 46
0.406 43
0.214 43
0.795 44
0.44 44
0.846 44
0.301 43
0.588 43
0.812 47
0.523 43
0.559 43
0.429 43
0.866 44
0.306 43
0.454 44
0.648 41
0.35 49
0.411 44
0.703 41
0.499 43
0.424 43
0.745 42
0.32 41
0.899 42
0.44 45
0.661 44
0.508 43
0.482 45
0.764 44
0.699 44
0.559 42
0.492 43
0.943 41
0.394 45
0.951 43
0.846 46
0.376 43
0.911 43
0.396 41
0.896 46
0.247 43
0.387 41
0.703 42
0.442 41
0.668 46
0.08 43
0.859 42
0.431 42
0.205 41
0.923 43
0.62 42
0.485 42
0.329 44
0.651 43
0.508 43
0.119 42
0.762 41
0.898 43
0.88 53
0.481 42
0.844 42
0.456 42
0.755 42
0.468 47
0.541 42
0.519 42
0.441 44
0.674 44
0.389 42
0.424 42
0.405 41
0.152 44
0.312 41
0.212 41
0.482 43
0.673 43
0.595 44
0.684 42
0.309 41
0.386 42
0.23 43
0.376 42
0.219 41
0.45 41
0.284 42
0.405 41
0.307 43
0.708 40
0.178 42
0.249 41
0.821 43
0.376 42
0.561 41
0.488 43
0.985 42
0.496 41
0.781 40
0.442 42
0.48 43
0.85 45
0.92 43
0.642 41
0.209 41
0.898 58
0.896 43
0.839 41
0.695 0
0.277 43
0.804 44
0.511 42
0.438 43
0.891 42
0.518 42
0.625 41
0.339 41
0.832 41
0.471 40
0.395 40
0.813 41
0.463 41
0.762 43
0.407 40
0.84 41
0.941 41
0.503 41
0.733 41
0.711 43
0.328 40
0.558 42
0.495 42
0.358 41
0.399 41
0.593 41
0.732 41
0.872 41
0.296 42
0.746 41
0.372 41
0.259 42
0.615 42
0.767 39
0.432 46
0.79 40
0.524 41
0.243 40
0.303 41
0.3 40
0.398 42
0.531 40
0.743 44
0.548 41
0.711 45
0.533 40
0.525 44
0.553 39
0.265 40
0.441 42
0.661 40
0.837 42
0.335 43
0.353 43
0.508 57
0.593 81
0.428 63
0.467 84
0.525 85
0.345 63
0.371 66
0.488 78
0.718 61
0.446 63
0.63 80
0.731 79
0.664 83
0.695 67
0.488 79
0.497 70
0.669 73
0.477 61
0.525 83
0.586 76
0.667 68
0.597 79
0.663 59
0.412 63
0.251 59
0.768 74
0.449 66
0.817 67
0.669 64
0.55 74
0.435 60
0.525 88
0.299 61
0.473 63
0.8 86
0.423 77
0.593 63
0.606 79
0.344 60
0.56 62
0.342 59
0.752 65
0.305 58
0.475 61
0.443 62
0.703 59
0.391 58
0.642 76
0.165 68
0.339 65
0.619 81
0.941 86
0.4 78
0.526 55
0.763 56
0.627 77
0.79 73
0.327 77
0.428 83
0.5 59
0.639 59
0.111 57
0.479 78
0.734 58
0.674 78
0.519 55
0.671 77
0.863 56
0.652 56
0.608 83
0.789 69
0.546 56
0.621 72
0.903 77
0.817 5
0.791 0
0.525 0
0.525 1
0.525 0
0.525 0
0.525 2
0.525 0
0.791 2
0.525 0
0.525 1
0.525 0
0.718 0
0.525 1
0.415 0
0.525 0
0.75 0
0.642 0
0.525 0
0.75 0
0.648 1
0.816 4
0.802 0
0.804 0
0.518 0
0.648 2
0.366 80
0.553 69
0.683 80
0.399 76
0.696 62
0.907 57
0.587 53
0.836 77
0.778 63
0.643 56
0.511 75
0.546 53
0.518 73
0.662 79
0.61 76
0.678 53
0.44 52
0.636 52
0.391 54
0.611 53
0.299 56
0.518 54
0.676 54
0.558 54
0.508 52
0.538 54
0.393 53
0.356 51
0.834 55
0.611 70
0.546 54
0.929 79
0.652 82
0.104 53
0.56 53
0.947 55
0.947 54
0.442 55
0.403 55
0.611 69
0.797 82
0.159 54
0.79 52
0.902 79
0.511 1
0.511 0
0.555 2
0.373 1
0.373 2
0.555 0
0.491 77
0.435 50
0.551 75
0.558 80
0.587 55
0.537 84
0.912 76
0.44 73
0.29 57
0.9 52
0.534 74
0.577 78
0.625 52
0.751 74
0.33 72
0.828 50
0.595 85
0.336 52
0.374 51
0.437 71
0.285 49
0.51 53
0.626 77
0.58 72
0.97 51
0.455 73
0.777 71
0.26 53
0.406 69
0.277 51
0.242 54
0.967 54
0.489 50
0.656 66
0.57 50
0.872 78
0.7 50
0.247 50
0.7 50
0.352 63
0.554 49
0.683 0
0.382 69
0.267 50
0.55 0
0.55 0
0.854 0
0.184 0
0.894 0
0.894 0
0.652 76
0.178 76
0.657 63
0.424 50
0.823 76
0.561 48
0.627 53
0.742 81
0.452 75
0.781 47
0.438 80
0.716 62
0.829 49
0.44 75
0.471 68
0.869 46
0.707 65
0.688 75
0.104 50
0.386 50
0.423 48
0.178 52
0.583 69
0.204 48
0.936 73
0.824 48
0.429 76
0.27 68
0.685 49
0.323 70
0.564 48
0.568 47
0.537 49
0.674 73
0.358 48
0.716 68
0.675 72
0.526 79
0.822 83
0.635 71
0.464 48
0.264 49
0.732 73
0.941 1
0.394 47
0.696 3
0.945 0
0.696 0
0.945 1
0.696 0
0.677 67
0.771 71
0.0167 80
0.517 55
0.367 74
0.732 66
0.392 48
0.812 68
0.954 48
0.417 56
0.484 48
0.555 48
0.871 83
0.417 67
0.415 71
0.271 74
0.45 70
0.771 57
0.474 67
0.499 47
0.579 47
0.72 49
0.59 72
0.432 47
0.448 50
0.522 51
0.53 68
0.582 0
0.402 0
0.274 0
0.318 0
0.323 0
0.899 0
0.274 0
0.323 0
0.659 0
0.659 0
0.659 0
0.659 0
0.567 0
0.318 0
0.803 0
0.803 0
0.567 0
0.33 0
0.663 0
0.663 0
0.803 0
0.33 0
0.803 0
0.551 76
0.548 47
0.783 4
0.431 46
0.514 66
0.687 48
0.599 46
0.75 64
0.22 50
0.767 47
0.585 73
0.521 49
0.666 47
0.514 62
0.441 70
0.426 49
0.639 42
0.496 47
0.682 47
0.476 47
0.321 50
0.659 59
0.627 61
0.55 40
0.419 47
0.602 47
0.58 46
0.703 45
0.807 40
0.502 69
0.158 46
0.491 42
0.483 71
0.616 45
0.652 60
0.582 2
0.586 79
0.687 1
0.515 0
0.498 0
0.582 0
0.496 0
0.7 3
0.496 0
0.7 0
0.7 0
0.364 0
0.496 0
0.496 0
0.7 0
0.968 68
0.481 45
0.704 70
0.552 67
0.778 73
0.268 60
0.493 52
0.264 45
0.634 46
0.936 79
0.39 51
0.408 67
0.892 46
0.525 47
0.215 46
0.429 44
0.504 65
0.472 79
0.566 48
0.817 46
0.392 73
0.317 46
0.727 62
0.452 47
0.394 45
0.668 47
0.297 47
0.508 46
0.31 73
0.701 45
0.621 44
0.333 48
0.66 72
0.876 83
0.543 79
0.515 65
0.912 0
0.486 1
0.288 49
0.705 0
0.705 0
0.753 0
0.753 0
0.753 0
0.753 0
0.705 0
0.753 0
0.569 1
0.753 0
0.28 0
0.408 76
0.718 44
0.28 48
0.708 75
0.471 43
0.123 44
0.632 45
0.5 65
0.849 46
0.817 72
0.656 60
0.924 80
0.17 47
0.859 45
0.533 65
0.379 44
0.369 64
0.618 44
0.307 43
0.48 43
0.727 68
0.44 44
0.604 0
0.753 0
0.372 0
0.753 0
0.753 0
0.818 0
0.765 0
0.753 0
0.753 1
0.753 0
0.177 1
0.753 0
0.508 0
0.753 0
0.791 0
0.648 1
0.648 0
0.648 0
0.177 1
0.429 0
0.429 0
0.634 0
0.648 0
0.319 0
0.648 1
0.206 0
0.53 0
0.206 0
0.267 79
0.691 63
0.877 76
0.759 68
0.35 49
0.2 45
0.37 68
0.486 59
0.411 46
0.468 47
0.499 43
0.348 47
0.427 47
0.296 48
0.137 69
0.152 44
0.44 45
0.562 70
0.364 65
0.855 84
0.732 61
0.739 59
0.582 66
0.281 48
0.499 53
0.465 65
0.473 72
0.494 63
0.271 47
0.651 43
0.508 43
0.639 60
0.535 59
0.781 71
0.712 69
0.436 1
0.916 1
0.916 0
0.748 0
0.165 0
0.818 0
0.303 1
0.818 0
0.757 0
0.773 0
0.757 0
0.818 0
0.773 0
0.818 0
0.773 0
0.67 67
0.338 72
0.35 46
0.905 82
0.234 43
0.708 67
0.215 47
0.622 68
0.313 50
0.775 48
0.738 68
0.432 46
0.266 65
0.613 59
0.441 66
0.269 63
0.547 42
0.489 63
0.546 75
0.642 50
0.266 75
0.397 64
0.602 42
0.666 69
0.757 82
0.453 70
0.573 69
0.629 53
0.703 70
0.635 0
0.635 0
0.656 0
0.475 0
0.458 0
0.458 0
0.371 0
0.458 0
0.475 1
0.927 0
0.567 1
0.927 0
0.475 0
0.927 0
0.371 0
0.371 0
0.918 0
0.956 0
0.836 0
0.918 0
0.479 0
0.565 69
0.298 63
0.593 66
0.848 77
0.634 77
0.287 76
0.544 70
0.373 70
0.129 81
0.535 72
0.703 41
0.576 43
0.585 67
0.762 43
0.351 42
0.441 65
0.411 42
0.37 42
0.732 58
0.358 41
0.399 41
0.247 43
0.539 41
0.634 62
0.529 62
0.48 42
0.7 63
0.19 42
0.488 43
0.593 68
0.439 59
0.559 54
0.26 60
0.442 42
0.546 77
0.528 75
0.717 78
0.529 62
0.449 76
0.936 0
0.759 78
0.463 1
0.345 0
0.345 0
0.79 0
0.73 1
0.79 0
0.79 0
0.73 0
0.402 0
0.626 66
0.45 73
0.478 63
0.738 47
0.83 69
0.371 45
0.324 44
0.899 42
0.444 78
0.288 40
0.593 41
0.9 80
0.67 41
0.698 65
0.609 43
0.39 67
0.321 40
0.981 69
0.675 42
0.398 63
0.951 43
0.624 67
0.524 41
0.398 42
0.604 46
0.784 41
0.453 41
0.413 62
0.589 42
0.11 71
0.185 42
0.668 30
0.684 70
0.75 52
0.683 0
0.683 0
0.361 27
0.668 26
0.484 29
0.566 28
0.518 26
0.679 26
0.623 26
0.788 0
0.788 0
0.788 0
0.788 0
0.743 0
0.788 0
0.306 0
0.521 77
0.423 62
0.555 73
0.888 77
0.758 65
0.562 62
0.316 45
0.211 41
0.358 44
0.49 44
0.752 41
0.491 74
0.813 41
0.427 40
0.204 45
0.677 74
0.22 45
0.414 42
0.571 67
0.254 41
0.362 62
0.737 41
0.462 45
0.743 44
0.55 42
0.486 41
0.381 41
0.416 58
0.469 61
0.815 73
0.353 77
0.437 61
0.939 76
0.448 78
0.763 25
0.633 25
0.559 24
0.58 23
0.565 22
0.564 23
0.735 0
0.574 0
0.118 2
0.434 0
0.829 0
0.331 0
0.118 0
0.434 0
0.648 0
0.648 0
0.582 68
0.64 50
0.382 70
0.729 41
0.411 42
0.217 45
0.503 40
0.744 39
0.696 67
0.724 66
0.77 45
0.578 40
0.659 80
0.479 40
0.704 64
0.701 40
0.418 73
0.543 69
0.522 0
0.293 0
0.571 0
0.571 0
0.652 0
0.323 0
0.61 1
0.652 0
0.903 4
0.749 0
0.749 0
0.749 0
0.749 0
0.522 0
0.571 0
0.61 2
0.571 0
0.652 0
0.323 0
0.522 0
0.293 0
0.565 0
0.652 0
0.56 1
0.565 0
0.565 0
0.565 0
0.293 0
0.565 0
0.32 0
0.323 0
0.565 0
0.616 65
0.353 75
0.692 45
0.553 44
0.664 45
0.832 41
0.395 40
0.539 64
0.745 67
0.444 57
0.835 71
0.165 42
0.522 76
0.865 45
0.705 66
0.711 45
0.319 70
0.46 68
0.663 77
0.521 66
0.596 73
0.677 60
0.798 69
0.531 40
0.524 43
0.433 39
0.373 39
0.481 58
0.354 70
0.608 61
0.466 63
0.311 53
0.669 40
0.803 67
0.58 41
0.31 40
0.865 49
0.759 61
0.597 39
0.827 61
0.449 39
0.304 66
0.515 1
0.61 1
0.492 0
0.7 0
0.84 63
0.838 0
0.611 0
0.579 0
0.37 65
0.845 66
0.502 62
0.475 39
0.374 42
0.494 61
0.436 43
0.558 59
0.3 61
0.645 69
0.455 40
0.836 65
0.378 43
0.828 59
0.671 44
0.888 72
0.594 68
0.788 39
0.527 64
0.481 40
0.378 46
0.539 39
0.78 70
0.423 65
0.412 0
0.412 0
0.638 77
0.93 66
0.174 41
0.381 0
0.735 0
0.849 0
0.431 0
0.911 0
0.195 0
0.411 0
0.669 0
0.458 0
0.67 0
0.458 0
0.93 0
0.458 0
0.943 0
0.54 0
0.411 0
0.54 0
0.458 0
0.556 0
0.85 0
0.93 0
0.541 71
0.461 40
0.369 71
0.271 43
0.657 66
0.236 39
0.766 57
0.875 73
0.617 80
0.441 64
0.552 59
0.624 71
0.741 56
0.507 66
0.403 69
0.626 76
0.327 58
0.661 57
0.163 64
0.501 65
0.441 0
0.351 0
0.669 0
0.441 0
0.684 59
0.415 69
0.669 0
0.0828 64
0.669 0
0.674 0
0.886 50
0.251 0
0.251 0
0.251 0
0.605 1
0.329 0
0.329 0
0.728 1
0.329 0
0.693 0
0.689 0
0.861 1
0.689 0
0.565 1
0.818 0
0.689 0
0.689 0
0.535 0
0.884 0
0.818 0
0.511 72
0.425 39
0.72 42
0.321 62
0.247 39
0.863 43
0.563 70
0.22 43
0.564 66
0.274 38
0.64 39
0.639 61
0.728 70
0.512 53
0.745 38
0.433 39
0.816 70
0.395 69
0.604 44
0.484 44
0.521 63
0.669 38
0.499 52
0.284 60
0.608 39
0.126 58
0.831 67
0.074 65
0.449 71
0.515 59
0.537 0
0.678 66
0.382 0
0.382 0
0.376 61
0.43 1
0.233 0
0.399 0
0.616 0
0.488 71
0.43 0
0.602 0
0.378 0
0.269 0
0.269 0
0.886 0
0.599 0
0.396 0
0.269 0
0.269 0
0.585 72
0.473 69
0.558 60
0.838 42
0.46 41
0.865 59
0.755 72
0.549 62
0.794 38
0.642 50
0.718 67
0.721 67
0.915 39
0.242 43
0.134 43
0.883 38
0.556 64
0.42 61
0.772 37
0.621 37
0.532 37
0.877 73
0.512 63
0.418 51
0.509 68
0.818 62
0.166 38
0.435 70
0.849 40
0.427 68
0.459 38
0.79 66
0.702 61
0.442 73
0.493 75
0.243 72
0.287 0
0.287 0
0.698 0
0.795 67
0.287 1
0.668 0
0.542 0
0.679 0
0.539 0
0.593 0
0.593 0
0.877 1
0.298 0
0.877 0
0.428 63
0.578 82
0.294 71
0.417 92
0.467 84
0.345 63
0.371 66
0.46 70
0.446 63
0.664 83
0.488 78
0.695 67
0.799 77
0.497 70
0.669 73
0.283 62
0.525 83
0.488 79
0.509 89
0.586 76
0.667 68
0.669 64
0.817 67
0.597 79
0.55 74
0.449 66
0.525 88
0.124 76
0.685 69
0.461 68
0.396 81
0.758 75
0.299 70
0.148 61
0.8 86
0.473 63
0.202 70
0.593 63
0.606 79
0.159 64
0.752 65
0.443 62
0.682 63
0.455 62
0.52 66
0.903 72
0.339 65
0.642 76
0.165 68
0.758 64
0.593 81
0.508 57
0.525 85
0.648 89
0.941 86
0.532 88
0.475 59
0.63 80
0.866 88
0.718 61
0.731 79
0.663 59
0.639 59
0.477 61
0.5 59
0.251 59
0.412 63
0.111 57
0.768 74
0.369 83
0.435 60
0.742 49
0.299 61
0.209 57
0.103 58
0.451 55
0.423 77
0.325 57
0.344 60
0.539 57
0.863 56
0.56 62
0.608 83
0.669 59
0.545 57
0.661 57
0.68 62
0.703 59
0.342 59
0.391 58
0.599 61
0.38 58
0.305 58
0.74 56
0.621 72
0.475 61
0.416 60
0.63 59
0.851 58
0.968 17
0.619 81
0.4 78
0.79 73
0.631 88
0.327 77
0.526 55
0.763 56
0.627 77
0.428 83
0.674 78
0.734 58
0.66 56
0.178 55
0.562 56
0.519 55
0.671 77
0.547 56
0.652 56
0.326 56
0.546 56
0.758 55
0.33 56
0.517 54
0.903 77
0.356 56
0.525 0
0.525 1
0.525 0
0.525 0
0.525 0
0.525 2
0.525 0
0.525 0
0.525 1
0.525 0
0.525 1
0.791 0
0.718 0
0.525 0
0.817 5
0.791 2
0.415 0
0.75 0
0.75 0
0.642 0
0.816 4
0.648 1
0.802 0
0.804 0
0.518 0
0.883 83
0.553 69
0.712 83
0.46 53
0.406 52
0.47 54
0.474 52
0.718 52
0.479 78
0.587 53
0.643 56
0.437 68
0.505 78
0.505 52
0.637 53
0.546 53
0.907 57
0.299 56
0.636 52
0.143 54
0.44 52
0.678 53
0.393 53
0.558 54
0.611 53
0.676 54
0.237 54
0.391 54
0.56 53
0.929 79
0.518 54
0.834 55
0.327 53
0.386 52
0.546 54
0.611 70
0.652 82
0.649 53
0.947 55
0.789 69
0.104 53
0.611 69
0.442 55
0.797 82
0.403 55
0.79 52
0.159 54
0.648 2
0.978 0
0.978 0
0.351 82
0.465 78
0.511 75
0.487 71
0.836 77
0.496 74
0.662 79
0.61 76
0.508 52
0.518 73
0.249 52
0.356 51
0.277 51
0.159 52
0.6 52
0.511 1
0.511 0
0.555 2
0.373 1
0.555 0
0.373 2
0.488 0
0.485 1
0.614 0
0.377 0
0.448 0
0.336 0
0.7 0
0.377 0
0.377 0
0.377 0
0.7 0
0.7 0
0.614 0
0.536 0
0.514 0
0.7 0
0.583 0
0.614 0
0.614 0
0.614 0
0.745 0
0.745 1
0.536 0
0.536 0
0.377 0
0.536 0
0.614 0
0.7 0
0.7 0
0.366 80
0.592 69
0.399 76
0.435 50
0.947 54
0.902 79
0.583 4
0.518 1
0.377 0
0.536 0
0.377 0
0.7 0
0.377 0
0.7 0
0.486 0
0.7 0
0.448 0
0.448 0
0.7 0
0.336 0
0.614 0
0.336 0
0.448 0
0.448 0
0.536 0
0.583 0
0.614 0
0.614 0
0.7 0
0.486 0
0.377 0
0.614 0
0.614 0
0.614 0
0.536 0
0.745 0
0.614 0
0.377 0
0.614 0
0.745 0
0.745 0
0.536 0
0.745 0
0.7 0
0.377 0
0.7 0
0.749 1
0.536 0
0.7 0
0.749 0
0.491 77
0.465 51
0.558 80
0.537 84
0.551 75
0.44 73
0.683 80
0.912 76
0.29 57
0.577 78
0.9 52
0.696 62
0.625 52
0.778 63
0.509 58
0.437 71
0.828 50
0.71 84
0.595 85
0.462 51
0.646 49
0.626 77
0.336 52
0.58 72
0.123 51
0.406 69
0.538 54
0.664 50
0.51 53
0.293 50
0.26 53
0.97 51
0.242 54
0.455 73
0.967 54
0.422 49
0.361 49
0.57 50
0.656 66
0.872 78
0.7 50
0.457 49
0.7 50
0.393 48
0.352 63
0.267 50
0.196 0
0.266 0
0.679 0
0.159 0
0.95 83
0.435 50
0.795 77
0.587 55
0.758 83
0.742 81
0.452 75
0.33 72
0.285 49
0.586 48
0.374 51
0.137 48
0.174 49
0.728 48
0.178 52
0.824 48
0.777 71
0.489 50
0.769 48
0.195 48
0.684 49
0.537 49
0.648 0
0.648 1
0.278 48
0.648 0
0.926 47
0.648 0
0.554 49
0.247 50
0.509 1
0.382 69
0.509 0
0.941 1
0.696 3
0.525 0
0.525 0
0.945 0
0.696 0
0.945 1
0.9 0
0.833 0
0.184 0
0.854 0
0.869 0
0.869 0
0.536 1
0.696 0
0.894 0
0.894 0
0.652 76
0.383 52
0.729 76
0.178 76
0.483 76
0.424 50
0.627 53
0.561 48
0.438 80
0.781 47
0.751 74
0.829 49
0.43 85
0.423 48
0.204 48
0.769 47
0.728 49
0.568 47
0.685 49
0.505 47
0.734 48
0.385 47
0.358 48
0.716 68
0.526 79
0.683 0
0.674 73
0.822 83
0.635 71
0.55 0
0.55 0
0.571 0
0.571 0
0.571 0
0.437 0
0.714 0
0.539 0
0.675 0
0.514 0
0.481 0
0.481 0
0.481 0
0.481 0
0.755 0
0.564 0
0.765 0
0.835 0
0.835 0
0.45 0
0.722 0
0.557 82
0.678 46
0.534 74
0.81 83
0.548 47
0.823 76
0.716 62
0.469 47
0.471 68
0.954 48
0.615 45
0.484 48
0.869 46
0.327 49
0.555 48
0.104 50
0.386 50
0.583 69
0.27 68
0.429 76
0.474 67
0.267 47
0.913 0
0.913 0
0.913 0
0.407 75
0.575 47
0.393 82
0.448 50
0.936 73
0.474 47
0.325 47
0.564 48
0.913 1
0.95 0
0.323 70
0.913 0
0.522 51
0.913 0
0.913 0
0.95 1
0.617 46
0.464 48
0.276 47
0.459 46
0.264 49
0.318 0
0.394 47
0.732 73
0.318 0
0.657 63
0.277 53
0.517 55
0.202 72
0.0167 80
0.687 48
0.231 51
0.599 46
0.44 75
0.688 75
0.367 74
0.767 47
0.417 56
0.644 46
0.392 48
0.871 83
0.112 46
0.914 76
0.707 65
0.426 49
0.45 70
0.771 57
0.499 47
0.153 47
0.72 49
0.717 46
0.579 47
0.459 46
0.432 47
0.419 47
0.675 72
0.899 0
0.663 0
0.659 0
0.659 0
0.659 0
0.722 47
0.659 0
0.803 0
0.803 0
0.567 0
0.803 0
0.567 0
0.803 0
0.663 0
0.759 2
0.873 0
0.309 0
0.309 0
0.606 0
0.428 78
0.783 4
0.936 79
0.677 67
0.431 46
0.812 68
0.351 46
0.215 46
0.417 67
0.666 47
0.33 45
0.639 42
0.0977 46
0.321 50
0.496 47
0.525 52
0.271 74
0.55 40
0.682 47
0.476 47
0.566 48
0.701 45
0.627 61
0.602 47
0.807 40
0.58 46
0.59 72
0.486 1
0.703 45
0.582 0
0.491 42
0.801 46
0.158 46
0.616 45
0.572 45
0.582 2
0.496 0
0.586 79
0.274 0
0.496 0
0.498 0
0.582 0
0.323 0
0.496 0
0.496 0
0.402 0
0.323 0
0.274 0
0.33 0
0.33 0
0.913 80
0.481 45
0.771 71
0.316 51
0.968 68
0.514 66
0.264 45
0.634 46
0.765 81
0.732 66
0.39 51
0.22 50
0.236 44
0.429 44
0.521 49
0.315 44
0.585 73
0.392 73
0.472 79
0.415 71
0.317 46
0.558 78
0.475 46
0.394 45
0.31 73
0.234 45
0.452 47
0.659 59
0.508 46
0.621 44
0.335 45
0.457 44
0.575 44
0.543 79
0.291 45
0.445 43
0.533 44
0.912 0
0.876 83
0.13 45
0.502 69
0.53 68
0.481 44
0.687 1
0.515 0
0.758 45
0.244 0
0.277 0
0.364 0
0.818 1
0.551 76
0.778 73
0.552 67
0.401 75
0.268 60
0.408 67
0.493 52
0.525 47
0.75 64
0.402 66
0.892 46
0.514 62
0.336 44
0.123 44
0.316 43
0.817 46
0.828 79
0.427 45
0.297 47
0.77 45
0.668 47
0.333 48
0.674 43
0.922 78
0.883 2
0.883 0
0.883 0
0.288 49
0.883 0
0.883 0
0.483 71
0.712 69
0.652 60
0.821 44
0.7 3
0.883 0
0.7 0
0.436 1
0.753 0
0.7 0
0.753 0
0.753 0
0.7 0
0.757 0
0.757 0
0.773 0
0.773 0
0.206 0
0.773 0
0.206 0
0.75 75
0.408 76
0.877 76
0.704 70
0.373 73
0.35 49
0.441 70
0.656 60
0.632 45
0.849 46
0.421 64
0.66 72
0.17 47
0.315 58
0.307 43
0.428 44
0.618 44
0.651 43
0.642 44
0.48 43
0.515 65
0.497 71
0.604 0
0.365 0
0.478 0
0.705 0
0.372 0
0.705 0
0.705 0
0.753 0
0.753 0
0.753 0
0.753 0
0.753 1
0.753 0
0.753 0
0.753 0
0.753 0
0.506 0
0.753 0
0.753 0
0.637 4
0.553 1
0.506 1
0.338 0
0.506 2
0.452 0
0.506 1
0.531 0
0.337 0
0.267 79
0.504 65
0.519 42
0.638 80
0.28 48
0.708 75
0.471 43
0.5 65
0.296 48
0.408 42
0.236 43
0.432 46
0.703 42
0.313 77
0.727 62
0.78 48
0.101 45
0.369 64
0.0665 43
0.397 42
0.527 44
0.859 45
0.281 48
0.219 41
0.152 44
0.369 77
0.379 44
0.473 72
0.914 4
0.552 44
0.508 43
0.131 69
0.757 82
0.367 56
0.337 63
0.727 68
0.44 44
0.534 43
0.535 59
0.545 6
0.335 0
0.315 0
0.309 0
0.365 0
0.328 0
0.569 1
0.165 0
0.687 1
0.28 0
0.311 0
0.718 44
0.247 76
0.429 43
0.411 46
0.125 43
0.499 43
0.44 45
0.538 43
0.364 65
0.559 42
0.489 42
0.266 65
0.817 72
0.533 65
0.188 42
0.855 84
0.219 41
0.551 75
0.654 44
0.924 80
0.271 47
0.836 3
0.499 53
0.533 57
0.215 44
0.639 43
0.362 61
0.784 5
0.936 0
0.765 0
0.177 1
0.303 1
0.177 1
0.508 0
0.818 0
0.319 0
0.791 0
0.648 1
0.648 1
0.648 0
0.648 0
0.634 0
0.648 0
0.429 0
0.53 0
0.838 0
0.817 0
0.684 1
0.684 0
0.403 0
0.547 56
0.67 67
0.665 44
0.228 72
0.82 77
0.759 68
0.2 45
0.137 69
0.234 43
0.427 47
0.362 42
0.313 50
0.348 47
0.775 48
0.732 61
0.303 74
0.905 41
0.247 43
0.739 59
0.79 42
0.779 41
0.582 66
0.488 43
0.397 64
0.453 70
0.794 4
0.794 0
0.794 1
0.927 0
0.794 0
0.794 0
0.794 0
0.607 0
0.927 0
0.927 0
0.953 1
0.949 0
0.918 0
0.607 0
0.607 0
0.836 0
0.607 0
0.956 0
0.649 0
0.429 0
0.931 0
0.903 0
0.918 0
0.306 0
0.756 0
0.691 63
0.486 59
0.129 81
0.223 69
0.35 46
0.407 46
0.905 82
0.468 47
0.178 42
0.562 70
0.312 41
0.23 43
0.465 65
0.547 42
0.45 41
0.19 42
0.642 50
0.69 40
0.602 42
0.494 63
0.266 75
0.397 64
0.781 71
0.629 53
0.458 0
0.635 0
0.635 0
0.656 0
0.458 0
0.458 0
0.475 1
0.475 0
0.916 0
0.371 0
0.916 1
0.371 0
0.371 0
0.567 1
0.475 0
0.818 0
0.818 0
0.818 0
0.818 0
0.79 0
0.79 0
0.73 1
0.73 0
0.79 0
0.402 0
0.479 0
0.593 66
0.521 64
0.848 77
0.544 70
0.83 69
0.68 42
0.331 48
0.542 76
0.576 43
0.444 78
0.703 41
0.9 80
0.411 42
0.762 43
0.338 72
0.215 47
0.405 41
0.32 41
0.37 68
0.37 42
0.212 41
0.358 41
0.399 41
0.539 41
0.634 62
0.269 63
0.453 41
0.489 63
0.546 75
0.48 42
0.261 41
0.588 41
0.388 40
0.743 44
0.662 41
0.719 40
0.559 54
0.439 59
0.639 60
0.442 42
0.546 77
0.717 78
0.866 78
0.755 76
0.573 69
0.684 70
0.449 76
0.371 61
0.686 53
0.676 0
0.55 55
0.642 70
0.922 75
0.917 74
0.895 77
0.801 0
0.857 0
0.749 1
0.664 0
0.801 1
0.801 0
0.664 0
0.664 2
0.664 0
0.664 2
0.948 1
0.948 0
0.948 0
0.964 0
0.948 0
0.948 0
0.964 0
0.948 1
0.978 0
0.978 0
0.978 0
0.983 1
0.956 0
0.975 0
0.978 0
0.978 0
0.948 0
0.948 0
0.948 0
0.815 1
0.948 0
0.924 0
0.937 0
0.948 2
0.948 2
0.948 0
0.962 0
0.978 1
0.937 1
0.975 0
0.977 0
0.809 0
0.961 0
0.961 0
0.977 0
0.932 75
0.869 60
0.961 44
0.896 69
0.97 69
0.963 76
0.979 64
0.941 49
0.984 66
0.842 54
0.96 67
0.814 72
0.993 59
0.885 68
0.966 68
0.724 66
0.823 75
0.956 55
0.124 56
0.912 72
0.76 67
0.901 74
0.658 70
0.86 72
0.717 64
0.894 70
0.834 73
0.61 2
0.879 7
0.963 0
0.808 0
0.86 35
0.983 0
0.808 0
0.568 5
0.74 7
0.957 37
0.946 0
0.915 0
0.946 0
0.802 0
0.964 0
0.915 0
0.899 0
0.937 1
0.695 0
0.937 0
0.912 0
0.985 0
0.985 0
0.776 66
0.713 51
0.688 59
0.951 60
0.661 51
0.892 62
0.947 57
0.59 63
0.967 59
0.983 64
0.914 64
0.876 62
0.941 53
0.797 59
0.616 63
0.816 62
0.925 50
0.944 58
0.569 70
0.791 59
0.942 68
0.99 58
0.959 63
0.629 63
0.953 31
0.747 68
0.798 31
0.956 62
0.878 63
0.76 62
0.845 68
0.792 34
0.904 65
0.727 33
0.976 35
0.999 33
0.886 31
0.983 0
0.981 0
0.919 0
0.721 31
0.942 0
0.981 0
0.909 0
0.978 0
0.909 0
0.942 0
0.944 0
0.978 0
0.998 0
0.917 58
0.823 59
0.88 56
0.874 56
0.717 34
0.884 53
0.885 58
0.665 65
0.601 52
0.912 59
0.741 56
0.979 59
0.953 64
0.754 57
0.895 60
0.822 67
0.963 61
0.834 55
0.988 29
0.986 32
0.971 30
0.977 63
0.91 60
0.671 61
0.859 55
0.954 61
0.906 65
0.924 31
0.588 66
0.863 28
0.737 29
0.87 28
0.794 30
0.906 31
0.773 62
0.972 30
0.885 28
0.849 29
0.997 30
0.767 30
0.969 63
0.716 32
0.898 31
0.986 0
0.982 0
0.986 0
0.81 29
0.768 29
0.905 32
0.807 28
0.841 47
0.961 21
0.7 60
0.934 60
0.653 55
0.611 46
0.94 52
0.434 50
0.915 55
0.509 56
0.942 58
0.718 65
0.798 62
0.981 30
0.835 28
0.876 62
0.708 64
0.945 29
0.78 54
0.878 60
0.86 29
0.683 57
0.773 27
0.769 27
0.863 27
0.77 64
0.932 28
0.903 68
0.492 29
0.908 28
0.947 60
0.752 63
0.968 27
0.921 27
0.905 62
0.815 28
0.863 27
0.904 27
0.952 28
0.859 28
0.962 27
0.77 26
0.978 63
0.986 28
0.928 28
0.971 28
0.842 62
0.854 27
0.944 0
0.976 0
0.648 63
0.923 53
0.93 52
0.576 52
0.728 31
0.961 53
0.798 28
0.741 52
0.938 49
0.888 50
0.991 57
0.988 61
0.983 28
0.931 29
0.942 57
0.945 28
0.574 47
0.889 60
0.926 25
0.901 63
0.687 63
0.934 26
0.963 28
0.93 27
0.72 55
0.995 27
0.0513 26
0.93 28
0.968 28
0.987 26
0.911 27
0.933 27
0.97 27
0.861 26
0.97 26
0.848 26
0.67 26
0.694 26
0.778 26
0.917 29
0.949 26
0.724 25
0.856 27
0.767 27
0.867 28
0.82 26
0.671 26
0.794 26
0.903 27
0.766 63
0.909 34
0.902 52
0.928 53
0.838 53
0.851 69
0.327 15
0.962 27
0.954 52
0.772 51
0.91 59
0.984 28
0.93 59
0.96 59
0.938 47
0.948 70
0.832 24
0.984 26
0.853 51
0.738 57
0.943 26
0.982 51
0.838 57
0.964 26
0.889 63
0.912 25
0.948 24
0.99 26
0.553 25
0.838 24
0.808 25
0.867 63
0.902 26
0.963 26
0.75 61
0.985 25
0.965 25
0.812 26
0.911 25
0.841 26
0.974 27
0.968 27
0.916 28
0.78 26
0.209 26
0.683 25
0.928 25
0.756 25
0.937 25
0.98 0
0.944 58
0.828 41
0.934 60
0.894 57
0.95 48
0.867 49
0.867 61
0.946 50
0.87 26
0.529 53
0.984 27
0.962 25
0.925 40
0.954 56
0.846 61
0.989 26
0.656 25
0.93 26
0.953 54
0.948 25
0.961 26
0.772 25
0.865 26
0.929 25
0.945 24
0.871 59
0.556 25
0.74 26
0.716 24
0.941 24
0.884 63
0.76 24
0.765 24
0.865 26
0.946 27
0.979 4
0.85 24
0.95 24
0.97 24
0.814 62
0.405 25
0.873 24
1 25
0.804 24
0.849 51
0.839 24
0.631 25
0.941 25
0.82 24
0.853 24
0.962 27
0.877 39
0.938 48
0.891 53
0.812 59
0.696 62
0.34 24
0.96 26
0.86 54
0.946 26
0.636 41
0.984 26
0.792 35
0.34 24
0.258 44
0.834 26
0.949 35
0.938 25
0.965 56
0.904 23
0.99 25
0.368 24
0.931 24
0.79 50
0.865 32
0.968 54
0.681 25
0.931 26
0.919 27
0.977 26
0.974 24
0.933 26
0.929 26
0.916 31
0.704 26
0.941 23
0.921 25
0.989 24
0.799 23
0.991 25
0.977 24
0.695 23
0.927 25
0.838 26
0.967 23
0.899 26
0.998 25
0.815 25
0.912 23
0.816 26
0.904 23
0.807 50
0.709 40
0.754 50
0.96 59
0.907 52
0.619 56
0.871 25
0.987 25
0.812 24
0.989 25
0.995 23
0.856 53
0.992 24
0.956 24
0.938 23
0.34 24
0.937 58
0.95 30
0.966 33
0.965 24
0.964 25
0.978 23
0.929 23
0.959 25
0.944 23
0.793 24
0.908 23
0.992 24
0.88 23
0.902 24
0.924 23
0.734 25
0.891 24
0.873 23
0.687 22
0.952 47
0.596 24
0.861 26
0.683 25
0.975 65
0.928 25
0.928 24
0.991 23
0.902 24
0.635 24
0.922 23
0.833 23
0.971 23
0.91 23
0.808 23
0.64 51
0.937 54
0.942 46
0.699 43
0.694 42
0.685 44
0.923 57
0.979 51
0.903 46
0.807 47
0.98 57
0.939 25
0.779 51
0.788 58
0.902 24
0.913 24
0.775 25
0.941 25
0.673 22
0.893 25
0.947 25
0.698 24
0.816 23
0.975 22
0.834 54
0.986 24
0.964 24
0.964 25
0.968 60
0.968 22
0.462 24
0.979 24
0.952 25
0.935 24
0.581 49
0.925 26
0.963 24
0.768 22
0.875 24
0.77 22
0.855 23
0.893 25
0.641 23
0.683 23
0.637 23
0.973 23
0.998 24
0.993 23
0.988 22
0.579 23
0.703 51
0.908 44
0.702 44
0.953 44
0.509 40
0.562 59
0.861 25
0.852 23
0.858 51
0.796 51
0.966 23
0.92 57
0.833 57
0.272 58
0.997 23
0.868 22
0.974 22
0.585 53
0.968 51
0.892 22
0.81 56
0.921 23
0.974 24
0.852 23
0.989 25
0.846 22
0.787 22
0.731 22
0.998 23
0.834 24
0.934 23
0.972 25
0.962 23
0.738 23
0.944 22
0.998 23
0.742 24
0.905 24
0.926 21
0.906 23
0.997 22
0.878 21
0.999 23
0.936 22
0.989 22
0.947 22
0.87 22
0.83 22
0.953 22
0.528 21
0.949 49
0.903 36
0.759 11
0.726 47
0.978 56
0.949 46
0.699 49
0.774 47
0.974 54
0.885 49
0.974 24
0.97 53
0.939 42
0.776 23
0.913 59
0.812 24
0.978 47
0.969 23
0.968 21
0.985 23
0.681 21
0.99 22
0.986 22
0.899 22
0.857 24
0.985 23
0.879 24
0.903 49
0.908 21
0.976 24
0.994 22
0.949 24
0.988 24
0.987 23
0.801 24
0.434 22
0.979 24
0.951 21
0.936 23
0.987 25
0.995 24
0.964 57
0.606 23
0.903 21
0.694 21
0.828 22
0.756 23
0.989 23
0.872 22
0.962 48
0.722 51
0.976 33
0.769 41
0.989 56
0.982 51
0.727 23
0.982 22
0.992 55
0.854 55
0.865 24
0.833 51
0.969 22
0.993 57
0.929 22
0.991 22
0.987 23
0.965 48
0.684 23
0.974 23
0.929 21
0.991 22
0.876 50
0.977 22
0.986 21
0.671 23
0.972 22
0.936 24
0.868 23
0.911 23
0.504 21
0.871 21
0.543 22
0.527 22
0.861 22
0.833 21
0.821 23
0.88 21
0.907 24
0.927 23
0.977 24
0.88 22
0.706 24
0.973 24
0.991 21
0.825 23
0.921 24
0.746 22
0.959 21
0.297 0
0.946 22
0.828 37
0.945 55
0.923 47
0.835 11
0.931 56
0.885 48
0.983 24
0.701 23
0.959 22
0.965 57
0.943 22
0.933 23
0.804 23
0.796 22
0.622 52
0.959 24
0.945 52
0.662 54
0.943 23
0.624 21
0.921 21
0.977 23
0.948 23
0.973 21
0.955 22
0.907 24
0.957 21
0.95 22
0.568 24
0.615 21
0.941 23
0.944 24
0.947 23
0.936 20
0.897 22
0.98 21
0.979 21
0.941 23
0.779 23
0.93 23
0.681 20
0.848 23
0.887 23
0.945 22
0.988 22
0.99 23
0.993 21
0.974 22
0.968 21
0.904 22
0.883 55
0.973 50
0.942 47
0.603 33
0.687 49
0.89 23
0.842 22
0.697 54
0.977 21
0.756 21
0.988 21
0.362 42
0.953 55
0.912 23
0.235 48
0.882 21
0.715 22
0.913 21
0.958 20
0.848 22
0.796 21
0.821 23
0.953 22
0.761 20
0.928 20
0.948 23
0.72 23
0.892 24
0.69 23
0.699 55
0.906 23
0.976 23
0.972 22
0.791 22
0.972 20
0.872 22
0.947 23
0.925 21
0.812 23
0.976 20
0.891 22
0.937 23
0.946 23
0.929 23
0.943 24
0.989 24
0.729 21
0.883 21
0.326 22
0.882 20
0.812 43
0.748 46
0.45 41
0.919 57
0.958 53
0.855 46
0.706 54
0.955 20
0.658 23
0.986 20
0.97 23
0.944 23
0.713 46
0.979 21
0.951 23
0.982 21
0.787 22
0.987 22
0.83 21
0.899 22
0.958 23
0.845 21
0.876 22
0.42 20
0.998 21
0.858 23
0.992 21
0.663 20
0.505 22
0.87 23
0.964 20
0.994 21
0.865 21
0.982 21
0.981 21
0.953 23
0.635 54
0.926 22
0.714 21
0.997 21
0.762 53
0.759 20
0.951 21
0.917 23
0.873 20
0.929 21
0.931 22
0.823 21
0.975 24
0.995 21
0.917 48
0.842 0
0.689 0
0.857 48
0.932 54
0.99 45
0.564 46
0.81 22
0.81 48
0.943 23
0.97 22
0.966 23
0.95 20
0.899 22
0.956 50
0.456 20
0.893 22
0.984 22
0.851 20
0.986 23
0.681 19
0.83 20
0.85 23
0.774 22
0.964 22
0.793 50
0.778 20
0.889 23
0.997 21
0.953 23
0.906 23
0.984 23
0.975 20
0.819 22
0.771 20
0.691 20
0.959 22
0.977 20
0.818 21
0.874 23
0.988 22
0.936 22
0.988 22
0.938 21
0.94 23
0.964 22
0.852 21
0.983 21
0.973 23
0.902 23
0.426 46
0.65 46
0.849 52
0.757 51
0.8 42
0.82 21
0.895 51
0.967 38
0.923 20
0.93 21
0.763 22
0.854 49
0.958 21
0.91 20
0.959 21
0.957 21
0.956 23
0.953 20
0.918 20
0.815 20
0.79 23
0.959 21
0.972 21
0.92 19
0.727 49
0.95 19
0.968 21
0.396 22
0.936 21
0.996 20
0.943 21
0.993 21
0.416 22
0.523 20
0.416 21
0.922 21
0.941 21
0.925 21
0.886 22
0.978 22
0.534 20
0.986 21
0.721 22
0.83 22
0.838 20
0.877 21
0.971 20
0.967 22
0.932 21
0.998 20
0.829 44
0.926 45
0.816 46
0.865 41
0.848 21
0.98 54
0.937 21
0.971 22
0.726 20
0.983 52
0.91 21
0.798 21
0.92 22
0.895 20
0.742 19
0.605 55
0.749 21
0.791 20
0.893 23
0.937 22
0.931 21
0.987 23
0.764 22
0.984 56
0.602 19
0.958 21
0.962 20
0.786 22
0.841 21
0.775 53
0.968 19
0.932 22
0.929 21
0.951 22
0.8 20
0.918 19
0.809 22
0.815 20
0.988 22
0.814 21
0.823 20
0.953 20
0.919 22
0.868 22
0.851 20
0.932 22
0.77 22
0.994 21
0.91 22
0.871 20
0.338 29
0.0562 27
0.505 11
0.293 12
0.00871 16
0.951 13
0.0342 12
0.236 19
0.215 15
0.417 15
0.18 10
0.0877 10
0.337 11
0.381 12
0.236 11
0.386 13
0.254 13
0.33 14
0.066 15
0.215 13
0.117 13
0.128 14
0.325 14
0.244 11
0.137 12
0.181 11
0.359 11
0.413 10
0.0903 12
0.189 11
0.512 11
0.107 13
0.282 12
0.146 12
0.419 10
0.2 11
0.142 11
0.167 11
0.389 9
0.128 13
0.277 12
0.256 9
0.269 10
0.257 12
0.894 10
0.706 12
0.943 10
0.881 12
0.432 10
0.205 12
0.795 16
0.654 20
0.185 10
0.207 9
0.316 8
0.237 8
0.316 10
0.0731 10
0.293 8
0.132 7
0.328 9
0.222 7
0.929 8
0.566 10
0.191 8
0.131 8
0.268 8
0.255 11
0.0981 8
0.11 9
0.67 9
0.307 9
0.233 7
0.392 9
0.374 9
0.392 8
0.196 7
0.298 8
0.144 8
0.376 7
0.0933 9
0.31 9
0.288 9
0.198 8
0.506 8
0.234 8
0.929 9
0.938 9
0.953 8
0.96 9
0.294 9
0.0869 8
0.256 9
0.136 10
0.934 9
0.231 9
0.342 9
0.626 8
0.181 9
0.304 9
0.805 8
0.168 17
0.108 12
0.1 32
0.213 7
0.932 5
0.95 27
0.146 7
0.954 5
0.17 4
0.00941 7
0.723 5
0.388 15
0.0699 5
0.145 6
0.291 8
0.246 6
0.106 5
0.248 7
0.928 6
0.366 5
0.539 5
0.137 6
0.475 8
0.305 7
0.128 9
0.944 7
0.194 7
0.205 7
0.898 5
0.157 6
0.55 7
0.982 5
0.984 5
0.276 7
0.986 6
0.27 6
0.179 6
0.98 4
0.957 7
0.297 7
0.242 6
0.072 5
0.992 7
0.237 7
0.176 7
0.106 5
0.956 6
0.145 6
0.666 7
0.103 33
0.48 6
0.12 5
0.0925 7
0.303 5
0.0915 6
0.201 6
0.136 7
0.626 5
0.122 5
0.12 6
0.0915 4
0.104 5
0.207 7
0.149 6
0.137 7
0.318 7
0.214 6
0.313 6
0.0892 5
0.199 6
0.313 5
0.485 7
0.142 7
0.122 5
0.115 7
0.435 7
0.157 7
0.152 6
0.111 6
0.272 6
0.254 6
0.184 6
0.215 7
0.464 7
0.297 6
0.112 7
0.285 7
0.419 6
0.576 6
0.239 5
0.158 7
0.326 5
0.292 7
0.139 6
0.164 6
0.197 5
0.15 6
0.957 0
0.73 0
0.294 3
0.227 4
0.877 4
0.767 0
0.365 8
0.577 0
0.882 1
0.905 1
0.853 0
2.02e-05 0
0.979 0
0.153 0
0.939 0
0.544 0
0.993 0
0.652 0
0.43 0
0.666 0
0.594 0
0.48 0
0.154 0
0.572 0
0.0569 0
0.979 0
0.815 0
0.868 0
0.817 0
0.928 0
0.856 1
0.501 1
0.199 0
0.981 0
0.988 0
0.298 0
0.955 0
0.953 0
0.925 0
0.0349 0
0.0126 0
0.996 0
0.197 0
0.766 0
0.988 0
0.00533 0
0.464 1
0.148 0
0.157 0
0.999 0
0.777 0
0.0588 0
0.553 11
0.139 3
0.962 2
0.974 0
0.832 4
0.944 0
0.822 0
0.908 0
0.933 6
0.351 0
0.113 0
0.783 0
0.971 0
0.42 0
0.499 0
0.292 0
0.454 0
0.112 0
0.344 0
0.841 0
0.807 0
0.449 0
0.0684 0
0.446 0
7.63e-05 0
0.457 0
0.687 0
0.336 0
0.516 0
0.895 0
0.975 0
0.009 0
0.543 0
0.938 0
0.625 1
0.304 0
0.959 0
0.219 0
0.413 0
0.948 0
0.99 1
0.982 0
0.988 0
0.0591 0
0.148 0
0.996 0
0.108 0
0.361 0
0.186 0
0.0765 0
0.447 6
0.957 4
0.936 4
0.973 4
0.759 4
0.783 0
0.0577 0
0.268 4
0.559 0
0.963 0
0.04 0
0.803 0
0.553 1
0.862 0
0.941 0
0.0396 0
0.933 0
0.95 0
0.0584 0
0.926 0
0.309 0
0.247 0
0.189 0
0.963 0
0.854 0
0.883 0
0.134 0
0.948 0
0.303 0
0.997 0
0.642 0
0.976 0
0.868 0
0.984 0
0.994 0
0.968 0
0.268 0
0.499 0
0.586 0
0.96 1
0.055 0
0.236 0
0.973 0
0.847 0
0.455 0
0.792 0
0.413 0
0.931 0
0.04 0
0.127 0
0.447 1
0.306 3
0.541 4
0.582 0
0.172 12
0.216 4
0.918 0
0.743 0
0.976 0
0.00125 1
0.961 4
0.995 1
0.899 0
0.00778 0
0.964 2
0.991 3
0.0521 0
0.747 0
0.0659 0
0.00983 0
0.27 0
0.61 0
0.197 0
0.937 0
0.841 0
0.412 0
0.00226 0
0.707 0
0.363 0
0.139 0
0.913 0
0.275 0
0.946 0
0.955 0
0.856 0
0.722 0
0.53 0
0.296 0
0.975 0
0.634 0
0.308 0
0.177 0
0.159 0
0.103 0
0.934 0
0.617 0
0.107 0
0.0554 0
0.0355 0
0.0869 0
0.462 13
0.942 20
0.388 2
0.175 5
0.978 2
0.504 0
0.971 0
0.946 1
0.86 1
0.96 6
0.673 1
0.742 0
0.987 0
0.987 0
0.202 1
0.957 0
0.799 0
0.749 0
0.631 0
0.971 0
0.571 0
0.761 0
0.194 1
0.19 0
0.928 0
0.973 0
0.955 1
0.874 0
0.942 0
0.597 0
0.372 0
0.867 0
0.841 0
0.992 1
0.975 0
0.297 0
0.807 0
0.841 0
0.0455 0
0.993 0
0.482 0
0.79 0
0.646 0
0.957 0
0.367 0
0.13 0
0.114 0
0.929 0
0.116 0
0.533 1
0.902 2
0.979 4
0.312 1
0.286 2
0.944 0
0.688 0
0.948 0
0.385 0
0.137 0
0.933 0
0.273 0
0.271 4
0.798 0
0.963 0
0.906 0
0.534 1
0.963 0
0.0189 0
0.942 0
0.181 1
0.953 0
0.0117 0
0.954 0
0.0314 0
0.983 0
0.996 0
0.389 0
0.549 0
0.593 0
0.349 0
0.701 0
0.986 0
0.427 0
0.878 1
0.00161 0
0.313 0
0.643 0
0.379 0
0.996 0
0.0736 0
0.044 0
0.124 0
0.255 0
0.526 0
0.103 0
0.998 0
0.121 0
0.131 0
0.0744 0
0.108 0
0.929 3
0.919 4
0.0762 8
0.63 3
0.351 2
0.418 3
0.969 2
0.914 3
0.408 3
0.287 0
0.989 1
0.939 0
0.571 0
0.32 0
0.729 0
0.668 0
0.899 0
0.97 0
0.231 0
0.907 0
0.816 0
0.427 0
0.99 0
0.253 0
0.897 0
0.395 0
0.928 0
0.572 0
0.192 0
0.892 0
0.484 0
0.973 0
0.95 0
0.197 0
0.641 0
0.186 1
0.61 0
0.211 0
0.996 0
0.974 0
0.916 0
0.0369 0
0.106 0
0.996 0
0.526 0
0.149 0
0.873 1
0.16 0
0.51 0
0.0921 0
0.531 3
0.992 4
0.983 10
0.959 4
0.28 2
0.673 3
0.119 3
0.869 3
0.374 1
0.841 0
0.422 0
0.953 0
0.998 0
0.79 0
0.981 0
0.978 0
0.915 0
0.296 0
0.631 0
0.318 1
0.796 0
0.961 0
0.776 0
0.94 2
0.823 0
0.799 0
0.949 0
0.964 0
0.511 0
0.946 0
0.734 0
0.388 0
0.899 0
0.307 0
0.931 0
0.152 0
0.658 0
0.291 0
0.257 0
0.697 0
0.764 0
0.196 1
0.258 0
0.183 0
0.979 0
0.779 0
0.0297 0
0.649 0
0.961 0
0.0461 0
0.261 11
0.426 6
0.531 3
0.817 1
0.732 5
0.854 4
0.959 4
0.163 0
0.0231 0
0.869 0
0.919 0
0.908 0
0.838 0
0.831 0
0.38 1
0.823 0
0.136 0
0.496 0
0.539 0
0.985 0
0.975 0
0.779 0
0.382 0
0.483 0
0.247 0
0.978 0
0.733 1
0.53 0
0.258 0
0.941 0
0.268 0
0.236 0
0.972 0
0.883 0
0.158 0
0.883 0
0.516 0
0.994 0
0.285 0
0.907 0
0.8 0
0.932 0
0.815 0
0.984 0
0.965 0
0.781 0
0.487 0
0.11 0
0.0309 0
0.0956 0
0.906 2
0.238 0
0.619 0
0.37 0
0.729 0
0.676 0
0.639 0
0.332 0
0.83 0
0.629 1
0.873 0
0.843 0
0.0473 0
0.209 1
0.916 0
0.297 0
0.204 0
0.946 0
0.797 0
0.974 3
0.0448 0
0.543 0
0.00246 0
0.993 0
0.903 0
0.996 0
0.689 0
0.616 0
0.405 0
0.871 0
0.817 0
0.977 0
0.0312 0
0.624 0
0.966 0
0.0428 0
0.128 0
0.548 0
0.971 0
0.866 0
0.0974 0
0.238 0
0.896 0
0.939 0
0.997 0
0.959 0
0.583 0
0.152 1
0.841 0
0.104 0
0.97 4
0.187 1
0.957 0
0.0463 0
0.0536 0
0.887 1
0.923 0
0.547 0
0.906 1
0.388 0
0.0423 2
0.143 0
0.965 0
0.712 0
0.842 0
0.988 0
0.38 1
0.837 0
0.0753 0
0.99 0
0.788 0
0.428 1
0.625 0
0.00455 0
0.217 0
0.237 0
0.968 0
0.254 0
0.124 0
0.862 0
0.362 0
0.794 0
0.736 0
0.677 0
0.39 0
0.484 0
0.589 0
0.92 0
0.905 0
0.778 0
0.28 0
0.904 0
0.956 1
0.539 0
0.526 0
0.0736 0
0.00588 0
0.169 0
0.0994 0
0.0603 0
0.597 2
0.97 4
0.734 3
0.259 2
0.971 3
0.901 0
0.934 1
0.319 1
0.314 0
0.788 0
0.179 2
0.931 4
0.839 0
0.605 0
0.969 0
0.448 3
0.922 0
0.965 0
0.942 0
0.29 1
0.579 0
0.988 0
0.485 1
0.953 0
0.105 0
0.508 0
0.805 0
0.574 0
0.862 0
0.969 0
0.527 0
0.318 0
0.763 0
0.722 0
0.177 0
0.555 0
0.912 0
0.438 0
0.796 0
0.787 0
0.361 0
0.22 0
0.0448 0
0.738 0
0.923 0
0.39 0
0.888 1
0.276 0
0.918 0
0.0659 0
0.865 3
0.782 3
0.783 4
0.134 5
0.949 6
0.869 2
0.0463 0
0.225 9
0.956 0
0.923 3
0.961 0
0.902 0
0.224 0
0.839 0
0.942 0
0.73 0
0.948 0
0.219 0
0.86 0
0.837 0
0.442 0
0.239 0
0.989 0
0.932 0
0.14 2
0.85 0
0.124 0
0.905 0
0.831 0
0.775 0
0.0646 0
0.792 0
0.897 0
0.975 0
0.367 0
0.957 0
0.428 0
0.804 0
0.913 0
0.254 0
0.818 0
0.882 1
0.677 0
0.259 0
0.692 0
0.116 0
0.539 0
0.267 0
0.177 0
0.0949 0
0.351 2
0.339 0
0.13 0
0.929 0
0.593 1
0.854 0
0.744 0
0.376 0
0.994 0
0.946 0
0.823 0
0.987 0
0.415 0
0.868 0
0.918 0
0.121 0
0.248 0
0.968 0
0.531 0
0.133 0
0.365 0
0.688 0
0.882 0
0.419 0
0.935 0
0.967 0
0.802 0
0.0463 0
0.502 0
0.187 0
0.936 0
0.751 0
3.61e-05 0
0.22 0
0.978 0
0.385 0
0.949 0
0.9 0
0.0863 0
0.0142 0
0.482 0
0.128 0
0.838 0
0.995 0
0.0553 0
0.0425 0
0.156 0
0.341 0
0.994 0
0.121 0
0.81 2
0.956 3
0.821 4
0.935 0
0.979 3
0.282 6
0.356 7
0.0305 0
0.943 1
0.955 0
0.714 0
0.892 0
0.965 0
0.592 0
0.623 0
0.996 0
0.853 0
0.658 0
0.771 0
0.982 1
0.793 0
0.586 0
0.438 1
0.914 0
0.942 0
0.927 0
0.0512 0
0.973 1
0.378 0
0.135 0
0.953 0
0.72 0
0.929 0
0.617 0
0.948 1
0.401 0
0.61 0
0.912 0
0.402 0
0.373 0
0.763 0
0.875 0
0.0704 0
0.889 0
0.512 0
0.441 0
0.0736 0
0.92 0
0.969 0
0.0995 0
0.962 5
0.89 4
0.664 0
0.684 1
0.693 2
0.367 1
0.614 0
0.901 0
0.309 0
0.703 0
0.923 0
0.941 0
0.851 0
0.975 0
0.732 0
0.786 0
0.79 0
0.499 0
0.565 2
0.374 0
0.00959 0
0.997 1
0.289 0
0.572 0
0.509 0
0.913 0
0.996 1
0.376 0
0.759 0
0.852 0
0.263 0
0.278 0
0.197 0
0.143 0
0.0779 0
0.952 0
0.988 0
0.724 0
0.538 0
0.798 0
0.0403 0
0.91 0
0.311 0
0.842 0
0.893 0
0.588 0
0.66 0
0.00311 0
0.154 0
0.12 0
0.479 71
0.933 59
0.717 74
0.873 74
0.721 61
0.747 64
0.479 34
0.598 29
0.869 62
0.741 66
0.763 64
0.841 66
0.8 74
0.555 54
0.638 67
0.733 68
0.706 49
0.517 49
0.842 55
0.646 77
0.668 60
0.894 68
0.541 55
0.602 53
0.855 57
0.915 54
0.729 51
0.764 69
0.717 0
0.717 0
0.591 55
0.789 51
0.483 37
0.67 0
0.29 2
0.869 0
0.82 2
0.644 0
0.831 0
0.673 3
0.909 0
0.644 39
0.896 1
0.904 0
0.674 0
0.76 0
0.967 0
0.917 0
0.794 0
0.8 3
0.408 59
0.848 31
0.538 48
0.675 44
0.934 56
0.811 39
0.675 57
0.82 25
0.592 48
0.764 59
0.604 57
0.912 45
0.625 50
0.477 43
0.55 52
0.664 37
0.582 59
0.936 48
0.57 59
0.679 36
0.4 45
0.69 34
0.738 42
0.768 30
0.765 31
0.702 66
0.676 29
0.726 35
0.576 32
0.416 34
0.95 35
0.517 34
0.628 54
0.805 33
0.687 30
0.469 32
0.503 19
0.453 33
0.738 34
0.655 0
0.735 33
0.839 0
0.819 31
0.779 48
0.712 35
0.716 39
0.75 32
0.494 2
0.973 33
0.744 0
0.936 57
0.621 54
0.706 32
0.623 38
0.825 58
0.874 34
0.643 55
0.846 38
0.436 44
0.738 17
0.553 37
0.687 43
0.769 28
0.822 13
0.564 28
0.56 32
0.658 54
0.784 28
0.696 28
0.604 58
0.592 30
0.693 30
0.682 29
0.581 28
0.664 28
0.605 28
0.894 30
0.675 28
0.482 28
0.666 28
0.558 27
0.794 40
0.513 29
0.429 28
0.532 29
0.509 28
0.585 28
0.483 30
0.822 30
0.554 29
0.603 30
0.471 28
0.625 30
0.659 28
0.885 28
0.517 29
0.556 28
0.569 0
0.525 29
0.912 0
0.427 57
0.72 54
0.673 52
0.847 18
0.707 54
0.816 48
0.993 41
0.717 45
0.644 60
0.471 54
0.604 55
0.599 26
0.667 28
0.814 27
0.849 49
0.411 30
0.664 27
0.585 26
0.703 27
0.428 27
0.736 26
0.503 26
0.62 60
0.795 28
0.702 26
0.672 26
0.741 27
0.663 27
0.55 26
0.888 26
0.41 27
0.695 27
0.676 26
0.471 27
0.782 26
0.442 26
0.567 26
0.83 27
0.717 27
0.726 27
0.668 27
0.859 27
0.731 26
0.753 48
0.626 26
0.579 27
0.493 26
0.554 26
0.51 27
0.906 28
0.479 23
0.184 49
0.679 53
0.78 58
0.861 48
0.659 38
0.612 51
0.769 24
0.739 25
0.689 27
0.86 50
0.676 0
0.693 57
0.606 62
0.856 43
0.613 30
0.749 25
0.828 26
0.86 35
0.363 25
0.851 37
0.365 26
0.495 26
0.705 0
0.873 25
0.8 29
0.762 27
0.558 25
0.492 26
0.907 26
0.501 26
0.824 26
0.986 27
0.818 26
0.749 0
0.545 26
0.823 26
0.775 26
0.692 26
0.649 26
0.76 26
0.617 26
0.601 26
0.523 26
0.905 27
0.616 25
0.714 26
0.931 27
0.59 25
0.867 26
0.887 46
0.827 40
0.694 25
0.985 40
0.676 43
0.596 24
0.502 24
0.934 41
0.956 32
0.862 24
0.799 24
0.812 24
0.436 24
0.736 24
0.808 25
0.674 24
0.62 25
0.353 24
0.754 25
0.457 24
0.832 25
0.709 24
0.706 25
0.43 24
0.506 24
0.811 25
0.651 24
0.531 0
0.883 25
0.582 25
0.688 0
0.857 25
0.59 24
0.689 25
0.707 25
0.509 25
0.873 25
0.829 25
0.654 24
0.922 26
0.851 24
0.745 24
0.844 24
0.678 25
0.62 24
0.523 28
0.833 24
0.884 24
0.942 25
0.64 24
0.753 35
0.0826 58
0.496 41
0.759 45
0.747 53
0.874 49
0.479 55
0.771 44
0.731 24
0.719 24
0.591 23
0.729 24
0.635 23
0.61 37
0.719 24
0.588 23
0.748 24
0.538 24
0.416 24
0.94 24
0.57 23
0.936 24
0.686 31
0.665 24
0.574 23
0.873 22
0.513 24
0.619 24
0.811 24
0.571 23
0.858 24
0.875 25
0.915 23
0.782 24
0.78 24
0.82 55
0.559 24
0.796 23
0.716 23
0.719 23
0.682 23
0.767 24
0.744 23
0.677 24
0.883 23
0.852 23
0.567 24
0.835 24
0.766 24
0.746 24
0.528 43
0.586 44
0.833 54
0.636 19
0.636 22
0.701 34
0.505 52
0.865 24
0.749 23
0.88 29
0.758 23
0.657 28
0.931 46
0.695 23
0.801 23
0.63 22
0.528 34
0.862 39
0.487 22
0.522 23
0.884 23
0.778 23
0.878 23
0.303 22
0.706 23
0.92 23
0.457 23
0.577 22
0.521 23
0.913 23
0.389 23
0.915 23
0.485 22
0.851 23
0.642 23
0.683 23
0.585 22
0.645 24
0.631 23
0.676 22
0.771 23
0.681 24
0.746 23
0.516 22
0.728 23
0.822 24
0.66 23
0.739 23
0.851 23
0.684 23
0.595 54
0.626 44
0.804 46
0.842 36
0.446 42
0.868 43
0.721 51
0.522 23
0.579 22
0.558 56
0.959 23
0.58 25
0.692 22
0.492 22
0.922 22
0.58 22
0.689 22
0.792 22
0.678 23
0.672 22
0.916 22
0.901 55
0.52 22
0.825 22
0.584 22
0.537 22
0.913 23
0.828 23
0.637 22
0.863 22
0.697 22
0.684 22
0.92 23
0.797 22
0.821 23
0.696 22
0.502 22
0.661 22
0.769 23
0.797 22
0.772 23
0.837 22
0.62 22
0.726 22
0.801 22
0.563 22
0.798 22
0.796 22
0.714 22
0.622 22
0.916 50
0.625 52
0.869 40
0.575 21
0.683 25
0.584 21
0.77 23
0.596 21
0.912 35
0.889 23
0.75 21
0.72 21
0.694 22
0.798 54
0.818 23
0.418 21
0.933 22
0.678 22
0.492 22
0.853 22
0.675 22
0.653 21
0.614 23
0.582 21
0.444 21
0.788 22
0.68 23
0.693 49
0.633 21
0.752 22
0.839 22
0.699 23
0.689 21
0.883 22
0.867 21
0.673 23
0.574 22
0.673 22
0.841 24
0.978 23
0.904 22
0.709 22
0.854 21
0.709 21
0.945 22
0.966 22
0.511 22
0.84 22
0.92 22
0.813 22
0.847 38
0.429 34
0.48 46
0.72 51
0.512 35
0.904 48
0.593 21
0.781 43
0.522 21
0.77 21
0.651 51
0.526 21
0.784 21
0.933 22
0.619 21
0.755 21
0.655 21
0.589 22
0.854 23
0.652 21
0.757 22
0.938 32
0.371 21
0.562 21
0.489 22
0.724 22
0.619 22
0.623 22
0.582 21
0.622 21
0.739 21
0.611 21
0.524 21
0.845 21
0.991 23
0.584 20
0.966 21
0.694 21
0.61 21
0.877 22
0.636 21
0.678 21
0.841 21
0.346 23
0.803 21
0.877 21
0.555 22
0.987 21
0.375 21
0.84 21
0.676 51
0.664 51
0.72 52
0.498 56
0.757 21
0.681 52
0.765 22
0.44 22
0.62 21
0.644 21
0.689 21
0.731 20
0.459 50
0.755 24
0.866 20
0.757 21
0.456 22
0.633 22
0.729 30
0.391 52
0.606 21
0.594 37
0.691 36
0.922 21
0.732 21
0.56 20
0.797 21
0.566 21
0.855 21
0.676 21
0.842 21
0.442 20
0.688 22
0.716 21
0.71 21
0.515 21
0.421 21
0.729 21
0.788 22
0.772 20
0.49 1
0.584 20
0.809 21
0.476 0
0.642 20
0.826 21
0.674 20
0.779 21
0.759 21
0.851 22
0.83 43
0.638 52
0.665 20
0.724 10
0.761 4
0.964 46
0.552 34
0.819 20
0.733 21
0.731 20
0.744 34
0.783 20
0.772 20
0.499 20
0.913 20
0.627 21
0.969 21
0.655 20
0.814 20
0.697 20
0.847 20
0.858 20
0.677 20
0.74 21
0.933 20
0.778 20
0.606 20
0.56 20
0.863 20
0.713 21
0.549 20
0.587 20
0.8 20
0.623 21
0.719 20
0.844 21
0.799 21
0.789 20
0.746 20
0.816 21
0.84 20
0.644 20
0.945 20
0.58 23
0.708 20
0.842 20
0.67 20
0.509 20
0.65 21
0.797 20
0.691 54
0.615 0
0.814 29
0.559 44
0.646 49
0.629 0
0.724 10
0.554 53
0.485 20
0.512 21
0.756 48
0.915 20
0.803 20
0.789 20
0.693 20
0.88 20
0.345 19
0.627 20
0.632 20
0.696 20
0.529 20
0.797 20
0.463 20
0.93 20
0.69 20
0.681 20
0.907 20
0.751 21
0.676 20
0.746 21
0.818 20
0.883 20
0.593 20
0.61 20
0.688 20
0.657 23
0.602 21
0.767 20
0.696 21
0.629 20
0.8 20
0.782 20
0.766 20
0.54 20
0.945 20
0.793 19
0.579 20
0.802 56
0.767 20
0.822 21
0.59 46
0.729 47
0.638 52
0.803 46
0.486 20
0.669 19
0.76 20
0.552 20
0.647 19
0.696 19
0.707 53
0.682 19
0.878 20
0.628 42
0.695 23
0.694 19
0.73 20
0.872 20
0.764 20
0.792 20
0.812 20
0.515 20
0.689 20
0.599 20
0.485 19
0.884 20
0.804 20
0.667 20
0.801 20
0.536 19
0.595 19
0.544 19
0.796 20
0.731 20
0.873 20
0.616 19
0.752 20
0.961 21
0.795 20
0.409 20
0.875 20
0.806 20
0.832 20
0.856 19
0.749 20
0.673 20
0.87 20
0.79 21
0.832 20
0.692 20
0.656 55
0.64 45
0.623 20
0.646 39
0.815 49
0.538 19
0.867 19
0.739 20
0.6 21
0.49 20
0.591 20
0.62 20
0.604 19
0.707 20
0.879 21
0.637 19
0.645 19
0.602 19
0.659 20
0.599 19
0.605 19
0.806 20
0.882 20
0.783 19
0.491 60
0.784 19
0.592 19
0.513 19
0.682 19
0.795 20
0.76 20
0.774 19
0.838 20
0.643 19
0.937 19
0.732 20
0.798 19
0.795 20
0.751 19
0.679 19
0.401 20
0.757 20
0.783 19
0.902 20
0.837 20
0.819 19
0.623 19
0.854 19
0.829 20
0.835 19
0.752 35
0.788 20
0.803 25
0.623 51
0.513 48
0.465 19
0.713 41
0.786 19
0.829 19
0.642 22
0.394 19
0.812 19
0.755 20
0.68 19
0.486 19
0.693 18
0.71 57
0.535 19
0.8 19
0.537 18
0.89 19
0.572 19
0.634 19
0.677 19
0.969 20
0.948 19
0.733 19
0.631 19
0.939 19
0.891 19
0.896 21
0.833 19
0.747 19
0.729 19
0.856 20
0.858 19
0.37 20
0.786 20
0.647 19
0.766 20
0.607 19
0.721 19
0.765 19
0.784 19
0.79 0
0.718 20
0.538 20
0.835 19
0.73 19
0.813 19
0.758 42
0.837 35
0.771 41
0.72 34
0.665 19
0.714 18
0.878 18
0.825 44
0.745 19
0.457 19
0.504 19
0.916 19
0.634 18
0.661 18
0.927 20
0.796 19
0.841 19
0.693 19
0.893 21
0.476 18
0.699 19
0.902 19
0.871 18
0.677 46
0.514 19
0.73 18
0.705 18
0.946 18
0.691 18
0.895 19
0.863 19
0.766 18
0.671 19
0.737 19
0.825 18
0.678 18
0.461 18
0.731 20
0.853 19
0.576 18
0.629 19
0.657 18
0.773 19
0.89 20
0.838 18
0.846 18
0.794 18
0.543 21
0.701 19
0.67 18
0.472 41
0.647 30
0.837 35
0.609 42
0.69 48
0.864 20
0.63 20
0.661 18
0.745 47
0.906 27
0.597 50
0.568 18
0.509 55
0.665 19
0.562 22
0.808 18
0.805 18
0.842 19
0.689 18
0.771 18
0.581 18
0.496 18
0.732 19
0.811 18
0.36 17
0.754 19
0.841 20
0.784 19
0.752 18
0.825 50
0.766 19
0.659 19
0.946 18
0.816 18
0.917 48
0.664 18
0.643 18
0.71 18
0.581 19
0.736 19
0.686 19
0.674 18
0.441 18
0.677 18
0.804 19
0.764 19
0.83 19
0.926 19
0.728 18
0.801 18
0.675 40
0.538 38
0.852 40
0.408 27
0.945 35
0.641 43
0.991 36
0.686 16
0.579 51
0.798 18
0.851 19
0.494 47
0.571 18
0.792 19
0.527 37
0.713 19
0.63 18
0.609 18
0.728 18
0.865 18
0.599 18
0.725 18
0.369 18
0.55 18
0.74 18
0.95 18
0.753 19
0.839 19
0.799 18
0.686 18
0.584 18
0.817 20
0.558 18
0.771 18
0.692 18
0.401 39
0.914 18
0.483 18
0.692 19
0.817 19
0.925 19
0.685 18
0.736 19
0.504 22
0.885 19
0.942 19
0.607 18
0.892 18
0.372 20
0.842 18
0.941 57
0.953 55
0.875 65
0.988 56
0.988 53
0.872 52
0.881 54
0.942 42
0.401 33
0.985 59
0.799 35
0.833 34
0.702 34
0.918 34
0.954 32
0.527 34
0.883 35
0.786 37
0.926 33
0.925 35
0.675 41
0.885 32
0.853 33
0.825 33
0.958 34
0.953 33
0.939 34
0.768 33
0.956 37
0.959 32
0.798 36
0.643 32
0.963 38
0.783 33
0.879 33
0.946 32
0.943 36
0.962 33
0.916 0
0.913 32
0.809 33
0.92 32
0.921 36
0.973 35
0.944 33
0.842 33
0.95 33
0.933 33
0.95 36
0.94 33
0.954 50
0.988 55
0.938 50
0.984 50
0.982 54
0.985 55
0.961 30
0.962 31
0.667 32
0.921 58
0.872 31
0.969 53
0.873 30
0.989 55
0.834 31
0.449 32
0.902 31
0.81 31
0.926 30
0.93 32
0.95 31
0.937 31
0.933 30
0.882 31
0.829 30
0.874 30
0.905 31
0.871 30
0.924 30
0.71 31
0.943 31
0.967 30
0.971 30
0.931 31
0.984 30
0.99 29
0.801 31
0.952 32
0.911 31
0.856 31
0.912 31
0.939 31
0.939 30
0.674 31
0.888 31
0.889 32
0.919 29
0.349 31
0.868 30
0.949 30
0.954 38
0.974 52
0.993 52
0.951 50
0.378 29
0.898 38
0.953 27
0.946 28
0.3 29
0.88 27
0.98 28
0.701 29
0.658 29
0.411 28
0.959 29
0.92 28
0.924 30
0.96 28
0.908 29
0.854 30
0.97 27
0.968 29
0.912 30
0.65 28
0.924 28
0.859 28
0.884 28
0.98 29
0.946 28
0.945 28
0.933 29
0.876 29
0.785 30
0.939 29
0.91 30
0.91 28
0.885 29
0.532 30
0.898 28
0.89 27
0.838 28
0.932 28
0.978 29
0.765 29
0.657 28
0.867 28
0.782 29
0.995 28
0.98 29
0.931 30
0.864 51
0.952 45
0.981 47
0.749 36
0.988 52
0.818 28
0.96 27
0.691 27
0.715 26
0.909 26
0.673 27
0.791 27
0.993 26
0.757 28
0.862 27
0.704 27
0.918 27
0.914 27
0.687 27
0.817 27
0.9 26
0.995 27
0.803 27
0.983 25
0.983 27
0.752 25
0.878 27
0.857 26
0.788 28
0.841 27
0.769 26
0.829 27
0.947 27
0.933 26
0.821 27
0.964 27
0.958 26
0.725 28
0.945 27
0.903 27
0.881 27
0.978 26
0.955 26
0.968 27
0.921 27
0.942 26
0.956 26
0.967 27
0.968 26
0.968 27
0.819 48
0.882 32
0.977 41
0.81 50
0.718 39
0.974 42
0.45 27
0.438 26
0.988 47
0.355 27
0.363 27
0.635 26
0.517 26
0.597 26
0.806 26
0.947 26
0.523 26
0.908 26
0.344 26
0.857 26
0.892 25
0.911 27
0.939 26
0.862 26
0.784 25
0.769 26
0.865 26
0.694 25
0.556 25
0.924 24
0.857 25
0.837 25
0.83 26
0.921 26
0.576 26
0.76 25
0.932 26
0.851 25
0.768 25
0.821 26
0.958 25
0.911 25
0.939 25
0.978 24
0.846 25
0.927 25
0.96 24
0.849 25
0.908 25
0.987 26
0.988 50
0.741 49
0.896 47
0.892 42
0.896 44
0.814 51
0.749 50
0.336 26
0.674 24
0.865 26
0.606 24
0.666 25
0.879 26
0.796 25
0.934 25
0.923 25
0.985 24
0.957 26
0.954 25
0.822 25
0.66 25
0.922 25
0.876 25
0.919 25
0.932 25
0.95 25
0.927 25
0.777 58
0.86 25
0.867 25
0.956 25
0.902 24
0.792 25
0.988 25
0.921 25
0.787 24
0.685 26
0.932 24
0.588 24
0.847 25
0.934 24
0.896 25
0.889 25
0.978 24
0.923 23
0.956 25
0.935 25
0.993 24
0.906 24
0.979 24
0.905 49
0.988 36
0.963 0
0.964 49
0.713 19
0.81 45
0.274 25
0.935 24
0.975 24
0.462 24
0.737 24
0.917 24
0.728 24
0.967 24
0.792 24
0.855 24
0.53 23
0.903 25
0.978 24
0.923 24
0.876 24
0.936 24
0.935 24
0.901 24
0.717 25
0.501 24
0.822 24
0.949 24
0.924 24
0.822 24
0.955 24
0.939 23
0.901 24
0.904 24
0.902 24
0.841 23
0.89 24
0.757 24
0.813 23
0.856 23
0.924 23
0.918 23
0.882 24
0.584 22
0.875 23
0.944 24
0.759 24
0.965 23
0.594 23
0.959 23
0.875 45
0.926 34
0.981 39
0.898 23
0.714 24
0.949 23
0.981 24
0.985 23
0.754 23
0.87 24
0.622 24
0.963 23
0.773 24
0.958 24
0.726 22
0.396 24
0.806 24
0.976 23
0.949 23
0.981 23
0.949 23
0.909 23
0.931 24
0.939 24
0.269 23
0.856 22
0.962 22
0.975 23
0.773 24
0.926 23
0.954 24
0.957 23
0.812 23
0.985 22
0.915 23
0.982 23
0.931 23
0.844 24
0.956 23
0.98 23
0.839 23
0.792 23
0.666 23
0.878 23
0.804 23
0.845 22
0.944 23
0.918 22
0.886 23
0.953 23
0.988 38
0.875 39
0.945 47
0.94 47
0.829 22
0.797 23
0.933 22
0.674 23
0.662 23
0.943 23
0.87 22
0.978 22
0.911 23
0.901 23
0.753 23
0.975 23
0.884 23
0.923 23
0.892 22
0.812 23
0.947 23
0.938 22
0.886 22
0.739 23
0.742 23
0.866 24
0.765 23
0.815 22
0.979 22
0.961 23
0.735 23
0.841 22
0.95 22
0.971 22
0.999 22
0.987 22
0.959 23
0.85 23
0.859 22
0.959 23
0.971 22
0.835 22
0.957 22
0.972 21
0.861 22
0.893 22
0.936 21
0.851 21
0.981 21
0.928 21
0.936 50
0.502 34
0.927 36
0.865 45
0.903 33
0.959 22
0.93 22
0.423 22
0.643 21
0.889 21
0.947 22
0.987 21
0.847 22
0.408 23
0.845 21
0.963 22
0.969 22
0.989 47
0.706 22
0.931 21
0.935 22
0.991 22
0.944 22
0.816 21
0.763 22
0.976 48
0.854 22
0.942 22
0.8 22
0.906 22
0.866 22
0.917 23
0.995 21
0.99 21
0.993 22
0.892 22
0.93 22
0.799 21
0.979 21
0.638 22
0.995 21
0.994 22
0.919 21
0.951 21
0.811 22
0.97 21
0.913 21
0.902 21
0.877 20
0.972 20
0.794 41
0.976 48
0.966 48
0.902 21
0.703 21
0.982 54
0.992 22
0.941 21
0.977 22
0.933 35
0.872 22
0.919 20
0.967 21
0.334 22
0.921 21
0.914 21
0.956 21
0.988 21
0.876 22
0.852 21
0.96 21
0.867 21
0.922 21
0.842 21
0.963 21
0.594 21
0.907 22
0.979 21
0.653 21
0.883 21
0.946 22
0.923 21
0.989 21
0.95 21
0.903 21
0.94 20
0.989 21
0.988 21
0.922 21
0.86 21
0.953 21
0.536 21
0.955 21
0.912 21
0.973 21
0.945 20
0.825 20
0.736 20
0.921 21
0.785 20
0.964 47
0.943 31
0.936 36
0.982 22
0.941 21
0.93 21
0.904 20
0.765 20
0.869 21
0.947 21
0.951 20
0.938 20
0.888 20
0.886 21
0.822 21
0.839 21
0.934 21
0.888 22
0.836 20
0.948 21
0.82 21
0.144 22
0.95 20
0.756 21
0.971 21
0.81 21
0.967 21
0.701 21
0.788 21
0.995 21
0.919 21
0.979 21
0.968 21
0.874 20
0.512 21
0.971 20
0.92 21
0.836 20
0.793 20
0.958 20
0.721 20
0.959 21
0.774 20
0.913 20
0.878 20
0.984 20
0.895 20
0.946 19
0.92 20
0.867 20
0.911 46
0.842 29
0.958 46
0.941 44
0.471 21
0.939 21
0.635 20
0.953 20
0.91 21
0.879 20
0.974 21
0.998 21
0.988 21
0.887 20
0.991 20
0.972 21
0.962 20
0.59 21
0.953 20
0.957 21
0.919 21
0.455 21
0.776 20
0.718 21
0.823 20
0.961 21
0.845 20
0.941 20
0.919 20
0.828 21
0.814 21
0.735 20
0.983 21
0.847 20
0.964 21
0.935 20
0.844 19
0.995 20
0.977 21
0.739 20
0.912 20
0.911 20
0.931 20
0.94 19
0.883 19
0.978 21
0.745 20
0.989 19
0.598 19
0.954 19
0.927 48
0.993 20
0.885 19
0.959 20
0.948 19
0.558 19
0.958 20
0.983 43
0.494 20
0.96 19
0.79 20
0.997 43
0.976 22
0.91 20
0.996 20
0.59 20
0.988 19
0.806 19
0.954 21
0.843 20
0.953 20
0.983 20
0.753 20
0.834 20
0.988 20
0.97 20
0.814 20
0.964 20
0.907 19
0.832 19
0.98 20
0.954 19
0.899 19
0.984 21
0.943 20
0.854 20
0.741 19
0.917 20
0.959 19
0.761 19
0.919 20
0.903 19
0.821 20
0.988 19
0.849 19
0.796 19
0.578 19
0.933 19
0.922 20
0.933 19
0.97 44
0.517 20
0.846 46
0.937 19
0.863 19
0.898 20
0.865 19
0.917 20
0.88 19
0.956 19
0.802 19
0.967 20
0.959 19
0.733 20
0.978 19
0.97 19
0.957 20
0.887 19
0.763 20
0.948 19
0.885 19
0.957 19
0.9 19
0.968 45
0.722 20
0.952 20
0.382 20
0.682 19
0.997 20
0.949 18
0.883 20
0.863 20
0.988 19
0.678 19
0.93 19
0.853 20
0.936 19
0.972 20
0.904 19
0.874 20
0.966 20
0.965 20
0.806 19
0.979 19
0.913 19
0.968 20
0.891 19
0.926 19
0.781 18
0.92 19
0.953 44
0.911 40
0.398 19
0.833 20
0.954 19
0.92 20
0.965 18
0.707 20
0.775 19
0.577 18
0.964 19
0.916 19
0.754 19
0.868 18
0.819 19
0.925 20
0.91 19
0.856 20
0.961 19
0.957 19
0.938 19
0.963 19
0.962 19
0.906 19
0.937 19
0.905 20
0.744 19
0.905 19
0.95 18
0.983 19
0.931 19
0.948 19
0.948 18
0.953 19
0.901 18
0.957 20
0.981 19
0.94 19
0.919 19
0.898 18
0.945 19
0.988 19
0.93 18
0.926 18
0.909 18
0.966 18
0.92 18
0.888 18
0.603 20
0.726 19
0.83 20
0.979 35
0.867 18
0.807 18
0.89 18
0.988 18
0.981 19
0.83 19
0.867 34
0.966 18
0.914 20
0.893 19
0.837 19
0.942 19
0.936 19
0.974 19
0.937 18
0.87 19
0.964 19
0.948 21
0.988 19
0.951 18
0.793 18
0.938 19
0.962 20
0.918 19
0.888 19
0.967 18
0.942 19
0.895 18
0.944 19
0.863 18
0.869 18
0.832 19
0.856 18
0.866 19
0.92 19
0.825 19
0.736 20
0.955 19
0.824 18
0.878 20
0.835 18
0.901 19
0.925 18
0.982 18
0.943 19
0.826 19
0.943 18
0.922 19
0.915 42
0.914 29
0.891 42
0.899 33
0.977 44
0.897 19
0.824 17
0.419 19
0.73 19
0.929 18
0.438 19
0.973 17
0.832 18
0.922 18
0.739 19
0.653 18
0.853 18
0.796 19
0.935 17
0.607 19
0.577 19
0.984 19
0.397 19
0.971 19
0.484 19
0.573 17
0.886 19
0.824 18
0.939 19
0.916 19
0.968 19
0.848 18
0.84 18
0.923 19
0.962 19
0.824 18
0.96 18
0.888 17
0.913 17
0.953 18
0.802 18
0.666 17
0.945 17
0.947 17
0.832 17
0.972 17
0.959 18
0.953 18
0.856 18
0.91 17
0.955 44
0.914 32
0.81 40
0.979 35
0.888 41
0.968 44
0.958 18
0.816 18
0.726 19
0.964 18
0.956 18
0.84 19
0.953 18
0.695 18
0.451 18
0.378 19
0.679 18
0.89 17
0.938 18
0.906 18
0.726 18
0.974 18
0.882 19
0.834 19
0.906 18
0.984 19
0.965 44
0.959 18
0.964 19
0.872 17
0.984 17
0.951 19
0.956 19
0.73 19
0.689 18
0.983 18
0.814 18
0.824 18
0.948 17
0.805 18
0.964 18
0.952 18
0.965 18
0.902 18
0.941 19
0.786 17
0.682 18
0.953 18
0.99 18
0.901 18
0.74 42
0.877 41
0.0973 19
0.981 42
0.977 18
0.898 18
0.905 18
0.97 44
0.926 18
0.963 17
0.875 17
0.642 18
0.97 17
0.945 17
0.977 18
0.802 18
0.811 18
0.879 18
0.832 18
0.95 18
0.938 17
0.926 18
0.934 18
0.798 18
0.875 18
0.986 18
0.957 19
0.868 17
0.888 18
0.99 17
0.861 18
0.932 17
0.86 18
0.649 18
0.952 18
0.981 17
0.904 18
0.99 17
0.972 18
0.879 18
0.832 17
0.696 17
0.861 17
0.949 18
0.934 17
0.975 18
0.971 16
0.805 19
0.855 18
0.942 17
0.874 74
0.415 68
0.76 85
0.934 73
0.889 73
0.548 73
0.76 0
0.5 70
0.426 66
0.966 70
0.639 74
0.934 0
0.896 77
0.327 9
0.508 59
0.849 1
0.427 2
0.466 2
0.466 2
0.232 1
0.547 1
0.232 0
0.232 0
0.381 2
0.232 0
0.257 0
0.791 0
0.265 1
0.791 1
0.543 0
0.356 2
0.543 0
0.163 0
0.0825 5
0.356 0
0.543 0
0.374 0
0.543 0
0.347 0
0.205 0
0.205 0
0.205 0
0.374 0
0.068 0
0.374 0
0.068 0
0.374 0
0.068 0
0.068 0
0.374 0
0.941 83
0.871 75
0.0845 0
0.71 0
0.265 1
0.71 0
0.131 0
0.71 0
0.205 0
0.205 1
0.205 0
0.126 0
0.131 0
0.543 0
0.543 0
0.543 0
0.543 0
0.543 0
0.543 0
0.356 0
0.699 0
0.699 0
0.543 0
0.543 0
0.0378 0
0.71 0
0.543 0
0.356 0
0.356 0
0.699 0
0.699 0
0.131 0
0.068 0
0.163 0
0.163 0
0.068 0
0.543 0
0.131 0
0.0414 0
0.068 0
0.068 0
0.205 0
0.205 0
0.295 0
0.068 0
0.068 0
0.374 0
0.374 0
0.374 0
0.199 0
0.931 69
0.492 63
0.461 73
0.717 74
0.935 71
0.926 71
0.961 66
0.731 68
0.873 74
0.666 66
0.892 68
0.782 63
0.685 70
0.824 71
0.871 63
0.686 65
0.661 68
0.855 74
0.498 65
0.902 66
0.986 77
0.934 67
0.462 63
0.764 73
0.94 74
0.663 62
0.981 69
0.914 67
0.937 66
0.906 64
0.951 62
0.717 0
0.717 0
0.671 66
0.901 63
0.923 0
0.894 66
0.933 1
0.813 1
0.391 4
0.926 2
0.45 1
0.595 3
0.94 1
0.695 2
0.806 0
0.547 3
0.623 0
0.138 0
0.486 0
0.857 59
0.92 63
0.888 68
0.964 71
0.913 63
0.54 65
0.94 64
0.961 64
0.941 65
0.955 62
0.901 70
0.958 76
0.976 66
0.815 65
0.759 67
0.752 54
0.423 56
0.987 66
0.533 67
0.83 66
0.902 64
0.901 72
0.847 65
0.99 63
0.871 63
0.506 55
0.719 62
0.914 64
0.534 58
0.729 51
0.894 63
0.853 74
0.646 70
0.918 68
0.933 64
0.689 48
0.858 72
0.556 8
0.917 1
0.576 0
0.338 0
0.968 0
0.486 0
0.09 0
0.09 0
0.79 0
0.09 0
0.09 0
0.09 0
0.332 0
0.933 59
0.644 70
0.598 78
0.914 61
0.955 64
0.908 60
0.875 65
0.496 57
0.859 60
0.403 56
0.828 59
0.819 57
0.717 62
0.995 62
0.931 60
0.37 71
0.599 50
0.889 63
0.327 61
0.284 60
0.508 46
0.918 68
0.894 45
0.919 0
0.524 46
0.141 74
0.876 67
0.971 0
0.841 63
0.447 0
0.447 0
0.447 0
0.447 0
0.644 1
0.274 1
0.447 0
0.619 48
0.533 0
0.533 0
0.533 0
0.533 0
0.533 0
0.447 0
0.447 0
0.533 0
0.533 0
0.233 48
0.533 0
0.87 47
0.533 0
0.873 63
0.931 61
0.786 60
0.957 55
0.856 50
0.655 58
0.76 54
0.741 66
0.877 62
0.668 60
0.646 77
0.978 68
0.855 59
0.822 58
0.373 50
0.291 50
0.884 58
0.891 67
0.331 51
0.889 61
0.623 57
0.605 56
0.915 58
0.775 58
0.672 60
0.455 59
0.284 48
0.695 44
0.959 60
0.69 62
0.219 76
0.791 44
0.745 54
0.591 1
0.951 44
0.916 0
0.966 44
0.67 2
0.533 0
0.447 0
0.489 0
0.605 0
0.489 0
0.706 0
0.706 0
0.605 0
0.706 0
0.605 0
0.706 0
0.489 0
0.634 66
0.902 62
0.941 60
0.87 66
0.941 57
0.793 65
0.964 51
0.379 66
0.654 50
0.963 63
0.864 59
0.866 59
0.763 64
0.669 66
0.481 56
0.878 55
0.875 57
0.896 61
0.464 42
0.794 65
0.376 58
0.947 58
0.976 67
0.729 56
0.868 56
0.61 56
0.795 57
0.975 57
0.986 43
0.8 59
0.868 57
0.643 43
0.733 72
0.924 56
0.688 71
0.873 43
0.741 43
0.828 43
0.858 43
0.695 42
0.834 60
0.952 42
0.426 0
0.556 0
0.939 43
0.292 45
0.568 44
0.15 0
0.625 45
0.134 45
0.951 58
0.966 60
0.906 56
0.948 67
0.951 61
0.718 53
0.84 52
0.933 65
0.722 64
0.822 55
0.915 56
0.645 69
0.773 61
0.895 56
0.509 50
0.966 50
0.446 58
0.747 53
0.671 73
0.665 51
0.915 54
0.881 62
0.733 49
0.935 67
0.98 57
0.962 66
0.884 55
0.846 58
0.876 57
0.5 5
0.451 41
0.676 41
0.52 3
0.865 41
0.902 41
0.947 42
0.446 42
0.98 58
0.657 41
0.746 41
0.726 0
0.966 41
0.364 42
0.479 0
0.956 41
0.496 42
0.971 42
0.883 0
0.563 44
0.653 43
0.493 49
0.737 55
0.939 60
0.864 54
0.756 56
0.749 62
0.798 57
0.938 57
0.585 55
0.975 57
0.795 56
0.607 68
0.833 52
0.92 57
0.514 52
0.796 55
0.934 60
0.661 53
0.953 58
0.717 48
0.864 58
0.873 62
0.358 68
0.85 75
0.462 52
0.88 63
0.804 0
0.485 42
0.498 1
0.889 59
0.907 40
0.699 41
0.475 66
0.675 41
0.754 40
0.831 60
0.717 40
0.539 58
0.983 62
0.841 40
0.82 41
0.683 40
0.868 40
0.827 40
0.299 73
0.963 41
0.654 42
0.61 41
0.37 43
0.686 41
0.733 68
0.54 43
0.923 67
0.517 49
0.613 49
0.955 57
0.638 66
0.834 65
0.957 58
0.835 42
0.94 55
0.746 63
0.872 57
0.946 58
0.944 56
0.857 59
0.705 50
0.923 57
0.796 39
0.681 39
0.426 41
0.967 40
0.904 39
0.876 40
0.69 39
0.872 40
0.572 39
0.271 59
0.527 39
0.915 39
0.919 39
0.257 41
0.673 39
0.976 39
0.526 40
0.705 39
0.833 56
0.479 41
0.57 39
0.846 1
0.32 40
0.57 1
0.851 40
0.233 41
0.903 40
0.342 41
0.536 41
0.786 40
0.038 41
0.116 0
0.591 56
0.666 53
0.465 63
0.581 48
0.764 65
0.86 62
0.751 55
0.518 46
0.579 68
0.815 67
0.959 36
0.802 65
0.445 61
0.965 65
0.723 59
0.964 59
0.965 49
0.78 53
0.522 50
0.603 71
0.295 46
0.342 47
0.951 50
0.14 51
0.857 55
0.752 61
0.707 53
0.267 59
0.592 39
0.938 63
0.961 39
0.636 41
0.752 39
0.925 38
0.917 38
0.666 41
0.959 39
0.867 39
0.567 40
0.651 39
0.435 41
0.555 40
0.577 41
0.921 39
0.78 38
0.474 40
0.535 40
0.185 41
0.545 41
0.881 41
0.624 67
0.895 56
0.698 50
0.932 48
0.525 55
0.928 49
0.932 56
0.973 57
0.815 53
0.651 54
0.878 55
0.929 55
0.624 39
0.925 56
0.434 65
0.945 58
0.823 38
0.941 55
0.865 38
0.885 38
0.476 37
0.591 55
0.68 38
0.96 39
0.68 39
0.918 57
0.245 40
0.276 38
0.689 57
0.777 38
0.786 38
0.58 38
0.437 39
0.713 58
0.803 39
0.613 40
0.802 38
0.869 60
0.603 39
0.927 38
0.955 38
0.851 39
0.957 39
0.839 39
0.268 40
0.945 38
0.856 38
0.324 40
0.467 40
0.732 39
0.95 57
0.875 54
0.811 58
0.873 58
0.897 54
0.429 47
0.91 49
0.931 53
0.946 51
0.746 48
0.5 61
0.422 51
0.683 53
0.923 48
0.524 54
0.893 64
0.85 37
0.597 38
0.942 56
0.671 38
0.411 38
0.856 38
0.968 37
0.75 74
0.526 38
0.773 37
0.941 37
0.586 38
0.824 37
0.939 37
0.935 37
0.863 37
0.462 37
0.876 37
0.919 38
0.706 38
0.678 38
0.481 38
0.78 38
0.536 40
0.474 38
0.849 58
0.138 39
0.923 37
0.18 69
0.628 39
0.676 38
0.376 39
0.77 40
0.353 39
0.542 58
0.979 60
0.292 57
0.38 52
0.817 33
0.909 44
0.896 52
0.668 60
0.45 60
0.653 62
0.752 37
0.987 55
0.702 66
0.968 52
0.995 37
0.695 77
0.87 37
0.844 52
0.914 56
0.845 56
0.45 38
0.883 37
0.753 37
0.664 39
0.698 37
0.345 37
0.727 64
0.626 37
0.801 37
0.912 38
0.55 37
0.963 38
0.831 59
0.49 39
0.769 38
0.298 39
0.941 36
0.606 39
0.608 38
0.303 39
0.884 38
0.903 37
0.834 41
0.406 38
0.402 38
0.289 38
0.538 40
0.655 39
0.755 39
0.166 38
0.934 59
0.9 53
0.717 49
0.939 49
0.598 29
0.706 48
0.709 57
0.363 61
0.891 52
0.913 59
0.726 36
0.791 72
0.895 55
0.952 56
0.741 37
0.931 62
0.988 37
0.861 37
0.233 64
0.672 36
0.729 37
0.438 0
0.722 37
0.364 37
0.786 37
0.629 38
0.36 37
0.945 36
0.139 57
0.816 37
0.934 37
0.563 37
0.891 37
0.768 37
0.216 39
0.675 0
0.697 37
0.733 36
0.92 37
0.764 39
0.888 37
0.341 59
0.79 72
0.652 38
0.248 38
0.467 37
0.414 38
0.18 38
0.916 38
0.719 39
0.795 55
0.929 45
0.533 73
0.768 54
0.632 43
0.696 64
0.814 60
0.926 60
0.934 56
0.214 67
0.868 55
0.431 50
0.809 49
0.681 70
0.743 56
0.932 51
0.929 56
0.611 45
0.836 53
0.97 59
0.739 56
0.117 47
0.891 63
0.539 36
0.571 46
0.546 36
0.632 72
0.756 37
0.232 38
0.961 37
0.914 37
0.871 38
0.935 36
0.734 36
0.658 0
0.952 36
0.538 37
0.784 36
0.618 37
0.964 36
0.795 37
0.35 37
0.751 38
0.992 37
0.723 38
0.134 38
0.97 37
0.491 38
0.456 38
0.237 38
0.762 51
0.527 61
0.953 55
0.727 54
0.736 49
0.94 54
0.894 56
0.941 58
0.579 71
0.184 45
0.864 55
0.83 50
0.933 50
0.994 54
0.485 36
0.597 62
0.916 50
0.957 36
0.481 53
0.427 36
0.726 55
0.814 36
0.322 71
0.714 36
0.733 36
0.988 36
0.899 57
0.257 63
0.844 36
0.967 36
0.468 37
0.959 36
0.22 57
0.462 38
0.859 36
0.893 36
0.97 36
0.956 37
0.879 36
0.91 36
0.85 36
0.918 37
0.519 36
0.39 38
0.887 36
0.58 37
0.946 36
0.797 37
0.528 37
0.621 38
0.897 54
0.665 57
0.604 44
0.728 44
0.538 48
0.688 50
0.961 50
0.795 52
0.814 65
0.936 53
0.564 61
0.879 53
0.926 36
0.623 36
0.59 67
0.862 35
0.614 58
0.723 66
0.849 59
0.572 36
0.775 35
0.45 57
0.857 37
0.78 36
0.564 36
0.517 36
0.777 37
0.69 36
0.589 36
0.947 36
0.859 35
0.89 37
0.66 36
0.648 36
0.934 36
0.97 37
0.881 35
0.917 58
0.812 35
0.912 36
0.488 37
0.296 38
0.962 36
0.721 38
0.789 37
0.411 37
0.599 37
0.603 37
0.651 38
0.913 0
0.819 47
0.907 49
0.817 61
0.861 58
0.693 53
0.71 73
0.869 51
0.872 52
0.6 62
0.563 50
0.718 59
0.718 59
0.382 66
0.498 35
0.769 47
0.817 62
0.907 35
0.506 35
0.965 36
0.734 35
0.941 35
0.382 36
0.776 35
0.697 36
0.558 35
0.965 35
0.234 64
0.83 36
0.935 35
0.687 36
0.928 35
0.892 36
0.603 35
0.843 37
0.943 36
0.146 36
0.499 37
0.772 37
0.482 37
0.566 0
0.515 37
0.577 37
0.34 0
0.566 0
0.34 0
0.511 0
0.856 36
0.566 0
0.566 0
0.566 0
0.837 60
0.736 54
0.655 62
0.453 49
0.944 47
0.66 54
0.758 54
0.371 49
0.939 71
0.956 50
0.888 40
0.679 36
0.412 35
0.666 36
0.967 56
0.961 57
0.791 60
0.861 50
0.551 35
0.344 54
0.893 36
0.781 35
0.581 36
0.552 35
0.613 35
0.879 35
0.893 36
0.891 35
0.64 36
0.738 35
0.842 35
0.888 36
0.45 36
0.229 36
0.934 0
0.836 36
0.927 35
0.951 36
0.934 1
0.934 1
0.934 1
0.737 37
0.41 36
0.204 37
0.39 38
0.499 36
0.212 36
0.545 37
0.582 37
0.419 36
0.415 68
0.931 69
0.934 73
0.889 73
0.492 63
0.878 73
0.961 64
0.941 65
0.426 66
0.936 66
0.961 66
0.983 69
0.685 67
0.875 66
0.977 74
0.871 63
0.902 66
0.614 71
0.462 63
0.892 68
0.94 74
0.896 77
0.981 69
0.906 64
0.937 66
0.918 68
0.593 62
0.901 63
0.894 66
0.556 8
0.617 53
0.94 1
0.695 2
0.917 1
0.849 1
0.806 0
0.943 1
0.801 0
0.937 3
0.937 2
0.968 0
0.937 2
0.937 1
0.589 1
0.567 0
0.937 0
0.937 0
0.937 0
0.845 0
0.845 0
0.933 59
0.957 55
0.914 61
0.94 64
0.955 64
0.955 62
0.891 59
0.973 60
0.403 56
0.423 56
0.867 61
0.828 59
0.822 58
0.752 54
0.706 49
0.447 59
0.99 63
0.291 50
0.506 55
0.331 51
0.889 63
0.995 62
0.599 50
0.833 61
0.534 58
0.915 58
0.918 68
0.894 63
0.508 46
0.455 59
0.957 0
0.959 60
0.933 64
0.919 0
0.894 45
0.69 62
0.741 43
0.876 67
0.971 0
0.791 44
0.745 54
0.841 63
0.542 46
0.831 0
0.475 49
0.533 0
0.533 0
0.722 0
0.533 0
0.557 0
0.931 61
0.979 56
0.941 60
0.951 58
0.906 56
0.655 58
0.951 61
0.948 67
0.864 54
0.964 51
0.822 55
0.915 56
0.864 59
0.895 56
0.464 42
0.884 58
0.947 58
0.665 51
0.975 57
0.73 51
0.8 59
0.358 68
0.672 60
0.643 43
0.991 63
0.451 41
0.63 49
0.485 42
0.699 41
0.834 60
0.695 42
0.952 42
0.657 41
0.82 41
0.583 43
0.98 58
0.966 41
0.627 43
0.582 43
0.963 41
0.971 42
0.292 45
0.568 44
0.37 43
0.441 43
0.883 0
0.977 43
0.51 44
0.906 44
0.406 0
0.493 49
0.966 54
0.938 57
0.613 49
0.957 58
0.853 56
0.835 42
0.94 55
0.92 57
0.934 60
0.795 56
0.953 58
0.946 58
0.717 48
0.944 56
0.705 50
0.658 53
0.394 40
0.426 41
0.972 59
0.865 41
0.478 40
0.467 41
0.752 39
0.754 40
0.983 62
0.976 39
0.831 60
0.532 41
0.717 40
0.526 40
0.968 40
0.651 39
0.827 40
0.957 39
0.851 40
0.856 40
0.956 41
0.961 41
0.435 41
0.496 42
0.978 39
0.393 40
0.903 40
0.79 72
0.536 41
0.471 42
0.594 0
0.686 41
0.377 40
0.666 53
0.988 56
0.988 53
0.959 36
0.54 43
0.973 57
0.965 49
0.872 57
0.342 47
0.946 58
0.941 55
0.857 55
0.522 50
0.681 39
0.796 39
0.68 39
0.592 39
0.937 38
0.94 60
0.69 39
0.572 39
0.586 38
0.777 38
0.527 39
0.727 64
0.833 56
0.706 38
0.919 38
0.925 38
0.613 40
0.245 40
0.869 60
0.917 38
0.423 41
0.959 39
0.769 38
0.57 39
0.955 38
0.555 40
0.52 39
0.828 38
0.577 41
0.507 40
0.921 39
0.945 38
0.981 40
0.981 40
0.631 40
0.422 41
0.78 38
0.811 58
0.445 61
0.897 54
0.489 55
0.91 49
0.979 60
0.931 53
0.929 55
0.896 52
0.681 70
0.987 55
0.925 56
0.5 61
0.683 53
0.695 77
0.72 48
0.923 48
0.968 52
0.823 38
0.891 63
0.233 64
0.68 38
0.632 72
0.571 46
0.753 37
0.689 57
0.914 56
0.786 38
0.58 38
0.75 74
0.802 38
0.935 37
0.713 58
0.939 37
0.909 38
0.844 52
0.618 37
0.963 38
0.849 58
0.216 39
0.717 38
0.923 37
0.628 39
0.397 40
0.682 39
0.485 39
0.538 40
0.655 39
0.442 40
0.854 0
0.95 57
0.762 51
0.9 53
0.865 51
0.939 44
0.717 49
0.952 59
0.706 48
0.946 51
0.431 50
0.891 52
0.929 56
0.932 51
0.611 45
0.746 48
0.791 72
0.995 37
0.87 37
0.85 37
0.978 57
0.845 56
0.672 36
0.867 71
0.773 37
0.546 36
0.658 0
0.644 47
0.46 62
0.824 37
0.945 36
0.626 37
0.96 38
0.801 37
0.428 37
0.66 36
0.97 36
0.55 37
0.831 59
0.784 36
0.403 37
0.298 39
0.97 37
0.608 38
0.888 37
0.93 38
0.935 37
0.92 37
0.237 39
0.422 39
0.491 38
0.934 59
0.897 54
0.955 43
0.632 43
0.728 44
0.864 55
0.94 54
0.516 68
0.743 56
0.97 59
0.6 62
0.615 60
0.97 61
0.933 50
0.899 57
0.994 54
0.347 59
0.952 56
0.874 57
0.741 37
0.726 55
0.438 0
0.344 54
0.382 36
0.232 38
0.675 0
0.563 37
0.409 37
0.935 35
0.952 36
0.49 39
0.956 37
0.833 35
0.697 37
0.532 72
0.318 38
0.738 35
0.456 36
0.559 37
0.794 35
0.941 36
0.85 36
0.888 36
0.661 38
0.58 37
0.762 37
0.962 36
0.444 37
0.651 38
0.913 0
0.953 55
0.693 53
0.894 56
0.71 73
0.868 55
0.944 47
0.99 55
0.888 40
0.485 36
0.957 36
0.814 36
0.967 56
0.59 67
0.967 57
0.862 35
0.988 36
0.932 36
0.849 59
0.967 36
0.959 36
0.934 36
0.601 36
0.73 35
0.947 36
0.741 36
0.876 36
0.904 35
0.881 35
0.572 37
0.934 0
0.943 36
0.86 35
0.836 36
0.752 36
0.519 36
0.946 36
0.774 36
0.951 36
0.934 1
0.737 37
0.934 1
0.893 35
0.519 37
0.934 1
0.854 36
0.593 36
0.39 38
0.41 37
0.501 37
0.763 37
0.907 49
0.819 47
0.604 44
0.872 52
0.932 56
0.625 49
0.869 51
0.717 52
0.498 35
0.961 57
0.734 35
0.883 35
0.8 53
0.685 32
0.663 52
0.886 34
0.868 29
0.965 35
0.776 35
0.879 35
0.978 58
0.859 35
0.928 35
0.5 35
0.603 35
0.645 24
0.798 36
0.59 35
0.945 34
0.917 58
0.831 35
0.715 35
0.847 0
0.702 26
0.713 0
0.469 36
0.727 34
0.865 35
0.981 34
0.921 36
0.519 36
0.711 37
0.996 35
0.99 34
0.963 34
0.631 36
0.351 36
0.965 35
0.671 37
0.806 37
0.9 56
0.85 54
0.752 58
0.792 46
0.418 39
0.444 65
0.961 34
0.833 35
0.374 35
0.941 35
0.551 35
0.558 35
0.941 36
0.701 57
0.925 35
0.882 35
0.599 35
0.645 35
0.906 34
0.408 36
0.955 21
0.284 35
0.882 22
0.887 25
0.455 20
0.884 21
0.843 23
0.607 24
0.786 25
0.86 23
0.882 23
0.962 20
0.894 22
0.814 24
0.881 26
0.973 34
0.779 26
0.573 35
0.484 23
0.847 20
0.979 34
0.842 35
0.985 34
0.45 36
0.695 34
0.433 55
0.95 36
0.98 34
0.61 35
0.992 34
0.891 47
0.912 49
0.879 51
0.944 48
0.934 54
0.935 55
0.885 50
0.957 51
0.621 55
0.945 45
0.851 35
0.749 35
0.924 43
0.775 59
0.735 52
0.868 34
0.886 34
0.769 34
0.879 34
0.301 35
0.735 34
0.725 35
0.946 34
0.921 56
0.906 34
0.84 34
0.986 34
0.899 34
0.543 34
0.94 34
0.723 33
0.858 34
0.971 33
0.908 34
0.851 34
0.515 35
0.915 35
0.979 34
0.927 35
0.914 34
0.511 36
0.578 35
0.805 34
0.364 36
0.663 36
0.581 34
0.41 36
0.418 35
0.703 37
0.897 36
0.973 57
0.936 47
0.936 49
0.881 54
0.94 50
0.916 44
0.959 52
0.946 52
0.973 50
0.576 43
0.815 53
0.913 58
0.602 65
0.985 59
0.89 55
0.861 34
0.694 34
0.957 34
0.886 34
0.979 34
0.759 34
0.733 34
0.842 35
0.89 34
0.921 34
0.958 34
0.894 61
0.317 54
0.998 33
0.519 34
0.837 33
0.907 34
0.745 34
0.406 56
0.713 34
0.742 34
0.218 35
0.96 34
0.796 34
0.986 33
0.969 34
0.899 33
0.994 33
0.981 33
0.566 36
0.92 33
0.946 34
0.743 67
0.742 35
0.366 35
0.951 48
0.875 51
0.961 54
0.932 52
0.872 34
0.893 53
0.603 34
0.842 34
0.296 33
0.677 34
0.505 34
0.705 33
0.32 35
0.859 53
0.917 34
0.864 34
0.734 34
0.921 33
0.241 57
0.677 55
0.774 34
0.294 53
0.441 34
0.966 33
0.895 33
0.755 45
0.69 34
0.927 33
0.563 35
0.4 33
0.907 33
0.722 35
0.419 34
0.536 34
0.663 34
0.989 33
0.673 34
0.976 33
0.993 33
0.973 35
0.853 35
0.759 35
0.641 35
0.324 34
0.975 33
0.6 34
0.581 35
0.748 34
0.589 35
0.793 36
0.652 40
0.972 53
0.959 60
0.844 48
0.907 52
0.889 50
0.427 52
0.666 62
0.983 54
0.408 33
0.909 43
0.704 68
0.547 66
0.686 33
0.788 38
0.665 33
0.864 33
0.978 33
0.896 33
0.957 33
0.705 55
0.849 62
0.396 52
0.833 32
0.74 33
0.872 33
0.309 55
0.965 32
0.727 32
0.349 55
0.798 33
0.64 33
0.807 33
0.742 33
0.984 33
0.283 35
0.358 34
0.648 34
0.831 34
0.871 33
0.985 33
0.8 33
0.865 33
0.7 33
0.798 34
0.795 33
0.712 33
0.237 35
0.709 34
0.489 35
0.801 48
0.77 55
0.9 60
0.949 44
0.866 45
0.987 55
0.685 51
0.97 46
0.956 54
0.859 33
0.879 32
0.336 33
0.875 33
0.993 55
0.101 51
0.687 32
0.952 33
0.896 32
0.436 33
0.825 32
0.994 32
0.791 33
0.915 33
0.975 32
0.932 33
0.618 33
0.879 33
0.715 34
0.989 32
0.796 36
0.768 34
0.389 33
0.568 33
0.809 33
0.521 67
0.62 33
0.697 33
0.857 53
0.985 33
0.971 32
0.937 32
0.991 32
0.891 33
0.997 33
0.321 34
0.981 32
0.436 34
0.512 35
0.197 34
0.444 34
0.253 48
0.873 57
0.609 57
0.993 46
0.897 51
0.912 45
0.937 55
0.642 63
0.399 42
0.718 60
0.938 50
0.996 32
0.796 47
0.348 33
0.916 51
0.596 33
0.706 32
0.821 32
0.914 33
0.854 33
0.875 32
0.875 51
0.878 32
0.818 32
0.703 32
0.971 32
0.909 33
0.933 32
0.865 32
0.669 32
0.755 32
0.625 32
0.746 32
0.9 32
0.675 32
0.499 33
0.918 32
0.766 32
0.25 34
0.385 33
0.965 32
0.94 33
0.984 32
0.832 32
0.526 33
0.742 34
0.45 33
0.995 33
0.525 34
0.76 34
0.914 52
0.579 47
0.949 45
0.968 55
0.706 43
0.488 48
0.924 45
0.988 34
0.601 32
0.403 32
0.748 32
0.888 31
0.816 31
0.774 59
0.916 32
0.75 34
0.904 32
0.719 32
0.7 32
0.919 32
0.47 33
0.897 55
0.833 31
0.952 32
0.753 31
0.963 32
0.922 32
0.664 33
0.912 31
0.359 33
0.186 34
0.522 60
0.907 31
0.914 31
0.743 32
0.549 35
0.29 32
0.936 31
0.611 31
0.998 31
0.67 32
0.95 33
0.34 34
0.653 31
0.411 34
0.419 33
0.583 34
0.451 33
0.382 34
0.465 34
0.449 44
0.934 49
0.942 42
0.878 45
0.826 48
0.613 33
0.949 48
0.655 32
0.69 31
0.931 31
0.811 32
0.823 52
0.971 32
0.786 31
0.969 33
0.988 54
0.952 34
0.339 53
0.942 58
0.729 32
0.831 32
0.617 32
0.712 49
0.879 31
0.85 32
0.959 32
0.308 33
0.838 31
0.625 32
0.477 33
0.966 32
0.937 31
0.849 32
0.861 31
0.92 32
0.97 31
0.974 31
0.943 32
0.565 32
0.842 33
0.796 32
0.898 32
0.552 34
0.75 32
0.744 34
0.368 33
0.469 35
0.573 32
0.472 32
0.42 33
0.837 55
0.703 44
0.947 53
0.593 46
0.893 52
0.867 50
0.57 32
0.127 51
0.9 32
0.815 32
0.842 32
0.988 31
0.975 31
0.675 32
0.418 32
0.913 32
0.959 32
0.92 32
0.71 32
0.885 32
0.887 31
0.948 59
0.948 32
0.977 31
0.742 32
0.83 31
0.882 32
0.954 32
0.989 31
0.436 32
0.651 31
0.875 31
0.754 54
0.729 33
0.481 32
0.913 32
0.944 33
0.96 32
0.933 33
0.773 31
0.375 34
0.587 33
0.559 32
0.23 33
0.78 34
0.904 32
0.979 31
0.578 34
0.917 33
0.561 34
0.497 77
0.548 73
0.639 74
0.898 59
0.509 56
0.547 1
0.466 2
0.427 2
0.466 2
0.381 2
0.791 0
0.791 1
0.232 1
0.257 0
0.232 0
0.232 0
0.232 0
0.126 0
0.543 0
0.356 2
0.543 0
0.543 0
0.356 0
0.543 0
0.356 0
0.163 0
0.356 0
0.0825 5
0.543 0
0.356 0
0.543 0
0.543 0
0.374 0
0.347 0
0.163 0
0.205 0
0.0414 0
0.131 0
0.205 0
0.205 0
0.543 0
0.374 0
0.374 0
0.374 0
0.374 0
0.374 0
0.068 0
0.068 0
0.068 0
0.068 0
0.258 73
0.743 48
0.0845 0
0.505 0
0.71 0
0.265 1
0.505 0
0.505 0
0.131 0
0.71 0
0.505 0
0.205 1
0.205 0
0.205 0
0.71 0
0.131 0
0.36 0
0.215 0
0.36 0
0.215 0
0.351 0
0.543 0
0.36 0
0.543 0
0.543 0
0.166 0
0.71 0
0.356 0
0.543 0
0.131 0
0.543 0
0.543 0
0.699 0
0.0378 0
0.699 0
0.699 0
0.163 0
0.699 0
0.0414 0
0.068 0
0.205 0
0.205 0
0.068 0
0.068 0
0.068 0
0.295 0
0.199 0
0.374 0
0.068 0
0.374 0
0.614 71
0.0553 1
0.136 2
0.414 1
0.381 0
0.514 1
0.477 1
0.477 0
0.484 0
0.477 1
0.505 0
0.319 0
0.477 1
0.505 0
0.287 0
0.381 0
0.477 0
0.502 0
0.381 0
0.215 0
0.502 0
0.477 0
0.514 0
0.514 0
0.287 0
0.514 0
0.502 0
0.287 0
0.381 0
0.514 0
0.502 0
0.514 0
0.315 0
0.368 0
0.502 0
0.287 0
0.502 0
0.502 0
0.443 0
0.443 0
0.175 0
0.287 0
0.315 0
0.315 0
0.287 0
0.315 0
0.315 0
0.318 0
0.532 0
0.414 0
0.502 4
0.199 1
0.287 3
0.287 0
0.502 2
0.502 0
0.287 0
0.502 0
0.287 0
0.502 0
0.287 0
0.502 0
0.502 0
0.502 0
0.339 0
0.287 0
0.502 0
0.315 0
0.532 1
0.315 0
0.502 0
0.339 0
0.108 0
0.443 0
0.502 0
0.491 0
0.502 0
0.287 0
0.315 0
0.315 0
0.502 0
0.502 0
0.315 0
0.212 0
0.502 0
0.248 0
0.175 0
0.108 0
0.315 0
0.212 0
0.532 0
0.287 0
0.287 0
0.287 0
0.287 0
0.25 0
0.287 0
0.287 0
0.0767 0
0.287 0
0.402 44
0.0264 0
0.577 1
0.409 0
0.0916 0
0.287 0
0.502 0
0.315 1
0.502 0
0.287 0
0.25 0
0.502 0
0.139 0
0.502 0
0.502 0
0.339 0
0.175 0
0.315 0
0.502 0
0.726 0
0.502 0
0.502 0
0.232 0
0.247 1
0.502 0
0.502 0
0.248 2
0.502 0
0.131 0
0.175 0
0.315 0
0.502 0
0.315 0
0.315 0
0.287 0
0.287 0
0.248 1
0.108 0
0.443 0
0.287 0
0.315 0
0.726 0
0.287 0
0.287 0
0.726 0
0.287 0
0.287 0
0.287 0
0.0767 0
0.414 0
0.916 47
0.807 45
0.393 1
0.373 0
0.373 0
0.373 0
0.21 1
0.21 0
0.393 0
0.0623 0
0.393 0
0.393 0
0.382 0
0.21 0
0.0623 0
0.21 0
0.0623 0
0.228 0
0.228 0
0.228 0
0.382 0
0.393 0
0.228 0
0.228 0
0.382 0
0.21 0
0.21 0
0.21 0
0.382 0
0.292 0
0.382 0
0.382 0
0.382 0
0.337 0
0.337 0
0.437 0
0.337 0
0.337 0
0.164 0
0.337 0
0.253 0
0.228 0
0.337 0
0.228 0
0.393 0
0.228 0
0.337 0
0.337 0
0.644 0
0.487 0
0.393 0
0.228 0
0.21 0
0.21 0
0.393 0
0.437 0
0.21 0
0.382 0
0.181 0
0.278 0
0.437 0
0.21 0
0.217 0
0.21 0
0.382 0
0.382 0
0.337 0
0.253 0
0.21 0
0.253 0
0.382 0
0.21 0
0.21 0
0.21 0
0.382 0
0.393 0
0.437 0
0.393 0
0.437 0
0.228 0
0.393 0
0.337 0
0.437 0
0.0623 0
0.337 0
0.307 0
0.382 0
0.261 0
0.217 0
0.393 0
0.253 0
0.393 0
0.644 0
0.228 0
0.228 0
0.421 1
0.228 0
0.644 0
0.644 0
0.644 0
0.324 0
0.332 3
0.0623 0
0.21 0
0.21 0
0.21 0
0.21 0
0.332 1
0.393 0
0.196 0
0.214 0
0.196 0
0.196 0
0.437 0
0.332 0
0.196 0
0.196 0
0.437 0
0.332 0
0.196 0
0.196 0
0.21 0
0.196 0
0.382 0
0.214 0
0.196 0
0.201 0
0.214 0
0.201 0
0.196 0
0.304 0
0.201 0
0.332 0
0.201 0
0.337 0
0.332 0
0.201 0
0.196 0
0.201 0
0.228 0
0.304 0
0.225 0
0.18 0
0.214 0
0.332 0
0.214 0
0.337 0
0.178 0
0.225 0
0.307 0
0.332 0
0.196 0
0.196 0
0.332 0
0.201 1
0.214 0
0.214 0
0.304 0
0.214 0
0.332 0
0.332 0
0.196 0
0.214 0
0.332 0
0.245 0
0.332 0
0.209 0
0.196 0
0.196 0
0.332 0
0.201 0
0.196 0
0.214 0
0.332 0
0.214 0
0.245 0
0.332 0
0.196 0
0.332 0
0.304 0
0.304 0
0.209 0
0.214 0
0.148 0
0.209 0
0.201 0
0.332 0
0.36 0
0.332 0
0.332 0
0.332 0
0.18 0
0.148 0
0.304 0
0.254 0
0.201 0
0.252 0
0.304 0
0.283 0
0.257 0
0.832 83
0.671 66
0.681 43
0.639 0
0.35 0
0.639 0
0.639 0
0.196 1
0.0533 0
0.347 0
0.0973 0
0.347 0
0.196 1
0.547 3
0.0692 0
0.214 1
0.639 0
0.332 0
0.3 0
0.0302 0
0.224 0
0.332 0
0.244 0
0.304 0
0.467 0
0.209 0
0.136 0
0.201 0
0.201 0
0.412 0
0.304 0
0.304 0
0.196 0
0.332 0
0.332 0
0.304 0
0.201 0
0.196 0
0.332 0
0.121 0
0.486 0
0.486 0
0.321 0
0.138 0
0.258 0
0.415 0
0.304 0
0.0455 0
0.0788 0
0.116 0
0.429 71
0.373 71
0.15 67
0.386 66
0.0789 64
0.526 65
0.37 71
0.0657 66
0.391 68
0.326 73
0.141 74
0.475 49
0.533 0
0.31 1
0.801 0
0.396 1
0.215 0
0.497 0
0.338 0
0.576 0
0.497 0
0.541 0
0.09 0
0.497 0
0.722 0
0.497 0
0.497 0
0.533 0
0.09 0
0.497 0
0.497 0
0.497 0
0.09 0
0.497 0
0.497 0
0.533 0
0.09 0
0.09 0
0.79 0
0.497 0
0.62 0
0.497 0
0.24 0
0.31 0
0.497 0
0.165 0
0.213 0
0.332 0
0.319 0
0.668 0
0.348 75
0.284 48
0.408 1
0.251 0
0.579 0
0.733 0
0.3 0
0.681 0
0.48 0
0.543 0
0.679 0
0.681 0
0.278 0
0.67 2
0.6 45
0.198 45
0.447 0
0.447 0
0.447 0
0.447 0
0.274 1
0.447 0
0.408 0
0.644 1
0.447 0
0.447 0
0.533 0
0.533 0
0.233 48
0.533 0
0.278 0
0.489 0
0.447 0
0.533 0
0.533 0
0.533 0
0.533 0
0.605 0
0.533 0
0.605 0
0.489 0
0.533 0
0.605 0
0.459 0
0.489 0
0.533 0
0.44 0
0.498 0
0.333 0
0.557 0
0.219 76
0.168 1
0.561 0
0.499 0
0.168 0
0.168 0
0.168 0
0.371 0
0.499 0
0.53 0
0.448 0
0.499 0
0.168 0
0.499 0
0.499 0
0.499 0
0.499 0
0.408 0
0.499 0
0.168 0
0.499 0
0.168 0
0.499 0
0.408 0
0.408 0
0.499 0
0.168 0
0.26 0
0.287 0
0.168 0
0.706 0
0.194 0
0.23 0
0.451 0
0.499 0
0.706 0
0.173 0
0.706 0
0.194 0
0.168 0
0.706 0
0.224 0
0.451 0
0.451 0
0.26 0
0.451 0
0.451 0
0.451 0
0.194 0
0.393 0
0.376 71
0.379 66
0.172 57
0.293 58
0.0951 65
0.688 71
0.542 46
0.0531 46
0.0793 42
0.0671 0
0.0545 0
0.526 0
0.568 44
0.15 0
0.161 45
0.366 0
0.499 0
0.368 44
0.371 0
0.297 0
0.297 0
0.319 0
0.139 1
0.116 0
0.408 0
0.297 0
0.116 0
0.297 0
0.134 45
0.191 0
0.139 0
0.202 0
0.386 0
0.162 0
0.191 0
0.53 0
0.386 0
0.139 0
0.194 0
0.139 0
0.139 0
0.139 0
0.139 0
0.139 0
0.297 0
0.3 0
0.191 0
0.306 0
0.0242 0
0.386 0
0.216 61
0.607 68
0.756 76
0.201 59
0.532 57
0.0588 57
0.252 56
0.0288 51
0.238 63
0.848 54
0.435 70
0.733 72
0.318 55
0.213 43
0.26 66
0.104 66
0.906 34
0.938 57
0.485 42
0.264 67
0.112 39
0.571 70
0.664 42
0.242 40
0.467 41
0.194 68
0.446 42
0.299 73
0.654 1
0.509 42
0.269 44
0.292 45
0.643 0
0.496 42
0.288 0
0.309 0
0.441 43
0.37 43
0.0613 0
0.116 0
0.0196 0
0.122 0
0.116 0
0.385 0
0.139 0
0.154 0
0.00947 0
0.178 39
0.0134 0
0.44 0
0.499 56
0.433 71
0.672 71
0.488 61
0.321 58
0.456 57
0.679 57
0.28 65
0.501 60
0.63 49
0.286 59
0.271 59
0.507 40
0.636 41
0.532 41
0.257 41
0.666 41
0.00756 63
0.539 58
0.32 40
0.253 40
0.479 41
0.432 42
0.435 41
0.233 41
0.393 40
0.643 1
0.342 41
0.536 41
0.471 42
0.468 0
0.038 41
0.158 0
0.116 0
0.545 41
0.377 40
0.54 0
0.158 0
0.158 0
0.182 0
0.11 0
0.158 0
0.11 0
0.158 0
0.158 0
0.158 0
0.11 0
0.158 0
0.158 0
0.158 0
0.465 63
0.739 57
0.422 51
0.285 70
0.571 69
0.403 46
0.295 46
0.14 51
0.267 59
0.355 75
0.127 46
0.398 66
0.269 65
0.15 59
0.24 68
0.305 65
0.613 40
0.182 67
0.276 38
0.245 40
0.437 39
0.216 40
0.139 57
0.365 40
0.507 40
0.221 60
0.405 62
0.423 41
0.555 40
0.138 39
0.613 38
0.577 41
0.18 69
0.324 40
0.628 39
0.732 39
0.786 40
0.422 41
0.489 0
0.105 0
0.535 40
0.683 0
0.363 39
0.185 41
0.353 39
0.402 38
0.594 0
0.77 40
0.406 0
0.535 0
0.831 68
0.17 54
0.539 27
0.334 58
0.244 65
0.38 52
0.72 48
0.31 53
0.543 63
0.664 39
0.35 37
0.033 60
0.216 39
0.151 61
0.52 39
0.495 39
0.606 39
0.268 40
0.744 0
0.436 38
0.764 39
0.376 39
0.303 39
0.649 39
0.341 59
0.0715 37
0.397 40
0.652 38
0.485 39
0.414 38
0.655 39
0.289 38
0.744 0
0.42 0
0.442 40
0.759 0
0.755 39
0.0417 0
0.429 0
0.293 0
0.0417 0
0.0417 0
0.462 0
0.744 0
0.0417 0
0.47 0
0.0417 0
0.413 0
0.47 0
0.17 0
0.117 47
0.308 57
0.103 55
0.836 53
0.624 39
0.134 63
0.221 54
0.0304 65
0.663 56
0.239 59
0.0469 62
0.0162 63
0.629 38
0.428 37
0.312 38
0.717 38
0.124 38
0.298 39
0.0454 61
0.0811 62
0.399 39
0.534 37
0.608 38
0.751 38
0.398 59
0.884 38
0.187 37
0.723 38
0.248 38
0.134 38
0.237 39
0.491 38
0.422 39
0.631 40
0.18 38
0.256 38
0.341 0
0.341 0
0.341 0
0.0915 0
0.0915 0
0.0915 0
0.237 38
0.0915 0
0.0915 0
0.166 38
0.222 37
0.0421 0
0.0507 0
0.555 0
0.214 67
0.575 57
0.103 55
0.305 48
0.364 59
0.749 63
0.749 58
0.015 50
0.292 51
0.292 55
0.322 71
0.137 62
0.0696 64
0.121 60
0.427 36
0.22 57
0.462 38
0.468 37
0.155 59
0.409 37
0.234 64
0.157 58
0.235 38
0.49 39
0.271 1
0.886 38
0.721 38
0.318 37
0.797 37
0.318 38
0.284 36
0.39 38
0.296 38
0.332 37
0.395 0
0.727 0
0.727 0
0.222 36
0.293 37
0.599 37
0.0156 0
0.716 37
0.748 38
0.237 0
0.916 38
0.163 0
0.651 38
0.528 37
0.383 0
0.621 38
0.519 73
0.553 78
0.714 83
0.642 73
0.862 80
0.588 32
0.652 73
0.536 77
0.716 79
0.341 31
0.78 67
0.765 85
0.553 72
0.719 85
0.695 36
0.585 82
0.723 80
0.787 75
0.719 76
0.657 87
0.695 66
0.92 76
0.632 66
0.614 80
0.799 78
0.742 36
0.723 70
0.64 34
0.859 71
0.649 30
0.818 84
0.885 85
0.779 65
0.719 83
0.739 47
0.687 47
0.741 80
0.446 68
0.539 65
0.692 43
0.53 46
0.519 72
0.459 83
0.407 65
0.431 21
0.422 63
0.426 66
0.324 66
0.692 74
0.551 67
0.459 78
0.615 64
0.252 62
0.922 88
0.601 61
0.785 64
0.907 86
0.678 74
0.62 83
0.606 78
0.526 73
0.499 63
0.588 71
0.733 70
0.657 73
0.885 75
0.447 62
0.732 73
0.443 62
0.511 78
0.799 74
0.528 62
0.412 62
0.846 76
0.861 71
0.762 76
0.703 62
0.645 60
0.687 63
0.777 80
0.689 62
0.421 62
0.836 77
0.855 75
0.852 77
0.486 60
0.555 77
0.496 62
0.352 78
0.327 62
0.692 61
0.492 63
0.624 63
0.528 63
0.682 76
0.447 63
0.647 62
0.517 64
0.77 60
0.46 62
0.712 75
0.799 74
0.377 72
0.709 85
0.607 72
0.472 60
0.6 78
0.747 73
0.817 74
0.757 74
0.563 1
0.563 0
0.522 1
0.563 0
0.563 0
0.563 0
0.563 0
0.749 72
0.563 0
0.563 0
0.586 0
0.776 1
0.756 75
0.723 74
0.522 0
0.427 75
0.904 60
0.522 0
0.522 0
0.85 72
0.519 59
0.8 80
0.522 1
0.652 0
0.563 0
0.563 0
0.599 59
0.915 59
0.706 0
0.563 0
0.522 0
0.306 59
0.563 0
0.69 0
0.412 60
0.889 59
0.791 60
0.92 59
0.723 0
0.35 60
0.563 86
0.713 77
0.469 60
0.68 69
0.722 77
0.844 59
0.563 0
0.614 59
0.563 0
0.563 0
0.808 57
0.89 82
0.607 0
0.67 78
0.522 0
0.581 1
0.563 0
0.563 0
0.886 76
0.743 57
0.903 78
0.522 0
0.754 4
0.522 0
0.695 78
0.64 58
0.848 76
0.775 73
0.858 73
0.825 57
0.661 72
0.786 76
0.559 72
0.656 67
0.581 0
0.88 71
0.691 58
0.563 0
0.929 57
0.563 0
0.563 0
0.574 71
0.841 75
0.439 58
0.563 0
0.706 72
0.735 58
0.654 58
0.901 58
0.52 57
0.578 78
0.688 58
0.937 74
0.636 58
0.588 56
0.691 70
0.765 69
0.421 57
0.666 75
0.909 75
0.88 76
0.489 72
0.578 73
0.739 71
0.639 58
0.87 80
0.168 58
0.862 70
0.99 56
0.961 67
0.751 55
0.771 76
0.844 72
0.822 72
0.605 71
0.235 57
0.363 56
0.49 58
0.817 72
0.709 70
0.706 70
0.945 71
0.843 57
0.667 71
0.809 78
0.842 75
0.738 57
0.547 72
0.747 71
0.549 56
0.61 56
0.855 56
0.812 57
0.663 56
0.475 57
0.677 56
0.816 57
0.75 56
0.844 55
0.493 57
0.718 71
0.935 73
0.907 57
0.641 72
0.799 55
0.548 26
0.194 13
0.707 71
0.869 73
0.74 74
0.887 12
0.501 55
0.636 56
0.623 77
0.731 79
0.669 56
0.652 56
0.911 74
0.817 70
0.685 55
0.66 66
0.736 67
0.617 71
0.775 67
0.588 70
0.528 55
0.708 56
0.869 75
0.867 75
0.735 55
0.771 55
0.462 66
0.594 55
0.849 78
0.669 54
0.695 55
0.816 75
0.565 69
0.528 56
0.824 55
0.398 55
0.404 56
0.44 55
0.755 56
0.844 54
0.386 55
0.654 55
0.654 56
0.708 55
0.434 55
0.664 69
0.801 77
0.865 78
0.82 73
0.72 54
0.923 71
0.768 54
0.798 82
0.716 56
0.532 55
0.836 74
0.856 75
0.722 74
0.743 54
0.928 71
0.874 76
0.41 69
0.468 68
0.776 70
0.668 55
0.352 67
0.649 52
0.64 66
0.604 52
0.826 54
0.439 54
0.923 74
0.842 73
0.878 70
0.64 54
0.474 63
0.696 70
0.832 54
0.739 54
0.75 73
0.422 71
0.741 54
0.432 71
0.876 70
0.721 53
0.476 52
0.879 71
0.696 55
0.646 70
0.829 53
0.974 67
0.755 54
0.813 54
0.683 54
0.522 54
0.651 78
0.713 69
0.723 72
0.58 53
0.89 73
0.294 71
0.539 53
0.51 53
0.874 53
0.767 75
0.252 53
0.685 51
0.611 66
0.814 53
0.876 71
0.689 68
0.748 63
0.355 54
0.935 55
0.492 52
0.634 53
0.505 52
0.907 74
0.712 52
0.974 78
0.756 69
0.877 51
0.87 73
0.669 70
0.947 67
0.278 53
0.682 64
0.762 74
0.814 72
0.634 68
0.87 73
0.399 53
0.92 53
0.9 77
0.862 74
0.217 53
0.641 53
0.87 0
0.375 52
0.91 68
0.89 68
0.793 69
0.447 52
0.65 52
0.682 53
0.582 79
0.602 52
0.56 53
0.807 52
0.53 52
0.77 64
0.484 52
0.633 50
0.967 54
0.734 59
0.824 69
0.545 51
0.56 53
0.852 74
0.637 52
0.828 52
0.777 67
0.908 52
0.762 67
0.352 63
0.889 67
0.779 70
0.402 52
0.407 52
0.755 52
0.688 64
0.695 52
0.795 70
0.522 51
0.528 52
0.57 51
0.536 51
0.681 51
0.948 51
0.806 51
0.491 68
0.883 68
0.39 52
0.898 73
0.845 66
0.815 67
0.661 61
0.43 52
0.388 52
0.728 51
0.298 51
0.689 51
0.754 53
0.871 79
0.682 51
0.415 68
0.757 62
0.296 77
0.668 69
0.454 51
0.731 67
0.634 74
0.901 51
0.87 68
0.692 73
0.549 65
0.911 70
0.276 51
0.683 71
0.909 72
0.686 70
0.833 67
0.537 50
0.81 52
0.687 59
0.843 68
0.775 51
0.492 51
0.879 74
0.351 50
0.466 53
0.416 51
0.791 69
0.526 67
0.683 51
0.672 50
0.706 63
0.84 68
0.451 51
0.716 66
0.915 50
0.768 52
0.659 50
0.896 64
0.729 50
0.731 71
0.519 52
0.693 67
0.658 50
0.584 49
0.636 52
0.331 51
0.92 51
0.737 51
0.697 59
0.605 76
0.873 50
0.719 69
0.687 70
0.484 50
0.869 50
0.9 72
0.168 50
0.778 68
0.844 61
0.808 74
0.857 64
0.448 50
0.904 50
0.94 75
0.629 50
0.828 68
0.695 70
0.835 69
0.881 63
0.797 50
0.571 50
0.756 69
0.331 50
0.784 68
0.515 50
0.555 63
0.64 71
0.383 50
0.47 67
0.696 49
0.954 49
0.787 63
0.812 49
0.327 52
0.771 0
0.266 50
0.876 60
0.699 50
0.739 51
0.881 68
0.947 64
0.864 66
0.868 66
0.903 66
0.335 49
0.749 49
0.399 49
0.368 49
0.541 49
0.543 67
0.426 66
0.723 76
0.411 49
0.857 49
0.437 49
0.902 47
0.454 49
0.845 69
0.926 62
0.697 47
0.666 49
0.621 48
0.863 66
0.783 50
0.829 70
0.639 71
0.841 68
0.719 61
0.702 48
0.743 50
0.544 48
0.685 47
0.915 70
0.649 71
0.405 49
0.807 71
0.807 68
0.603 48
0.798 67
0.355 48
0.62 50
0.375 48
0.579 49
0.792 49
0.534 50
0.647 48
0.809 73
0.71 62
0.906 65
0.993 65
0.554 48
0.862 69
0.707 48
0.711 49
0.913 5
0.86 49
0.388 48
0.494 48
0.235 48
0.583 50
0.285 49
0.83 72
0.743 69
0.76 67
0.816 72
0.762 70
0.607 46
0.604 61
0.718 74
0.568 47
0.959 72
0.537 49
0.272 68
0.446 64
0.769 49
0.627 48
0.817 60
0.868 66
0.798 67
0.858 71
0.854 63
0.554 49
0.742 68
0.751 47
0.778 64
0.814 69
0.416 48
0.733 49
0.464 47
0.858 64
0.927 65
0.861 69
0.574 49
0.882 63
0.89 74
0.342 58
0.91 63
0.635 48
0.809 64
0.847 72
0.739 48
0.98 47
0.498 47
0.582 47
0.519 48
0.311 48
0.849 1
0.507 47
0.725 48
0.706 67
0.668 67
0.725 75
0.52 47
0.702 66
0.748 67
0.475 67
0.61 63
0.648 48
0.331 49
0.744 66
0.709 48
0.795 66
0.884 66
0.761 46
0.626 48
0.596 61
0.903 48
0.921 69
0.729 46
0.617 60
0.384 47
0.602 47
0.856 49
0.741 48
0.918 49
0.822 68
0.863 72
0.423 63
0.575 46
0.642 47
0.691 48
0.858 63
0.75 67
0.903 66
0.914 47
0.498 66
0.609 48
0.652 47
0.746 47
0.714 63
0.564 68
0.515 48
0.701 47
0.762 67
0.914 69
0.7 73
0.733 47
0.709 46
0.864 63
0.736 71
0.818 60
0.422 62
0.617 69
0.242 48
0.85 68
0.916 65
0.344 61
0.923 47
0.818 67
0.838 62
0.499 62
0.8 66
0.906 58
0.374 46
0.762 68
0.844 46
0.842 66
0.558 45
0.853 45
0.831 63
0.551 56
0.647 74
0.889 59
0.77 65
0.926 68
0.79 64
0.48 48
0.636 61
0.761 65
0.935 47
0.698 62
0.315 45
0.295 58
0.754 63
0.945 70
0.784 46
0.931 62
0.766 65
0.572 46
0.765 66
0.847 46
0.721 46
0.765 46
0.623 47
0.594 45
0.358 46
0.703 46
0.496 46
0.456 67
0.439 47
0.224 46
0.423 62
0.743 46
0.564 48
0.656 71
0.166 63
0.74 62
0.329 46
0.906 44
0.753 46
0.821 69
0.683 46
0.495 46
0.581 65
0.608 46
0.784 63
0.47 61
0.579 44
0.576 46
0.587 46
0.324 45
0.885 66
0.487 46
0.701 45
0.886 71
0.873 46
0.851 45
0.655 45
0.816 46
0.838 64
0.644 63
0.705 70
0.51 47
0.56 47
0.805 45
0.572 46
0.89 45
0.673 45
0.377 45
0.545 45
0.906 64
0.855 62
0.895 46
0.519 45
0.95 63
0.762 45
0.467 45
0.391 45
0.96 65
0.723 50
0.522 77
0.615 68
0.754 46
0.85 65
0.805 71
0.853 68
0.852 68
0.769 73
0.783 44
0.718 72
0.536 46
0.636 47
0.419 47
0.793 74
0.794 66
0.941 71
0.8 70
0.8 73
0.804 45
0.811 62
0.979 66
0.491 46
0.866 70
0.796 62
0.928 64
0.488 47
0.903 68
0.922 45
0.728 65
0.485 46
0.559 46
0.808 46
0.825 44
0.856 62
0.509 45
0.714 46
0.355 65
0.407 66
0.853 45
0.91 62
0.909 62
0.834 59
0.291 44
0.427 45
0.293 45
0.868 62
0.871 64
0.524 45
0.732 45
0.783 4
0.683 68
0.373 45
0.394 65
0.462 63
0.445 66
0.804 65
0.961 67
0.837 45
0.818 65
0.384 58
0.932 73
0.785 61
0.802 44
0.756 59
0.748 45
0.536 45
0.643 44
0.726 66
0.553 45
0.827 44
0.87 44
0.477 44
0.459 71
0.462 62
0.797 66
0.572 45
0.786 44
0.935 63
0.704 45
0.918 67
0.453 57
0.833 64
0.736 0
0.947 45
0.646 63
0.662 45
0.837 68
0.547 65
0.913 69
0.604 46
0.848 62
0.964 67
0.572 44
0.329 45
0.377 45
0.757 44
0.756 44
0.937 0
0.346 44
0.583 0
0.775 65
0.557 74
0.575 74
0.871 63
0.292 66
0.676 73
0.787 72
0.272 63
0.868 62
0.57 69
0.543 66
0.541 55
0.562 45
0.804 65
0.466 45
0.567 43
0.592 44
0.797 42
0.817 44
0.837 46
0.904 44
0.535 59
0.262 44
0.731 54
0.587 43
0.847 63
0.464 44
0.45 45
0.685 65
0.411 43
0.431 66
0.942 43
0.918 44
0.941 66
0.674 69
0.444 44
0.357 43
0.682 44
0.871 61
0.389 43
0.513 61
0.533 43
0.906 43
0.772 43
0.72 46
0.547 45
0.433 45
0.89 64
0.533 67
0.787 67
0.797 77
0.941 43
0.473 43
0.802 70
0.56 43
0.735 62
0.394 45
0.395 66
0.939 45
0.568 42
0.425 44
0.691 42
0.706 64
0.902 67
0.767 61
0.656 58
0.859 66
0.827 56
0.848 60
0.896 69
0.809 70
0.594 43
0.417 43
0.538 43
0.595 42
0.796 43
0.524 43
0.482 43
0.897 57
0.678 64
0.829 43
0.666 44
0.787 63
0.929 42
0.804 59
0.474 43
0.72 44
0.858 43
0.902 55
0.871 62
0.825 66
0.633 45
0.86 63
0.381 43
0.748 44
0.633 42
0.845 61
0.476 43
0.239 43
0.63 43
0.905 52
0.661 24
0.397 48
0.582 63
0.801 49
0.957 46
0.625 50
0.887 51
0.171 38
0.534 24
0.511 46
0.674 34
0.822 56
0.839 23
0.778 25
0.774 24
0.111 58
0.203 36
0.797 26
0.685 28
0.473 48
0.864 37
0.712 27
0.688 29
0.195 23
0.804 24
0.902 28
0.473 27
0.928 26
0.909 24
0.595 23
0.546 0
0.729 0
0.546 0
0.473 23
0.688 0
0.729 0
0.473 0
0.758 0
0.746 0
0.964 0
0.758 0
0.746 0
0.457 0
0.664 22
0.576 0
0.572 0
0.722 0
0.529 0
0.812 37
0.468 40
0.433 42
0.758 20
0.296 35
0.717 22
0.348 19
0.688 32
0.611 22
0.647 19
0.988 21
0.481 38
0.606 21
0.409 39
0.7 32
0.498 33
0.844 21
0.296 43
0.218 41
0.618 21
0.908 20
0.657 44
0.607 19
0.429 22
0.912 20
0.75 21
0.379 50
0.68 22
0.59 22
0.523 21
0.624 20
0.625 20
0.313 21
0.476 20
0.722 22
0.723 21
0.723 20
0.447 22
0.668 20
0.905 22
0.843 19
0.719 20
0.347 20
0.351 22
0.404 22
0.844 21
0.615 21
0.582 22
0.469 20
0.253 21
0.576 52
0.794 43
0.288 16
0.728 45
0.876 31
0.712 19
0.187 34
0.776 19
0.946 18
0.776 19
0.954 19
0.745 18
0.465 37
0.918 19
0.485 19
0.838 20
0.269 18
0.29 19
0.548 18
0.269 19
0.269 18
0.91 17
0.679 18
0.588 19
0.694 0
0.604 17
0.761 18
0.517 18
0.539 19
0.728 18
0.468 0
0.92 0
0.879 19
0.979 0
0.525 19
0.468 0
0.697 18
0.598 41
0.662 19
0.586 17
0.468 1
0.694 0
0.313 19
0.468 0
0.866 0
0.857 0
0.857 0
0.851 19
0.84 0
0.849 0
0.797 30
0.642 29
0.739 35
0.907 33
0.721 33
0.697 31
0.25 15
0.663 16
0.76 50
0.699 47
0.603 33
0.439 18
0.293 39
0.558 17
0.737 17
0.582 17
0.413 17
0.698 17
0.823 17
0.588 17
0.4 17
0.534 17
0.242 38
0.602 17
0.798 16
0.928 17
0.565 17
0.493 16
0.597 16
0.703 17
0.408 17
0.734 17
0.419 17
0.179 18
0.694 17
0.726 16
0.775 18
0.614 18
0.522 16
0.885 18
0.476 16
0.516 16
0.734 16
0.128 17
0.728 18
0.509 18
0.874 17
0.709 16
0.778 18
0.928 16
0.403 38
0.898 39
0.853 30
0.884 37
0.739 16
0.868 16
0.731 33
0.825 17
0.513 31
0.879 16
0.394 15
0.545 26
0.833 16
0.602 16
0.65 15
0.706 16
0.597 15
0.361 35
0.547 16
0.743 15
0.974 16
0.82 16
0.913 16
0.588 17
0.659 16
0.769 16
0.762 17
0.693 16
0.291 16
0.281 16
0.537 16
0.759 15
0.414 15
0.772 15
0.562 16
0.819 16
0.524 16
0.53 14
0.716 16
0.252 16
0.495 15
0.484 15
0.662 14
0.433 14
0.58 16
0.696 15
0.597 17
0.833 16
0.629 16
0.633 15
0.448 27
0.45 35
0.806 21
0.376 14
0.783 32
0.644 15
0.788 14
0.924 14
0.668 15
0.361 14
0.716 15
0.6 14
0.823 31
0.874 14
0.28 14
0.658 15
0.179 14
0.281 13
0.685 14
0.505 38
0.505 15
0.518 15
0.164 15
0.58 14
0.485 15
0.29 14
0.477 15
0.839 14
0.605 14
0.53 14
0.603 15
0.435 15
0.961 15
0.8 15
0.628 16
0.541 14
0.532 14
0.478 13
0.433 15
0.857 15
0.818 14
0.594 14
0.969 14
0.969 14
0.443 14
0.536 14
0.755 14
0.447 15
0.686 16
0.879 14
0.66 36
0.919 33
0.284 14
0.663 15
0.287 29
0.681 31
0.696 14
0.626 34
0.801 14
0.481 15
0.865 14
0.746 13
0.846 14
0.466 12
0.647 13
0.56 14
0.257 14
0.774 14
0.539 13
0.413 14
0.45 13
0.434 13
0.527 14
0.482 13
0.754 14
0.899 14
0.575 14
0.498 13
0.713 15
0.706 14
0.181 14
0.607 13
0.702 13
0.464 13
0.626 12
0.528 12
0.614 14
0.793 14
0.579 13
0.644 14
0.411 14
0.831 13
0.87 14
0.948 13
0.729 16
0.652 14
0.798 13
0.695 12
0.452 15
0.901 13
0.845 46
0.671 28
0.469 28
0.739 37
0.597 29
0.489 21
0.497 13
0.343 26
0.75 13
0.914 13
0.819 15
0.847 12
0.657 14
0.502 13
0.625 13
0.665 13
0.465 12
0.342 13
0.753 13
0.21 32
0.535 13
0.6 13
0.33 13
0.38 13
0.443 12
0.573 13
0.304 14
0.888 12
0.828 13
0.94 13
0.539 13
0.679 13
0.707 12
0.468 13
0.627 14
0.915 13
0.528 14
0.705 12
0.499 13
0.755 14
0.686 13
0.91 13
0.596 13
0.821 13
0.747 12
0.56 13
0.349 13
0.728 13
0.457 13
0.378 13
0.692 35
0.76 13
0.0801 21
0.851 14
0.444 11
0.716 36
0.555 29
0.617 11
0.602 12
0.102 28
0.582 28
0.829 12
0.763 13
0.453 11
0.65 23
0.661 12
0.591 12
0.496 11
0.647 12
0.928 13
0.183 13
0.623 11
0.663 11
0.512 12
0.897 11
0.787 11
0.559 13
0.298 12
0.631 11
0.602 12
0.447 12
0.148 12
0.796 11
0.43 11
0.248 12
0.931 12
0.674 13
0.628 11
0.899 11
0.647 12
0.968 11
0.687 12
0.854 11
0.42 12
0.599 13
0.839 12
0.655 12
0.57 12
0.821 13
0.525 11
0.307 30
0.738 35
0.586 29
0.717 28
0.509 22
0.595 24
0.496 11
0.57 12
0.418 31
0.346 12
0.782 11
0.423 22
0.432 12
0.879 11
0.501 11
0.377 11
0.329 12
0.329 11
0.627 12
0.442 11
0.445 11
0.294 11
0.567 11
0.331 11
0.735 12
0.809 11
0.622 11
0.624 11
0.651 12
0.206 13
0.313 12
0.413 13
0.46 13
0.51 12
0.495 11
0.394 12
0.57 11
0.438 12
0.255 11
0.819 12
0.814 12
0.984 11
0.491 12
0.86 12
0.534 12
0.782 12
0.866 11
0.616 11
0.73 11
0.53 12
0.63 37
0.871 38
0.551 18
0.694 12
0.75 16
0.421 12
0.834 11
0.733 11
0.415 13
0.833 13
0.691 12
0.742 12
0.759 12
0.662 23
0.879 11
0.428 34
0.339 30
0.74 12
0.196 12
0.722 11
0.596 9
0.173 12
0.304 28
0.648 12
0.183 11
0.739 35
0.783 12
0.738 12
0.796 11
0.109 11
0.715 10
0.866 11
0.346 11
0.718 12
0.862 12
0.774 12
0.88 11
0.602 12
0.308 12
0.731 10
0.543 10
0.739 10
0.732 12
0.597 11
0.844 11
0.431 11
0.907 12
0.581 12
0.779 12
0.564 12
0.323 27
0.451 36
0.349 26
0.889 11
0.773 9
0.686 10
0.707 9
0.487 10
0.558 11
0.764 10
0.769 10
0.66 10
0.486 9
0.791 10
0.377 10
0.481 10
0.714 10
0.634 10
0.389 10
0.416 10
0.451 10
0.87 9
0.438 10
0.43 9
0.454 11
0.458 9
0.65 10
0.668 10
0.687 10
0.571 11
0.635 10
0.724 9
0.586 10
0.39 10
0.65 10
0.472 9
0.489 11
0.429 9
0.802 10
0.479 10
0.798 11
0.475 9
0.651 10
0.431 11
0.797 9
0.752 11
0.806 10
0.723 11
0.552 9
0.633 10
0.468 3
0.664 18
0.846 10
0.749 10
0.228 21
0.717 29
0.462 10
0.719 10
0.336 10
0.781 10
0.372 11
0.873 33
0.802 10
0.447 29
0.909 10
0.168 30
0.512 11
0.638 9
0.45 9
0.363 10
0.649 10
0.59 11
0.787 10
0.955 10
0.53 10
0.92 10
0.298 11
0.4 9
0.587 10
0.553 9
0.349 11
0.638 10
0.507 10
0.795 11
0.489 10
0.71 10
0.955 10
0.377 10
0.744 10
0.739 10
0.44 10
0.778 10
0.635 11
0.893 10
0.756 10
0.735 11
0.866 10
0.603 11
0.734 10
0.735 10
0.749 8
0.67 45
0.261 35
0.16 27
0.68 14
0.386 17
0.175 21
0.605 10
0.423 17
0.808 10
0.612 10
0.704 11
0.527 10
0.781 11
0.241 27
0.828 11
0.912 11
0.828 29
0.423 10
0.722 11
0.829 10
0.351 26
0.977 10
0.747 11
0.559 10
0.818 10
0.809 9
0.461 9
0.225 9
0.745 10
0.447 11
0.613 10
0.772 11
0.698 11
0.96 10
0.713 10
0.797 11
0.907 11
0.225 11
0.888 10
0.934 11
0.232 11
0.854 10
0.594 11
0.215 10
0.871 10
0.747 10
0.92 10
0.964 11
0.305 10
0.428 18
0.92 25
0.712 21
0.871 22
0.366 21
0.898 24
0.737 23
0.551 25
0.519 35
0.541 27
0.737 10
0.431 11
0.911 32
0.663 10
0.928 11
0.667 10
0.671 11
0.515 10
0.419 10
0.412 8
0.836 9
0.279 10
0.592 9
0.928 7
0.627 11
0.268 10
0.668 8
0.64 8
0.778 10
0.305 26
0.125 31
0.432 8
0.729 10
0.596 8
0.627 10
0.474 8
0.647 10
0.543 8
0.697 10
0.616 10
0.962 9
0.745 11
0.344 8
0.939 10
0.617 8
0.49 7
0.521 8
0.46 10
0.628 7
0.909 9
0.684 34
0.627 9
0.437 8
0.646 8
0.412 8
0.59 9
0.824 8
0.889 9
0.351 8
0.668 8
0.385 8
0.816 8
0.636 8
0.619 8
0.843 7
0.366 9
0.683 8
0.432 8
0.672 8
0.707 8
0.823 8
0.537 9
0.719 10
0.524 7
0.335 8
0.713 9
0.909 9
0.419 8
0.798 8
0.678 8
0.298 8
0.854 10
0.702 9
0.617 8
0.324 9
0.575 8
0.49 7
0.861 8
0.377 8
0.628 7
0.817 8
0.746 8
0.689 9
0.675 7
0.352 9
0.911 8
0.438 8
0.853 7
0.853 8
0.91 7
0.708 26
0.629 9
0.848 16
0.72 9
0.872 8
0.434 9
0.8 7
0.558 8
0.453 9
0.874 8
0.381 8
0.519 8
0.673 8
0.56 9
0.468 9
0.386 9
0.411 9
0.735 9
0.468 9
0.449 8
0.433 8
0.75 9
0.455 9
0.496 8
0.635 9
0.406 8
0.681 8
0.771 9
0.522 9
0.396 9
0.4 9
0.751 7
0.733 9
0.665 37
0.515 9
0.53 9
0.638 9
0.673 8
0.969 7
0.449 8
0.832 8
0.548 8
0.445 9
0.878 8
0.601 8
0.674 7
0.749 9
0.698 8
0.802 8
0.901 7
0.976 42
0.219 12
0.115 23
0.496 15
0.806 22
0.538 9
0.531 8
0.66 8
0.51 8
0.423 9
0.421 9
0.667 9
0.588 8
0.533 9
0.498 9
0.679 9
0.714 8
0.459 7
0.607 8
0.617 7
0.776 9
0.571 7
0.164 8
0.306 8
0.918 8
0.53 9
0.389 8
0.698 8
0.792 9
0.743 8
0.646 8
0.933 8
0.92 8
0.669 9
0.733 9
0.591 9
0.69 9
0.637 9
0.428 8
0.646 9
0.351 9
0.802 8
0.67 7
0.647 9
0.685 8
0.714 7
0.652 8
0.858 7
0.928 8
0.654 8
0.587 8
0.914 22
0.809 22
0.539 12
0.871 14
0.317 8
0.429 14
0.226 12
0.723 14
0.759 9
0.705 41
0.765 7
0.637 16
0.831 9
0.153 23
0.919 8
0.312 19
0.518 9
0.188 8
0.874 9
0.723 8
0.0743 8
0.846 8
0.669 28
0.737 7
0.394 8
0.505 8
0.153 7
0.681 8
0.681 8
0.636 8
0.158 7
0.174 7
0.763 29
0.604 9
0.809 8
0.784 8
0.623 8
0.649 9
0.495 30
0.705 8
0.913 9
0.642 8
0.605 9
0.712 7
0.696 7
0.63 9
0.284 8
0.738 7
0.403 9
0.666 22
0.799 20
0.0612 26
0.377 15
0.838 12
0.668 13
0.379 9
0.224 20
0.771 8
0.847 8
0.568 24
0.748 8
0.817 8
0.756 8
0.169 8
0.192 22
0.246 17
0.313 9
0.687 9
0.565 7
0.812 32
0.519 22
0.55 9
0.89 28
0.643 8
0.566 8
0.624 8
0.536 8
0.584 9
0.489 8
0.496 9
0.704 9
0.632 9
0.312 8
0.217 8
0.288 8
0.515 9
0.705 7
0.457 9
0.709 9
0.443 8
0.546 7
0.572 9
0.217 7
0.284 8
0.54 9
0.611 8
0.555 9
0.758 9
0.683 9
0.855 0
0.789 8
0.86 0
0.855 5
0.905 7
0.855 2
0.855 2
0.855 3
0.531 5
0.855 0
0.855 0
0.764 3
0.531 2
0.855 1
0.539 0
0.531 3
0.539 0
0.878 4
0.84 3
0.894 4
0.909 2
0.909 4
0.909 5
0.909 2
0.855 2
0.909 0
0.818 4
0.909 0
0.909 2
0.623 2
0.878 7
0.943 0
0.84 0
0.878 2
0.786 4
0.878 0
0.894 0
0.626 0
0.939 0
0.907 0
0.894 9
0.856 0
0.906 0
0.878 0
0.909 3
0.79 0
0.626 3
0.803 0
0.878 0
0.894 3
0.797 80
0.673 1
0.56 6
0.56 4
0.674 7
0.56 2
0.56 3
0.562 4
0.855 1
0.562 3
0.562 6
0.531 2
0.573 5
0.562 6
0.573 3
0.573 7
0.685 5
0.698 2
0.571 4
0.573 2
0.56 0
0.664 6
0.698 7
0.56 3
0.698 3
0.582 1
0.569 2
0.801 7
0.573 0
0.569 4
0.562 0
0.801 1
0.569 2
0.907 0
0.575 0
0.909 0
0.573 0
0.909 2
0.539 4
0.573 0
0.685 3
0.573 0
0.909 1
0.801 0
0.857 2
0.569 0
0.702 0
0.737 0
0.907 3
0.737 0
0.646 0
0.646 0
0.646 2
0.646 3
0.807 4
0.646 1
0.646 2
0.675 0
0.675 0
0.675 3
0.573 8
0.675 3
0.56 0
0.675 2
0.791 0
0.68 3
0.723 5
0.582 2
0.675 2
0.638 3
0.569 1
0.844 2
0.788 2
0.791 2
0.602 2
0.817 1
0.562 3
0.659 3
0.817 2
0.817 2
0.781 1
0.817 0
0.602 3
0.763 0
0.641 4
0.812 3
0.74 0
0.817 1
0.817 0
0.723 0
0.828 2
0.573 0
0.817 1
0.817 0
0.859 0
0.914 0
0.696 2
0.737 0
0.815 0
0.696 2
0.529 78
0.895 79
0.895 73
0.646 0
0.646 2
0.646 2
0.646 2
0.807 4
0.791 0
0.675 2
0.675 4
0.668 0
0.723 5
0.548 0
0.8 2
0.595 5
0.583 3
0.583 2
0.817 1
0.817 0
0.675 0
0.784 0
0.812 0
0.817 1
0.803 1
0.788 2
0.803 1
0.736 4
0.696 0
0.803 1
0.803 2
0.725 2
0.85 0
0.769 4
0.803 2
0.803 2
0.815 2
0.859 2
0.859 0
0.803 2
0.803 0
0.803 0
0.803 0
0.696 2
0.803 1
0.81 0
0.753 0
0.517 2
0.858 0
0.769 0
0.824 84
0.873 79
0.767 2
0.606 0
0.606 0
0.606 1
0.606 0
0.629 0
0.606 0
0.629 1
0.606 0
0.718 1
0.843 0
0.843 0
0.769 1
0.71 3
0.725 2
0.786 0
0.769 0
0.601 3
0.748 1
0.804 1
0.593 3
0.928 0
0.916 0
0.69 0
0.69 0
0.858 0
0.714 1
0.858 1
0.828 7
0.769 2
0.811 0
0.858 0
0.897 0
0.714 0
0.858 0
0.831 0
0.804 0
0.749 0
0.804 2
0.903 1
0.715 1
0.715 0
0.973 2
0.727 0
0.788 0
0.891 0
0.788 2
0.973 4
0.606 1
0.606 0
0.606 2
0.606 0
0.606 0
0.606 0
0.663 3
0.629 0
0.629 0
0.786 2
0.629 1
0.606 1
0.843 3
0.786 0
0.606 0
0.606 0
0.843 0
0.606 0
0.843 1
0.843 1
0.726 2
0.786 1
0.726 0
0.843 0
0.843 0
0.726 2
0.718 0
0.695 1
0.718 0
0.629 0
0.753 0
0.629 0
0.786 0
0.843 0
0.601 4
0.843 0
0.843 0
0.843 1
0.777 0
0.856 0
0.856 0
0.718 0
0.731 0
0.718 0
0.505 0
0.71 0
0.843 0
0.622 0
0.714 0
0.856 0
0.917 74
0.816 72
0.644 0
0.708 5
0.836 0
0.859 2
0.856 3
0.744 1
0.772 0
0.772 3
0.744 0
0.576 0
0.519 2
0.787 0
0.708 0
0.872 0
0.859 2
0.731 0
0.708 1
0.787 0
0.645 0
0.871 1
0.872 0
0.856 0
0.872 0
0.856 0
0.816 2
0.872 1
0.816 0
0.708 0
0.787 2
0.818 0
0.708 0
0.816 0
0.872 3
0.816 0
0.885 1
0.872 0
0.787 1
0.872 0
0.839 1
0.917 2
0.818 1
0.818 1
0.862 0
0.708 0
0.708 1
0.658 2
0.731 0
0.891 2
0.59 75
0.687 70
0.697 84
0.797 82
0.766 86
0.86 79
0.679 98
0.72 75
0.712 97
0.715 97
0.585 1
0.41 0
0.733 3
0.585 4
0.866 0
0.866 1
0.585 1
0.585 0
0.584 2
0.882 3
0.331 0
0.845 1
0.804 0
0.646 1
0.646 1
0.717 3
0.751 0
0.748 2
0.646 3
0.646 2
0.848 3
0.848 2
0.748 0
0.83 2
0.717 0
0.848 1
0.508 0
0.874 0
0.572 0
0.619 0
0.748 1
0.645 0
0.918 0
0.848 0
0.736 0
0.83 1
0.748 0
0.765 0
0.653 0
0.471 0
0.749 74
0.798 70
0.785 0
0.631 0
0.661 0
0.785 1
0.512 0
0.595 2
0.677 0
0.578 1
0.619 1
0.672 1
0.672 0
0.834 7
0.677 2
0.812 3
0.77 0
0.669 0
0.769 0
0.783 0
0.76 0
0.669 0
0.783 1
0.679 0
0.955 1
0.679 0
0.879 1
0.769 0
0.785 2
0.825 0
0.89 0
0.77 0
0.595 0
0.595 0
0.559 0
0.866 1
0.609 0
0.665 1
0.66 0
0.701 0
0.614 0
0.536 0
0.536 0
0.683 0
0.659 0
0.765 0
0.665 0
0.725 0
0.854 0
0.472 0
0.539 79
0.872 79
0.704 72
0.676 0
0.974 0
0.974 0
0.748 0
0.974 0
0.509 0
0.748 2
0.764 0
0.553 1
0.824 1
0.5 0
0.551 0
0.812 1
0.914 1
0.676 0
0.527 1
0.764 2
0.799 1
0.761 0
0.488 1
0.812 0
0.785 0
0.509 0
0.657 0
0.86 1
0.757 0
0.799 0
0.761 0
0.575 0
0.896 2
0.689 0
0.791 0
0.896 0
0.655 1
0.853 2
0.44 0
0.716 0
0.764 0
0.734 0
0.812 0
0.926 0
0.486 1
0.688 1
0.511 0
0.574 1
0.556 1
0.403 0
0.686 95
0.721 1
0.697 0
0.697 2
0.502 1
0.791 0
0.691 1
0.662 4
0.845 2
0.691 0
0.691 0
0.66 0
0.642 0
0.552 0
0.845 2
0.845 3
0.607 1
0.845 2
0.845 0
0.607 1
0.714 0
0.845 0
0.642 0
0.845 0
0.915 0
0.721 0
0.721 0
0.721 0
0.721 0
0.86 0
0.607 0
0.915 0
0.765 0
0.755 0
0.598 1
0.468 0
0.495 0
0.418 0
0.915 0
0.361 1
0.418 0
0.473 0
0.796 2
0.533 0
0.533 0
0.788 0
0.639 0
0.642 0
0.667 0
0.722 0
0.788 72
0.844 49
0.846 80
0.641 70
0.534 53
0.723 70
0.84 72
0.55 51
0.777 55
0.475 96
0.751 0
0.525 1
0.895 0
0.895 0
0.751 1
0.895 0
0.895 0
0.895 0
0.895 0
0.895 0
0.895 1
0.895 0
0.751 0
0.808 1
0.71 3
0.825 0
0.778 0
0.778 0
0.845 0
0.808 0
0.711 0
0.84 0
0.767 1
0.472 0
0.773 60
0.754 1
0.524 0
0.924 0
0.822 0
0.679 0
0.765 0
0.847 0
0.691 0
0.229 0
0.861 0
0.657 0
0.916 1
0.589 0
0.945 0
0.952 0
0.89 64
0.896 70
0.636 90
0.674 94
0.832 75
0.674 0
0.741 5
0.468 1
0.826 0
0.816 0
0.789 2
0.683 0
0.677 0
0.752 1
0.874 0
0.816 0
0.382 2
0.806 0
0.48 0
0.745 0
0.656 0
0.874 0
0.745 0
0.745 0
0.874 0
0.656 0
0.63 0
0.745 0
0.852 0
0.745 0
0.789 0
0.525 1
0.529 0
0.529 0
0.335 0
0.748 0
0.936 0
0.528 0
0.757 0
0.882 0
0.461 0
0.52 0
0.533 0
0.572 0
0.697 0
0.272 0
0.627 0
0.741 0
0.646 0
0.515 0
0.897 73
0.571 0
0.796 0
0.723 0
0.679 0
0.82 0
0.664 0
0.664 0
0.763 0
0.625 0
0.625 2
0.758 0
0.625 0
0.625 0
0.607 0
0.796 0
0.607 0
0.77 1
0.616 0
0.607 0
0.625 0
0.625 0
0.671 0
0.723 1
0.625 0
0.625 0
0.625 0
0.711 1
0.671 0
0.703 0
0.671 0
0.671 0
0.625 1
0.87 0
0.671 0
0.711 2
0.77 0
0.829 1
0.92 0
0.866 0
0.843 1
0.843 0
0.88 3
0.671 1
0.806 0
0.625 0
0.788 0
0.843 0
0.788 1
0.717 0
0.498 93
0.97 82
0.892 45
0.573 1
0.802 61
0.573 0
0.737 0
0.803 0
0.655 0
0.571 0
0.737 1
0.769 0
0.737 0
0.818 2
0.723 0
0.679 0
0.812 0
0.818 0
0.82 0
0.796 0
0.818 0
0.749 0
0.679 0
0.768 0
0.758 0
0.796 0
0.607 0
0.796 1
0.758 0
0.658 0
0.758 0
0.796 0
0.607 0
0.607 0
0.607 0
0.723 1
0.607 0
0.607 0
0.607 0
0.879 0
0.812 0
0.796 0
0.966 0
0.703 0
0.881 0
0.448 0
0.884 0
0.702 0
0.929 0
0.448 0
0.942 64
0.773 76
0.799 70
0.803 0
0.803 0
0.803 0
0.735 1
0.737 1
0.739 0
0.739 0
0.739 0
0.739 4
0.739 0
0.739 1
0.739 0
0.739 0
0.739 0
0.737 0
0.794 0
0.854 0
0.794 0
0.854 0
0.739 1
0.854 2
0.739 0
0.854 4
0.854 3
0.804 0
0.892 0
0.854 0
0.892 0
0.917 0
0.736 0
0.809 0
0.736 0
0.759 0
0.892 0
0.752 0
0.657 2
0.534 0
0.76 1
0.76 0
0.876 0
0.885 0
0.792 0
0.876 0
0.827 0
0.792 0
0.507 0
0.74 0
0.301 73
0.828 91
0.636 75
0.941 70
0.773 74
0.868 64
0.522 73
0.806 62
0.81 75
0.609 70
0.703 67
0.722 58
0.614 3
0.68 0
0.776 2
0.649 0
0.693 0
0.947 1
0.578 2
0.578 0
0.838 54
0.776 0
0.586 56
0.796 0
0.924 0
0.855 0
0.924 0
0.924 0
0.701 0
0.866 0
0.764 0
0.912 0
0.924 0
0.954 1
0.93 0
0.934 0
0.921 0
0.93 0
0.776 0
0.726 0
0.726 0
0.954 0
0.843 0
0.866 1
0.818 0
0.795 0
0.484 0
0.776 0
0.819 0
0.728 0
0.727 57
0.844 59
0.542 65
0.589 75
0.744 62
0.76 62
0.727 63
0.911 66
0.489 64
0.744 62
0.533 66
0.544 61
0.799 63
0.69 74
0.72 58
0.684 91
0.694 63
0.589 76
0.579 62
0.67 59
0.577 61
0.788 59
0.64 58
0.696 0
0.893 0
0.896 0
0.893 0
0.661 0
0.821 0
0.758 0
0.947 0
0.828 55
0.944 0
0.792 0
0.792 0
0.792 0
0.792 1
0.661 0
0.773 0
0.506 0
0.875 0
0.661 0
0.45 0
0.681 1
0.402 0
0.479 0
0.633 0
0.655 0
0.441 54
0.655 0
0.573 83
0.671 70
0.777 80
0.573 80
0.716 64
0.766 74
0.813 69
0.756 91
0.875 75
0.822 70
0.686 53
0.832 0
0.794 54
0.626 0
0.841 2
0.67 0
0.916 0
0.621 0
0.906 0
0.841 0
0.906 0
0.643 0
0.853 0
0.884 0
0.86 0
0.717 0
0.628 55
0.553 0
0.742 0
0.46 0
0.875 0
0.733 0
0.678 0
0.392 0
0.415 0
0.695 0
0.347 1
0.606 0
0.507 0
0.282 0
0.723 0
0.348 0
0.742 0
0.652 0
0.67 0
0.347 0
0.347 0
0.507 0
0.604 0
0.621 0
0.888 56
0.884 51
0.765 55
0.939 55
0.954 74
0.695 0
0.807 77
0.744 51
0.721 0
0.215 0
0.334 5
0.464 0
0.731 53
0.934 0
0.892 52
0.635 0
0.821 2
0.712 0
0.485 0
0.858 0
0.841 0
0.821 0
0.571 0
0.876 0
0.858 0
0.821 0
0.396 1
0.334 0
0.459 0
0.412 0
0.858 1
0.612 0
0.934 0
0.819 0
0.224 0
0.694 0
0.321 0
0.334 0
0.814 0
0.433 0
0.608 0
0.651 0
0.881 0
0.968 0
0.654 0
0.896 0
0.814 0
0.702 0
0.607 0
0.654 0
0.56 6
0.673 1
0.674 7
0.56 4
0.562 4
0.56 3
0.56 2
0.562 6
0.573 5
0.539 0
0.562 6
0.539 0
0.573 3
0.573 7
0.907 0
0.685 5
0.573 8
0.698 2
0.573 2
0.68 3
0.56 3
0.56 0
0.56 0
0.582 2
0.698 3
0.569 1
0.569 2
0.844 2
0.664 6
0.698 7
0.569 4
0.801 7
0.602 2
0.562 3
0.573 0
0.801 1
0.562 0
0.575 0
0.602 3
0.685 3
0.573 0
0.573 0
0.907 3
0.801 0
0.573 0
0.857 2
0.702 0
0.737 0
0.737 0
0.737 0
0.675 0
0.675 0
0.646 2
0.646 2
0.646 3
0.807 4
0.646 1
0.791 0
0.675 3
0.695 7
0.675 3
0.791 0
0.675 2
0.668 0
0.817 4
0.562 3
0.788 2
0.723 5
0.595 5
0.817 1
0.638 3
0.817 0
0.859 6
0.763 0
0.812 3
0.817 2
0.781 1
0.659 3
0.641 4
0.571 4
0.817 1
0.74 0
0.675 0
0.817 0
0.569 2
0.696 0
0.696 2
0.828 2
0.859 0
0.573 0
0.696 2
0.582 1
0.723 0
0.539 4
0.817 1
0.914 0
0.815 0
0.696 2
0.569 0
0.81 0
0.646 0
0.646 0
0.646 0
0.646 2
0.855 2
0.646 2
0.675 2
0.548 0
0.789 8
0.675 4
0.855 3
0.531 5
0.675 2
0.855 1
0.791 2
0.583 3
0.8 2
0.583 2
0.817 0
0.817 1
0.817 2
0.784 0
0.788 2
0.894 4
0.817 1
0.812 0
0.736 4
0.85 0
0.878 4
0.859 0
0.909 0
0.815 2
0.859 2
0.909 4
0.909 0
0.909 0
0.817 0
0.909 2
0.909 2
0.909 1
0.906 0
0.878 0
0.907 0
0.84 0
0.939 0
0.626 0
0.878 7
0.878 2
0.909 3
0.79 0
0.855 0
0.855 0
0.855 0
0.855 5
0.855 2
0.855 1
0.855 3
0.855 0
0.531 2
0.531 3
0.764 3
0.86 0
0.855 2
0.803 1
0.909 2
0.803 1
0.725 2
0.909 5
0.909 2
0.909 0
0.623 2
0.803 1
0.803 2
0.909 2
0.894 3
0.803 2
0.943 0
0.803 2
0.84 3
0.909 1
0.856 0
0.894 9
0.803 2
0.69 0
0.803 0
0.803 0
0.753 0
0.818 4
0.803 0
0.878 0
0.714 1
0.714 0
0.897 0
0.858 0
0.858 0
0.858 0
0.803 1
0.626 3
0.803 0
0.769 0
0.606 0
0.767 2
0.606 1
0.606 0
0.606 0
0.606 2
0.606 0
0.606 0
0.606 0
0.606 0
0.769 1
0.606 0
0.786 0
0.629 0
0.606 0
0.629 0
0.843 3
0.843 0
0.843 0
0.843 1
0.843 1
0.843 0
0.726 2
0.718 1
0.725 2
0.843 0
0.753 0
0.769 4
0.718 0
0.843 0
0.601 4
0.843 0
0.769 0
0.748 1
0.916 0
0.69 0
0.928 0
0.804 1
0.786 0
0.71 0
0.71 3
0.843 0
0.828 7
0.831 0
0.858 0
0.601 3
0.858 1
0.769 2
0.804 0
0.714 0
0.917 74
0.606 1
0.606 0
0.708 5
0.663 3
0.786 2
0.629 0
0.726 2
0.629 1
0.606 1
0.606 0
0.786 1
0.726 0
0.606 0
0.629 1
0.859 2
0.744 1
0.856 3
0.695 1
0.843 0
0.718 0
0.786 0
0.629 0
0.629 0
0.843 0
0.859 2
0.856 0
0.856 0
0.777 0
0.787 0
0.843 1
0.872 0
0.718 0
0.816 2
0.718 0
0.708 0
0.856 0
0.731 0
0.856 0
0.505 0
0.872 3
0.731 0
0.872 0
0.872 0
0.839 1
0.818 1
0.622 0
0.856 0
0.708 1
0.891 2
0.687 70
0.697 84
0.766 86
0.679 98
0.715 97
0.712 97
0.86 79
0.72 75
0.797 82
0.785 0
0.644 0
0.836 0
0.859 2
0.785 1
0.585 1
0.772 3
0.733 3
0.512 0
0.519 2
0.585 4
0.772 0
0.585 1
0.585 0
0.708 1
0.731 0
0.872 0
0.872 1
0.871 1
0.576 0
0.787 2
0.787 0
0.708 0
0.845 1
0.708 0
0.804 0
0.645 0
0.872 0
0.885 1
0.816 0
0.818 0
0.816 0
0.787 1
0.816 0
0.818 1
0.658 2
0.708 0
0.825 0
0.862 0
0.891 2
0.866 1
0.846 80
0.788 72
0.539 79
0.686 95
0.749 74
0.674 94
0.84 72
0.704 72
0.723 70
0.475 96
0.525 1
0.697 0
0.697 2
0.778 0
0.691 1
0.661 0
0.845 2
0.691 0
0.808 1
0.691 0
0.672 1
0.845 2
0.825 0
0.845 3
0.71 3
0.672 0
0.778 0
0.845 2
0.845 0
0.845 0
0.783 1
0.845 0
0.915 0
0.669 0
0.783 0
0.669 0
0.701 0
0.679 0
0.679 0
0.915 0
0.711 0
0.84 0
0.845 0
0.808 0
0.915 0
0.767 1
0.87 0
0.754 1
0.773 60
0.822 0
0.896 70
0.803 0
0.803 0
0.803 0
0.573 1
0.803 0
0.573 0
0.573 2
0.737 0
0.769 0
0.737 0
0.735 1
0.737 1
0.796 0
0.679 0
0.739 0
0.739 0
0.739 0
0.739 0
0.739 0
0.737 0
0.82 0
0.739 0
0.739 1
0.739 4
0.826 0
0.739 0
0.816 0
0.758 0
0.677 0
0.63 0
0.723 1
0.607 0
0.806 0
0.816 0
0.874 0
0.739 0
0.739 1
0.874 0
0.822 0
0.789 2
0.874 0
0.656 0
0.656 0
0.745 0
0.789 0
0.745 0
0.745 0
0.745 0
0.745 0
0.571 0
0.818 0
0.625 0
0.571 0
0.796 0
0.812 0
0.818 2
0.625 0
0.671 0
0.625 2
0.723 0
0.818 0
0.664 0
0.625 0
0.723 0
0.749 0
0.607 0
0.607 0
0.607 0
0.679 0
0.671 0
0.607 0
0.679 0
0.818 0
0.625 0
0.625 1
0.625 0
0.763 0
0.664 0
0.796 0
0.758 0
0.607 0
0.796 0
0.796 0
0.703 0
0.758 0
0.758 0
0.788 0
0.671 0
0.796 1
0.717 0
0.607 0
0.607 0
0.607 0
0.607 0
0.607 0
0.812 0
0.625 0
0.703 0
0.796 0
0.573 83
0.828 91
0.636 75
0.727 57
0.542 65
0.589 75
0.744 62
0.868 64
0.522 73
0.799 70
0.76 62
0.489 64
0.744 62
0.727 63
0.684 91
0.533 66
0.544 61
0.799 63
0.72 58
0.694 63
0.722 58
0.589 76
0.579 62
0.67 59
0.577 61
0.64 58
0.788 59
0.614 3
0.68 0
0.649 0
0.625 0
0.625 0
0.625 0
0.671 0
0.671 0
0.616 0
0.794 0
0.794 0
0.828 55
0.671 1
0.788 1
0.947 0
0.924 0
0.912 0
0.924 0
0.944 0
0.934 0
0.726 0
0.726 0
0.954 0
0.573 80
0.716 64
0.766 74
0.799 90
0.756 91
0.875 75
0.69 74
0.947 1
0.893 0
0.696 0
0.713 0
0.721 0
0.893 0
0.896 0
0.832 0
0.661 0
0.924 0
0.584 0
0.838 54
0.924 0
0.776 0
0.821 0
0.758 0
0.796 0
0.855 0
0.701 0
0.841 2
0.661 0
0.764 0
0.866 0
0.776 0
0.916 0
0.93 0
0.954 1
0.843 0
0.633 0
0.866 1
0.776 0
0.792 0
0.712 0
0.821 2
0.792 0
0.921 0
0.792 0
0.661 0
0.792 1
0.795 0
0.93 0
0.821 0
0.681 1
0.646 88
0.693 75
0.648 87
0.618 82
0.747 88
0.718 82
0.737 71
0.808 76
0.739 67
0.727 77
0.813 69
0.789 89
0.707 85
0.641 74
0.677 74
0.756 81
0.835 49
0.744 51
0.596 0
0.681 0
0.743 51
0.702 50
0.52 0
0.934 0
0.745 0
0.76 49
0.597 0
0.931 0
0.835 0
0.931 0
0.934 0
0.934 0
0.824 0
0.824 49
0.633 0
0.964 1
0.904 0
0.521 52
0.858 0
0.858 0
0.748 50
0.821 0
0.841 0
0.858 2
0.858 0
0.858 1
0.858 0
0.858 1
0.625 50
0.771 51
0.675 78
0.429 89
0.896 70
0.826 85
0.696 68
0.727 83
0.768 76
0.813 75
0.711 72
0.803 68
0.856 74
0.952 47
0.655 76
0.845 88
0.66 3
0.585 75
0.852 77
0.64 79
0.694 83
0.573 84
0.789 78
0.801 86
0.738 52
0.786 90
0.619 80
0.768 0
0.728 48
0.768 1
0.764 46
0.573 46
0.814 45
0.605 0
0.554 0
0.716 47
0.799 0
0.797 0
0.651 0
0.93 1
0.7 0
0.752 0
0.8 0
0.721 47
0.612 49
0.752 0
0.94 0
0.771 0
0.727 0
0.799 46
0.795 48
0.19 48
0.786 82
0.703 87
0.624 80
0.952 67
0.766 63
0.819 76
0.771 76
0.868 84
0.572 76
0.719 78
0.927 72
0.888 63
0.719 51
0.592 43
0.739 82
0.756 74
0.546 87
0.688 70
0.626 65
0.673 53
0.634 65
0.855 85
0.61 43
0.809 70
0.819 82
0.909 79
0.55 87
0.839 81
0.716 54
0.73 85
0.901 69
0.877 51
0.694 77
0.8 68
0.858 74
0.698 44
0.544 46
0.622 45
0.83 46
0.864 45
0.709 45
0.828 0
0.713 46
0.828 0
0.715 0
0.813 1
0.462 44
0.379 44
0.825 0
0.495 45
0.548 66
0.791 81
0.538 65
0.695 67
0.827 45
0.712 75
0.595 85
0.878 82
0.771 70
0.758 79
0.557 85
0.588 46
0.817 77
0.804 80
0.738 69
0.694 83
0.808 70
0.688 57
0.776 80
0.899 76
0.526 77
0.72 43
0.77 81
0.576 83
0.672 43
0.785 65
0.714 42
0.824 44
0.876 44
0.813 43
0.853 43
0.774 41
0.554 44
0.505 42
0.539 42
0.656 42
0.878 42
0.472 43
0.653 0
0.505 43
0.828 43
0.681 42
0.612 43
0.648 43
0.472 43
0.785 43
0.635 43
0.92 42
0.74 44
0.652 43
0.86 83
0.651 69
0.688 83
0.608 71
0.625 79
0.728 76
0.842 77
0.752 66
0.626 70
0.954 74
0.711 69
0.821 75
0.677 80
0.665 83
0.808 68
0.774 63
0.588 85
0.767 41
0.817 55
0.857 69
0.752 56
0.752 42
0.803 72
0.713 42
0.789 84
0.764 41
0.438 43
0.654 43
0.732 42
0.57 41
0.786 42
0.807 44
0.67 81
0.667 41
0.778 41
0.668 40
0.905 41
0.872 41
0.622 40
0.513 41
0.422 42
0.429 41
0.763 41
0.616 41
0.57 42
0.686 41
0.84 42
0.61 41
0.942 43
0.891 41
0.672 79
0.803 75
0.665 76
0.697 79
0.56 83
0.556 82
0.553 76
0.74 66
0.691 69
0.869 78
0.67 87
0.562 41
0.533 40
0.714 80
0.572 74
0.616 86
0.69 87
0.567 41
0.752 74
0.748 66
0.719 41
0.59 40
0.865 40
0.697 41
0.645 85
0.558 41
0.808 41
0.781 40
0.464 41
0.892 65
0.522 41
0.922 41
0.717 40
0.685 40
0.91 40
0.584 41
0.106 41
0.62 41
0.0715 41
0.671 41
0.768 42
0.862 0
0.384 40
0.637 41
0.803 42
0.842 40
0.753 40
0.921 41
0.391 40
0.18 40
0.747 56
0.606 82
0.602 68
0.603 82
0.675 83
0.804 77
0.655 79
0.829 80
0.74 66
0.724 64
0.673 82
0.721 45
0.626 81
0.801 79
0.756 75
0.805 74
0.645 84
0.625 77
0.736 78
0.878 66
0.752 75
0.916 61
0.364 39
0.799 40
0.785 39
0.818 40
0.576 39
0.779 41
0.726 39
0.661 40
0.543 40
0.909 40
0.509 39
0.859 39
0.804 39
0.804 41
0.746 41
0.838 39
0.829 39
0.711 39
0.762 40
0.542 39
0.601 39
0.857 38
0.532 39
0.627 40
0.873 40
0.61 39
0.799 39
0.876 39
0.725 77
0.594 83
0.637 81
0.848 80
0.531 79
0.801 35
0.828 70
0.787 70
0.57 71
0.72 67
0.739 75
0.791 72
0.56 80
0.761 76
0.623 65
0.719 80
0.783 75
0.766 81
0.791 83
0.841 71
0.775 70
0.584 83
0.661 38
0.806 40
0.698 83
0.725 75
0.595 39
0.776 74
0.596 38
0.94 39
0.729 39
0.509 39
0.48 38
0.618 40
0.531 38
0.958 40
0.681 39
0.278 39
0.223 39
0.941 39
0.894 38
0.826 39
0.735 39
0.652 38
0.849 37
0.499 39
0.851 38
0.727 39
0.967 39
0.425 39
0.795 57
0.573 58
0.176 53
0.56 53
0.468 49
0.328 58
0.511 51
0.457 56
0.634 56
0.513 50
0.56 53
0.246 52
0.843 56
0.709 50
0.848 51
0.583 72
0.838 52
0.187 60
0.443 52
0.48 51
0.706 51
0.567 51
0.59 50
0.621 53
0.812 54
0.474 53
0.547 49
0.377 52
0.437 60
0.505 56
0.405 55
0.583 60
0.178 60
0.696 54
0.602 55
0.122 50
0.481 52
0.655 51
0.597 55
0.493 55
0.358 55
0.482 50
0.194 52
0.611 51
0.556 55
0.258 54
0.184 58
0.0735 53
0.59 53
0.161 60
0.767 47
0.567 44
0.418 48
0.533 45
0.687 48
0.856 48
0.856 44
0.205 48
0.709 45
0.841 46
0.514 50
0.525 46
0.906 48
0.938 47
0.605 45
0.816 44
0.483 43
0.57 45
0.563 47
0.578 45
0.591 44
0.663 44
0.616 44
0.573 44
0.487 43
0.652 46
0.273 48
0.651 46
0.725 49
0.517 50
0.607 46
0.781 45
0.632 46
0.886 47
0.725 49
0.765 48
0.394 45
0.902 46
0.357 48
0.414 45
0.722 43
0.818 45
0.414 43
0.377 44
0.776 44
0.183 44
0.319 48
0.58 47
0.549 44
0.438 48
0.506 42
0.813 41
0.907 40
0.512 43
0.59 41
0.864 40
0.832 42
0.928 41
0.842 42
0.532 40
0.416 43
0.839 39
0.485 43
0.176 43
0.435 42
0.368 42
0.651 42
0.776 43
0.888 41
0.986 42
0.442 42
0.632 40
0.42 39
0.865 41
0.284 43
0.923 43
0.312 40
0.635 44
0.502 41
0.471 43
0.85 43
0.691 39
0.764 44
0.898 43
0.61 42
0.448 40
0.694 40
0.47 42
0.682 40
0.642 40
0.475 40
0.705 41
0.707 42
0.624 39
0.481 39
0.438 41
0.807 41
0.448 43
0.697 40
0.531 40
0.681 41
0.229 37
0.273 39
0.242 37
0.785 38
0.883 38
0.777 37
0.816 36
0.8 38
0.698 37
0.641 41
0.654 41
0.732 41
0.736 41
0.855 39
0.277 39
0.677 36
0.148 38
0.689 36
0.672 40
0.835 42
0.431 38
0.53 37
0.56 36
0.818 37
0.621 37
0.298 37
0.402 36
0.724 45
0.419 37
0.65 37
0.643 37
0.704 36
0.798 37
0.551 38
0.699 39
0.704 40
0.62 36
0.466 41
0.516 38
0.492 38
0.485 39
0.231 38
0.355 37
0.615 39
0.358 39
0.658 38
0.424 39
0.479 38
0.593 37
0.417 39
0.715 38
0.609 42
0.554 36
0.68 35
0.764 36
0.782 37
0.714 33
0.532 34
0.821 36
0.288 37
0.498 35
0.631 35
0.44 36
0.685 36
0.49 36
0.669 37
0.64 36
0.289 36
0.555 35
0.583 36
0.681 38
0.623 35
0.421 35
0.504 35
0.574 34
0.745 33
0.465 35
0.413 0
0.526 35
0.422 35
0.271 36
0.938 39
0.493 34
0.928 38
0.64 35
0.413 0
0.671 38
0.848 38
0.635 34
0.705 36
0.386 35
0.204 37
0.763 35
0.116 37
0.463 37
0.167 6
0.337 35
0.51 33
0.604 35
0.594 33
0.777 32
0.437 31
0.62 33
0.569 32
0.398 34
0.813 32
0.627 33
0.614 33
0.707 33
0.706 33
0.391 33
0.685 33
0.296 36
0.796 34
0.559 34
0.547 35
0.371 33
0.843 35
0.553 33
0.296 33
0.414 35
0.326 33
0.485 32
0.7 38
0.513 33
0.683 33
0.759 39
0.723 36
0.363 32
0.423 33
0.205 34
0.841 35
0.942 34
0.69 35
0.576 33
0.723 33
0.726 32
0.448 33
0.872 33
0.735 35
0.642 32
0.528 33
0.426 33
0.411 34
0.56 32
0.249 34
0.624 34
0.399 31
0.539 33
0.669 32
0.448 32
0.544 31
0.965 32
0.83 34
0.533 31
0.533 32
0.775 30
0.447 32
0.415 30
0.862 39
0.518 30
0.637 33
0.853 46
0.771 32
0.78 32
0.933 36
0.773 33
0.337 16
0.302 31
0.354 31
0.76 35
0.536 30
0.587 32
0.818 38
0.449 33
0.9 36
0.508 31
0.848 35
0.453 32
0.415 31
0.399 32
0.548 34
0.145 30
0.284 31
0.61 31
0.351 31
0.567 31
0.324 33
0.292 32
0.56 31
0.258 31
0.808 30
0.62 31
0.599 30
0.847 32
0.688 31
0.849 32
0.581 42
0.414 31
0.554 32
0.329 0
0.571 30
0.514 31
0.714 30
0.561 30
0.665 30
0.473 31
0.516 31
0.674 30
0.687 32
0.81 29
0.719 29
0.0598 30
0.774 29
0.32 29
0.609 36
0.323 29
0.341 29
0.223 30
0.459 29
0.488 30
0.756 30
0.723 31
0.608 30
0.523 29
0.842 31
0.518 30
0.891 35
0.392 29
0.506 32
0.535 32
0.835 30
0.697 30
0.566 30
0.419 29
0.555 30
0.845 29
0.455 30
0.681 30
0.321 32
0.638 31
0.504 31
0.464 29
0.671 30
0.508 28
0.41 30
0.241 29
0.642 30
0.72 30
0.414 28
0.611 28
0.436 27
0.624 27
0.355 27
0.579 29
0.62 28
0.654 27
0.818 27
0.563 28
0.528 30
0.552 29
0.427 27
0.524 28
0.629 28
0.323 27
0.542 29
0.795 28
0.627 28
0.455 29
0.489 28
0.784 34
0.931 30
0.731 30
0.585 28
0.954 34
0.65 33
0.902 30
0.44 27
0.627 28
0.705 28
0.855 31
0.789 29
0.859 29
0.6 28
0.292 28
0.345 30
0.827 27
0.301 28
0.484 27
0.357 28
0.471 28
0.86 27
0.344 27
0.407 28
0.639 28
0.475 28
0.562 28
0.36 40
0.718 39
0.404 57
0.536 26
0.763 26
0.319 26
0.838 26
0.655 27
0.216 27
0.505 26
0.857 29
0.761 27
0.826 27
0.431 28
0.783 27
0.603 27
0.191 26
0.565 27
0.497 30
0.663 28
0.542 25
0.427 26
0.638 35
0.906 27
0.483 28
0.539 27
0.711 27
0.326 26
0.75 33
0.722 30
0.381 29
0.31 27
0.656 27
0.54 26
0.789 27
0.774 29
0.661 27
0.442 27
0.386 27
0.554 27
0.482 26
0.462 26
0.441 26
0.349 27
0.497 29
0.422 27
0.368 27
0.41 26
0.77 27
0.408 27
0.514 26
0.782 26
0.578 26
0.385 25
0.563 26
0.887 25
0.507 44
0.253 25
0.54 27
0.692 27
0.154 25
0.54 25
0.21 26
0.761 30
0.557 25
0.659 32
0.551 25
0.699 24
0.743 26
0.592 26
0.502 25
0.552 27
0.274 27
0.351 26
0.822 29
0.646 26
0.852 33
0.344 26
0.501 27
0.465 25
0.786 30
0.929 25
0.828 27
0.744 26
0.944 27
0.221 25
0.793 27
0.817 27
0.802 27
0.744 25
0.795 25
0.243 27
0.727 26
0.428 27
0.555 25
0.383 24
0.446 25
0.141 26
0.7 25
0.469 24
0.424 37
0.409 25
0.414 59
0.737 62
0.584 24
0.468 24
0.659 31
0.75 25
0.3 25
0.783 24
0.448 25
0.59 26
0.522 24
0.906 29
0.587 26
0.718 25
0.346 25
0.477 25
0.913 24
0.444 24
0.525 24
0.349 24
0.368 25
0.346 24
0.672 25
0.368 26
0.691 27
0.544 24
0.848 24
0.273 25
0.503 23
0.669 24
0.773 27
0.56 29
0.821 27
0.287 25
0.485 24
0.859 26
0.785 25
0.761 27
0.879 25
0.723 24
0.241 24
0.474 24
0.843 25
0.379 28
0.48 25
0.873 24
0.788 25
0.475 25
0.704 23
0.738 36
0.501 23
0.614 23
0.543 24
0.792 23
0.876 26
0.426 23
0.877 22
0.338 23
0.488 23
0.89 23
0.948 31
0.387 23
0.395 52
0.389 22
0.84 23
0.895 25
0.677 23
0.488 29
0.446 24
0.858 23
0.292 23
0.68 35
0.808 26
0.519 24
0.49 23
0.565 23
0.525 25
0.636 25
0.872 30
0.587 23
0.695 26
0.729 26
0.166 22
0.762 25
0.888 23
0.705 25
0.503 24
0.656 24
0.669 24
0.695 24
0.818 22
0.558 23
0.38 62
0.545 25
0.647 23
0.773 22
0.772 26
0.868 35
0.406 23
0.63 34
0.311 23
0.884 22
0.508 21
0.379 27
0.594 30
0.298 21
0.486 22
0.813 22
0.666 21
0.697 24
0.922 23
0.88 23
0.639 22
0.568 22
0.847 22
0.655 22
0.235 22
0.35 23
0.898 22
0.683 58
0.551 22
0.617 23
0.463 45
0.407 23
0.847 42
0.798 23
0.591 22
0.444 25
0.379 23
0.61 21
0.481 22
0.751 22
0.776 23
0.462 24
0.538 21
0.422 22
0.635 34
0.588 22
0.846 22
0.167 23
0.496 23
0.475 21
0.554 22
0.523 23
0.471 62
0.344 23
0.431 21
0.659 21
0.459 21
0.907 22
0.797 23
0.69 21
0.607 23
0.729 22
0.627 21
0.494 24
0.712 28
0.646 29
0.478 29
0.664 22
0.666 21
0.575 22
0.571 22
0.316 21
0.918 30
0.582 21
0.715 21
0.597 21
0.848 24
0.447 22
0.421 22
0.493 22
0.689 25
0.69 32
0.813 29
0.517 22
0.205 15
0.396 21
0.727 21
0.267 23
0.861 22
0.534 20
0.333 21
0.407 22
0.559 21
0.619 22
0.188 21
0.207 22
0.56 22
0.93 27
0.551 16
0.0953 22
0.527 22
0.791 24
0.826 22
0.543 21
0.668 22
0.463 15
0.79 21
0.745 21
0.698 52
0.449 50
0.737 20
0.498 22
0.677 20
0.655 23
0.264 23
0.294 20
0.411 20
0.826 20
0.862 23
0.809 20
0.384 24
0.286 20
0.709 23
0.602 31
0.69 22
0.785 23
0.659 19
0.655 29
0.901 25
0.661 20
0.405 60
0.711 22
0.391 22
0.619 20
0.898 21
0.43 20
0.708 21
0.485 21
0.411 57
0.874 20
0.353 23
0.275 22
0.457 21
0.433 21
0.113 20
0.412 5
0.453 4
0.203 20
0.835 22
0.685 20
0.19 3
0.438 20
0.331 7
0.554 20
0.363 20
0.284 20
0.584 21
0.411 32
0.709 19
0.728 20
0.688 26
0.588 20
0.754 20
0.888 21
0.526 24
0.626 20
0.802 21
0.701 20
0.842 26
0.748 20
0.911 21
0.54 22
0.562 23
0.512 21
0.484 26
0.421 19
0.586 19
0.67 21
0.629 21
0.489 20
0.563 20
0.784 19
0.785 20
0.514 22
0.613 19
0.481 29
0.706 21
0.5 23
0.564 22
0.373 21
0.535 19
0.52 19
0.545 20
0.375 19
0.789 20
0.578 20
0.93 19
0.838 20
0.906 18
0.309 20
0.497 20
0.247 20
0.705 21
0.425 18
0.668 20
0.436 19
0.53 31
0.732 31
0.737 20
0.434 18
0.634 18
0.383 19
0.382 34
0.755 19
0.472 19
0.715 18
0.889 18
0.458 18
0.857 19
0.469 28
0.291 19
0.763 19
0.271 20
0.581 19
0.624 19
0.525 18
0.575 21
0.368 19
0.459 21
0.449 19
0.341 20
0.54 30
0.601 53
0.53 20
0.234 19
0.172 18
0.555 19
0.697 27
0.523 18
0.387 18
0.825 25
0.412 18
0.764 24
0.336 18
0.669 20
0.309 58
0.499 19
0.328 19
0.591 20
0.848 19
0.343 17
0.509 19
0.714 20
0.678 30
0.457 31
0.444 30
0.496 30
0.828 30
0.558 19
0.926 20
0.933 55
0.283 19
0.579 18
0.505 16
0.341 19
0.638 52
0.94 18
0.815 18
0.765 18
0.904 17
0.624 20
0.561 20
0.685 18
0.734 18
0.673 29
0.368 19
0.878 20
0.612 21
0.543 19
0.828 18
0.693 18
0.727 5
0.811 19
0.867 20
0.64 17
0.873 27
0.57 19
0.524 19
0.51 65
0.459 18
0.409 19
0.612 18
0.7 56
0.716 4
0.411 18
0.808 17
0.54 19
0.638 21
0.778 55
0.477 17
0.429 18
0.363 18
0.246 17
0.436 17
0.993 27
0.495 29
0.391 29
0.579 32
0.437 45
0.402 17
0.894 19
0.298 16
0.902 17
0.645 19
0.879 17
0.608 18
0.458 47
0.407 16
0.738 17
0.58 30
0.447 17
0.468 17
0.701 19
0.551 18
0.423 17
0.538 44
0.385 17
0.468 17
0.172 17
0.947 29
0.339 49
0.456 19
0.386 53
0.426 18
0.722 19
0.175 44
0.87 18
0.742 26
0.332 44
0.493 18
0.748 39
0.852 18
0.233 18
0.917 18
0.596 56
0.523 17
0.793 19
0.735 17
0.458 19
0.548 18
0.552 17
0.685 17
0.568 17
0.377 48
0.513 29
0.575 28
0.847 0
0.568 16
0.75 55
0.8 58
0.497 59
0.659 61
0.617 60
0.43 64
0.567 64
0.59 51
0.595 46
0.576 47
0.649 59
0.412 60
0.923 62
0.394 47
0.543 65
0.279 41
0.53 62
0.73 39
0.103 64
0.576 60
0.472 38
0.565 60
0.575 50
0.543 67
0.733 40
0.58 62
0.233 62
0.56 56
0.535 67
0.572 63
0.549 63
0.599 60
0.626 59
0.477 65
0.698 63
0.418 1
0.49 61
0.54 71
0.363 59
0.666 63
0.522 64
0.702 63
0.619 6
0.201 65
0.646 63
0.547 0
0.448 0
0.926 59
0.506 0
0.328 0
0.482 54
0.828 56
0.439 54
0.7 57
0.48 59
0.462 61
0.507 58
0.887 50
0.402 60
0.588 56
0.335 33
0.484 60
0.537 50
0.7 58
0.613 57
0.78 66
0.683 58
0.564 52
0.681 55
0.435 58
0.648 61
0.405 60
0.424 61
0.184 57
0.391 65
0.424 52
0.565 62
0.499 61
0.742 62
0.519 53
0.316 56
0.44 56
0.463 48
0.468 61
0.487 62
0.593 48
0.598 56
0.809 57
0.297 60
0.538 55
0.741 59
0.297 64
0.471 62
0.35 57
0.453 62
0.668 61
0.257 33
0.519 58
0.526 0
0.497 0
0.676 55
0.473 58
0.543 42
0.517 57
0.326 60
0.671 53
0.37 54
0.641 58
0.557 54
0.359 58
0.489 55
0.572 56
0.424 53
0.474 54
0.657 57
0.459 54
0.677 53
0.386 51
0.476 54
0.551 58
0.2 56
0.748 36
0.498 54
0.521 34
0.551 44
0.403 60
0.619 57
0.279 57
0.521 58
0.667 36
0.654 64
0.635 56
0.391 58
0.335 57
0.62 54
0.396 58
0.415 55
0.771 36
0.602 59
0.55 58
0.506 55
0.631 54
0.411 57
0.476 59
0.719 54
0.465 59
0.445 62
0.441 58
0.719 54
0.419 0
0.442 43
0.564 50
0.54 53
0.64 55
0.646 58
0.48 52
0.628 50
0.488 56
0.515 57
0.525 55
0.242 55
0.428 56
0.511 55
0.584 54
0.39 57
0.489 54
0.373 48
0.5 58
0.542 52
0.399 53
0.764 49
0.329 54
0.551 56
0.366 41
0.716 54
0.36 61
0.526 51
0.227 52
0.316 58
0.296 59
0.674 47
0.534 61
0.408 55
0.705 55
0.692 50
0.525 55
0.432 55
0.372 57
0.309 58
0.862 62
0.405 49
0.602 41
0.432 59
0.76 58
0.48 31
0.271 63
0.474 59
0.446 31
0.579 54
0.529 57
0.233 55
0.368 49
0.489 50
0.755 56
0.543 52
0.507 54
0.37 58
0.419 50
0.734 52
0.291 51
0.378 54
0.535 43
0.311 57
0.575 54
0.278 55
0.726 54
0.474 55
0.125 49
0.738 62
0.481 54
0.58 51
0.481 54
0.384 58
0.603 49
0.227 58
0.615 52
0.795 61
0.503 60
0.8 62
0.647 52
0.454 50
0.452 54
0.332 44
0.269 57
0.568 53
0.528 58
0.855 54
0.506 58
0.211 28
0.3 29
0.583 54
0.681 54
0.733 55
0.395 28
0.778 55
0.502 51
0.497 62
0.484 0
0.687 0
0.702 0
0.459 53
0.32 53
0.504 50
0.731 47
0.471 58
0.41 50
0.35 55
0.567 48
0.356 57
0.415 28
0.262 50
0.464 49
0.469 59
0.521 52
0.473 60
0.537 45
0.512 57
0.424 56
0.74 45
0.836 50
0.568 56
0.212 53
0.261 32
0.412 48
0.666 40
0.465 58
0.666 59
0.61 53
0.465 50
0.826 49
0.538 56
0.398 51
0.433 27
0.291 28
0.467 49
0.375 47
0.318 27
0.442 56
0.541 54
0.327 28
0.481 55
0.434 55
0.587 48
0.488 59
0.425 52
0.552 28
0.516 60
0.542 57
0.397 54
0.788 27
0.343 51
0.547 53
0.519 59
0.498 53
0.563 57
0.669 54
0.518 55
0.701 47
0.51 28
0.515 52
0.749 27
0.671 50
0.627 59
0.416 49
0.619 50
0.468 51
0.288 56
0.54 53
0.309 39
0.342 58
0.515 50
0.185 45
0.562 52
0.181 45
0.564 45
0.564 54
0.32 54
0.0962 57
0.618 25
0.507 55
0.449 54
0.603 56
0.427 49
0.258 45
0.448 27
0.522 52
0.336 56
0.507 48
0.643 56
0.673 55
0.599 51
0.382 57
0.456 57
0.149 26
0.513 54
0.639 56
0.374 27
0.514 52
0.291 58
0.68 54
0.354 51
0.668 49
0.613 50
0.667 56
0.389 25
0.467 56
0.86 33
0.465 55
0.632 49
0.557 46
0.722 58
0.265 50
0.667 47
0.496 54
0.48 35
0.595 45
0.422 52
0.239 48
0.324 47
0.597 47
0.791 47
0.489 40
0.383 59
0.39 54
0.929 52
0.604 47
0.599 49
0.625 50
0.423 54
0.269 47
0.512 27
0.304 41
0.569 53
0.705 28
0.726 46
0.856 47
0.366 53
0.675 53
0.227 52
0.28 55
0.324 47
0.405 26
0.296 55
0.62 54
0.628 27
0.462 55
0.642 56
0.348 28
0.226 52
0.715 54
0.669 43
0.366 55
0.349 51
0.202 44
0.367 53
0.31 48
0.375 54
0.657 41
0.292 50
0.573 54
0.513 53
0.572 53
0.498 44
0.391 54
0.659 47
0.356 45
0.777 27
0.361 52
0.363 51
0.607 52
0.411 53
0.685 53
0.431 56
0.728 46
0.671 53
0.58 48
0.432 41
0.521 53
0.646 52
0.71 41
0.498 27
0.328 27
0.708 53
0.584 54
0.588 53
0.365 51
0.563 43
0.197 52
0.454 58
0.525 57
0.0926 51
0.499 58
0.388 56
0.572 26
0.592 25
0.383 51
0.42 54
0.458 26
0.694 51
0.309 48
0.456 54
0.478 38
0.526 49
0.438 47
0.0859 40
0.543 54
0.373 47
0.725 47
0.507 54
0.203 42
0.328 43
0.342 56
0.617 48
0.711 47
0.425 44
0.402 52
0.868 47
0.478 55
0.326 50
0.609 35
0.574 49
0.413 55
0.516 49
0.233 55
0.363 48
0.428 31
0.436 60
0.625 57
0.528 42
0.283 51
0.335 25
0.497 28
0.503 50
0.354 50
0.414 38
0.387 29
0.449 52
0.554 26
0.449 54
0.753 50
0.488 58
0.464 56
0.631 54
0.505 41
0.491 53
0.38 56
0.485 25
0.469 52
0.816 31
0.501 57
0.478 52
0.915 48
0.32 52
0.628 52
0.941 55
0.382 44
0.664 48
0.272 49
0.574 54
0.53 52
0.52 49
0.701 47
0.349 48
0.781 54
0.938 49
0.325 55
0.715 42
0.0762 56
0.341 53
0.489 34
0.285 54
0.41 53
0.248 50
0.504 46
0.281 52
0.583 34
0.417 52
0.51 24
0.496 48
0.35 51
0.688 53
0.714 53
0.64 29
0.298 47
0.581 24
0.427 51
0.409 26
0.459 24
0.461 24
0.904 47
0.436 25
0.257 24
0.333 25
0.321 45
0.701 53
0.545 25
0.26 48
0.37 25
0.31 42
0.355 50
0.806 45
0.496 50
0.421 51
0.316 46
0.879 47
0.394 41
0.599 47
0.408 48
0.551 49
0.405 54
0.493 53
0.72 50
0.639 40
0.532 46
0.548 43
0.583 46
0.494 44
0.251 51
0.822 51
0.58 47
0.499 53
0.874 47
0.287 55
0.205 48
0.429 25
0.595 49
0.509 49
0.383 49
0.604 52
0.849 25
0.345 25
0.381 44
0.442 54
0.605 47
0.382 46
0.657 55
0.483 24
0.277 54
0.469 52
0.233 30
0.604 53
0.355 48
0.673 51
0.795 25
0.481 24
0.48 24
0.514 24
0.396 24
0.707 42
0.213 25
0.238 51
0.305 33
0.401 50
0.217 52
0.429 41
0.307 44
0.636 51
0.851 49
0.545 35
0.55 47
0.396 54
0.518 52
0.132 55
0.568 47
0.294 50
0.622 50
0.403 43
0.816 51
0.291 54
0.448 47
0.387 47
0.302 49
0.213 43
0.593 50
0.544 55
0.886 50
0.77 49
0.624 41
0.493 25
0.351 42
0.335 56
0.508 24
0.258 55
0.442 23
0.419 25
0.655 49
0.893 40
0.476 23
0.639 44
0.295 25
0.414 50
0.439 24
0.641 51
0.4 24
0.768 52
0.585 52
0.885 25
0.221 53
0.458 23
0.438 24
0.32 52
0.472 45
0.56 56
0.274 49
0.738 52
0.187 51
0.528 44
0.501 46
0.408 46
0.213 29
0.535 50
0.491 43
0.352 51
0.665 42
0.507 51
0.494 46
0.583 45
0.613 49
0.387 23
0.161 50
0.374 24
0.455 55
0.559 52
0.508 38
0.334 31
0.215 51
0.65 55
0.41 24
0.225 23
0.419 24
0.353 23
0.53 51
0.294 45
0.48 52
0.443 24
0.456 24
0.517 24
0.491 23
0.29 50
0.602 49
0.584 46
0.411 23
0.533 24
0.292 22
0.301 45
0.932 23
0.672 56
0.737 42
0.803 24
0.417 36
0.477 44
0.509 47
0.479 49
0.477 46
0.337 45
0.59 42
0.515 52
0.312 49
0.503 44
0.41 44
0.596 42
0.334 49
0.64 40
0.394 49
0.493 47
0.502 46
0.347 47
0.353 50
0.845 49
0.414 51
0.616 23
0.876 45
0.401 41
0.382 50
0.526 43
0.378 53
0.533 23
0.462 24
0.75 50
0.44 54
0.216 50
0.618 55
0.444 23
0.624 22
0.869 24
0.476 23
0.646 49
0.408 43
0.594 23
0.708 47
0.468 24
0.54 24
0.645 23
0.6 46
0.596 37
0.409 40
0.574 50
0.737 23
0.583 23
0.449 23
0.566 50
0.62 51
0.564 15
0.459 44
0.457 47
0.528 44
0.493 53
0.428 46
0.428 53
0.572 44
0.356 50
0.937 23
0.54 43
0.659 48
0.534 45
0.482 23
0.561 23
0.382 53
0.529 47
0.38 46
0.394 42
0.327 47
0.915 28
0.319 45
0.68 49
0.372 49
0.569 54
0.054 52
0.459 49
0.308 22
0.304 50
0.764 23
0.432 53
0.521 23
0.496 48
0.48 23
0.48 52
0.448 24
0.563 23
0.51 23
0.358 55
0.446 52
0.479 23
0.477 23
0.874 46
0.214 23
0.302 24
0.447 40
0.372 22
0.5 22
0.566 44
0.434 42
0.688 44
0.928 33
0.362 50
0.448 53
0.499 38
0.679 49
0.639 44
0.418 47
0.436 49
0.593 46
0.785 46
0.333 43
0.593 48
0.206 22
0.663 23
0.428 41
0.48 45
0.627 45
0.673 30
0.24 22
0.78 44
0.716 23
0.583 43
0.58 22
0.326 23
0.525 47
0.336 22
0.602 56
0.516 45
0.561 52
0.432 49
0.493 23
0.49 29
0.328 24
0.467 22
0.586 23
0.31 22
0.351 22
0.387 23
0.521 46
0.264 39
0.421 23
0.241 24
0.79 43
0.165 47
0.666 45
0.798 22
0.446 22
0.559 52
0.757 43
0.651 44
0.554 44
0.398 39
0.37 44
0.489 49
0.518 43
0.282 52
0.341 51
0.473 48
0.671 49
0.623 54
0.558 31
0.301 22
0.355 48
0.158 37
0.845 46
0.546 50
0.385 22
0.45 23
0.568 52
0.41 22
0.854 42
0.437 23
0.38 50
0.333 48
0.213 45
0.316 53
0.187 22
0.396 48
0.365 21
0.377 22
0.351 21
0.847 23
0.497 43
0.416 23
0.569 49
0.82 23
0.796 47
0.23 48
0.79 41
0.518 21
0.704 24
0.646 21
0.592 40
0.689 23
0.565 0
0.434 39
0.356 23
0.434 50
0.413 46
0.158 53
0.369 52
0.369 51
0.379 36
0.615 47
0.815 44
0.647 46
0.149 46
0.465 46
0.69 45
0.475 51
0.437 36
0.537 44
0.683 40
0.215 50
0.462 46
0.474 39
0.777 46
0.414 23
0.321 49
0.266 40
0.381 22
0.522 22
0.58 23
0.562 44
0.264 46
0.382 48
0.314 23
0.26 44
0.41 23
0.392 30
0.607 47
0.519 21
0.478 23
0.944 44
0.399 50
0.499 22
0.697 22
0.61 46
0.477 23
0.453 22
0.75 47
0.59 46
0.539 48
0.223 46
0.264 22
0.406 21
0.684 39
0.68 46
0.51 51
0.791 27
0.272 40
0.421 43
0.757 44
0.757 37
0.385 50
0.553 28
0.21 53
0.421 44
0.516 50
0.562 47
0.377 28
0.318 37
0.271 47
0.537 43
0.673 42
0.473 49
0.442 43
0.59 48
0.368 45
0.158 49
0.525 22
0.686 22
0.352 21
0.236 49
0.757 46
0.333 22
0.643 53
0.725 47
0.302 40
0.269 49
0.461 21
0.307 21
0.507 22
0.869 44
0.232 46
0.721 22
0.299 22
0.347 53
0.272 22
0.429 21
0.601 22
0.488 44
0.561 21
0.707 22
0.212 21
0.725 22
0.441 45
0.9 88
0.864 85
0.859 81
0.863 83
0.91 84
0.9 3
0.9 5
0.9 0
0.9 2
0.9 0
0.934 3
0.9 3
0.9 2
0.868 8
0.913 4
0.913 2
0.823 6
0.903 0
0.936 0
0.903 0
0.797 3
0.963 3
0.89 1
0.682 3
0.903 0
0.936 0
0.682 1
0.986 1
0.765 2
0.805 1
0.903 2
0.964 1
0.991 4
0.696 0
0.913 0
0.982 1
0.696 0
0.89 0
0.982 0
0.978 0
0.818 2
0.89 2
0.696 0
0.964 2
0.979 1
0.682 0
0.986 2
0.682 0
0.982 0
0.978 0
0.878 73
0.825 76
0.836 81
0.911 73
0.671 81
0.913 80
0.972 75
0.93 58
0.638 72
0.939 1
0.771 0
0.926 1
0.954 1
0.964 6
0.982 1
0.63 0
0.943 0
0.983 1
0.909 1
0.982 0
0.973 3
0.943 2
0.926 1
0.63 0
0.943 0
0.964 0
0.964 0
0.982 0
0.991 1
0.916 0
0.976 2
0.964 0
0.909 0
0.562 0
0.878 0
0.889 0
0.946 0
0.964 0
0.916 0
0.909 0
0.562 0
0.909 0
0.964 0
0.985 0
0.985 2
0.946 0
0.954 0
0.909 0
0.767 1
0.889 0
0.362 80
0.934 83
0.671 69
0.641 81
0.772 68
0.828 81
0.839 64
0.932 58
0.887 85
0.951 73
0.969 78
0.978 77
0.861 3
0.545 0
0.979 4
0.58 0
0.943 2
0.848 0
0.848 1
0.943 0
0.801 0
0.801 0
0.751 2
0.979 0
0.943 0
0.886 0
0.979 0
0.861 0
0.943 0
0.943 0
0.948 1
0.948 0
0.964 0
0.97 1
0.857 0
0.801 1
0.886 0
0.948 0
0.983 1
0.664 2
0.434 0
0.948 1
0.948 0
0.948 0
0.664 2
0.434 0
0.964 0
0.664 0
0.664 0
0.664 0
0.943 82
0.533 76
0.637 55
0.843 78
0.808 70
0.767 82
0.873 81
0.524 79
0.9 80
0.957 77
0.702 76
0.9 75
0.98 67
0.96 82
0.954 80
0.677 72
0.952 79
0.739 79
0.849 71
0.939 75
0.941 5
0.732 1
0.865 0
0.732 1
0.948 2
0.923 0
0.704 0
0.732 0
0.955 1
0.827 0
0.72 1
0.843 0
0.904 0
0.924 0
0.943 1
0.978 0
0.933 0
0.948 0
0.948 0
0.943 0
0.827 1
0.943 0
0.819 0
0.808 1
0.978 0
0.943 0
0.975 0
0.978 0
0.809 0
0.848 1
0.868 69
0.961 42
0.703 66
0.727 42
0.875 66
0.788 65
0.952 79
0.596 74
0.89 80
0.965 67
0.393 52
0.658 46
0.59 56
0.605 74
0.59 78
0.885 54
0.581 53
0.345 82
0.891 64
0.797 73
0.967 72
0.908 70
0.938 82
0.685 42
0.886 72
0.982 80
0.916 76
0.833 80
0.671 0
0.671 1
0.981 4
0.906 1
0.879 0
0.948 2
0.991 0
0.948 0
0.991 0
0.906 1
0.981 0
0.991 0
0.954 1
0.72 1
0.975 0
0.978 1
0.978 0
0.95 0
0.948 0
0.978 0
0.948 0
0.824 0
0.838 66
0.489 74
0.584 74
0.981 76
0.904 61
0.712 63
0.951 66
0.97 68
0.949 72
0.852 74
0.427 76
0.922 77
0.97 75
0.931 65
0.764 80
0.897 75
0.939 75
0.796 75
0.852 64
0.949 70
0.888 74
0.913 78
0.908 75
0.427 1
0.815 1
0.929 1
0.966 1
0.794 0
0.986 0
0.897 0
0.745 0
0.936 0
0.964 0
0.899 0
0.871 1
0.487 0
0.89 0
0.918 0
0.95 0
0.986 0
0.706 0
0.889 0
0.937 0
0.905 0
0.891 0
0.937 1
0.647 0
0.884 0
0.925 0
0.913 0
0.811 73
0.695 73
0.897 42
0.925 36
0.795 80
0.717 79
0.688 61
0.924 69
0.736 73
0.658 60
0.981 77
0.865 80
0.88 59
0.881 69
0.978 66
0.84 63
0.742 74
0.981 67
0.858 73
0.907 63
0.88 60
0.922 73
0.881 84
0.982 36
0.946 74
0.887 67
0.941 69
0.828 37
0.964 74
0.853 74
0.974 77
0.929 0
0.987 0
0.929 0
0.929 2
0.914 0
0.242 1
0.242 0
0.649 0
0.929 0
0.979 0
0.929 0
0.853 0
0.979 0
0.961 0
0.911 0
0.979 0
0.87 0
0.874 0
0.87 0
0.94 72
0.91 70
0.938 69
0.826 69
0.69 70
0.919 69
0.871 62
0.945 68
0.918 68
0.922 75
0.802 41
0.417 70
0.522 62
0.828 77
0.929 72
0.804 64
0.669 63
0.28 41
0.847 70
0.953 67
0.939 69
0.704 74
0.805 73
0.656 69
0.866 72
0.342 67
0.805 77
0.917 81
0.933 76
0.891 74
0.956 66
0.788 49
0.983 47
0.843 0
0.573 0
0.977 0
0.573 1
0.573 1
0.937 0
0.573 0
0.573 0
0.937 1
0.983 1
0.645 0
0.831 0
0.977 0
0.961 0
0.961 0
0.985 0
0.985 0
0.661 69
0.938 58
0.89 66
0.968 62
0.474 42
0.995 62
0.939 37
0.853 77
0.51 35
0.792 75
0.642 70
0.648 70
0.913 78
0.808 55
0.636 63
0.802 75
0.917 74
0.863 61
0.895 77
0.876 68
0.873 66
0.884 77
0.845 72
0.986 60
0.803 64
0.574 64
0.612 61
0.908 72
0.88 71
0.636 55
0.959 79
0.957 0
0.982 68
0.73 57
0.789 51
0.995 0
0.835 78
0.902 0
0.902 46
0.956 0
0.894 50
0.932 0
0.962 0
0.88 0
0.942 0
0.984 0
0.942 0
0.814 1
0.984 0
0.771 46
0.55 55
0.634 75
0.951 71
0.61 70
0.659 76
0.932 75
0.83 72
0.74 56
0.934 48
0.783 67
0.727 69
0.48 62
0.95 70
0.846 71
0.883 68
0.778 70
0.722 65
0.937 67
0.991 32
0.982 61
0.939 71
0.531 69
0.679 33
0.995 63
0.912 68
0.906 70
0.83 74
0.894 68
0.781 76
0.747 66
0.898 73
0.961 72
0.943 81
0.985 69
0.882 68
0.581 56
0.795 0
0.881 0
0.808 0
0.967 45
0.808 0
0.982 0
0.47 0
0.883 0
0.831 0
0.687 0
0.81 1
0.935 0
0.905 0
0.687 0
0.793 63
0.861 54
0.561 71
0.568 78
0.714 57
0.978 64
0.809 62
0.651 55
0.899 73
0.637 57
0.427 32
0.919 75
0.939 72
0.996 73
0.844 65
0.884 65
0.726 67
0.79 69
0.763 76
0.965 76
0.679 67
0.932 66
0.534 71
0.996 64
0.953 66
0.864 73
0.714 70
0.878 58
0.71 73
0.858 73
0.929 68
0.777 66
0.813 66
0.637 71
0.958 70
0.913 66
0.614 55
0.943 72
0.935 45
0.833 66
0.61 2
0.884 45
0.879 7
0.568 5
0.676 43
0.74 7
0.787 3
0.707 0
0.846 0
0.89 44
0.98 39
0.859 75
0.766 56
0.905 47
0.813 64
0.927 55
0.584 55
0.982 65
0.92 69
0.964 69
0.953 41
0.876 69
0.568 47
0.959 70
0.487 70
0.913 63
0.955 67
0.911 73
0.898 76
0.134 67
0.806 57
0.787 70
0.889 73
0.69 65
0.83 71
0.995 65
0.873 60
0.951 60
0.815 66
0.715 61
0.909 70
0.969 59
0.809 66
0.869 64
0.866 63
0.791 75
0.924 75
0.601 62
0.71 66
0.812 62
0.823 69
0.946 67
0.798 62
0.616 60
0.99 43
0.946 0
0.823 42
0.716 44
0.742 44
0.946 0
0.891 30
0.797 65
0.822 32
0.656 56
0.969 72
0.626 54
0.971 54
0.984 56
0.964 65
0.964 76
0.796 31
0.759 69
0.966 69
0.682 72
0.858 71
0.97 75
0.987 68
0.584 72
0.824 66
0.552 30
0.978 69
0.861 57
0.968 42
0.927 65
0.85 62
0.985 72
0.901 73
0.868 67
0.539 61
0.956 55
0.908 74
0.882 50
0.833 73
0.988 68
0.993 71
0.442 68
0.951 67
0.759 67
0.924 63
0.941 62
0.935 65
0.919 77
0.916 67
0.927 76
0.777 72
0.909 67
0.706 76
0.979 42
0.614 45
0.772 41
0.939 51
0.702 46
0.585 59
0.958 59
0.907 62
0.996 69
0.809 71
0.934 65
0.885 68
0.935 62
0.94 76
0.911 71
0.92 68
0.869 60
0.938 66
0.343 47
0.948 71
0.718 61
0.791 64
0.905 71
0.724 66
0.729 61
0.958 66
0.517 69
0.667 65
0.985 68
0.914 64
0.973 65
0.991 71
0.767 58
0.903 56
0.544 54
0.89 69
0.904 58
0.618 68
0.965 42
0.959 67
0.857 41
0.947 69
0.839 43
0.789 42
0.778 41
0.852 41
0.968 0
0.957 42
0.831 41
0.763 44
0.722 42
0.816 43
0.641 43
0.966 60
0.559 49
0.925 57
0.928 65
0.886 48
0.829 63
0.85 54
0.692 60
0.753 71
0.745 52
0.958 59
0.597 30
0.567 55
0.815 70
0.86 71
0.922 55
0.934 70
0.831 57
0.673 68
0.918 23
0.722 29
0.762 67
0.962 56
0.832 64
0.939 75
0.958 56
0.956 68
0.796 70
0.982 60
0.849 66
0.98 58
0.947 61
0.553 55
0.958 70
0.943 70
0.886 65
0.871 72
0.95 75
0.848 40
0.898 42
0.981 40
0.843 0
0.942 43
0.893 43
0.93 1
0.922 43
0.919 41
0.942 0
0.951 40
0.939 0
0.939 60
0.749 68
0.748 34
0.613 60
0.6 57
0.826 66
0.53 64
0.647 28
0.639 69
0.797 66
0.776 28
0.768 70
0.921 68
0.766 54
0.682 68
0.741 68
0.989 52
0.959 57
0.959 58
0.677 63
0.927 76
0.865 70
0.973 70
0.869 57
0.91 68
0.888 65
0.868 72
0.947 71
0.658 70
0.875 52
0.959 64
0.936 73
0.581 40
0.834 73
0.9 67
0.611 60
0.98 62
0.849 69
0.957 71
0.968 40
0.797 65
0.768 40
0.982 0
0.869 40
0.773 43
0.571 42
0.85 0
0.839 40
0.964 0
0.917 40
0.928 54
0.613 73
0.496 69
0.977 50
0.66 45
0.972 51
0.936 65
0.628 54
0.579 41
0.843 50
0.993 61
0.992 55
0.533 56
0.962 52
0.957 65
0.855 72
0.911 68
0.494 55
0.939 74
0.54 68
0.823 75
0.899 64
0.694 32
0.689 65
0.748 66
0.635 64
0.911 64
0.476 76
0.903 66
0.988 48
0.921 61
0.925 61
0.534 61
0.609 65
0.88 65
0.978 74
0.677 75
0.97 66
0.85 63
0.919 0
0.872 42
0.986 70
0.69 39
0.802 0
0.845 41
0.79 40
0.989 39
0.852 39
0.948 39
0.819 42
0.497 55
0.923 28
0.925 26
0.946 64
0.925 47
0.929 69
0.977 52
0.97 53
0.774 65
0.938 66
0.385 52
0.997 66
0.924 67
0.946 67
0.921 67
0.842 54
0.494 55
0.913 68
0.84 56
0.729 62
0.994 49
0.803 71
0.995 60
0.851 71
0.991 64
0.847 40
0.915 59
0.986 55
0.961 62
0.525 40
0.849 40
0.987 63
0.921 63
0.977 39
0.86 39
0.839 42
0.924 39
0.941 39
0.915 0
0.89 0
0.949 0
0.708 39
0.958 39
0.908 43
0.947 0
0.899 0
0.915 0
0.965 38
0.912 0
0.916 0
0.705 65
0.903 63
0.295 52
0.213 46
0.877 64
0.989 66
0.768 70
0.922 26
0.963 76
0.915 61
0.684 65
0.896 69
0.966 68
0.702 38
0.854 41
0.896 72
0.929 69
0.858 63
0.872 47
0.813 57
0.568 59
0.97 68
0.844 54
0.474 66
0.912 72
0.991 63
0.886 65
0.854 63
0.604 53
0.901 74
0.927 66
0.86 72
0.72 54
0.992 68
0.877 64
0.975 64
0.721 66
0.983 55
0.952 54
0.998 60
0.835 67
0.878 65
0.997 68
0.828 72
0.768 70
0.988 54
0.908 39
0.505 39
0.803 38
0.908 38
0.843 66
0.901 50
0.528 48
0.916 61
0.952 44
0.979 64
0.92 52
0.887 55
0.946 39
0.96 67
0.769 73
0.864 73
0.787 67
0.719 55
0.802 62
0.898 63
0.627 52
0.945 61
0.618 48
0.668 59
0.695 59
0.934 9
0.859 65
0.991 68
0.99 65
0.816 57
0.966 61
0.857 61
0.99 53
0.502 50
0.868 39
0.42 38
0.979 37
0.861 38
0.959 62
0.826 38
0.761 39
0.935 68
0.632 38
0.96 0
0.983 0
0.915 39
0.725 38
0.595 38
0.983 0
0.955 38
0.919 0
0.938 0
0.805 40
0.669 38
0.878 73
0.859 81
0.825 76
0.94 72
0.661 69
0.875 66
0.861 54
0.995 62
0.919 69
0.929 72
0.945 68
0.797 65
0.931 65
0.88 59
0.937 67
0.959 70
0.897 75
0.939 75
0.934 65
0.885 68
0.939 72
0.985 68
0.996 64
0.916 67
0.986 60
0.888 74
0.982 61
0.883 68
0.958 66
0.898 73
0.759 67
0.957 0
0.956 66
0.958 70
0.941 5
0.923 0
0.987 0
0.966 1
0.955 1
0.914 0
0.943 1
0.943 0
0.939 0
0.933 0
0.986 0
0.943 0
0.986 0
0.937 1
0.943 0
0.937 0
0.903 63
0.993 61
0.984 56
0.946 64
0.916 61
0.887 55
0.959 65
0.964 65
0.992 55
0.929 69
0.956 68
0.858 61
0.99 65
0.911 71
0.938 66
0.975 68
0.729 62
0.768 61
0.826 57
0.914 62
0.956 62
0.924 67
0.964 65
0.817 64
0.959 57
0.855 72
0.937 62
0.844 66
0.945 61
0.953 60
0.695 59
0.854 63
0.705 66
0.831 71
0.869 57
0.918 67
0.988 54
0.983 55
0.952 54
0.986 70
0.94 60
0.986 55
0.797 65
0.982 60
0.98 58
0.98 62
0.938 62
0.919 0
0.843 0
0.96 0
0.877 57
0.97 26
0.813 59
0.903 54
0.936 57
0.749 62
0.861 61
0.872 59
0.872 52
0.971 52
0.832 47
0.937 66
0.705 57
0.536 69
0.97 61
0.903 58
0.963 66
0.829 62
0.976 60
0.979 59
0.917 69
0.935 50
0.869 65
0.937 62
0.556 57
0.976 62
0.574 58
0.968 50
0.827 38
0.968 62
0.99 53
0.989 52
0.96 60
0.958 57
0.978 51
0.863 65
0.988 51
0.98 63
0.991 52
0.927 36
0.928 61
0.97 62
0.958 63
0.937 65
0.919 0
0.978 37
0.983 0
0.983 0
0.94 34
0.946 0
0.827 58
0.707 53
0.849 47
0.824 56
0.87 60
0.945 62
0.904 62
0.949 60
0.933 42
0.844 62
0.97 57
0.793 61
0.819 63
0.721 62
0.955 60
0.679 58
0.938 58
0.767 54
0.977 53
0.761 58
0.596 52
0.859 60
0.679 58
0.971 54
0.943 65
0.965 69
0.986 51
0.841 61
0.991 51
0.874 22
0.949 47
0.932 58
0.563 43
0.786 60
0.855 60
0.969 54
0.772 60
0.995 64
0.925 64
0.972 59
0.929 65
0.982 55
0.959 32
0.969 61
0.954 34
0.986 55
0.942 0
0.944 0
0.909 0
0.909 0
0.975 22
0.914 60
0.913 54
0.681 44
0.955 51
0.939 48
0.926 58
0.987 48
0.992 62
0.97 51
0.925 49
0.859 54
0.978 66
0.952 57
0.953 57
0.902 52
0.971 55
0.944 61
0.957 61
0.956 57
0.878 20
0.887 50
0.731 55
0.946 63
0.926 51
0.991 60
0.971 58
0.926 59
0.917 59
0.872 62
0.863 56
0.922 57
0.993 60
0.9 31
0.773 57
0.953 64
0.892 63
0.995 50
0.855 51
0.993 58
0.871 59
0.982 31
0.969 60
0.789 53
0.663 6
0.994 60
0.94 60
0.491 61
0.933 4
0.963 33
0.894 56
0.961 40
0.952 54
0.991 54
0.934 49
0.841 55
0.969 48
0.741 40
0.898 49
0.965 58
0.568 62
0.951 57
0.91 44
0.966 57
0.934 65
0.978 59
0.963 56
0.944 56
0.939 53
0.964 56
0.813 47
0.981 68
0.921 57
0.941 58
0.958 62
0.966 57
0.966 56
0.995 51
0.874 58
0.948 19
0.969 62
0.814 64
0.898 60
0.985 52
0.836 31
0.875 49
0.957 29
0.89 62
0.974 32
0.931 56
0.989 30
0.863 67
0.938 47
0.871 32
0.933 30
0.958 31
0.986 0
0.986 0
0.97 0
0.982 0
0.948 65
0.94 59
0.911 37
0.924 17
0.914 55
0.965 58
0.916 63
0.84 55
0.746 58
0.639 39
0.839 53
0.935 59
0.975 58
0.845 60
0.881 70
0.976 48
0.969 56
0.943 39
0.974 43
0.92 55
0.869 61
0.94 59
0.958 58
0.924 56
0.957 55
0.893 55
0.863 60
0.991 28
0.983 31
0.973 55
0.948 54
0.92 55
0.981 54
0.789 57
0.957 56
0.972 65
0.995 54
0.95 29
0.964 61
0.983 67
0.985 29
0.955 57
0.835 56
0.99 29
0.979 51
0.984 29
0.956 30
0.987 58
0.95 30
0.959 57
0.931 55
0.9 48
0.861 50
0.954 57
0.832 52
0.943 58
0.932 49
0.961 51
0.949 54
0.899 16
0.861 56
0.962 52
0.914 56
0.884 54
0.773 54
0.955 61
0.898 60
0.937 28
0.823 59
0.87 52
0.932 60
0.838 56
0.959 56
0.968 62
0.967 59
0.944 56
0.886 62
0.968 61
0.94 28
0.978 56
0.995 51
0.866 28
0.852 56
0.994 28
0.962 49
0.87 60
0.995 57
0.949 29
0.988 28
0.989 29
0.959 28
0.947 29
0.964 29
0.973 28
0.991 28
0.978 29
0.996 31
0.933 30
0.941 30
0.898 30
0.813 50
0.95 54
0.53 56
0.99 55
0.952 58
0.974 51
0.962 60
0.961 61
0.933 53
0.849 55
0.952 61
0.851 38
0.777 16
0.997 44
0.962 27
0.937 50
0.976 54
0.855 52
0.943 61
0.963 27
0.87 65
0.978 58
0.918 56
0.958 57
0.862 64
0.987 62
0.856 0
0.85 0
0.974 48
0.959 0
0.92 0
0.983 28
0.849 0
0.823 0
0.881 28
0.85 59
0.9 0
0.906 0
0.878 0
0.978 27
0.917 29
0.937 0
0.938 0
0.935 60
0.977 30
0.966 30
0.987 30
0.923 28
0.964 29
0.98 0
0.9 49
0.973 16
0.904 61
0.662 56
0.927 57
0.863 63
0.882 38
0.81 55
0.817 53
0.898 55
0.898 50
0.501 56
0.837 56
0.95 57
0.984 57
0.971 42
0.964 52
0.938 16
0.944 55
0.748 58
0.943 59
0.971 27
0.98 51
0.899 52
0.966 49
0.962 57
0.871 57
0.948 27
0.955 58
0.972 61
0.959 28
0.994 50
0.895 53
0.951 61
0.818 28
0.994 47
0.972 57
0.385 27
0.857 26
0.851 54
0.861 27
0.986 27
0.969 27
0.983 26
0.983 27
0.996 27
0.916 28
0.916 28
0.996 28
0.985 0
0.894 54
0.92 43
0.974 52
0.891 52
0.925 52
0.716 48
0.848 42
0.728 52
0.918 55
0.479 51
0.968 55
0.991 49
0.993 52
0.961 57
0.948 53
0.946 59
0.835 26
0.86 55
0.941 58
0.989 55
0.843 27
0.937 26
0.669 53
0.989 53
0.877 52
0.86 58
0.952 55
0.934 57
0.984 26
0.88 56
0.83 28
0.944 58
0.987 59
0.896 63
0.928 26
0.99 56
0.949 51
0.98 62
0.977 53
0.986 26
0.977 27
0.922 26
0.986 27
0.857 27
0.938 27
0.94 27
0.991 27
0.958 28
0.729 0
0.869 29
0.97 49
0.962 52
0.961 57
0.938 40
0.451 45
0.96 56
0.985 53
0.92 55
0.778 56
0.98 53
0.838 46
0.936 56
0.994 51
0.982 40
0.904 58
0.89 60
0.988 58
0.965 55
0.99 58
0.977 52
0.941 28
0.958 58
0.994 53
0.977 45
0.919 63
0.887 26
0.968 45
0.873 60
0.909 27
0.964 54
0.728 26
0.988 26
0.988 26
0.927 59
0.987 59
0.961 26
0.752 26
0.996 26
0.73 29
0.919 27
0.967 28
0.93 28
0.957 50
0.955 27
0.957 27
0.85 26
0.963 27
0.998 27
0.965 26
0.976 26
0.958 49
0.92 50
0.905 15
0.846 51
0.968 50
0.821 37
0.863 37
0.931 46
0.969 52
0.913 53
0.908 55
0.959 56
0.908 53
0.995 44
0.977 56
0.615 55
0.928 36
0.945 57
0.963 53
0.933 58
0.954 59
0.958 57
0.824 57
0.949 45
0.933 65
0.975 53
0.964 51
0.979 56
0.92 27
0.981 15
0.472 50
0.932 62
0.944 64
0.856 25
0.98 25
0.98 26
0.975 25
0.997 25
0.916 60
0.941 28
0.993 26
0.988 28
0.951 26
0.896 26
0.963 26
0.981 28
0.884 26
0.972 27
0.981 26
0.972 26
0.972 52
0.666 40
0.898 56
0.919 44
0.479 52
0.983 49
0.932 50
0.939 48
0.942 51
0.955 59
0.992 62
0.626 53
0.968 50
0.987 54
0.513 54
0.92 52
0.905 28
0.968 26
0.937 50
0.961 53
0.984 50
0.922 14
0.943 60
0.992 54
0.937 58
0.953 26
0.88 27
0.861 26
0.997 25
0.932 25
0.882 63
0.933 25
0.968 25
0.973 25
0.929 26
0.988 57
0.979 27
0.981 27
0.946 26
0.947 25
0.898 27
0.842 28
0.994 26
0.973 26
0.989 26
0.935 25
0.861 25
0.972 26
0.993 28
0.964 26
0.888 19
0.974 50
0.92 52
0.537 47
0.937 49
0.911 32
0.974 35
0.858 52
0.771 46
0.764 52
0.848 50
0.977 51
0.991 50
0.583 48
0.97 49
0.937 46
0.971 39
0.993 51
0.981 55
0.966 27
0.993 26
0.946 26
0.906 53
0.87 25
0.412 25
0.991 47
0.904 27
0.962 25
0.998 24
0.959 51
0.96 58
0.976 25
0.994 25
0.958 26
0.974 26
0.781 63
0.891 63
0.485 27
0.929 57
0.948 26
0.941 26
0.967 25
0.933 26
0.959 25
0.934 25
0.937 26
0.977 27
0.501 26
0.993 26
0.989 26
0.816 45
0.545 45
0.973 13
0.917 50
0.962 53
0.971 55
0.72 52
0.997 43
0.941 49
0.941 52
0.933 54
0.994 43
0.947 14
0.701 14
0.94 52
0.945 26
0.981 24
0.903 49
0.881 64
0.965 37
0.954 58
0.959 47
0.876 25
0.936 55
0.995 26
0.95 24
0.961 56
0.902 25
0.978 24
0.962 25
0.943 53
0.914 26
0.59 25
0.92 25
0.981 25
0.949 53
0.95 26
0.969 24
0.962 26
0.94 25
0.925 26
0.961 24
0.994 24
0.914 26
0.612 25
0.986 27
0.989 26
0.975 25
0.896 25
0.955 27
0.905 45
0.966 13
0.873 55
0.955 57
0.959 48
0.923 48
0.941 48
0.955 55
0.95 51
0.925 46
0.979 25
0.977 43
0.92 52
0.939 33
0.92 13
0.897 52
0.75 52
0.907 51
0.934 24
0.96 41
0.939 50
0.984 54
0.977 13
0.898 55
0.981 52
0.983 40
0.988 44
0.946 26
0.903 24
0.708 25
0.929 26
0.837 50
0.988 25
0.972 24
0.874 50
0.872 25
0.931 24
0.989 24
0.964 24
0.98 24
0.978 24
0.944 62
0.991 24
0.99 24
0.98 24
0.943 24
0.95 25
0.98 24
0.863 25
0.987 27
0.903 52
0.799 51
0.905 13
0.537 48
0.905 51
0.994 47
0.934 44
0.978 51
0.932 24
0.969 54
0.981 61
0.89 55
0.484 45
0.968 49
0.942 56
0.975 58
0.987 13
0.986 53
0.989 24
0.559 46
0.949 24
0.961 24
0.978 56
0.879 26
0.97 54
0.909 47
0.941 25
0.973 24
0.976 49
0.877 48
0.957 24
0.729 24
0.935 35
0.956 50
0.907 24
0.95 56
0.996 23
0.968 26
0.989 23
0.97 23
0.983 23
0.995 23
0.93 56
0.876 24
0.933 25
0.916 24
0.984 25
0.982 24
0.763 26
0.955 25
0.907 48
0.876 56
0.967 34
0.917 12
0.938 42
0.99 13
0.851 54
0.925 47
0.955 47
0.977 47
0.949 55
0.979 44
0.882 26
0.938 51
0.95 25
0.875 51
0.868 55
0.967 23
0.966 23
0.898 47
0.942 47
0.652 54
0.924 55
0.992 55
0.816 61
0.996 24
0.695 23
0.808 63
0.943 26
0.959 60
0.873 24
0.933 48
0.962 24
0.991 51
0.961 48
0.949 24
0.986 24
0.655 24
0.994 25
0.919 24
0.96 24
0.977 53
0.924 26
0.935 50
0.759 62
0.875 26
0.852 24
0.962 26
0.576 25
0.995 24
0.924 61
0.853 50
0.971 47
0.93 50
0.973 30
0.953 37
0.951 48
0.979 46
0.967 59
0.954 45
0.959 54
0.592 45
0.923 52
0.912 25
0.97 54
0.943 55
0.972 49
0.971 50
0.99 23
0.961 55
0.996 52
0.712 51
0.93 52
0.777 24
0.901 23
0.925 49
0.916 62
0.978 23
0.954 25
0.974 23
0.981 24
0.992 49
0.853 26
0.978 46
0.973 23
0.936 23
0.959 24
0.971 24
0.997 23
0.871 25
0.98 24
0.94 24
0.965 25
0.967 24
0.995 23
0.981 24
0.53 24
0.907 24
0.934 24
0.953 24
0.401 59
0.528 62
0.307 57
0.707 28
0.644 45
0.526 59
0.757 53
0.619 51
0.892 57
0.456 53
0.834 55
0.517 53
0.46 62
0.656 59
0.888 67
0.597 61
0.764 56
0.534 52
0.548 55
0.569 55
0.459 53
0.616 64
0.979 50
0.472 56
0.627 60
0.652 59
0.35 59
0.822 53
0.578 55
0.425 55
0.483 57
0.792 54
0.684 1
0.477 60
0.817 1
0.497 54
0.661 2
0.906 1
0.718 1
0.729 2
0.533 1
0.824 0
0.672 0
0.633 0
0.794 0
0.689 1
0.831 0
0.609 2
0.491 0
0.692 0
0.713 60
0.43 50
0.718 22
0.728 54
0.819 21
0.727 51
0.386 50
0.524 53
0.678 56
0.601 59
0.652 46
0.573 21
0.448 49
0.912 38
0.81 29
0.505 52
0.908 52
0.954 56
0.827 22
0.749 49
0.758 42
0.619 22
0.503 52
0.484 56
0.727 54
0.608 52
0.57 42
0.845 51
0.486 50
0.968 54
0.365 57
0.492 48
0.739 51
0.662 52
0.691 50
0.636 56
0.841 53
0.606 0
0.54 52
0.807 55
0.841 32
0.401 50
0.329 68
0.686 0
0.853 51
0.651 46
0.907 60
0.654 50
0.96 0
0.915 60
0.564 52
0.842 44
0.207 53
0.863 50
0.647 18
0.534 52
0.496 50
0.406 55
0.392 55
0.886 51
0.905 39
0.505 50
0.657 19
0.898 48
0.871 45
0.657 56
0.78 44
0.579 49
0.429 48
0.935 49
0.791 49
0.857 55
0.465 53
0.72 46
0.532 9
0.662 51
0.638 46
0.641 49
0.678 39
0.66 45
0.777 49
0.571 13
0.734 48
0.84 54
0.689 49
0.481 50
0.476 52
0.638 51
0.817 37
0.674 49
0.721 53
0.876 47
0.893 56
0.682 0
0.682 0
0.626 0
0.931 0
0.767 0
0.478 0
0.581 0
0.474 52
0.676 17
0.864 42
0.734 47
0.688 47
0.485 55
0.69 52
0.598 47
0.825 48
0.417 52
0.558 47
0.753 38
0.535 43
0.894 41
0.346 55
0.859 48
0.584 63
0.381 56
0.774 18
0.859 44
0.58 47
0.508 50
0.702 48
0.569 54
0.551 48
0.646 48
0.817 47
0.719 55
0.74 59
0.78 48
0.743 53
0.853 49
0.506 59
0.564 48
0.667 46
0.662 48
0.801 55
0.661 48
0.948 50
0.841 0
0.866 0
0.816 0
0.455 0
0.841 0
0.952 0
0.92 0
0.875 0
0.853 0
0.942 0
0.976 0
0.701 37
0.634 51
0.922 57
0.808 52
0.394 46
0.321 45
0.584 44
0.455 50
0.979 42
0.598 48
0.859 46
0.375 53
0.855 50
0.339 60
0.76 39
0.714 51
0.773 41
0.464 44
0.509 48
0.689 0
0.716 38
0.347 51
0.596 46
0.681 38
0.672 51
0.826 43
0.425 45
0.756 50
0.462 45
0.23 49
0.615 46
0.845 43
0.509 47
0.552 55
0.477 50
0.52 45
0.556 48
0.737 46
0.618 47
0.648 48
0.916 46
0.625 50
0.412 27
0.577 47
0.922 0
0.938 28
0.888 0
0.775 0
0.954 0
0.943 0
0.803 49
0.533 49
0.681 35
0.545 38
0.82 42
0.787 50
0.722 38
0.553 14
0.403 40
0.406 50
0.718 45
0.492 44
0.63 50
0.705 49
0.622 42
0.528 48
0.734 44
0.822 48
0.927 48
0.697 49
0.516 40
0.719 48
0.857 49
0.604 49
0.916 46
0.945 45
0.66 47
0.91 40
0.971 38
0.852 45
0.918 49
0.732 45
0.429 39
0.503 44
0.678 50
0.745 46
0.704 43
0.563 45
0.744 47
0.746 43
0.48 45
0.62 45
0.471 44
0.727 26
0.612 45
0.496 47
0.621 47
0.877 1
0.916 25
0.82 24
0.834 39
0.741 35
0.59 46
0.619 35
0.858 55
0.497 40
0.627 39
0.58 46
0.935 46
0.939 46
0.765 36
0.486 49
0.403 46
0.645 41
0.902 28
0.834 45
0.457 42
0.716 42
0.573 40
0.971 44
0.806 14
0.369 44
0.536 44
0.621 38
0.735 53
0.892 59
0.699 46
0.738 47
0.806 53
0.593 42
0.609 50
0.374 44
0.707 41
0.515 44
0.535 51
0.678 44
0.644 42
0.742 44
0.509 43
0.718 24
0.66 44
0.42 45
0.504 55
0.714 39
0.387 59
0.512 44
0.418 24
0.631 25
0.927 0
0.64 53
0.746 49
0.472 42
0.858 55
0.568 47
0.725 42
0.823 46
0.414 41
0.483 35
0.79 43
0.403 12
0.879 40
0.54 47
0.749 44
0.555 48
0.794 45
0.907 44
0.476 42
0.59 35
0.858 32
0.631 46
0.874 54
0.744 48
0.913 51
0.599 43
0.478 49
0.867 33
0.942 35
0.732 40
0.589 23
0.562 43
0.551 44
0.56 41
0.378 45
0.347 46
0.471 51
0.678 43
0.679 43
0.526 39
0.811 24
0.499 34
0.734 42
0.543 45
0.469 50
0.496 41
0.785 0
0.59 52
0.721 23
0.481 23
0.514 23
0.817 23
0.532 50
0.774 11
0.97 43
0.593 44
0.748 11
0.711 48
0.849 43
0.646 43
0.64 35
0.576 36
0.637 44
0.53 43
0.48 46
0.797 11
0.275 43
0.564 51
0.804 45
0.902 38
0.556 47
0.572 42
0.972 39
0.87 52
0.611 41
0.698 47
0.508 43
0.885 41
0.82 43
0.816 0
0.76 31
0.933 51
0.705 43
0.46 49
0.523 38
0.508 43
0.577 22
0.985 44
0.603 43
0.698 45
0.882 22
0.785 22
0.791 22
0.56 22
0.667 22
0.938 0
0.571 23
0.518 22
0.82 0
0.642 23
0.795 0
0.734 0
0.852 34
0.556 38
0.176 42
0.707 11
0.904 43
0.519 39
0.791 36
0.668 47
0.42 35
0.814 44
0.706 45
0.906 41
0.492 40
0.526 31
0.548 46
0.384 11
0.752 34
0.649 47
0.77 41
0.928 32
0.804 43
0.538 22
0.823 41
0.942 41
0.766 51
0.84 10
0.925 44
0.959 21
0.603 21
0.724 40
0.674 40
0.869 21
0.66 10
0.75 42
0.423 51
0.912 44
0.804 21
0.724 22
0.72 41
0.938 21
0.859 21
0.951 20
0.54 21
0.898 20
0.568 22
0.837 21
0.672 0
0.44 22
0.656 21
0.98 21
0.452 38
0.779 11
0.924 38
0.348 34
0.715 41
0.986 45
0.912 38
0.742 44
0.936 41
0.578 40
0.891 31
0.642 40
0.483 10
0.693 46
0.571 52
0.497 38
0.964 39
0.469 44
0.602 44
0.566 41
0.49 42
0.443 44
0.643 42
0.794 42
0.685 47
0.581 20
0.657 36
0.748 37
0.622 49
0.927 38
0.855 40
0.76 46
0.689 34
0.83 21
0.291 21
0.981 0
0.743 20
0.39 21
0.334 20
0.335 20
0.995 21
0.958 22
0.692 20
0.589 19
0.338 21
0.914 20
0.486 21
0.899 20
0.695 21
0.803 51
0.549 36
0.663 30
0.944 47
0.608 45
0.509 51
0.504 44
0.575 39
0.481 48
0.752 37
0.674 33
0.907 37
0.672 44
0.543 40
0.863 33
0.324 41
0.552 44
0.963 35
0.851 40
0.765 43
0.329 44
0.53 46
0.916 49
0.743 34
0.642 35
0.552 35
0.62 43
0.948 42
0.788 39
0.533 33
0.292 41
0.505 43
0.966 52
0.773 33
0.452 20
0.718 20
0.568 21
0.687 20
0.762 19
0.829 19
0.557 20
0.829 19
0.338 20
0.525 20
0.883 19
0.737 20
0.671 20
0.855 20
0.758 20
0.547 20
0.684 20
0.871 25
0.96 27
0.732 41
0.326 44
0.682 36
0.832 41
0.634 43
0.527 43
0.529 36
0.708 36
0.334 41
0.601 53
0.92 42
0.831 45
0.637 43
0.454 34
0.966 8
0.736 35
0.517 51
0.34 45
0.639 41
0.543 42
0.671 45
0.865 33
0.536 19
0.516 46
0.733 38
0.913 48
0.879 40
0.577 40
0.354 44
0.68 9
0.404 45
0.467 19
0.528 20
0.748 39
0.937 44
0.612 44
0.881 48
0.563 20
0.698 19
0.507 20
0.528 19
0.497 20
0.931 19
0.859 19
0.397 19
0.85 25
0.735 50
0.431 19
0.678 32
0.965 39
0.879 30
0.671 46
0.955 27
0.827 10
0.679 40
0.666 38
0.428 45
0.586 27
0.683 39
0.629 43
0.663 31
0.598 33
0.486 10
0.829 19
0.741 33
0.758 44
0.731 45
0.676 44
0.796 36
0.92 43
0.385 40
0.543 40
0.874 44
0.855 41
0.722 43
0.863 19
0.347 47
0.346 43
0.68 20
0.533 40
0.726 19
0.799 20
0.518 19
0.897 18
0.879 19
0.764 26
0.771 38
0.442 19
0.77 24
0.591 21
0.884 18
0.72 18
0.865 18
0.874 19
0.668 18
0.472 19
0.861 18
0.747 0
0.682 49
0.815 34
0.461 8
0.409 39
0.904 27
0.334 44
0.453 35
0.582 52
0.487 8
0.635 44
0.598 38
0.684 49
0.586 50
0.752 30
0.926 26
0.861 37
0.87 28
0.732 37
0.632 41
0.332 41
0.46 18
0.612 39
0.911 38
0.754 35
0.413 43
0.465 19
0.628 46
0.658 20
0.418 43
0.684 48
0.648 18
0.67 38
0.564 19
0.742 18
0.85 45
0.753 19
0.633 37
0.448 19
0.347 19
0.621 19
0.643 19
0.96 0
0.749 19
0.464 19
0.265 18
0.506 18
0.934 0
0.873 0
0.367 18
0.486 19
0.351 39
0.854 51
0.668 44
0.626 32
0.641 37
0.99 40
0.883 30
0.653 39
0.543 50
0.824 42
0.646 40
0.81 39
0.421 38
0.771 53
0.318 18
0.964 38
0.726 9
0.714 33
0.725 33
0.759 19
0.923 49
0.624 35
0.412 38
0.8 19
0.535 17
0.606 19
0.827 19
0.924 18
0.56 26
0.638 18
0.31 18
0.589 18
0.926 45
0.576 19
0.694 17
0.861 18
0.897 18
0.592 17
0.773 19
0.931 18
0.956 19
0.669 0
0.882 18
0.906 49
0.897 18
0.744 18
0.874 18
0.919 18
0.919 18
0.814 18
0.788 37
0.661 42
0.362 40
0.402 37
0.529 28
0.612 40
0.718 35
0.874 44
0.519 38
0.75 34
0.465 36
0.662 45
0.431 51
0.842 42
0.607 47
0.646 39
0.651 18
0.376 56
0.865 40
0.525 34
0.723 34
0.767 38
0.857 18
0.578 37
0.761 17
0.842 17
0.854 40
0.741 37
0.783 41
0.488 17
0.924 47
0.566 17
0.738 18
0.534 37
0.515 18
0.336 18
0.403 18
0.7 0
0.803 17
0.825 18
0.728 17
0.419 18
0.415 18
0.247 17
0.882 17
0.669 18
0.931 17
0.679 18
0.744 17
0.713 17
0.899 39
0.678 38
0.51 46
0.673 35
0.661 44
0.927 44
0.935 38
0.863 38
0.639 35
0.632 34
0.774 37
0.856 35
0.409 34
0.932 38
0.667 41
0.736 40
0.652 44
0.692 45
0.581 36
0.965 17
0.586 43
0.55 39
0.744 17
0.641 17
0.836 19
0.736 17
0.669 17
0.938 18
0.415 18
0.921 17
0.678 16
0.445 18
0.757 17
0.583 19
0.307 0
0.811 18
0.555 18
0.85 18
0.888 18
0.806 17
0.682 18
0.974 18
0.648 18
0.575 18
0.835 18
0.951 17
0.867 18
0.938 18
0.697 17
0.469 18
0.995 34
0.947 35
0.297 42
0.598 36
0.886 40
0.534 43
0.922 18
0.78 35
0.699 37
0.867 16
0.425 40
0.995 45
0.505 0
0.832 17
0.687 16
0.736 45
0.593 37
0.989 18
0.591 18
0.528 17
0.86 18
0.813 17
0.783 18
0.677 18
0.631 18
0.422 17
0.621 18
0.557 3
0.555 18
0.745 17
0.261 17
0.528 18
0.744 17
0.495 16
0.731 17
0.667 17
0.754 17
0.811 0
0.673 18
0.897 17
0.689 18
0.639 17
0.882 17
0.905 18
0.711 17
0.725 17
0.874 17
0.919 17
0.296 17
0.694 18
0.96 47
0.882 33
0.879 40
0.641 15
0.705 43
0.563 46
0.492 30
0.656 36
0.718 30
0.548 44
0.375 40
0.417 43
0.974 35
0.709 45
0.313 38
0.476 41
0.897 36
0.833 35
0.654 39
0.961 17
0.597 35
0.727 18
0.875 36
0.83 17
0.866 16
0.947 17
0.517 46
0.898 18
0.598 17
0.937 0
0.769 42
0.599 18
0.929 17
0.849 17
0.832 17
0.855 17
0.776 1
0.357 18
0.9 50
0.868 16
0.974 16
0.745 17
0.794 0
0.595 17
0.931 17
0.855 48
0.744 17
0.874 17
0.574 18
0.892 17
0.497 66
0.422 65
0.651 49
0.42 49
0.33 50
0.469 49
0.438 49
0.721 50
0.794 51
0.551 52
0.215 0
0.883 0
0.873 48
0.537 54
0.752 0
0.505 50
0.538 51
0.396 1
0.225 51
0.226 51
0.365 48
0.636 50
0.856 51
0.224 0
0.574 50
0.833 54
0.412 52
0.412 0
0.743 0
0.666 48
0.327 53
0.415 0
0.37 49
0.321 0
0.413 50
0.61 51
0.61 0
0.905 0
0.704 0
0.708 0
0.722 0
0.568 50
0.593 51
0.931 0
0.358 51
0.706 0
0.27 52
0.394 52
0.85 0
0.562 49
0.436 48
0.442 49
0.431 48
0.308 49
0.447 49
0.386 48
0.494 50
0.541 47
0.548 47
0.145 47
0.329 47
0.743 49
0.694 49
0.562 49
0.599 47
0.549 47
0.782 47
0.89 49
0.517 47
0.803 49
0.617 49
0.36 47
0.823 50
0.783 50
0.744 50
0.899 49
0.427 48
0.254 48
0.813 49
0.819 49
0.28 47
0.33 48
0.47 46
0.759 48
0.346 47
0.775 47
0.683 0
0.771 0
0.389 48
0.607 47
0.623 48
0.947 50
0.7 0
0.661 48
0.708 48
0.8 0
0.432 48
0.399 0
0.457 0
0.495 0
0.685 45
0.859 47
0.444 47
0.347 47
0.42 47
0.565 46
0.28 47
0.574 47
0.707 46
0.663 47
0.442 46
0.5 45
0.679 46
0.65 47
0.601 48
0.416 45
0.586 46
0.648 44
0.509 45
0.889 47
0.361 46
0.608 48
0.542 47
0.323 45
0.549 47
0.498 46
0.567 48
0.91 47
0.484 45
0.52 46
0.949 47
0.864 46
0.797 48
0.399 46
0.129 47
0.653 47
0.831 47
0.624 47
0.774 47
0.46 0
0.366 0
0.613 45
0.44 0
0.581 47
0.441 46
0.498 0
0.333 0
0.63 0
0.819 46
0.585 46
0.593 45
0.056 45
0.33 45
0.372 45
0.286 46
0.418 45
0.314 45
0.494 45
0.44 46
0.82 45
0.844 46
0.961 46
0.394 45
0.148 45
0.541 46
0.489 45
0.907 47
0.509 45
0.735 44
0.209 46
0.493 45
0.878 45
0.851 47
0.609 46
0.743 45
0.625 45
0.774 46
0.561 47
0.373 44
0.776 45
0.88 47
0.816 44
0.736 47
0.346 46
0.689 45
0.861 45
0.502 45
0.695 46
0.694 46
0.76 47
0.875 45
0.628 46
0.474 46
0.87 46
0.678 45
0.595 46
0.363 45
0.552 46
0.693 46
0.835 45
0.457 44
0.588 44
0.238 43
0.925 45
0.728 44
0.493 43
0.236 44
0.924 45
0.686 46
0.228 45
0.735 45
0.217 46
0.52 44
0.462 45
0.78 44
0.513 46
0.691 46
0.832 45
0.661 46
0.502 44
0.257 45
0.451 45
0.729 46
0.434 45
0.846 46
0.351 44
0.672 46
0.511 45
0.439 44
0.401 45
0.561 44
0.595 46
0.596 47
0.663 46
0.711 45
0.665 45
0.634 45
0.606 44
0.874 45
0.861 44
0.509 43
0.524 45
0.521 44
0.649 44
0.4 46
0.63 46
0.477 45
0.744 45
0.561 0
0.576 45
0.685 45
0.609 45
0.553 45
0.483 44
0.588 43
0.372 45
0.516 44
0.659 45
0.394 45
0.702 45
0.584 43
0.673 44
0.635 43
0.892 44
0.539 43
0.471 45
0.432 44
0.726 44
0.707 45
0.858 44
0.452 44
0.838 45
0.754 45
0.343 43
0.661 44
0.785 45
0.272 43
0.368 44
0.633 44
0.922 45
0.565 44
0.486 44
0.731 45
0.681 45
0.812 44
0.926 45
0.697 44
0.221 43
0.377 45
0.587 45
0.314 44
0.495 45
0.647 44
0.731 0
0.617 44
0.786 44
0.933 44
0.762 43
0.704 43
0.657 44
0.214 44
0.175 44
0.649 44
0.839 45
0.467 44
0.246 44
0.78 44
0.416 44
0.594 43
0.499 43
0.203 42
0.602 44
0.785 42
0.31 43
0.649 44
0.42 43
0.174 43
0.585 42
0.776 44
0.118 44
0.516 44
0.8 43
0.131 44
0.647 45
0.85 44
0.562 44
0.626 44
0.959 43
0.675 45
0.687 43
0.354 43
0.782 45
0.642 44
0.796 44
0.413 43
0.686 44
0.892 45
0.685 43
0.48 43
0.699 43
0.422 44
0.729 45
0.631 42
0.533 44
0.889 44
0.715 43
0.938 43
0.191 43
0.669 43
0.57 44
0.468 43
0.559 43
0.675 42
0.842 44
0.277 43
0.456 43
0.89 44
0.43 43
0.537 43
0.434 42
0.931 43
0.513 44
0.495 43
0.739 43
0.887 41
0.404 43
0.404 43
0.359 43
0.739 44
0.568 43
0.656 44
0.668 43
0.843 43
0.896 43
0.925 44
0.789 44
0.854 42
0.672 44
0.443 43
0.476 43
0.638 44
0.601 43
0.668 43
0.277 41
0.515 44
0.706 43
0.399 43
0.706 43
0.437 44
0.751 43
0.525 44
0.665 42
0.819 43
0.933 44
0.857 44
0.648 44
0.824 45
0.609 43
0.399 42
0.635 44
0.557 43
0.226 42
0.623 43
0.719 43
0.522 42
0.428 41
0.28 43
0.575 42
0.508 43
0.358 44
0.659 43
0.464 42
0.701 43
0.639 42
0.325 43
0.48 42
0.564 43
0.231 43
0.711 43
0.899 44
0.74 43
0.33 42
0.846 44
0.865 43
0.488 44
0.73 43
0.595 44
0.841 42
0.548 43
0.464 41
0.657 43
0.803 44
0.48 43
0.816 43
0.783 43
0.497 42
0.793 44
0.667 41
0.525 43
0.697 42
0.674 44
0.5 43
0.885 44
0.794 43
0.531 43
0.567 42
0.617 42
0.608 41
0.768 43
0.53 43
0.802 43
0.545 42
0.346 42
0.886 42
0.533 42
0.357 42
0.779 43
0.362 43
0.823 42
0.621 43
0.723 41
0.503 42
0.789 42
0.405 41
0.847 41
0.326 42
0.431 42
0.444 42
0.526 42
0.645 43
0.476 41
0.558 41
0.735 44
0.843 44
0.347 43
0.527 41
0.255 42
0.593 41
0.622 43
0.576 43
0.427 43
0.28 41
0.372 43
0.272 42
0.453 42
0.454 43
0.697 41
0.69 44
0.349 41
0.721 42
0.523 42
0.191 0
0.715 42
0.424 0
0.524 42
0.552 0
0.754 42
0.845 42
0.562 43
0.561 42
0.452 42
0.512 42
0.642 42
0.371 40
0.567 42
0.246 41
0.552 42
0.735 42
0.442 42
0.56 41
0.736 42
0.837 43
0.757 42
0.676 42
0.679 40
0.309 42
0.621 41
0.287 41
0.603 42
0.745 42
0.421 41
0.6 43
0.563 41
0.419 41
0.621 41
0.44 42
0.559 40
0.317 41
0.687 43
0.694 42
0.418 42
0.638 41
0.731 44
0.634 42
0.24 40
0.888 42
0.55 43
0.278 41
0.533 41
0.846 41
0.325 41
0.286 42
0.465 42
0.35 42
0.482 42
0.451 41
0.387 41
0.0856 41
0.468 41
0.663 42
0.53 41
0.775 42
0.357 41
0.269 41
0.72 42
0.664 40
0.487 42
0.436 42
0.539 42
0.338 40
0.862 41
0.802 42
0.439 42
0.588 42
0.788 41
0.779 42
0.839 40
0.494 41
0.177 42
0.711 41
0.286 41
0.606 40
0.883 41
0.442 41
0.706 43
0.541 40
0.91 42
0.746 41
0.77 42
0.84 43
0.724 42
7.06e-05 43
0.446 40
0.744 42
0.642 41
0.444 41
0.941 40
0.618 43
0.555 41
0.197 40
0.395 41
0.656 41
0.902 41
0.729 42
0.334 41
0.84 41
0.759 42
0.788 43
0.854 42
0.354 41
0.382 40
0.88 41
0.595 41
0.264 41
0.536 40
0.61 41
0.646 40
0.621 40
0.374 41
0.223 40
0.531 42
0.224 41
0.487 41
0.711 42
0.387 41
0.65 41
0.169 40
0.527 41
0.585 42
0.247 40
0.414 41
0.324 40
0.434 41
0.731 42
0.493 40
0.725 40
0.291 41
0.613 41
0.466 40
0.646 41
0.644 41
0.282 40
0.625 41
0.232 40
0.755 42
0.833 42
0.73 42
0.441 42
0.509 41
0.691 40
0.339 40
0.95 42
0.502 41
0.751 41
0.637 41
0.0263 40
0.529 41
0.529 41
0.708 41
0.889 42
0.523 41
0.642 39
0.441 41
0.358 41
0.396 40
0.374 41
0.729 40
0.441 39
0.635 41
0.442 40
0.127 41
0.614 40
0.505 41
0.346 40
0.794 41
0.381 39
0.794 40
0.422 40
0.967 41
0.5 39
0.215 40
0.509 40
0.764 40
0.345 41
0.0955 41
0.858 42
0.907 41
0.674 39
0.658 41
0.421 39
0.595 41
0.818 40
0.679 39
0.577 41
0.787 41
0.783 41
0.522 41
0.93 42
0.239 40
0.472 40
0.966 41
0.795 41
0.367 41
0.811 40
0.373 42
0.41 40
0.629 41
0.563 41
0.248 40
0.723 41
0.525 40
0.841 39
0.363 40
0.612 41
0.628 40
0.404 40
0.865 40
0.355 40
0.275 40
0.461 38
0.886 41
0.817 39
0.763 40
0.359 39
0.511 41
0.688 40
0.709 40
0.875 40
0.759 42
0.659 40
0.428 41
0.537 40
0.727 41
0.7 41
0.54 40
0.515 41
0.791 41
0.626 42
0.544 41
0.554 40
0.771 40
0.275 40
0.681 40
0.712 41
0.592 42
0.762 40
0.701 41
0.606 40
0.755 40
0.766 41
0.36 40
0.787 42
0.624 41
0.515 41
0.515 39
0.297 41
0.679 39
0.732 41
0.813 41
0.724 39
0.5 41
0.693 40
0.209 38
0.441 40
0.705 39
0.543 40
0.403 40
0.533 40
0.292 40
0.706 39
0.344 40
0.621 39
0.412 40
0.382 41
0.395 40
0.738 40
0.455 41
0.5 39
0.697 39
0.558 40
0.503 40
0.739 40
0.676 42
0.126 40
0.698 40
0.797 41
0.532 41
0.751 41
0.739 40
0.415 40
0.826 38
0.137 40
0.557 41
0.518 39
0.47 40
0.736 40
0.859 41
0.854 41
0.567 41
0.281 40
0.484 40
0.831 41
0.407 40
0.759 40
0.47 39
0.769 41
0.403 39
0.838 41
0.818 42
0.219 40
0.318 40
0.283 39
0.949 41
0.39 40
0.271 39
0.151 40
0.494 40
0.583 40
0.849 41
0.576 40
0.393 38
0.66 40
0.778 40
0.439 41
0.196 39
0.705 39
0.178 40
0.184 40
0.661 40
0.583 38
0.385 38
0.393 39
0.399 40
0.455 38
0.455 38
0.824 40
0.477 40
0.579 40
0.702 39
0.558 41
0.84 41
0.293 39
0.958 41
0.352 40
0.762 39
0.474 40
0.555 40
0.339 38
0.604 41
0.846 41
0.86 41
0.532 40
0.197 39
0.687 40
0.726 39
0.676 41
0.733 40
0.882 39
0.648 40
0.669 39
0.675 39
0.835 41
0.777 41
0.194 39
0.315 38
0.407 39
0.498 39
0.592 39
0.688 39
0.679 41
0.678 39
0.523 40
0.519 40
0.663 41
0.699 39
0.0787 39
0.416 39
0.886 38
0.389 39
0.805 40
0.748 39
0.757 39
0.304 40
0.464 39
0.775 39
0.679 40
0.653 39
0.181 39
0.693 39
0.559 40
0.487 38
0.443 39
0.763 39
0.784 0
0.314 40
0.523 39
0.55 41
0.397 0
0.553 40
0.931 41
0.731 0
0.667 40
0.87 39
0.386 39
0.831 40
0.364 41
0.654 41
0.501 0
0.562 0
0.703 39
0.878 38
0.352 40
0.785 40
0.44 39
0.293 38
0.706 41
0.726 39
0.763 38
0.724 38
0.516 39
0.858 41
0.337 39
0.698 39
0.915 41
0.86 39
0.646 39
0.475 39
0.328 39
0.724 40
0.765 39
0.678 40
0.873 40
0.816 41
0.61 39
0.819 40
0.388 39
0.891 40
0.678 40
0.406 39
0.363 39
0.945 40
0.348 39
0.746 38
0.756 40
0.868 41
0.771 40
0.184 40
0.674 40
0.728 39
0.466 38
0.742 39
0.806 39
0.657 39
0.413 38
0.674 40
0.511 39
0.589 39
0.882 40
0.402 39
0.464 0
0.44 39
0.16 41
0.436 39
0.702 39
0.822 40
0.738 39
0.174 39
0.415 39
0.825 40
0.494 39
0.206 37
0.588 40
0.73 38
0.66 40
0.362 38
0.676 41
0.613 41
0.461 38
0.825 40
0.753 39
0.593 38
0.524 39
0.595 38
0.625 39
0.892 39
0.842 40
0.698 39
0.611 39
0.284 40
0.807 39
0.478 38
0.641 39
0.613 39
0.593 39
0.259 37
0.543 38
0.33 39
0.45 39
0.745 38
0.563 39
0.607 40
0.674 39
0.572 39
0.257 38
0.839 38
0.906 40
0.225 37
0.564 39
0.777 39
0.437 39
0.644 62
0.532 62
0.178 55
0.429 62
0.191 60
0.722 30
0.478 59
0.22 71
0.708 57
0.762 55
0.285 56
0.584 66
0.472 54
0.115 56
0.292 64
0.747 53
0.0958 56
0.201 57
0.314 0
0.0519 61
0.0958 0
0.0885 0
0.0191 0
0.0942 0
0.091 0
0.0921 0
0.0709 0
0.131 0
0.119 0
0.0465 0
0.039 0
0.0724 0
0.0657 0
0.0845 0
0.11 0
0.154 0
0.177 38
0.154 0
0.154 0
0.834 41
0.201 0
0.201 0
0.265 0
0.0652 0
0.126 0
0.266 1
0.266 0
0.266 3
0.599 0
0.599 0
0.299 52
0.467 51
0.637 52
0.0505 46
0.2 50
0.0794 44
0.619 55
0.0534 52
0.475 55
0.617 46
0.245 52
0.234 56
0.0287 57
0.659 48
0.145 49
0.0172 51
0.523 48
0.691 50
0.356 48
0.893 24
0.647 45
0.723 45
0.0652 34
0.0831 54
0.258 49
0.124 53
0.0797 53
0.131 50
0.525 47
0.16 47
0.263 57
0.72 69
0.0467 53
0.22 50
0.108 31
0.579 0
0.745 0
0.272 34
0.114 30
0.00847 35
0.859 0
0.164 0
0.0472 31
0.0966 32
0.0939 32
0.859 0
0.064 32
0.16 35
0.346 35
0.0949 31
0.344 45
0.27 50
0.467 45
0.824 43
0.538 48
0.594 44
0.398 40
0.0764 48
0.411 33
0.525 54
0.179 42
0.126 52
0.173 55
0.159 49
0.0253 45
0.699 43
0.534 49
0.236 54
0.328 54
0.254 51
0.161 55
0.168 28
0.224 49
0.19 28
0.303 58
0.568 45
0.88 42
0.275 48
0.716 43
0.171 47
0.154 48
0.0128 28
0.225 29
0.0604 28
0.298 57
0.199 48
0.219 28
0.0545 29
0.0409 30
0.546 29
0.149 29
0.0373 28
0.209 28
0.0498 28
0.107 28
0.0511 28
0.199 29
0.0555 27
0.524 29
0.417 32
0.766 42
0.235 48
0.076 49
0.0712 38
0.0725 37
0.219 48
0.137 49
0.183 49
0.139 41
0.0725 50
0.0997 54
0.231 41
0.224 48
0.643 45
0.251 45
0.319 52
0.204 27
0.492 41
0.623 46
0.183 27
0.272 51
0.25 46
0.243 46
0.102 27
0.6 28
0.139 28
0.0981 27
0.0455 28
0.144 27
0.0679 26
0.267 27
0.613 45
0.0649 27
0.211 28
0.328 27
0.11 28
0.122 27
0.00282 28
0.0542 27
0.0752 27
0.0212 27
0.0785 27
0.267 27
0.00831 26
0.132 27
0.24 30
0.2 29
0.268 27
0.219 28
0.295 27
0.0519 46
0.479 31
0.223 46
0.115 51
0.4 43
0.918 34
0.83 42
0.184 52
0.439 44
0.535 42
0.773 43
0.185 47
0.443 49
0.0709 36
0.0299 25
0.683 42
0.242 55
0.571 42
0.135 42
0.118 50
0.39 38
0.0567 26
0.354 53
0.21 42
0.0833 26
0.0832 26
0.17 25
0.0126 26
0.00136 26
0.0768 26
0.0497 26
0.415 26
0.241 26
0.0616 25
0.042 25
0.72 29
0.0294 26
0.0679 27
0.079 26
0.0726 26
0.113 25
0.726 26
0.151 26
0.482 26
0.155 27
0.176 25
0.0566 25
0.0785 26
0.11 26
0.298 25
0.128 46
0.115 42
0.0359 47
0.133 47
0.165 37
0.204 39
0.0388 44
0.572 55
0.281 42
0.0579 52
0.981 38
0.442 41
0.145 43
0.0742 26
0.562 38
0.101 47
0.135 41
0.142 43
0.278 45
0.682 42
0.641 42
0.147 26
0.158 48
0.0281 25
0.156 50
0.0878 53
0.0825 25
0.599 26
0.73 39
0.192 26
0.0868 24
0.214 25
0.198 26
0.0866 25
0.119 24
0.186 25
0.0565 25
0.596 25
0.197 25
0.317 25
0.0298 25
0.174 25
0.226 25
0.0391 26
0.23 25
0.187 25
0.111 25
0.0547 25
0.517 26
0.149 26
0.361 42
0.154 46
0.243 32
0.421 36
0.0712 54
0.565 41
0.101 46
0.141 41
0.46 45
0.11 32
0.683 45
0.0788 41
0.094 24
0.015 47
0.171 24
0.154 25
0.263 24
0.407 42
0.187 48
0.305 25
0.458 24
0.384 53
0.154 24
0.0111 51
0.119 24
0.16 25
0.0257 25
0.0767 24
0.256 25
0.0739 24
0.137 25
0.0999 24
0.0824 24
0.0283 24
0.068 23
0.0122 24
0.106 24
0.00717 24
0.373 24
0.52 54
0.0928 24
0.57 24
0.491 25
0.0898 24
0.536 24
0.14 24
0.391 25
0.00217 24
0.573 25
0.509 25
0.0397 46
0.0829 43
0.208 35
0.0141 37
0.515 46
0.642 50
0.0791 24
0.558 42
0.381 38
0.0516 23
0.213 24
0.0865 24
0.711 45
0.181 23
0.172 23
0.1 23
0.13 23
0.191 24
0.228 24
0.00571 24
0.138 24
0.0441 25
0.324 25
0.226 52
0.112 24
0.0865 23
0.143 23
0.031 24
0.225 23
0.137 23
0.0823 24
0.0923 24
0.256 23
0.313 23
0.296 24
0.0747 24
0.00873 23
0.141 23
0.169 24
0.268 0
0.126 26
0.206 24
0.665 23
0.105 24
0.306 24
0.235 24
0.38 24
0.166 24
0.387 24
0.0279 23
0.34 45
0.502 41
0.144 49
0.461 40
0.0895 24
0.236 42
0.21 23
0.375 39
0.0534 46
0.0556 23
0.208 23
0.2 53
0.201 22
0.152 45
0.143 24
0.053 24
0.161 23
0.0878 23
0.0597 24
0.0274 23
0.413 23
0.12 22
0.213 22
0.486 34
0.107 22
0.585 54
0.322 54
0.039 24
0.186 36
0.0693 24
0.275 22
0.0901 22
0.113 23
0.0116 22
0.025 23
0.148 23
0.0649 22
0.0486 24
0.184 23
0.00186 23
0.146 23
0.176 23
0.482 23
0.143 23
0.143 24
0.126 23
0.281 23
0.601 24
0.128 24
0.225 24
0.314 45
0.541 35
0.504 33
0.0964 22
0.153 22
0.481 44
0.427 22
0.126 23
0.0156 22
0.087 22
0.19 35
0.203 46
0.146 23
0.11 23
0.0494 22
0.091 22
0.256 35
0.156 23
0.093 22
0.0705 22
0.283 23
0.059 22
0.211 24
0.185 48
0.00219 22
0.00848 22
0.258 22
0.352 23
0.544 23
0.325 23
0.273 22
0.127 23
0.306 23
0.00789 23
0.363 23
0.122 22
0.353 23
0.0566 22
0.114 23
0.019 23
0.406 23
0.0742 23
0.102 22
0.0106 22
0.242 22
0.0142 22
0.185 22
0.156 24
0.111 23
0.172 23
0.0156 45
0.0264 34
0.264 44
0.684 42
0.0747 53
0.777 35
0.145 22
0.271 45
0.152 23
0.0952 23
0.218 22
0.231 22
0.00298 22
0.09 48
0.0697 23
0.596 40
0.038 23
0.0545 53
0.418 23
0.134 22
0.258 22
0.00638 22
0.191 21
0.0755 22
0.0167 23
0.0695 22
0.258 22
0.28 49
0.0948 22
0.0322 21
0.219 22
0.425 24
0.0863 22
0.138 22
0.0368 21
0.144 22
0.238 24
0.0785 22
0.202 22
0.187 22
0.11 22
0.307 22
0.00919 22
0.209 22
0.178 23
0.102 22
0.621 22
0.00179 22
0.398 23
0.177 24
0.132 39
0.128 43
0.11 43
0.249 48
0.203 42
0.15 50
0.63 35
0.713 37
0.666 41
0.108 44
0.15 45
0.494 34
0.244 34
0.176 22
0.081 23
0.136 23
0.0237 22
0.15 21
0.235 22
0.03 22
0.0271 23
0.229 22
0.0747 21
0.094 22
0.0751 22
0.177 23
0.0923 21
0.0243 22
0.0302 22
0.0766 21
0.0378 22
0.266 22
0.224 22
0.0948 22
0.126 22
0.086 23
0.164 22
0.0349 21
0.0884 22
0.14 25
0.13 21
0.113 22
0.101 21
0.303 22
0.11 22
0.398 22
0.228 22
0.0256 21
0.125 22
0.0872 22
0.0822 44
0.482 39
0.0569 44
0.178 44
0.309 21
0.129 52
0.194 22
0.0955 22
0.0738 21
0.137 47
0.652 47
0.229 44
0.489 24
0.253 22
0.308 22
0.0149 22
0.0404 22
0.106 21
0.0801 46
0.0343 51
0.132 22
0.0337 22
0.118 21
0.145 22
0.47 34
0.268 21
0.174 21
0.108 22
0.0758 22
0.0529 21
0.134 22
0.145 22
0.297 21
0.107 22
0.145 22
0.0444 22
0.095 21
0.0846 22
0.108 22
0.115 22
0.19 21
0.00757 22
0.155 22
0.0222 21
0.311 21
0.458 23
0.00269 21
0.107 21
0.234 21
0.538 21
0.441 10
0.509 29
0.0588 44
0.0252 44
0.0904 49
0.69 33
0.571 36
0.579 40
0.462 45
0.182 44
0.273 48
0.00502 52
0.704 45
0.159 50
0.305 21
0.139 21
0.261 21
0.0671 21
0.133 22
0.132 22
0.198 21
0.278 23
0.14 22
0.0912 21
0.0621 21
0.0245 22
0.157 23
0.125 22
0.155 22
0.328 21
0.0772 21
0.0582 23
0.307 21
0.17 21
0.11 22
0.158 21
0.0788 21
0.182 22
0.124 21
0.122 21
0.0894 22
0.0787 21
0.0416 21
0.0825 21
0.513 22
0.0509 21
0.0966 22
0.424 22
0.0171 21
0.0334 24
0.212 43
0.069 32
0.224 41
0.0301 50
0.571 36
0.158 22
0.0803 21
0.232 21
0.14 41
0.0613 20
0.086 21
0.309 42
0.18 20
0.097 21
0.0352 50
0.0674 20
0.337 21
0.0412 21
0.16 21
0.405 21
0.219 20
0.107 21
0.21 42
0.236 21
0.0767 22
0.103 22
0.111 20
0.0366 22
0.231 22
0.0216 20
0.0515 21
0.123 22
0.235 22
0.0757 21
0.0213 20
0.0549 20
0.0263 22
0.0928 20
0.248 21
0.0477 21
0.623 22
0.107 20
0.0172 21
0.424 22
0.0163 20
0.505 20
0.0287 21
0.0289 21
0.186 21
0.459 20
0.134 43
0.104 43
0.174 38
0.00733 44
0.162 45
0.175 43
0.136 37
0.782 44
0.748 21
0.0167 21
0.488 34
0.198 20
0.127 20
0.199 38
0.14 20
0.127 51
0.0326 22
0.173 44
0.219 50
0.0943 46
0.0733 20
0.0346 20
0.213 21
0.0824 53
0.0962 20
0.045 21
0.194 20
0.185 21
0.147 21
0.361 22
0.23 21
0.0554 22
0.0453 21
0.00689 21
0.159 21
0.234 20
0.0236 21
0.0653 20
0.322 23
0.109 21
0.0211 50
0.0718 20
0.491 21
0.48 24
0.0943 20
0.17 21
0.0759 20
0.175 21
0.131 22
0.155 20
0.0298 42
0.223 48
0.0727 47
0.208 37
0.308 22
0.563 45
0.367 20
0.204 20
0.074 20
0.339 20
0.115 39
0.159 20
0.17 41
0.199 21
0.136 21
0.0373 21
0.741 38
0.00581 20
0.101 22
0.338 20
0.167 20
0.22 20
0.0681 21
0.0713 20
0.0384 20
0.0624 21
0.216 20
0.448 20
0.423 21
0.125 20
0.24 20
0.0926 20
0.145 20
0.346 21
0.07 20
0.239 20
0.0213 21
0.0986 21
0.663 21
0.454 54
0.0398 21
0.0464 20
0.0693 20
0.00912 21
0.402 22
0.074 20
0.364 21
0.00918 20
0.439 21
0.057 21
0.836 42
0.249 15
0.065 43
0.111 43
0.112 20
0.173 47
0.204 20
0.114 41
0.683 44
0.0413 20
0.0189 20
0.151 50
0.0555 50
0.187 20
0.0493 20
0.0521 46
0.0546 20
0.227 20
0.278 39
0.0223 20
0.112 19
0.271 19
0.0388 45
0.0196 20
0.0762 19
0.0479 21
0.109 21
0.177 35
0.245 20
0.254 20
0.169 22
0.0196 20
0.0458 19
0.21 20
0.113 20
0.0221 20
0.105 20
0.0163 19
0.211 20
0.271 21
0.454 54
0.0354 20
0.0744 19
0.118 20
0.0821 20
0.133 20
0.1 20
0.975 21
0.573 20
0.119 20
0.107 38
0.0114 43
0.577 37
0.143 37
0.257 36
0.102 20
0.144 23
0.601 31
0.47 20
0.0867 20
0.0286 20
0.112 20
0.0929 51
0.127 20
0.396 21
0.439 20
0.441 20
0.595 28
0.129 20
0.0305 20
0.277 21
0.128 21
0.168 20
0.21 20
0.131 44
0.049 20
0.0499 20
0.671 22
0.444 21
0.0625 20
0.232 20
0.0737 20
0.157 20
0.0898 20
0.034 20
0.0723 20
0.193 21
0.105 20
0.0669 20
0.371 20
0.0774 20
0.551 20
0.00709 19
0.605 22
0.0342 20
0.0183 20
0.158 20
0.0306 20
0.544 21
0.47 21
0.4 46
0.425 39
0.357 35
0.0596 30
0.714 38
0.339 44
0.0458 40
0.468 44
0.196 43
0.055 19
0.127 50
0.467 23
0.0302 19
0.113 19
0.317 21
0.116 20
0.0971 19
0.0176 19
0.0269 20
0.0768 19
0.0831 20
0.408 20
0.223 44
0.109 20
0.0543 19
0.091 19
0.00212 20
0.0303 19
0.156 19
0.0454 20
0.145 20
0.369 20
0.0504 19
0.107 19
0.119 21
0.146 20
0.0724 20
0.131 21
0.0122 20
0.15 21
0.2 19
0.686 20
0.302 20
0.103 20
0.097 20
0.491 20
0.0545 20
0.719 20
0.0192 20
0.0989 20
0.136 61
0.279 26
0.27 1
0.233 0
0.499 0
0.306 0
0.499 0
0.106 0
0.281 1
0.306 0
0.456 0
0.306 0
0.187 0
0.281 0
0.281 0
0.328 0
0.281 0
0.318 0
0.848 1
0.587 0
0.281 0
0.136 1
0.246 0
0.482 0
0.553 0
0.587 0
0.587 0
0.587 0
0.587 0
0.106 0
0.587 0
0.503 0
0.45 0
0.587 0
0.587 0
0.485 0
0.465 0
0.351 0
0.516 0
0.0144 0
0.272 0
0.0532 0
0.235 0
0.0697 0
0.0852 0
0.261 0
0.0367 0
0.395 0
0.361 0
0.289 0
0.45 55
0.401 55
0.367 67
0.502 61
0.153 48
0.403 36
0.658 56
0.399 51
0.46 52
0.428 34
0.026 64
0.595 55
0.535 57
0.745 59
0.377 31
0.128 56
0.0686 47
0.026 54
0.214 56
0.272 34
0.05 36
0.0299 34
0.0292 36
0.179 0
0.327 0
0.0825 0
0.062 0
0.526 0
0.526 0
0.526 0
0.526 0
0.333 0
0.526 0
0.014 0
0.175 0
0.0503 0
0.581 0
0.32 0
0.182 0
0.591 0
0.0642 0
0.336 0
0.148 0
0.402 0
0.054 0
0.381 0
0.0193 0
0.497 0
0.27 0
0.288 0
0.388 45
0.404 57
0.829 60
0.209 54
0.602 58
0.733 49
0.572 51
0.485 30
0.456 65
0.328 54
0.475 51
0.161 55
0.303 58
0.0578 58
0.00674 60
0.0181 56
0.346 55
0.302 30
0.298 57
0.588 58
0.424 30
0.694 29
0.295 55
0.157 30
0.306 28
0.115 31
0.301 61
0.157 0
0.182 30
0.157 0
0.879 31
0.438 28
0.157 0
0.23 0
0.273 0
0.0797 29
0.273 0
0.309 0
0.177 29
0.363 0
0.3 0
0.363 0
0.2 29
0.363 0
0.448 29
0.275 31
0.517 29
0.308 29
0.231 29
0.182 0
0.264 47
0.362 55
0.233 52
0.231 41
0.147 35
0.24 45
0.494 26
0.224 55
0.287 54
0.272 51
0.149 56
0.287 28
0.422 0
0.697 26
0.52 0
0.235 27
0.144 0
0.245 0
0.302 0
0.227 49
0.226 0
0.366 0
0.295 0
0.147 0
0.0649 27
0.0679 27
0.318 0
0.109 0
0.268 55
0.162 0
0.0617 0
0.609 28
0.159 48
0.342 26
0.522 54
0.0195 59
0.229 0
0.645 49
0.334 27
0.337 28
0.581 28
0.936 60
0.157 29
0.946 30
0.276 28
0.465 27
0.204 29
0.0196 28
0.0195 28
0.191 28
0.414 48
0.207 52
0.184 52
0.52 40
0.402 32
0.25 52
0.434 51
0.378 52
0.353 44
0.267 26
0.859 58
0.257 26
0.4 26
0.371 27
0.334 25
0.859 52
0.771 25
0.117 55
0.7 26
0.463 25
0.00747 51
0.561 26
0.251 26
0.417 25
0.236 25
0.184 26
0.217 26
0.49 26
0.661 26
0.488 24
0.386 25
0.342 26
0.0628 27
0.228 25
0.346 26
0.325 25
0.875 26
0.135 27
0.3 25
0.4 26
0.578 27
0.139 27
0.0943 0
0.207 27
0.366 27
0.157 26
0.149 26
0.345 27
0.167 27
0.138 26
0.456 51
0.00568 51
0.436 57
0.0192 53
0.402 41
0.127 51
0.152 24
0.303 24
0.392 53
0.716 24
0.788 24
0.505 25
0.197 25
0.268 24
0.388 25
0.371 25
0.271 24
0.601 53
0.0695 25
0.107 50
0.85 25
0.161 24
0.367 24
0.107 25
0.462 25
0.328 25
0.264 25
0.465 25
0.0651 25
0.0678 26
0.0646 25
0.807 24
0.2 25
0.662 25
0.876 26
0.242 24
0.601 24
0.485 25
0.0409 26
0.0726 26
0.473 25
0.494 24
0.192 25
0.216 26
0.186 25
0.339 25
0.0845 26
0.215 25
0.265 25
0.404 26
0.461 46
0.0315 48
0.402 41
0.191 25
0.192 0
0.902 54
0.217 24
0.251 53
0.291 53
0.971 58
0.569 24
0.00954 35
0.215 25
0.577 24
0.297 24
0.568 23
0.0216 24
0.264 25
0.312 24
0.226 24
0.333 25
0.165 24
0.447 24
0.496 24
0.481 24
0.119 24
0.315 23
0.0227 24
0.327 24
0.547 24
0.0278 25
0.235 24
0.478 24
0.219 53
0.429 25
0.636 24
0.0862 23
0.211 25
0.106 25
0.0953 25
0.242 25
0.318 25
0.0638 24
0.0338 24
0.145 24
0.183 25
0.149 25
0.153 25
0.279 25
0.213 25
0.381 58
0.347 53
0.648 50
0.226 39
0.37 48
0.251 52
0.506 23
0.409 23
0.254 23
0.0592 51
0.322 54
0.151 23
0.372 51
0.0888 57
0.32 23
0.127 23
0.297 22
0.204 23
0.536 23
0.606 23
0.0966 24
0.114 23
0.262 23
0.308 24
0.223 23
0.113 24
0.312 23
0.536 23
0.798 24
0.431 23
0.24 23
0.226 24
0.142 25
0.558 23
0.178 24
0.0845 23
0.772 25
0.35 22
0.55 23
0.371 24
0.441 23
0.0499 24
0.0384 24
0.126 24
0.0427 23
0.18 24
0.158 24
0.264 24
0.0893 24
0.106 24
0.517 39
0.353 44
0.0313 54
0.648 50
0.136 22
0.8 26
0.493 23
0.0545 53
0.195 23
0.397 22
0.397 22
0.509 23
0.859 24
0.41 22
0.27 23
0.14 51
0.177 23
0.308 22
0.85 57
0.358 22
0.53 23
0.422 23
0.396 23
0.415 23
0.217 23
0.225 22
0.983 25
0.282 23
0.0328 22
0.331 23
0.222 22
0.13 22
0.057 24
0.28 23
0.777 25
0.179 24
0.769 23
0.129 23
0.152 23
0.0455 23
0.621 22
0.178 23
0.196 23
0.48 23
0.149 23
0.285 23
0.177 24
0.0626 23
0.122 23
0.0796 24
0.229 23
0.512 21
0.51 47
0.415 21
0.0615 22
0.23 21
0.465 22
0.266 46
0.0725 50
0.48 22
0.309 43
0.207 23
0.57 22
0.915 56
0.111 21
0.578 23
0.369 22
0.341 21
0.423 21
0.151 23
0.137 22
0.19 22
0.273 22
0.31 22
0.17 22
0.102 23
0.434 22
0.285 22
0.412 22
0.153 23
0.558 23
0.355 22
0.267 22
0.0664 23
0.904 24
0.806 22
0.81 24
0.133 25
0.251 23
0.0926 23
0.834 24
0.369 23
0.45 22
0.212 23
0.0289 23
0.122 23
0.498 22
0.207 23
0.208 23
0.205 23
0.273 48
0.159 50
0.562 22
0.339 22
0.278 21
0.49 22
0.132 22
0.235 22
0.125 22
0.521 21
0.258 22
0.274 21
0.157 23
0.401 20
0.363 23
0.739 25
0.023 21
0.513 22
0.583 24
0.946 57
0.0568 23
0.525 21
0.584 21
0.132 22
0.187 22
0.0442 23
0.235 23
0.116 22
0.085 23
0.345 0
0.239 23
0.0705 23
0.25 23
0.321 22
0.0375 22
0.239 22
0.171 0
0.193 0
0.239 23
0.147 0
0.252 0
0.136 0
0.204 0
0.178 0
0.139 0
0.308 0
0.171 0
0.00377 23
0.35 23
0.45 22
0.223 50
0.0485 37
0.525 53
0.127 51
0.21 42
0.527 21
0.351 21
0.379 21
0.414 21
0.361 22
0.531 45
0.377 21
0.377 21
0.577 21
0.578 52
0.467 21
0.322 54
0.224 21
0.0554 22
0.311 22
0.326 21
0.336 21
0.244 22
0.39 21
0.244 47
0.441 21
0.248 21
0.198 21
0.103 21
0.338 21
0.655 23
0.0538 22
0.429 22
0.121 21
0.33 21
0.477 22
0.203 21
0.583 22
0.318 22
0.125 22
0.159 22
0.0369 22
0.397 22
0.341 22
0.301 22
0.0768 22
0.42 23
0.0431 22
0.273 22
0.0638 22
0.327 49
0.267 51
0.0555 50
0.464 21
0.151 50
0.618 21
0.171 21
0.0489 21
0.047 48
0.318 21
0.275 21
0.151 21
0.318 21
0.634 22
0.365 20
0.338 21
0.873 54
0.485 20
0.393 21
0.414 43
0.426 21
0.75 51
0.424 21
0.262 21
0.369 21
0.951 53
0.301 22
0.311 22
0.402 22
0.578 20
0.246 52
0.499 21
0.372 21
0.44 20
0.727 24
0.627 22
0.327 21
0.654 20
0.232 21
0.284 21
0.378 22
0.381 21
0.244 22
0.165 22
0.0444 22
0.168 22
0.0367 22
0.00597 22
0.0546 22
0.0847 22
0.643 46
0.127 43
0.0506 20
0.03 21
0.527 21
0.26 20
0.0407 22
0.418 20
0.364 21
0.602 20
0.0232 21
0.298 20
0.482 20
0.323 21
0.419 20
0.34 21
0.0868 22
0.305 57
0.444 21
0.204 20
0.728 21
0.635 20
0.232 20
0.123 20
0.371 20
0.441 20
0.595 21
0.278 21
0.227 20
0.46 20
0.101 21
0.443 21
0.076 21
0.931 23
0.143 21
0.173 21
0.217 22
0.336 21
0.0747 22
0.186 21
0.0887 21
0.349 21
0.0603 21
0.126 22
0.695 23
0.195 22
0.127 22
0.101 22
0.0469 22
0.245 22
0.169 31
0.545 20
0.107 31
0.125 49
0.194 29
0.127 50
0.497 21
0.417 20
0.154 20
0.602 20
0.048 20
0.145 20
0.225 20
0.359 48
0.0359 20
0.0556 21
0.0192 51
0.895 22
0.0443 21
0.509 20
0.257 21
0.157 19
0.371 20
0.00467 22
0.382 19
0.428 21
0.137 21
0.099 21
0.381 21
0.514 21
0.221 21
0.277 21
0.392 21
0.125 21
0.294 19
0.0984 21
0.172 22
0.356 42
0.34 21
0.413 21
0.0992 21
0.237 21
0.135 21
0.217 21
0.4 21
0.167 21
0.0361 21
0.0286 21
0.166 21
0.0929 21
0.734 47
0.325 21
0.394 45
0.501 35
0.32 20
0.339 39
0.567 19
0.473 20
0.218 42
0.576 40
0.689 19
0.35 19
0.143 20
0.354 19
0.512 20
0.325 20
0.26 19
0.369 20
0.746 20
0.206 20
0.375 19
0.223 19
0.222 20
0.959 48
0.345 19
0.915 22
0.128 21
0.2 20
0.322 20
0.276 19
0.657 20
0.127 20
0.125 21
0.231 20
0.348 20
0.402 20
0.0222 19
0.502 20
0.247 21
0.465 21
0.176 20
0.11 20
0.911 21
0.132 20
0.597 20
0.45 21
0.944 22
0.255 21
0.06 21
0.1 21
0.0371 47
0.174 52
0.655 36
0.203 33
0.057 20
0.316 44
0.484 20
0.262 20
0.17 50
0.203 19
0.224 19
0.0522 20
0.186 19
0.643 52
0.5 19
0.197 20
0.128 20
0.281 19
0.485 20
0.136 19
0.00763 49
0.19 20
0.506 20
0.436 19
0.512 20
0.0449 20
0.109 21
0.316 20
0.109 21
0.365 49
0.101 19
0.863 21
0.265 21
0.0314 21
0.0415 20
0.711 20
0.0467 20
0.307 20
0.217 20
0.147 21
0.17 20
0.967 22
0.0794 21
0.252 21
0.486 19
0.0543 21
0.323 21
0.0891 20
0.166 21
0.128 21
0.455 39
0.389 38
0.405 42
0.355 46
0.501 51
0.442 20
0.92 20
0.38 19
0.388 19
0.413 20
0.498 57
0.882 21
0.704 49
0.229 19
0.373 19
0.387 19
0.166 19
0.422 52
0.415 19
0.272 19
0.0479 20
0.484 19
0.909 51
0.336 19
0.205 19
0.468 19
0.87 23
0.209 19
0.0588 21
0.247 20
0.107 20
0.104 20
0.0821 19
0.868 22
0.242 20
0.23 19
0.735 20
0.0304 21
0.35 20
0.0079 20
0.0108 20
0.0869 21
0.033 20
0.131 21
0.135 20
0.0371 20
0.0547 20
0.0252 20
0.0456 20
0.071 20
0.359 20
0.433 31
0.0808 24
0.235 49
0.28 19
0.538 45
0.419 20
0.5 38
0.046 19
0.133 19
0.0881 41
0.909 21
0.574 20
0.935 22
0.25 19
0.412 19
0.101 19
0.184 20
0.109 20
0.675 22
0.164 20
0.247 20
0.467 18
0.246 20
0.735 20
0.388 20
0.336 20
0.204 18
0.35 20
0.235 19
0.196 19
0.0635 20
0.0792 20
0.0226 20
0.0919 20
0.967 22
0.0371 20
0.213 20
0.362 20
0.216 20
0.301 20
0.0808 20
0.139 20
0.0307 20
0.266 20
0.145 20
0.124 20
0.234 20
0.453 20
0.241 20
0.151 46
0.459 19
0.372 45
0.327 36
0.388 50
0.194 19
0.65 19
0.149 44
0.55 53
0.453 19
0.232 19
0.277 20
0.142 19
0.217 19
0.516 19
0.962 19
0.343 19
0.244 19
0.884 20
0.272 19
0.225 20
0.395 18
0.255 18
0.494 19
0.0681 18
0.252 18
0.106 20
0.457 19
0.978 21
0.224 19
0.427 20
0.385 19
0.506 19
0.707 21
0.211 52
0.104 21
0.269 18
0.365 19
0.206 19
0.465 19
0.459 19
0.00793 20
0.673 19
0.279 20
0.457 19
0.192 20
0.274 19
0.0919 20
0.229 20
0.087 20
0.711 2
0.711 0
0.711 0
0.874 2
0.733 0
0.733 0
0.733 0
0.711 0
0.711 0
0.711 0
0.711 0
0.733 0
0.851 0
0.799 0
0.711 0
0.711 1
0.711 0
0.578 0
0.711 0
0.733 0
0.578 0
0.851 2
0.733 1
0.714 58
0.733 0
0.583 1
0.733 0
0.758 2
0.874 0
0.758 0
0.466 3
0.764 63
0.711 60
0.819 0
0.666 58
0.701 57
0.671 63
0.719 59
0.756 0
0.676 57
0.756 1
0.735 59
0.856 57
0.688 65
0.76 59
0.765 63
0.769 61
0.596 57
0.709 61
0.75 57
0.736 84
0.534 57
0.65 55
0.437 56
0.571 55
0.912 53
0.596 55
0.681 56
0.73 55
0.794 54
0.647 57
0.815 54
0.704 56
0.693 53
0.706 52
0.68 56
0.799 54
0.716 55
0.803 54
0.61 54
0.775 54
0.672 56
0.761 53
0.622 56
0.806 55
0.569 55
0.733 54
0.805 54
0.774 53
0.723 53
0.842 54
0.718 53
0.907 55
0.573 54
0.607 56
0.772 53
0.707 55
0.896 54
0.745 54
0.715 53
0.726 0
0.78 54
0.813 54
0.741 56
0.48 53
0.614 56
0.671 54
0.758 55
0.548 54
0.588 53
0.537 54
0.78 52
0.755 52
0.848 51
0.667 52
0.83 52
0.711 52
0.766 50
0.825 50
0.646 52
0.575 51
0.462 52
0.633 53
0.8 52
0.763 50
0.826 51
0.826 52
0.709 52
0.744 51
0.631 51
0.775 52
0.799 51
0.754 52
0.697 52
0.772 52
0.809 50
0.671 51
0.662 51
0.746 52
0.684 52
0.734 50
0.695 52
0.792 52
0.777 53
0.412 52
0.664 52
0.772 51
0.647 52
0.795 53
0.854 50
0.899 52
0.742 52
0.742 52
0.849 51
0.724 52
0.408 51
0.6 52
0.563 51
0.739 51
0.6 51
0.698 52
0.73 50
0.618 52
0.49 51
0.481 49
0.703 49
0.832 50
0.523 50
0.689 51
0.654 51
0.578 51
0.751 50
0.721 50
0.601 48
0.876 49
0.856 49
0.586 49
0.709 50
0.588 49
0.814 49
0.777 50
0.807 50
0.933 52
0.614 49
0.756 50
0.865 51
0.811 50
0.564 51
0.7 49
0.912 49
0.74 50
0.739 51
0.749 49
0.707 49
0.601 49
0.783 49
0.631 50
0.61 51
0.669 50
0.767 48
0.872 51
0.845 51
0.803 50
0.95 49
0.652 52
0.904 52
0.709 49
0.768 51
0.568 50
0.44 49
0.679 72
0.675 48
0.813 48
0.908 50
0.75 49
0.751 49
0.674 47
0.33 50
0.873 48
0.725 50
0.685 48
0.729 49
0.712 48
0.691 49
0.505 50
0.754 48
0.635 48
0.839 49
0.906 49
0.749 48
0.822 48
0.802 49
0.676 49
0.83 49
0.899 50
0.847 49
0.889 48
0.73 48
0.767 49
0.621 48
0.755 48
0.641 50
0.827 51
0.634 49
0.838 47
0.845 50
0.861 47
0.758 48
0.819 48
0.706 48
0.678 49
0.846 49
0.864 48
0.801 49
0.807 48
0.936 48
0.747 49
0.587 48
0.632 49
0.413 49
0.658 48
0.554 48
0.82 48
0.62 47
0.543 47
0.786 47
0.798 47
0.86 48
0.712 47
0.623 48
0.887 47
0.589 47
0.829 48
0.766 47
0.776 47
0.922 47
0.67 47
0.937 47
0.424 48
0.802 47
0.805 47
0.71 48
0.772 47
0.801 49
0.743 49
0.867 48
0.699 48
0.587 47
0.826 47
0.664 49
0.733 47
0.447 47
0.485 48
0.724 48
0.861 48
0.668 47
0.623 49
0.786 48
0.713 48
0.624 48
0.343 49
0.593 47
0.706 47
0.623 48
0.701 48
0.671 49
0.58 47
0.58 48
0.701 48
0.598 48
0.796 46
0.697 46
0.674 46
0.675 48
0.636 47
0.525 46
0.802 47
0.823 46
0.571 47
0.642 47
0.615 47
0.644 47
0.686 47
0.744 47
0.769 47
0.906 47
0.805 47
0.669 47
0.775 48
0.471 47
0.663 47
0.784 48
0.753 46
0.787 47
0.627 46
0.81 47
0.553 47
0.629 47
0.759 48
0.739 46
0.892 48
0.915 46
0.582 47
0.769 47
0.644 46
0.799 46
0.867 48
0.68 46
0.722 46
0.871 47
0.745 46
0.723 46
0.667 1
0.809 46
0.708 46
0.775 47
0.539 47
0.72 47
0.708 48
0.519 47
0.487 47
0.574 47
0.671 47
0.834 46
0.647 47
0.64 47
0.618 47
0.755 46
0.727 45
0.793 46
0.905 47
0.838 46
0.552 46
0.722 46
0.716 46
0.721 46
0.777 47
0.574 46
0.727 48
0.823 48
0.876 46
0.503 46
0.92 47
0.615 45
0.56 46
0.832 46
0.809 47
0.873 47
0.879 46
0.856 46
0.707 46
0.719 46
0.952 46
0.749 47
0.757 46
0.618 47
0.855 45
0.634 46
0.526 47
0.655 46
0.644 45
0.678 47
0.884 47
0.686 46
0.85 46
0.683 46
0.779 48
0.754 47
0.828 46
0.521 46
0.736 76
0.812 46
0.729 46
0.684 45
0.8 47
0.702 46
0.742 45
0.703 45
0.842 45
0.664 46
0.623 46
0.505 46
0.821 45
0.615 45
0.683 46
0.414 46
0.826 45
0.61 46
0.75 46
0.546 46
0.589 47
0.753 46
0.518 46
0.83 45
0.689 47
0.696 46
0.63 45
0.706 45
0.567 46
0.751 45
0.67 45
0.714 46
0.917 45
0.557 45
0.28 47
0.629 45
0.777 47
0.894 47
0.768 45
0.66 46
0.689 46
0.602 46
0.736 46
0.737 45
0.73 47
0.688 46
0.917 45
0.751 45
0.927 47
0.696 46
0.395 45
0.797 45
0.75 45
0.755 45
0.631 45
0.71 44
0.649 46
0.817 45
0.474 44
0.765 45
0.55 44
0.842 45
0.82 45
0.819 44
0.455 46
0.601 44
0.538 45
0.776 46
0.609 46
0.748 44
0.58 45
0.782 45
0.585 45
0.744 46
0.583 45
0.821 46
0.728 45
0.687 45
0.787 45
0.857 45
0.827 45
0.741 45
0.753 45
0.864 46
0.852 45
0.755 45
0.736 45
0.701 45
0.662 45
0.816 45
0.833 44
0.883 46
0.675 45
0.898 46
0.748 46
0.778 45
0.911 46
0.724 45
0.606 45
0.603 45
0.593 45
0.9 45
0.712 45
0.815 44
0.368 45
0.44 46
0.68 46
0.852 44
0.673 45
0.777 45
0.914 46
0.844 45
0.89 46
0.667 46
0.833 44
0.713 44
0.858 44
0.685 44
0.782 45
0.836 43
0.544 46
0.772 46
0.761 44
0.635 46
0.668 45
0.842 44
0.686 44
0.81 44
0.756 44
0.693 44
0.763 45
0.737 44
0.776 44
0.794 44
0.737 46
0.444 45
0.813 44
0.777 44
0.686 44
0.797 45
0.557 46
0.718 44
0.955 46
0.686 44
0.619 44
0.743 44
0.864 46
0.603 45
0.454 45
0.665 44
0.863 43
0.645 44
0.862 44
0.843 44
0.506 44
0.609 44
0.681 43
0.597 43
0.729 45
0.629 43
0.591 43
0.734 44
0.772 44
0.699 45
0.832 43
0.892 43
0.341 44
0.805 45
0.451 45
0.78 44
0.89 44
0.688 45
0.482 43
0.75 45
0.189 45
0.852 43
0.847 44
0.885 45
0.781 45
0.708 44
0.912 44
0.686 44
0.872 44
0.663 46
0.634 45
0.703 44
0.888 44
0.73 45
0.482 44
0.717 45
0.921 44
0.81 44
0.781 45
0.739 44
0.633 44
0.75 44
0.784 44
0.781 43
0.629 44
0.4 46
0.704 45
0.711 44
0.588 44
0.811 43
0.656 45
0.675 43
0.739 45
0.759 45
0.62 43
0.683 44
0.616 43
0.67 43
0.606 43
0.564 44
0.752 43
0.649 44
0.709 45
0.677 43
0.838 43
0.7 45
0.559 44
0.738 43
0.717 43
0.523 43
0.844 43
0.619 44
0.74 45
0.697 44
0.829 43
0.788 43
0.851 43
0.917 44
0.3 45
0.921 44
0.656 44
0.519 43
0.557 45
0.862 45
0.709 44
0.774 43
0.85 44
0.652 43
0.757 44
0.782 44
0.804 44
0.72 44
0.723 43
0.453 42
0.772 43
0.438 44
0.912 43
0.736 43
0.577 44
0.181 43
0.656 43
0.828 43
0.765 43
0.744 43
0.631 43
0.883 43
0.516 44
0.763 42
0.633 43
0.912 43
0.489 43
0.559 43
0.676 44
0.794 43
0.807 43
0.675 43
0.775 43
0.921 42
0.778 43
0.823 44
0.864 43
0.669 43
0.751 42
0.768 43
0.697 43
0.579 42
0.904 43
0.681 43
0.77 43
0.898 44
0.616 43
0.439 43
0.4 43
0.608 43
0.754 42
0.562 43
0.722 43
0.587 43
0.881 42
0.771 44
0.552 44
0.739 43
0.76 43
0.419 43
0.502 43
0.592 43
0.618 43
0.924 43
0.949 43
0.553 43
0.876 44
0.636 43
0.649 43
0.858 43
0.834 44
0.795 43
0.702 43
0.823 42
0.885 44
0.654 43
0.673 43
0.65 44
0.581 43
0.675 43
0.8 43
0.729 43
0.699 43
0.68 43
0.656 43
0.761 43
0.86 43
0.721 42
0.924 43
0.58 42
0.783 44
0.56 43
0.782 42
0.887 42
0.705 42
0.651 42
0.833 43
0.823 43
0.6 43
0.751 42
0.534 42
0.587 45
0.566 44
0.644 42
0.541 43
0.846 43
0.743 43
0.747 42
0.642 44
0.783 43
0.701 42
0.885 44
0.923 42
0.571 44
0.861 43
0.93 43
0.733 42
0.836 43
0.71 43
0.85 42
0.568 43
0.878 43
0.731 43
0.769 42
0.693 42
0.833 42
0.802 44
0.887 43
0.751 43
0.64 42
0.624 42
0.838 42
0.351 44
0.562 44
0.521 43
0.869 43
0.727 44
0.481 42
0.934 42
0.94 42
0.721 43
0.703 42
0.743 43
0.706 43
0.795 42
0.547 43
0.785 42
0.864 42
0.802 42
0.803 42
0.677 43
0.668 42
0.891 43
0.413 43
0.607 43
0.703 42
0.868 44
0.542 43
0.809 43
0.718 41
0.533 42
0.535 42
0.543 41
0.676 43
0.831 42
0.513 41
0.69 42
0.739 43
0.905 42
0.896 43
0.705 43
0.502 44
0.689 43
0.874 43
0.799 42
0.675 41
0.739 44
0.44 43
0.818 41
0.728 42
0.607 43
0.819 44
0.804 42
0.57 43
0.824 42
0.5 44
0.709 44
0.89 43
0.571 42
0.856 42
0.59 42
0.687 42
0.911 42
0.565 42
0.95 44
0.66 42
0.883 43
0.834 42
0.73 42
0.666 42
0.896 43
0.443 43
0.698 43
0.704 42
0.73 42
0.857 44
0.639 42
0.648 44
0.718 43
0.511 43
0.55 42
0.748 43
0.711 70
0.643 41
0.662 42
0.597 42
0.857 43
0.866 42
0.74 41
0.685 42
0.546 41
0.94 42
0.695 42
0.711 43
0.373 41
0.415 42
0.844 42
0.897 41
0.604 42
0.825 41
0.857 42
0.811 41
0.93 42
0.805 41
0.798 42
0.548 43
0.509 42
0.741 41
0.668 43
0.867 41
0.525 43
0.448 42
0.553 41
0.419 43
0.6 43
0.742 42
0.877 43
0.543 43
0.811 41
0.697 42
0.799 42
0.371 43
0.902 42
0.769 42
0.665 42
0.719 42
0.623 42
0.633 42
0.622 42
0.696 41
0.706 43
0.689 42
0.475 42
0.646 42
0.711 43
0.325 43
0.904 43
0.689 43
0.8 43
0.593 41
0.68 42
0.73 43
0.735 41
0.717 41
0.632 41
0.68 41
0.33 42
0.802 41
0.446 42
0.462 41
0.851 41
0.857 42
0.773 43
0.748 42
0.795 41
0.574 41
0.662 41
0.533 43
0.733 41
0.755 41
0.5 43
0.85 43
0.778 41
0.712 42
0.751 42
0.611 42
0.828 41
0.769 42
0.767 42
0.667 41
0.864 41
0.562 41
0.527 41
0.445 41
0.749 42
0.765 42
0.698 41
0.741 42
0.672 42
0.804 42
0.617 42
0.634 41
0.732 43
0.726 40
0.913 41
0.857 41
0.65 41
0.456 41
0.803 41
0.821 40
0.912 41
0.689 41
0.321 41
0.639 41
0.799 41
0.891 41
0.617 41
0.732 40
0.645 41
0.632 40
0.878 40
0.76 41
0.893 40
0.665 41
0.87 41
0.67 40
0.532 41
0.804 40
0.803 43
0.803 41
0.938 41
0.437 41
0.751 41
0.944 41
0.46 42
0.746 42
0.927 41
0.843 44
0.762 41
0.643 41
0.79 41
0.602 43
0.801 41
0.642 41
0.427 43
0.886 43
0.454 43
0.779 43
0.912 41
0.875 41
0.888 42
0.634 41
0.839 2
0.942 0
0.922 0
0.958 1
0.996 0
0.996 0
0.922 0
0.813 0
0.813 0
0.942 0
0.922 0
0.955 12
0.914 0
0.8 1
0.979 0
0.962 0
0.958 0
0.967 0
0.962 0
0.909 0
0.821 0
0.8 0
0.958 0
0.989 0
0.948 0
0.974 0
0.728 0
0.974 0
0.974 0
0.979 0
0.942 0
0.728 0
0.979 0
0.957 0
0.957 0
0.957 0
0.957 0
0.974 0
0.942 0
0.942 0
0.963 0
0.909 0
0.909 0
0.933 0
0.676 0
0.974 0
0.676 0
0.935 0
0.676 0
0.866 0
0.981 0
0.977 0
0.989 0
0.977 0
0.977 0
0.741 0
0.918 0
0.88 0
0.997 0
0.916 0
0.997 0
0.997 0
0.988 1
0.997 0
0.917 0
0.98 0
0.997 0
0.712 0
0.997 0
0.948 0
0.913 0
0.913 0
0.708 0
0.994 0
0.708 0
0.708 0
0.998 0
0.998 0
0.993 0
0.996 0
0.994 0
0.953 0
0.951 0
0.986 0
0.986 0
0.986 0
0.993 0
0.993 0
0.826 0
0.676 0
0.994 0
0.826 0
0.676 0
0.826 0
0.866 0
0.866 0
0.794 0
0.794 0
0.877 0
0.86 0
0.902 38
0.998 1
0.74 1
0.952 39
0.883 1
0.843 0
0.843 0
0.74 0
0.74 0
0.723 39
0.74 0
0.74 0
0.926 0
0.965 1
0.906 0
0.95 38
0.968 38
0.997 0
0.906 0
0.906 0
0.977 0
0.997 0
0.997 0
0.983 0
0.944 0
0.983 0
0.983 0
0.857 0
0.857 0
0.97 0
0.963 0
0.843 0
0.996 0
0.843 0
0.886 39
0.995 0
0.759 0
0.759 0
0.995 0
0.759 0
0.759 0
0.759 0
0.737 0
0.703 39
0.995 0
0.928 0
0.857 0
0.944 0
0.98 0
0.975 0
0.998 38
0.934 36
0.982 37
0.923 36
0.956 36
0.91 37
0.91 37
0.928 0
0.985 37
0.908 37
0.953 37
0.989 0
0.902 0
0.864 36
0.77 36
0.914 36
0.881 0
0.733 38
0.886 0
0.974 0
0.967 36
0.958 0
0.877 0
0.877 0
0.958 0
0.902 0
0.918 0
0.999 36
0.918 0
0.989 0
0.828 38
0.907 0
0.902 0
0.925 0
0.925 0
0.85 0
0.923 0
0.857 0
0.99 2
0.923 0
0.85 0
0.857 0
0.923 0
0.85 0
0.99 0
0.99 0
0.857 0
0.664 37
0.928 0
0.98 0
0.63 43
0.93 35
0.731 0
0.91 35
0.974 35
0.884 35
0.965 35
0.785 37
0.844 1
0.881 0
0.844 0
0.885 36
0.844 0
0.702 35
0.992 3
0.886 0
0.8 35
0.854 0
0.723 0
0.916 0
0.931 0
0.931 0
0.957 0
0.733 36
0.904 0
0.931 0
0.997 0
0.931 0
0.916 0
0.956 0
0.956 0
0.916 0
0.904 0
0.904 0
0.992 0
0.969 0
0.997 0
0.825 36
0.969 0
0.969 0
0.992 0
0.997 0
0.997 0
0.846 0
0.921 0
0.856 35
0.85 0
0.846 0
0.723 0
0.808 0
0.944 58
0.971 33
0.951 34
0.842 34
0.997 33
0.849 33
0.842 35
0.827 34
0.858 34
0.973 35
0.995 34
0.813 34
0.551 34
0.884 34
0.964 33
0.9 35
0.924 36
0.999 33
0.793 33
0.947 34
0.625 34
0.885 0
0.484 34
0.932 34
0.842 35
0.978 34
0.9 0
0.977 5
0.885 0
0.825 0
0.794 35
0.93 35
0.922 34
0.789 34
0.829 34
0.866 33
0.654 35
0.921 34
0.92 33
0.959 0
0.9 0
0.87 34
0.977 0
0.507 35
0.712 35
0.933 35
0.659 35
0.484 34
0.644 35
0.552 35
0.922 74
0.111 58
0.674 34
0.969 32
0.846 31
0.683 33
0.928 32
0.834 31
0.937 33
0.822 31
0.848 34
0.96 31
0.583 32
0.998 32
0.731 32
0.978 31
0.946 31
0.749 32
0.997 33
0.752 33
0.943 32
0.963 32
0.528 34
0.748 32
0.925 32
0.96 0
0.933 33
0.971 0
0.842 0
0.902 33
0.974 32
0.906 33
0.977 32
0.971 0
0.823 33
0.951 32
0.887 32
0.817 33
0.732 33
0.959 32
0.985 34
0.506 31
0.88 34
0.821 0
0.931 32
0.821 0
0.758 32
0.821 0
0.977 31
0.611 32
0.942 74
0.957 46
0.855 32
0.944 31
0.84 31
0.834 31
0.922 30
0.976 30
0.879 31
0.836 31
0.726 30
0.881 32
0.789 31
0.998 30
0.909 32
0.694 30
0.994 31
0.967 31
0.936 30
0.913 31
0.993 31
0.992 30
0.885 31
0.909 30
0.685 30
0.835 31
0.836 31
0.923 32
0.939 30
0.844 31
0.674 32
0.882 31
0.863 31
0.981 30
0.971 32
0.919 30
0.814 31
0.894 31
0.81 30
0.855 31
0.93 32
0.84 31
0.608 31
0.968 0
0.962 0
0.785 30
0.82 32
0.849 32
0.878 32
0.676 32
0.921 70
0.998 30
0.929 29
0.936 30
0.92 30
0.756 30
0.916 29
0.906 29
0.957 30
0.999 29
0.94 29
0.914 29
0.986 30
0.954 30
0.854 30
0.783 30
0.911 30
0.792 29
0.962 30
0.999 29
0.92 30
0.901 30
0.69 30
0.897 29
0.856 31
0.999 30
0.876 31
0.984 30
0.962 31
0.771 29
0.793 31
0.912 0
0.689 31
0.94 0
0.83 31
0.807 30
0.984 31
0.729 30
0.967 30
0.816 31
0.957 31
0.919 30
0.947 30
0.479 30
0.92 0
0.89 31
0.834 29
0.763 31
0.678 30
0.972 31
0.887 51
0.79 30
0.944 56
0.995 29
0.963 29
0.869 28
0.982 29
0.678 31
0.997 29
0.89 31
0.959 29
0.902 30
0.9 29
0.964 29
0.791 31
0.894 29
0.577 29
0.98 29
0.994 30
0.903 29
0.998 29
0.886 31
0.861 29
0.958 31
0.768 29
0.93 29
0.902 29
0.998 30
0.96 29
0.949 29
0.836 29
1 30
0.645 31
0.931 29
0.882 30
0.87 30
0.877 30
0.918 29
0.513 29
0.746 29
0.873 30
0.662 31
0.776 30
0.857 30
0.555 30
0.848 31
0.803 29
0.848 30
0.853 30
0.936 28
0.958 72
0.783 29
0.801 49
0.801 55
0.728 29
0.999 28
0.949 28
0.908 54
0.688 29
0.936 29
0.985 28
0.539 28
0.966 28
0.928 29
0.94 29
0.959 28
0.945 29
0.803 30
0.92 28
0.938 28
0.736 28
0.67 28
0.734 29
0.719 28
0.961 28
0.601 29
0.979 29
0.918 28
0.94 30
0.755 29
0.766 29
0.885 29
0.813 28
0.927 28
0.892 29
0.902 29
0.999 29
0.955 28
0.878 29
0.617 29
0.986 28
0.727 30
0.914 30
0.908 28
0.851 29
0.848 30
0.8 28
0.815 29
0.878 30
1 29
0.796 62
0.511 46
0.968 27
0.902 28
0.961 26
0.971 27
0.981 28
0.941 27
1 27
0.983 28
0.703 27
0.948 28
0.995 27
0.969 27
0.742 28
0.903 27
0.873 28
0.704 28
0.854 29
0.976 28
0.978 27
0.907 28
0.796 28
0.829 28
0.923 27
0.998 27
0.993 27
0.74 27
0.857 28
0.841 29
0.873 27
0.978 1
0.64 27
0.976 28
0.968 28
0.849 28
0.983 28
0.96 27
0.913 27
0.839 0
0.953 27
0.999 0
0.985 27
0.974 0
0.806 28
0.974 0
0.962 0
0.889 28
0.897 28
0.916 27
0.968 59
0.685 28
0.754 26
0.905 26
0.796 26
0.96 26
0.936 27
0.752 73
0.545 28
0.895 27
0.75 28
0.938 27
0.834 27
0.973 26
0.94 26
0.864 26
0.9 28
0.887 28
0.858 28
0.901 28
0.881 27
0.854 26
0.945 27
0.714 28
0.914 26
0.986 27
0.464 27
0.863 27
0.844 26
0.644 27
0.542 27
0.974 26
0.956 0
0.962 26
0.994 28
0.965 0
0.633 27
0.797 26
0.956 0
0.948 27
0.978 0
0.912 28
0.874 0
0.965 0
0.945 0
0.908 0
0.908 0
0.998 0
0.962 0
0.492 26
0.885 26
0.915 26
0.948 26
0.968 26
0.921 25
0.962 26
0.902 25
0.856 27
0.932 26
0.956 26
0.884 26
0.961 25
0.964 26
0.854 26
0.782 27
0.746 26
0.889 26
0.59 26
0.864 26
0.952 26
0.809 28
0.993 26
0.983 26
0.954 25
0.862 27
0.895 26
0.898 26
0.79 27
0.857 27
0.957 0
0.994 0
0.854 25
0.965 26
0.863 26
0.91 26
0.74 25
0.995 0
0.995 0
0.995 0
0.766 27
0.974 26
0.8 27
0.827 26
0.751 27
0.989 0
0.836 0
0.858 26
0.987 26
0.908 26
0.826 27
0.473 48
0.881 25
0.922 24
0.473 27
0.891 25
0.971 25
0.928 26
0.866 26
0.97 25
0.79 26
0.884 26
0.7 25
0.86 26
0.844 25
0.986 25
0.811 25
0.987 25
0.856 26
0.995 26
0.861 26
0.96 26
0.773 26
0.868 26
0.749 25
0.763 26
0.924 26
0.981 25
0.998 26
0.839 25
0.931 25
0.819 25
0.973 25
0.985 25
0.97 25
0.913 0
0.914 0
0.678 26
0.761 26
0.697 26
0.904 26
0.642 26
0.92 0
0.964 0
0.687 26
0.67 25
0.937 25
0.869 25
0.973 25
0.844 26
0.859 0
0.171 38
0.203 36
0.797 26
0.968 24
0.949 24
0.947 25
0.797 25
0.783 26
0.937 24
0.936 25
0.952 26
0.841 24
0.867 25
0.789 25
0.963 25
0.997 25
0.828 24
0.963 25
0.943 25
0.951 25
0.987 24
0.814 24
0.975 25
0.504 25
0.521 25
0.902 26
0.961 24
0.937 25
0.933 25
0.992 25
0.996 25
0.936 25
0.992 24
0.886 26
0.88 25
0.881 25
0.954 24
0.965 25
0.974 26
0.533 25
0.688 26
0.948 24
0.579 25
0.909 25
0.978 24
0.932 26
0.904 25
0.858 25
0.908 25
0.974 26
0.887 24
0.869 24
0.905 24
0.801 24
0.969 24
0.884 24
0.978 24
0.708 24
0.864 37
0.634 25
0.877 24
0.688 0
0.831 24
0.981 24
0.546 0
0.759 25
0.68 26
0.888 26
0.997 24
0.86 0
0.729 0
0.576 0
0.457 0
0.69 25
0.917 24
0.842 25
0.572 0
0.758 0
0.874 25
0.957 25
0.955 25
0.746 0
0.722 0
0.729 0
0.529 0
0.938 24
0.886 24
0.546 0
0.473 0
0.836 24
0.742 25
0.862 25
0.746 0
0.921 25
0.758 0
0.99 25
0.964 25
0.769 25
0.794 25
0.844 24
0.582 63
0.661 24
0.887 53
0.881 44
0.956 23
0.881 25
0.992 24
0.959 24
0.848 25
0.74 64
0.902 24
0.804 25
0.949 24
0.961 24
0.947 25
0.927 23
0.947 23
0.652 24
0.95 24
0.705 25
0.595 25
0.954 24
0.662 25
0.803 25
0.871 25
0.794 24
0.937 25
0.963 24
0.86 25
0.98 24
0.899 24
0.948 24
0.867 25
0.886 24
0.877 25
0.877 25
0.857 25
0.865 25
0.79 23
0.869 24
0.774 24
0.823 24
0.777 25
0.933 24
0.936 24
0.942 24
0.853 24
0.913 24
0.925 25
0.977 24
0.842 54
0.808 65
0.994 24
0.954 23
0.563 23
0.91 24
0.938 24
0.906 24
0.91 23
0.9 24
0.931 24
0.999 24
0.835 23
0.898 24
0.758 24
0.708 24
0.879 24
0.997 24
0.946 23
0.604 24
0.937 23
0.74 24
0.87 24
0.932 24
0.998 23
0.995 23
0.582 24
0.988 24
0.86 25
0.962 23
0.727 24
0.9 24
0.975 25
0.94 24
0.9 24
0.815 24
0.731 24
0.919 24
0.985 24
0.957 23
0.95 23
0.995 23
0.989 24
0.952 24
0.579 24
0.81 24
0.91 24
0.967 24
0.996 25
0.92 25
0.905 52
0.815 0
0.935 23
0.892 24
0.725 23
0.961 22
0.966 22
0.933 23
0.937 22
0.909 24
0.703 24
0.938 22
0.992 23
0.998 23
0.811 22
0.965 23
0.965 23
0.96 22
0.745 24
0.72 23
0.866 24
0.937 23
0.97 23
0.549 22
0.828 24
0.857 23
0.756 24
0.948 23
0.911 23
0.999 23
0.948 22
0.915 23
0.826 23
0.6 23
0.921 22
0.939 23
0.816 23
0.989 23
0.901 24
0.729 22
0.951 24
0.992 23
0.92 22
0.719 24
0.761 23
0.768 23
0.947 23
0.549 24
0.905 23
0.88 23
0.797 96
0.547 90
0.705 83
0.797 0
0.797 1
0.797 0
0.797 1
0.797 2
0.699 0
0.875 1
0.708 3
0.699 0
0.875 0
0.606 0
0.74 6
0.741 4
0.61 0
0.829 2
0.448 0
0.677 7
0.448 0
0.72 0
0.708 1
0.677 1
0.677 0
0.677 1
0.677 2
0.677 1
0.74 0
0.677 0
0.677 0
0.677 0
0.829 0
0.677 0
0.677 0
0.677 0
0.677 0
0.741 0
0.677 0
0.677 0
0.741 0
0.677 0
0.866 0
0.677 0
0.677 0
0.677 0
0.677 0
0.677 0
0.677 0
0.677 0
0.797 73
0.75 89
0.665 85
0.743 80
0.722 62
0.495 79
0.754 69
0.605 71
0.492 68
0.72 76
0.74 74
0.699 77
0.224 61
0.533 85
0.333 60
0.69 74
0.764 76
0.689 70
0.22 71
0.692 73
0.851 71
0.875 83
0.705 78
0.679 76
0.72 75
0.944 79
0.532 81
0.655 1
0.875 0
0.526 49
0.606 66
0.385 57
0.72 0
0.655 2
0.655 0
0.655 3
0.741 0
0.225 3
0.439 0
0.429 0
0.382 3
0.154 0
0.154 0
0.21 0
0.655 0
0.85 0
0.154 0
0.962 0
0.818 1
0.818 0
0.825 77
0.556 57
0.493 67
0.803 74
0.147 74
0.732 61
0.872 64
0.592 71
0.904 84
0.55 77
0.632 56
0.0902 70
0.713 63
0.782 0
0.726 64
0.315 79
0.705 62
0.0575 69
0.772 74
0.688 61
0.422 74
0.602 63
0.059 69
0.428 78
0.0381 70
0.887 68
0.77 62
0.282 49
0.749 60
0.0186 68
0.101 61
0.043 67
0.839 74
0.948 67
0.844 78
0.699 0
0.842 0
0.283 57
0.967 76
0.473 74
0.147 70
0.725 59
0.324 73
0.769 52
0.0191 0
0.5 73
0.845 0
0.467 0
0.0695 0
0.31 0
0.393 68
0.0588 57
0.534 58
0.0944 54
0.0551 57
0.0203 66
0.503 56
0.103 59
0.0238 69
0.458 54
0.223 45
0.931 64
0.11 60
0.573 55
0.0221 66
0.382 65
0.0506 56
0.859 62
0.0464 66
0.292 64
0.416 70
0.913 62
0.854 70
0.714 54
0.0519 61
0.314 0
0.0958 0
0.0942 0
0.091 0
0.0921 0
0.0885 0
0.119 0
0.0709 0
0.131 0
0.039 0
0.0465 0
0.0724 0
0.0657 0
0.0845 0
0.11 0
0.845 62
0.196 1
0.278 0
0.196 2
0.196 0
0.196 0
0.438 0
0.25 0
0.278 0
0.0242 0
0.409 51
0.8 53
0.613 59
0.0902 65
0.764 59
0.234 63
0.121 64
0.307 64
0.406 50
0.00889 65
0.0123 49
0.107 65
0.647 72
0.571 63
0.0737 65
0.178 55
0.114 42
0.14 61
0.0143 61
0.0405 63
0.0186 69
0.453 72
0.0661 61
0.0486 49
0.503 51
0.242 43
0.729 68
0.027 62
0.0985 47
0.713 59
0.53 49
0.571 70
0.0958 56
0.132 45
0.555 49
0.656 68
0.242 40
0.201 57
0.935 65
0.0793 42
0.907 61
0.0939 0
0.8 73
0.0371 0
0.818 75
0.116 0
0.38 0
0.0652 0
0.38 0
0.263 1
0.0349 62
0.0653 40
0.556 58
0.527 45
0.191 60
0.727 56
0.0136 63
0.0195 63
0.146 51
0.915 29
0.489 53
0.0303 62
0.281 49
0.877 64
0.0367 63
0.548 54
0.0123 62
0.121 56
0.285 56
0.0329 57
0.15 59
0.0921 55
0.646 28
0.638 58
0.729 70
0.0309 57
0.0101 63
0.591 58
0.357 51
0.725 62
0.112 39
0.956 37
0.663 72
0.149 56
0.158 57
0.847 35
0.907 36
0.758 73
0.679 72
0.956 50
0.901 37
0.982 35
0.0693 38
0.13 38
0.594 0
0.00947 0
0.0134 0
0.619 0
0.599 0
0.599 0
0.571 69
0.239 57
0.569 66
0.0639 59
0.894 58
0.663 70
0.692 67
0.0762 50
0.635 42
0.00924 58
0.0437 56
0.097 62
0.512 64
0.863 60
0.114 61
0.146 58
0.0547 63
0.0421 63
0.766 51
0.742 47
0.673 74
0.0627 53
0.116 62
0.333 68
0.854 64
0.13 61
0.33 42
0.68 59
0.0639 62
0.0424 44
0.395 41
0.181 62
0.61 53
0.0223 45
0.107 43
0.539 52
0.0126 62
0.155 59
0.362 66
0.536 66
0.979 68
0.778 33
0.909 35
0.531 40
0.91 33
0.968 35
0.128 37
0.0685 38
0.0847 37
0.134 37
0.157 44
0.213 39
0.0371 57
0.28 51
0.365 52
0.0248 62
0.0375 61
0.0693 52
0.232 37
0.0212 55
0.00598 59
0.724 52
0.0476 53
0.114 60
0.675 64
0.326 45
0.74 54
0.0503 61
0.013 62
0.0143 60
0.056 62
0.0511 62
0.0576 50
0.048 61
0.627 57
0.0248 59
0.148 61
0.00375 60
0.00489 62
0.101 40
0.193 45
0.12 41
0.193 49
0.439 65
0.0598 50
0.0851 61
0.392 71
0.305 65
0.626 54
0.0762 42
0.815 59
0.809 60
0.601 58
0.678 39
0.125 36
0.477 67
0.126 37
0.0682 36
0.0916 36
0.11 36
0.451 52
0.0505 46
0.228 50
0.0251 57
0.0254 60
0.138 60
0.0272 62
0.431 39
0.689 71
0.0244 60
0.238 50
0.0384 60
0.0239 51
0.808 57
0.7 27
0.0503 52
0.072 38
0.124 42
0.0236 60
0.0223 49
0.0495 61
0.0992 61
0.0916 44
0.0374 60
0.139 60
0.749 65
0.0592 60
0.0561 60
0.014 40
0.173 48
0.0251 41
0.0504 40
0.214 35
0.0485 61
0.934 65
0.0249 62
0.452 57
0.0605 47
0.427 34
0.0695 60
0.0423 0
0.0538 0
0.337 0
0.0787 35
0.0235 35
0.683 0
0.0745 35
0.782 2
0.255 0
0.0327 0
0.0347 49
0.7 50
0.0419 41
0.0154 48
0.0431 49
0.0572 61
0.0117 49
0.127 54
0.0335 61
0.0368 59
0.104 54
0.547 49
0.245 52
0.625 49
0.84 51
0.0253 60
0.039 48
0.176 37
0.128 59
0.158 57
0.805 56
0.0297 45
0.0717 60
0.374 52
0.0373 42
0.0945 33
0.0708 61
0.174 40
0.103 36
0.818 58
0.0579 52
0.0217 49
0.311 59
0.0172 51
0.929 49
0.114 38
0.872 68
0.138 61
0.062 33
0.22 50
0.827 64
0.665 67
0.279 63
0.446 65
0.748 61
0.895 55
0.377 34
0.142 33
0.114 34
0.972 34
0.114 37
0.472 66
0.275 60
0.647 46
0.0377 58
0.322 47
0.762 46
0.0794 44
0.0453 60
0.0434 59
0.0238 42
0.0251 60
0.0458 59
0.012 49
0.2 50
0.0324 42
0.134 39
0.0491 52
0.704 48
0.0472 60
0.147 42
0.234 56
0.0359 59
0.0407 60
0.294 54
0.0546 60
0.0184 59
0.0708 56
0.0686 59
0.155 48
0.829 46
0.06 60
0.0272 60
0.269 45
0.0138 40
0.821 53
0.822 49
0.16 41
0.0153 49
0.477 64
0.0831 54
0.0652 34
0.248 62
0.00706 57
0.0294 59
0.628 58
0.00928 32
0.219 51
0.782 60
0.0557 33
0.46 21
0.26 39
0.0756 59
0.843 48
0.337 37
0.00635 59
0.468 46
0.0819 48
0.702 23
0.0451 60
0.00486 60
0.0887 39
0.0394 55
0.0762 59
0.0578 34
0.136 59
0.0384 59
0.0922 58
0.375 41
0.0573 58
0.0591 52
0.0918 38
0.0219 58
0.0229 60
0.109 50
0.0494 58
0.32 43
0.283 37
0.0555 60
0.114 58
0.0168 38
0.257 46
0.18 38
0.174 39
0.132 59
0.0145 60
0.612 57
0.148 39
0.0523 38
0.0275 37
0.00941 58
0.00176 60
0.0617 37
0.0643 59
0.315 46
0.265 63
0.0771 40
0.22 49
0.032 39
0.183 48
0.309 42
0.124 53
0.0315 51
0.744 21
0.0326 58
0.0734 59
0.607 50
0.122 59
0.0158 57
0.0393 58
0.654 49
0.328 36
0.0038 50
0.588 49
0.168 51
0.125 48
0.136 41
0.115 40
0.171 51
0.145 49
0.666 56
0.011 59
0.268 50
0.844 61
0.583 47
0.0287 57
0.00552 43
0.334 56
0.627 47
0.61 66
0.22 62
0.124 53
0.574 59
0.156 62
0.236 54
0.0583 56
0.0399 53
0.00806 51
0.494 47
0.0531 59
0.0232 56
0.00701 52
0.363 55
0.291 57
0.924 22
0.0795 38
0.034 46
0.804 63
0.00919 59
0.0939 32
0.495 58
0.0493 57
0.129 47
0.27 50
0.214 43
0.378 29
0.0234 52
0.191 42
0.827 41
0.483 39
0.88 67
0.145 42
0.0224 50
0.0356 50
0.496 49
0.354 48
0.29 40
0.0485 52
0.473 35
0.0604 37
0.0391 59
0.159 49
0.195 38
0.0192 40
0.236 57
0.0663 52
0.336 62
0.0153 54
0.373 63
0.0751 36
0.224 49
0.0358 42
0.0871 53
0.242 38
0.807 53
0.0797 53
0.176 38
0.154 48
0.752 31
0.931 62
0.839 60
0.493 32
0.166 31
0.263 57
0.162 31
0.397 54
0.0757 31
0.0472 31
0.948 61
0.0949 31
0.0168 58
0.487 50
0.246 40
0.45 47
0.239 34
0.0213 57
0.495 48
0.843 21
0.18 26
0.0755 57
0.0271 58
0.333 48
0.00957 58
0.107 58
0.081 40
0.049 59
0.0469 46
0.00179 50
0.0762 52
0.00181 58
0.0686 56
0.0714 57
0.0414 58
0.0592 38
0.368 30
0.0224 49
0.483 36
0.153 36
0.719 44
0.597 55
0.0056 58
0.00277 39
0.0225 50
0.528 48
0.0431 48
0.0369 39
0.0368 38
0.143 46
0.81 20
0.436 31
0.748 64
0.0536 47
0.0323 30
0.945 65
0.733 59
0.699 31
0.504 59
0.887 30
0.684 33
0.0445 30
0.0392 43
0.113 49
0.281 48
0.196 57
0.255 44
0.0959 34
0.00579 55
0.00675 57
0.115 57
0.0346 53
0.0399 58
0.0343 49
0.00943 50
0.803 56
0.081 40
0.109 57
0.138 53
0.323 38
0.0107 49
0.172 42
0.00409 57
0.143 58
0.0178 58
0.0405 57
0.0321 53
0.398 49
0.0253 45
0.0206 57
0.0154 43
0.663 48
0.0345 58
0.0351 38
0.296 36
0.0138 57
0.615 60
0.137 43
0.0673 46
0.00303 54
0.0216 31
0.637 52
0.161 45
0.346 57
0.114 30
0.0114 29
0.0525 29
0.00815 0
0.583 60
0.668 67
0.934 32
0.494 32
0.568 43
0.131 57
0.528 38
0.274 45
0.00906 51
0.0626 50
0.21 57
0.0556 45
0.0157 55
0.0261 55
0.283 54
0.131 45
0.0431 56
0.056 58
0.055 52
0.0502 40
0.539 57
0.224 50
0.699 53
0.314 45
0.0538 55
0.173 55
0.101 54
0.8 56
0.737 39
0.0404 56
0.0317 50
0.0276 51
0.0527 37
0.926 56
0.00402 54
0.275 48
0.94 30
0.211 59
0.59 29
0.198 42
0.52 55
0.572 59
0.681 62
0.748 31
0.893 30
0.549 58
0.758 30
0.446 62
0.0215 45
0.429 30
0.126 29
0.0191 28
0.133 31
0.179 32
0.804 47
0.0758 52
0.0368 49
0.0444 51
0.12 39
0.31 49
0.161 56
0.0325 48
0.0343 57
0.05 44
0.762 45
0.051 49
0.108 42
0.111 44
0.0228 40
0.155 48
0.0569 42
0.034 40
0.00362 36
0.0192 51
0.0764 48
0.843 38
0.331 52
0.0402 49
0.329 35
0.287 34
0.0526 37
0.407 58
0.109 29
0.239 48
0.0716 48
0.0651 56
0.0727 37
0.664 52
0.0647 35
0.0994 36
0.000544 45
0.866 29
0.081 45
0.0679 45
0.385 55
0.913 30
0.547 62
0.915 29
0.199 29
0.7 66
0.499 61
0.119 30
0.00791 0
0.0152 0
0.247 45
0.655 50
0.0715 45
0.333 47
0.0494 48
0.158 36
0.00442 54
0.943 63
0.261 44
0.00885 57
0.137 49
0.0621 46
0.0307 49
0.00988 52
0.0245 51
0.415 28
0.076 49
0.0349 56
0.052 53
0.0585 52
0.0654 55
0.254 51
0.224 28
0.168 28
0.0631 56
0.127 35
0.142 54
0.143 45
0.171 47
0.00841 27
0.08 56
0.187 59
0.304 52
0.595 29
0.0144 28
0.32 54
0.193 56
0.0604 28
0.253 27
0.0201 28
0.0138 27
0.0086 45
0.0416 28
0.842 29
0.6 30
0.373 29
0.902 29
0.107 28
0.0511 28
0.314 27
0.0712 38
0.223 31
0.0709 58
0.798 46
0.853 43
0.46 62
0.168 44
0.068 48
0.156 42
0.0621 46
0.114 59
0.153 53
0.0146 52
0.0133 57
0.729 54
0.0323 53
0.481 60
0.0161 51
0.105 36
0.0656 49
0.0256 50
0.796 47
0.0327 50
0.0725 50
0.164 41
0.00456 55
0.032 49
0.19 28
0.0185 40
0.872 28
0.0841 36
0.387 55
0.0995 47
0.865 53
0.0859 27
0.771 49
0.955 60
0.337 29
0.864 28
0.795 51
0.0847 56
0.0128 28
0.0914 27
0.713 30
0.197 54
0.746 29
0.209 28
0.00547 27
0.0498 28
0.00402 29
0.765 74
0.392 71
0.4 73
0.449 71
0.587 71
0.433 71
0.478 74
0.532 71
0.727 71
0.632 72
0.86 72
0.612 77
0.713 76
0.396 72
0.344 72
0.495 72
0.532 79
0.519 73
0.603 74
0.539 73
0.665 72
0.481 74
0.471 71
0.667 71
0.429 73
0.551 71
0.536 77
0.432 72
0.89 71
0.627 71
0.295 70
0.771 73
0.366 74
0.343 70
0.553 72
0.812 72
0.573 77
0.614 80
0.525 70
0.711 71
0.92 76
0.723 70
0.637 77
0.448 77
0.638 72
0.655 73
0.519 72
0.654 79
0.761 72
0.692 74
0.438 69
0.488 69
0.67 69
0.416 71
0.573 68
0.767 71
0.896 68
0.378 69
0.537 70
0.419 70
0.779 69
0.628 70
0.898 71
0.562 70
0.397 68
0.774 69
0.45 69
0.525 70
0.604 71
0.697 68
0.496 71
0.618 68
0.471 29
0.826 69
0.227 70
0.682 36
0.839 70
0.714 69
0.573 68
0.769 69
0.512 71
0.659 69
0.359 70
0.761 70
0.272 42
0.859 70
0.603 68
0.758 68
0.962 68
0.651 69
0.574 68
0.293 68
0.885 68
0.707 69
0.631 68
0.786 71
0.446 68
0.424 68
0.394 68
0.551 67
0.423 67
0.822 66
0.458 67
0.667 68
0.641 68
0.511 67
0.726 65
0.57 69
0.541 67
0.588 32
0.495 67
0.64 68
0.656 66
0.713 66
0.551 67
0.834 67
0.714 65
0.467 67
0.656 67
0.688 66
0.63 67
0.78 67
0.496 66
0.792 67
0.61 67
0.495 68
0.562 67
0.972 67
0.631 68
0.695 66
0.708 66
0.665 67
0.424 67
0.701 67
0.614 66
0.452 66
0.633 68
0.489 67
0.551 68
0.907 67
0.43 66
0.308 68
0.541 67
0.454 66
0.705 66
0.942 66
0.447 66
0.624 66
0.324 66
0.426 66
0.737 65
0.621 66
0.481 65
0.436 66
0.695 67
0.817 67
0.557 66
0.555 65
0.677 65
0.833 65
0.7 66
0.378 65
0.691 65
0.729 66
0.716 66
0.653 65
0.621 66
0.632 66
0.695 36
0.513 66
0.63 66
0.246 65
0.455 65
0.742 36
0.806 66
0.726 66
0.779 65
0.701 65
0.277 65
0.64 34
0.271 66
0.45 66
0.649 30
0.687 47
0.615 64
0.692 43
0.53 46
0.431 66
0.739 65
0.373 66
0.307 65
0.452 65
0.407 65
0.548 64
0.431 21
0.364 64
0.835 66
0.65 66
0.732 65
0.458 65
0.421 64
0.47 64
0.818 64
0.58 66
0.449 66
0.517 64
0.404 39
0.903 64
0.458 65
0.473 64
0.529 67
0.664 65
0.683 65
0.632 19
0.387 65
0.788 66
0.339 64
0.341 31
0.732 65
0.447 64
0.503 63
0.431 65
0.447 64
0.466 64
0.411 65
0.438 65
0.574 66
0.412 65
0.561 64
0.774 65
0.833 31
0.912 66
0.674 65
0.644 64
0.818 64
0.655 64
0.271 64
0.663 64
0.688 64
0.713 0
0.541 64
0.607 64
0.361 64
0.786 64
0.436 64
0.422 63
0.447 63
0.517 64
0.351 63
0.825 66
0.583 64
0.698 65
0.707 63
0.75 64
0.489 63
0.801 64
0.72 64
0.917 65
0.867 63
0.615 64
0.521 64
0.892 65
0.705 64
0.587 63
0.961 67
0.303 47
0.739 64
0.449 64
0.52 64
0.606 64
0.621 63
0.714 63
0.549 63
0.677 50
0.566 64
0.295 63
0.342 63
0.43 63
0.595 63
0.516 63
0.948 64
0.438 64
0.487 63
0.687 63
0.925 64
0.87 63
0.768 64
0.375 65
0.399 63
0.624 63
0.389 64
0.419 63
0.492 63
0.528 63
0.368 62
0.624 63
0.484 64
0.274 62
0.485 64
0.46 62
0.561 63
0.766 63
0.906 64
0.473 63
0.508 63
0.622 63
0.433 48
0.785 64
0.695 64
0.521 62
0.584 63
0.512 63
0.698 63
0.556 63
0.681 64
0.716 64
0.499 63
0.677 62
0.551 62
0.64 64
0.766 63
0.566 63
0.89 61
0.428 62
0.479 62
0.471 62
0.399 63
0.949 45
0.563 62
0.834 21
0.764 11
0.422 63
0.726 7
0.52 63
0.862 5
0.648 63
0.678 62
0.838 4
0.741 7
0.806 4
0.812 63
0.496 62
0.816 3
0.661 3
0.96 63
0.551 62
0.89 3
0.709 62
0.515 62
0.647 62
0.6 63
0.774 61
0.382 62
0.562 62
0.754 62
0.84 62
0.75 62
0.567 63
0.71 63
0.696 63
0.63 62
0.665 62
0.437 62
0.747 52
0.919 63
0.561 63
0.473 63
0.513 63
0.634 62
0.737 63
0.591 62
0.268 62
0.653 62
0.584 40
0.588 62
0.501 62
0.333 39
0.457 61
0.663 62
0.781 62
0.345 62
0.528 62
0.921 61
0.491 62
0.452 61
0.895 62
0.891 41
0.297 63
0.748 62
0.689 62
0.47 62
0.463 62
0.688 63
0.46 61
0.431 61
0.271 62
0.901 63
0.4 61
0.551 61
0.535 61
0.624 62
0.345 63
0.622 62
0.412 63
0.329 61
0.588 61
0.9 33
0.689 61
0.616 55
0.712 61
0.663 61
0.46 63
0.554 64
0.776 63
0.552 43
0.875 65
0.252 62
0.635 62
0.618 63
0.63 61
0.3 63
0.861 61
0.74 62
0.811 61
0.774 63
0.443 62
0.979 61
0.781 62
0.708 61
0.797 62
0.729 62
0.761 64
0.439 61
0.683 62
0.367 62
0.813 61
0.661 60
0.703 62
0.476 61
0.414 61
0.421 62
0.418 61
0.309 60
0.692 61
0.495 61
0.327 62
0.472 61
0.886 61
0.413 61
0.525 61
0.355 61
0.55 60
0.746 60
0.547 61
0.832 54
0.529 61
0.435 61
0.449 61
0.531 61
0.579 61
0.306 60
0.448 61
0.601 61
0.75 62
0.706 61
0.802 61
0.623 60
0.864 61
0.504 60
0.796 61
0.859 63
0.632 62
0.719 61
0.508 60
0.674 61
0.44 62
0.754 61
0.451 62
0.686 61
0.75 62
0.959 59
0.742 60
0.447 62
0.72 62
0.687 61
0.545 61
0.797 60
0.318 61
0.517 61
0.784 62
0.867 60
0.486 60
0.334 60
0.537 61
0.335 59
0.629 60
0.485 61
0.791 60
0.77 60
0.35 60
0.67 59
0.414 60
0.563 60
0.58 60
0.519 59
0.736 60
0.288 60
0.299 59
0.904 60
0.681 61
0.802 60
0.687 62
0.411 59
0.842 61
0.781 60
0.741 60
0.533 60
0.895 60
0.956 62
0.689 60
0.561 60
0.833 63
0.556 61
0.895 59
0.528 61
0.431 61
0.399 59
0.627 48
0.733 60
0.671 60
0.308 59
0.467 60
0.359 60
0.459 60
0.766 60
0.474 60
0.375 60
0.554 59
0.343 59
0.396 59
0.474 59
0.645 60
0.591 60
0.783 59
0.808 59
0.325 60
0.608 60
0.539 60
0.803 60
0.626 60
0.577 60
0.781 59
0.678 61
0.703 60
0.629 33
0.593 60
0.472 60
0.737 59
0.457 59
0.752 60
0.723 59
0.965 60
0.238 60
0.505 59
0.75 0
0.696 60
0.649 60
0.29 59
0.446 59
0.371 59
0.945 60
0.421 59
0.801 60
0.689 60
0.422 59
0.813 61
0.315 59
0.506 59
0.881 59
0.519 59
0.673 60
0.337 59
0.378 59
0.71 61
0.746 60
0.603 58
0.597 59
0.915 59
0.562 59
0.478 58
0.421 59
0.306 59
0.729 60
0.659 60
0.842 59
0.787 58
0.889 59
0.664 58
0.92 59
0.667 58
0.542 60
0.377 59
0.682 59
0.526 59
0.903 60
0.629 59
0.671 60
0.469 60
0.793 58
0.422 59
0.579 60
0.765 59
0.45 59
0.551 59
0.74 58
0.517 62
0.558 59
0.688 58
0.688 60
0.844 59
0.61 59
0.646 58
0.375 59
0.452 60
0.526 58
0.639 59
0.436 59
0.744 60
0.644 58
0.731 60
0.64 58
0.449 59
0.668 59
0.542 60
0.53 59
0.198 59
0.481 59
0.721 59
0.512 59
0.729 59
0.465 59
0.624 59
0.517 59
0.472 59
0.735 58
0.631 58
0.719 58
0.607 59
0.33 57
0.49 59
0.421 59
0.418 58
0.268 58
0.672 58
0.582 59
0.439 45
0.462 58
0.298 59
0.58 59
0.608 59
0.88 58
0.78 58
0.742 59
0.554 58
0.876 59
0.788 59
0.614 59
0.748 58
0.684 58
0.312 58
0.821 59
0.665 59
0.904 58
0.291 59
0.595 59
0.848 60
0.687 60
0.665 58
0.233 58
0.557 58
0.729 58
0.701 25
0.716 58
0.501 58
0.532 58
0.471 59
0.681 58
0.382 58
0.592 59
0.62 57
0.298 58
0.308 58
0.283 57
0.498 59
0.439 58
0.454 58
0.654 58
0.66 59
0.731 58
0.449 59
0.478 58
0.926 58
0.636 59
0.5 59
0.554 59
0.76 57
0.712 30
0.877 25
0.914 58
0.784 59
0.691 60
0.783 59
0.522 57
0.795 59
0.182 57
0.911 57
0.945 58
0.52 58
0.489 58
0.867 60
0.743 57
0.517 59
0.544 57
0.951 58
0.392 58
0.441 58
0.639 58
0.587 57
0.633 58
0.878 58
0.525 57
0.544 57
0.389 57
0.468 57
0.857 59
0.805 58
0.938 20
0.743 57
0.843 57
0.825 57
0.695 58
0.929 57
0.953 58
0.84 57
0.525 58
0.44 57
0.886 57
0.707 58
0.875 57
0.52 57
0.644 57
0.796 58
0.795 58
0.639 59
0.688 58
0.465 40
0.772 59
0.806 24
0.499 57
0.864 28
0.771 57
0.152 20
0.804 57
0.689 58
0.89 58
0.585 58
0.718 58
0.684 58
0.263 57
0.99 56
0.795 57
0.452 57
0.386 57
0.918 59
0.185 4
0.48 57
0.135 4
0.121 3
0.774 57
0.303 57
0.82 57
0.73 58
0.231 3
0.132 2
0.142 3
0.612 58
0.235 57
0.738 57
0.674 57
0.615 57
0.0899 57
0.449 57
0.469 58
0.816 57
0.39 56
0.732 56
0.402 56
0.19 57
0.495 57
0.67 57
0.796 58
0.908 60
0.344 58
0.597 56
0.705 58
0.799 56
0.457 21
0.395 57
0.721 57
0.495 57
0.48 57
0.636 58
0.396 57
0.541 57
0.631 57
0.95 58
0.912 58
0.864 57
0.707 57
0.719 58
0.872 57
0.812 56
0.909 57
0.295 57
0.67 58
0.792 58
0.94 58
0.388 57
0.272 57
0.407 58
0.57 57
0.934 57
0.782 57
0.716 57
0.706 57
0.537 57
0.768 57
0.746 57
0.496 57
0.866 57
0.552 56
0.549 56
0.425 56
0.448 56
0.475 57
0.496 56
0.291 57
0.917 56
0.834 57
0.493 57
0.436 56
0.867 57
0.628 31
0.634 56
0.734 58
0.822 58
0.382 56
0.697 57
0.67 57
0.575 56
0.728 59
0.54 56
0.378 60
0.734 56
0.331 29
0.52 57
0.188 56
0.53 57
0.554 57
0.479 56
0.794 56
0.499 57
0.168 58
0.537 56
0.922 57
0.834 56
0.391 58
0.887 57
0.709 55
0.563 56
0.399 56
0.412 56
0.754 57
0.696 56
0.292 56
0.748 58
0.752 58
0.464 56
0.225 57
0.642 56
0.453 56
0.662 56
0.887 57
0.649 56
0.812 57
0.663 56
0.704 56
0.702 57
0.622 56
0.75 56
0.736 56
0.73 56
0.71 58
0.462 56
0.512 56
0.381 56
0.292 56
0.812 57
0.421 57
0.745 57
0.495 57
0.969 58
0.525 56
0.882 56
0.848 57
0.719 56
0.29 57
0.456 55
0.5 56
0.857 57
0.446 56
0.768 56
0.727 56
0.487 57
0.662 56
0.506 58
0.751 55
0.946 58
0.497 56
0.43 57
0.484 56
0.424 56
0.868 56
0.785 56
0.49 58
0.488 56
0.561 56
0.494 55
0.655 56
0.392 57
0.486 57
0.405 55
0.61 56
0.328 55
0.749 55
0.586 56
0.474 55
0.327 56
0.464 56
0.838 57
0.624 56
0.735 56
0.567 56
0.707 56
0.482 56
0.565 57
0.915 57
0.547 56
0.588 56
0.6 56
0.763 56
0.702 55
0.488 55
0.888 55
0.934 56
0.67 56
0.694 56
0.506 56
0.563 56
0.548 56
0.721 55
0.671 57
0.541 56
0.796 57
0.908 56
0.941 54
0.729 58
0.586 55
0.55 56
0.305 55
0.836 56
0.299 55
0.299 55
0.215 56
0.477 57
0.836 56
0.653 56
0.855 56
0.556 55
0.53 55
0.528 56
0.398 55
0.687 56
0.755 56
0.684 56
0.404 56
0.789 55
0.906 55
0.558 55
0.654 56
0.73 91
0.765 74
0.541 83
0.69 96
0.587 90
0.572 77
0.618 74
0.558 75
0.4 73
0.649 76
0.717 82
0.525 83
0.611 90
0.52 88
0.611 76
0.692 90
0.478 74
0.803 74
0.84 81
0.488 75
0.612 77
0.739 78
0.67 74
0.448 87
0.592 92
0.744 74
0.387 76
0.647 77
0.794 78
0.713 76
0.557 85
0.652 86
0.481 74
0.728 76
0.696 75
0.491 76
0.532 79
0.366 74
0.63 78
0.779 81
0.536 77
0.573 77
0.454 76
0.657 87
0.448 77
0.614 80
0.92 76
0.637 77
0.37 73
0.654 79
0.508 90
0.472 100
0.731 95
0.296 89
0.764 89
0.674 73
0.661 72
0.673 85
0.669 73
0.715 81
0.716 84
0.524 84
0.431 72
0.507 72
0.862 89
0.658 74
0.86 72
0.598 71
0.344 72
0.613 83
0.519 73
0.665 72
0.563 82
0.704 74
0.551 3
0.495 73
0.603 74
0.672 72
0.687 72
0.494 74
0.771 73
0.527 74
0.28 73
0.429 73
0.539 73
0.432 72
0.53 72
0.812 72
0.719 85
0.786 74
0.773 9
0.543 0
0.382 72
0.638 72
0.773 0
0.579 0
0.655 73
0.58 0
0.425 72
0.692 74
0.806 92
0.737 90
0.317 94
0.655 71
0.554 72
0.456 71
0.553 78
0.472 71
0.392 71
0.567 0
0.763 5
0.882 83
0.587 71
0.588 0
0.763 6
0.502 72
0.632 72
0.467 71
0.741 88
0.588 0
0.515 71
0.581 72
0.396 72
0.625 71
0.884 84
0.551 3
0.44 70
0.82 3
0.471 71
0.739 0
0.551 71
0.495 72
0.796 0
0.683 73
0.795 82
0.796 3
0.796 0
0.703 85
0.796 3
0.82 0
0.57 71
0.647 72
0.553 72
0.861 87
0.711 71
0.464 72
0.623 70
0.371 71
0.761 72
0.425 70
0.593 89
0.557 70
0.532 71
0.537 82
0.449 71
0.764 88
0.802 85
0.779 69
0.816 89
0.433 71
0.525 88
0.581 70
0.416 71
0.437 79
0.727 71
0.537 70
0.54 81
0.614 69
0.496 71
0.667 71
0.727 70
0.609 69
0.668 71
0.682 70
0.797 96
0.34 69
0.575 71
0.712 69
0.343 70
0.911 71
0.295 70
0.764 86
0.627 71
0.835 86
0.551 71
0.606 79
0.603 69
0.599 72
0.89 71
0.628 70
0.525 70
0.715 68
0.813 86
0.818 84
0.723 70
0.719 83
0.799 69
0.519 72
0.786 71
0.733 70
0.826 89
0.704 86
0.593 70
0.898 71
0.767 71
0.731 92
0.331 68
0.696 86
0.505 83
0.693 85
0.965 98
0.859 82
0.788 77
0.643 0
0.643 0
0.643 0
0.401 70
0.643 1
0.826 69
0.787 84
0.643 0
0.467 69
0.643 2
0.512 71
0.643 1
0.765 85
0.643 0
0.359 70
0.632 70
0.585 82
0.935 5
0.448 5
0.448 3
0.257 0
0.761 70
0.935 7
0.859 0
0.272 42
0.935 4
0.439 0
0.935 3
0.396 0
0.849 0
0.849 0
0.86 0
0.935 0
0.574 68
0.692 68
0.935 0
0.211 2
0.825 85
0.488 69
0.763 72
0.539 70
0.444 68
0.592 68
0.896 68
0.419 70
0.804 80
0.819 84
0.929 70
0.227 70
0.964 70
0.327 85
0.741 2
0.825 69
0.554 0
0.644 0
0.668 2
0.668 0
0.333 0
0.859 70
0.668 2
0.668 4
0.724 0
0.642 0
0.426 1
0.57 1
0.668 0
0.668 0
0.668 0
0.57 0
0.668 0
0.668 0
0.668 0
0.668 0
0.57 0
0.668 0
0.642 0
0.735 0
0.668 0
0.426 0
0.57 0
0.668 0
0.426 1
0.426 0
0.836 2
0.426 0
0.836 0
0.85 0
0.437 75
0.317 84
0.879 71
0.497 70
0.525 70
0.628 70
0.69 69
0.682 36
0.659 69
0.479 69
0.741 6
0.741 0
0.634 0
0.668 2
0.681 0
0.679 1
0.43 69
0.438 0
0.856 3
0.668 4
0.506 0
0.57 2
0.668 3
0.644 0
0.668 2
0.668 2
0.668 0
0.668 2
0.668 1
0.668 0
0.57 0
0.668 0
0.426 3
0.668 0
0.668 1
0.668 0
0.426 0
0.426 1
0.668 0
0.668 0
0.668 0
0.679 0
0.748 0
0.668 0
0.836 0
0.85 0
0.63 1
0.63 0
0.85 0
0.816 0
0.757 73
0.438 69
0.541 63
0.436 83
0.893 88
0.57 69
0.601 68
0.397 68
0.378 69
0.768 69
0.751 78
0.88 79
0.784 69
0.562 70
0.768 80
0.45 69
0.676 68
0.618 68
0.604 71
0.853 67
0.56 68
0.675 71
0.815 67
0.714 69
0.698 78
0.839 70
0.603 69
0.683 82
0.86 69
0.972 68
0.551 68
0.557 67
0.824 68
0.494 68
0.548 80
0.812 68
0.885 85
0.343 68
0.758 68
0.603 68
0.577 68
0.521 68
0.446 68
0.293 68
0.962 68
0.651 69
0.707 69
0.744 68
0.424 68
0.664 0
0.378 84
0.407 81
0.67 69
0.559 82
0.563 71
0.431 88
0.737 69
0.597 79
0.774 69
0.673 67
0.471 29
0.573 68
0.47 67
0.585 68
0.986 68
0.697 68
0.543 70
0.58 67
0.892 45
0.769 69
0.615 67
0.579 66
0.405 87
0.573 68
0.631 68
0.6 66
0.892 69
0.902 18
0.717 3
0.653 68
0.409 67
0.578 67
0.165 68
0.713 0
0.726 3
0.885 68
0.883 1
0.726 4
0.405 68
0.713 1
0.631 68
0.394 68
0.965 0
0.747 0
0.883 0
0.965 0
0.713 0
0.713 0
0.713 0
0.551 67
0.564 88
0.481 82
0.51 68
0.54 86
0.335 67
0.329 80
0.431 79
0.828 66
0.834 67
0.223 68
0.716 83
0.487 66
0.703 69
0.485 68
0.468 67
0.825 1
0.633 68
0.748 70
0.624 67
0.965 13
0.502 67
0.713 0
0.884 4
0.34 3
0.713 2
0.825 0
0.713 0
0.345 4
0.648 68
0.59 4
0.883 1
0.883 3
0.776 67
0.883 0
0.713 1
0.713 2
0.802 0
0.965 0
0.883 2
0.717 0
0.66 0
0.844 0
0.965 0
0.854 0
0.713 0
0.449 0
0.713 0
0.713 0
0.883 0
0.81 0
0.525 88
0.822 66
0.714 70
0.846 87
0.511 67
0.655 69
0.641 68
0.589 67
0.539 66
0.328 80
0.64 68
0.588 32
0.575 67
0.469 67
0.818 77
0.87 67
0.51 67
0.495 68
0.424 67
0.61 67
0.407 66
0.63 67
0.972 67
0.787 75
0.308 68
0.224 1
0.425 1
0.336 0
0.388 5
0.542 5
0.942 66
0.446 0
0.446 3
0.425 1
0.534 0
0.884 0
0.388 0
0.388 3
0.825 0
0.425 1
0.425 2
0.388 4
0.388 0
0.446 1
0.388 0
0.446 0
0.425 0
0.425 0
0.8 0
0.931 0
0.423 67
0.324 67
0.55 74
0.76 82
0.551 67
0.827 69
0.623 86
0.635 67
0.922 66
0.392 66
0.56 6
0.56 4
0.716 79
0.665 67
0.562 67
0.56 2
0.56 3
0.562 4
0.919 67
0.452 66
0.562 3
0.573 5
0.562 6
0.573 3
0.685 5
0.573 8
0.521 66
0.698 2
0.571 4
0.801 7
0.562 6
0.664 6
0.573 7
0.569 4
0.698 3
0.602 2
0.569 2
0.929 66
0.685 3
0.459 83
0.602 3
0.539 4
0.562 0
0.624 66
0.426 66
0.857 2
0.573 0
0.737 0
0.702 0
0.737 0
0.45 83
0.302 79
0.488 78
0.622 65
0.437 65
0.534 67
0.373 84
0.728 76
0.439 3
0.797 80
0.667 3
0.52 0
0.495 67
0.338 66
0.487 1
0.643 66
0.487 1
0.582 66
0.673 1
0.626 66
0.695 66
0.693 67
0.674 7
0.459 1
0.56 3
0.459 1
0.562 3
0.662 66
0.459 1
0.56 0
0.573 2
0.698 7
0.705 66
0.569 1
0.582 2
0.56 0
0.68 3
0.569 4
0.844 2
0.573 0
0.801 1
0.582 1
0.955 0
0.573 0
0.575 0
0.573 0
0.573 0
0.801 0
0.569 0
0.737 0
0.458 67
0.463 80
0.609 84
0.854 68
0.729 79
0.667 68
0.753 65
0.339 88
0.664 80
0.742 70
0.66 67
0.541 67
0.745 67
0.739 68
0.425 87
0.656 67
0.467 67
0.77 67
0.752 84
0.654 67
0.549 65
0.503 83
0.728 66
0.792 67
0.835 66
0.559 0
0.682 66
0.533 7
0.716 66
0.611 2
0.948 65
0.701 67
0.541 67
0.614 66
0.236 8
0.643 67
0.834 64
0.249 66
0.487 0
0.674 0
0.43 66
0.346 5
0.454 66
0.683 0
0.664 0
0.238 0
0.955 0
0.205 4
0.81 4
0.205 2
0.695 67
0.488 79
0.664 88
0.862 64
0.625 5
0.616 2
0.598 6
0.616 1
0.618 2
0.677 65
0.616 2
0.616 0
0.598 2
0.625 4
0.635 85
0.618 0
0.616 1
0.598 4
0.616 0
0.616 0
0.616 1
0.598 0
0.598 0
0.598 0
0.73 75
0.625 1
0.618 0
0.625 1
0.598 4
0.598 1
0.782 4
0.541 66
0.621 66
0.616 0
0.695 0
0.489 67
0.695 0
0.598 0
0.598 1
0.625 0
0.757 65
0.625 0
0.625 0
0.835 0
0.708 0
0.944 2
0.844 0
0.324 66
0.418 1
0.657 0
0.328 68
0.482 65
0.612 87
0.726 65
0.505 66
0.817 67
0.727 66
0.588 67
0.83 71
0.656 66
0.713 66
0.54 86
0.854 67
0.79 65
0.379 85
0.714 65
0.709 65
0.334 65
0.688 66
0.805 66
0.538 65
0.729 66
0.496 66
0.705 83
0.672 68
0.95 66
0.723 80
0.78 67
0.346 66
0.661 3
0.35 65
0.513 66
0.661 4
0.799 78
0.708 66
0.907 67
0.405 5
0.687 47
0.739 47
0.447 66
0.418 4
0.407 65
0.442 2
0.418 1
0.828 0
0.418 2
0.418 1
0.452 0
0.771 0
0.657 0
0.465 84
0.422 81
0.557 66
0.547 90
0.792 83
0.713 66
0.801 76
0.588 66
0.578 65
0.948 66
0.17 1
0.606 65
0.862 80
0.703 80
0.76 65
0.625 65
0.403 66
0.63 66
0.178 1
0.632 66
0.178 3
0.806 66
0.178 2
0.271 66
0.17 0
0.277 66
0.726 66
0.178 0
0.178 2
0.178 0
0.178 0
0.741 80
0.178 0
0.17 0
0.342 65
0.692 43
0.53 46
0.178 0
0.17 0
0.178 0
0.178 0
0.178 0
0.181 0
0.178 0
0.178 0
0.178 0
0.835 66
0.178 1
0.178 0
0.732 65
0.621 66
0.76 85
0.621 84
0.807 93
0.436 66
0.632 67
0.178 79
0.534 88
0.856 69
0.404 39
0.555 65
0.537 93
0.777 79
0.768 65
0.526 63
0.691 65
0.7 66
0.732 65
0.765 64
0.574 66
0.754 80
0.453 64
0.601 67
0.695 36
0.895 79
0.119 0
0.292 77
0.277 65
0.45 66
0.229 67
0.742 36
0.64 34
0.598 73
0.649 30
0.178 0
0.779 65
0.431 66
0.114 0
0.178 0
0.373 66
0.539 65
0.404 65
0.114 1
0.114 1
0.431 21
0.369 65
0.114 0
0.65 66
0.636 6
0.458 65
0.467 84
0.737 65
0.62 77
0.59 82
0.705 69
0.445 80
0.754 65
0.594 68
0.481 65
0.644 64
0.415 76
0.741 77
0.378 65
0.498 65
0.73 66
0.652 70
0.642 73
0.683 65
0.371 77
0.498 64
0.833 65
0.653 65
0.927 77
0.765 63
0.693 64
0.785 63
0.663 83
0.474 64
0.895 73
0.412 65
0.577 64
0.453 64
0.903 63
0.246 65
0.701 65
0.518 65
0.506 65
0.495 65
0.455 65
0.6 65
0.615 64
0.452 65
0.467 65
0.307 65
0.489 63
0.825 66
0.739 65
0.548 64
0.826 66
0.364 64
0.605 66
0.225 88
0.818 64
0.58 66
0.559 80
0.863 63
0.443 86
0.449 66
0.586 76
0.744 62
0.557 85
0.552 64
0.666 65
0.529 67
0.431 65
0.387 65
0.572 67
0.745 65
0.23 64
0.466 64
0.917 65
0.341 31
0.788 66
0.543 85
0.451 63
0.808 82
0.606 64
0.607 65
0.523 80
0.572 65
0.339 65
0.348 65
0.743 63
0.867 66
0.672 66
0.721 63
0.912 66
0.719 76
0.642 76
0.478 64
0.334 64
0.688 64
0.438 63
0.447 64
0.834 64
0.607 64
0.436 64
0.368 62
0.361 64
0.422 63
0.81 78
0.849 81
0.773 4
0.551 2
0.93 0
0.773 0
0.551 0
0.842 0
0.818 0
0.921 2
0.773 0
0.802 0
0.773 0
0.609 0
0.921 0
0.842 0
0.842 0
0.842 0
0.794 1
0.7 0
0.7 0
0.725 0
0.832 6
0.842 0
0.551 1
0.818 0
0.921 0
0.802 0
0.78 0
0.608 0
0.78 0
0.631 0
0.818 0
0.848 0
0.947 1
0.942 0
0.848 0
0.786 0
0.984 0
0.72 0
0.72 0
0.472 0
0.984 0
0.627 0
0.772 0
0.786 0
0.786 0
0.788 0
0.786 0
0.788 1
0.654 76
0.517 64
0.696 66
0.891 50
0.606 67
0.551 77
0.737 50
0.703 70
0.7 63
0.825 73
0.618 72
0.955 69
0.75 76
0.92 75
0.876 67
0.788 71
0.344 54
0.849 62
0.579 71
0.877 60
0.28 70
0.7 75
0.581 66
0.914 67
0.8 67
0.661 62
0.63 53
0.577 69
0.862 35
0.711 0
0.934 33
0.772 0
0.992 35
0.472 0
0.472 0
0.748 34
0.501 0
0.472 0
0.631 0
0.774 0
0.711 1
0.686 41
0.395 0
0.788 1
0.395 0
0.788 0
0.969 0
0.809 0
0.809 0
0.807 0
0.757 72
0.328 34
0.848 55
0.758 54
0.809 63
0.833 69
0.942 69
0.823 71
0.673 65
0.339 53
0.396 52
0.936 64
0.796 61
0.884 55
0.937 56
0.992 30
0.406 56
0.668 64
0.855 65
0.938 34
0.996 30
0.959 31
0.696 31
0.995 29
0.743 67
0.554 55
0.962 35
0.653 65
0.968 29
0.914 31
0.811 32
0.706 31
0.959 35
0.971 29
0.503 33
0.908 29
0.98 32
0.472 32
0.635 33
0.978 32
0.624 31
0.906 34
0.49 34
0.808 33
0.828 32
0.988 34
0.998 32
0.974 33
0.973 31
0.865 35
0.967 66
0.759 31
0.694 55
0.704 59
0.967 66
0.772 39
0.598 55
0.531 67
0.565 43
0.689 56
0.938 67
0.882 69
0.555 27
0.417 58
0.939 60
0.896 29
0.86 32
0.992 30
0.894 28
0.939 30
0.867 27
0.806 27
0.5 29
0.647 28
0.827 30
0.945 29
0.972 30
0.977 28
0.926 27
0.833 30
0.96 28
0.988 28
0.984 29
0.947 30
0.924 29
0.981 28
0.962 31
0.983 30
0.593 31
0.996 29
0.886 28
0.884 29
0.952 30
0.973 31
0.911 30
0.863 31
0.97 31
0.665 30
0.741 30
0.9 0
0.55 43
0.822 26
0.898 68
0.669 56
0.686 59
0.864 59
0.607 56
0.923 28
0.607 56
0.706 28
0.632 42
0.915 64
0.977 29
0.917 26
0.972 27
0.842 27
0.914 29
0.877 28
0.862 28
0.957 28
0.71 50
0.989 28
0.95 27
0.861 28
0.966 55
0.866 28
0.883 28
0.802 28
0.955 27
0.879 28
0.74 27
0.92 27
0.985 26
0.966 28
0.887 26
0.716 28
0.975 27
0.691 27
0.792 26
0.989 29
0.86 27
0.965 29
0.902 29
0.946 28
0.951 29
0.941 28
0.491 26
0.975 30
0.866 26
0.94 27
0.937 50
0.894 58
0.535 57
0.662 57
0.824 58
0.818 27
0.986 26
0.725 27
0.935 26
0.93 28
0.95 26
0.955 64
0.71 26
0.951 28
0.96 25
0.93 25
0.628 52
0.895 26
0.829 26
0.991 28
0.859 25
0.932 27
0.645 26
0.946 26
0.972 26
0.843 28
0.936 25
0.9 25
0.842 26
0.207 26
0.972 26
0.928 25
0.989 27
0.919 26
0.968 26
0.756 26
0.944 25
0.954 24
0.929 26
0.934 25
0.88 25
0.388 25
0.986 27
0.971 25
0.605 26
0.951 27
0.577 26
0.845 26
0.933 27
0.272 27
0.943 51
0.762 55
0.622 25
0.84 45
0.953 56
0.897 25
0.899 57
0.21 26
0.723 25
0.474 58
0.916 25
0.791 26
0.397 46
0.902 25
0.645 26
0.771 25
0.859 24
0.878 27
0.934 23
0.903 26
0.662 27
0.769 25
0.974 25
0.818 25
0.513 25
0.884 25
0.435 25
0.967 25
0.95 25
0.98 25
0.901 25
0.797 25
0.71 25
0.882 27
0.999 27
0.912 24
0.861 26
0.93 26
0.973 27
0.634 27
0.862 25
0.859 26
0.831 25
0.497 26
0.59 25
0.994 25
0.769 25
0.995 25
0.875 25
0.64 25
0.328 47
0.52 47
0.654 64
0.458 38
0.845 49
0.806 55
0.626 52
0.957 22
0.72 47
0.688 24
0.633 55
0.993 23
0.62 25
0.964 24
0.992 25
0.762 24
0.815 23
0.809 23
0.854 23
0.763 22
0.887 26
0.967 26
0.543 26
0.919 24
0.668 24
0.871 24
0.824 23
0.667 26
0.981 23
0.704 24
0.77 25
0.887 24
0.917 24
0.523 24
0.294 25
0.846 25
0.989 23
0.903 25
0.991 25
0.848 23
0.953 25
0.84 25
0.842 25
0.951 23
0.657 25
0.909 23
0.889 24
0.836 25
0.982 25
0.885 24
0.908 52
0.543 57
0.724 24
0.773 56
0.562 38
0.635 22
0.94 62
0.75 48
0.985 23
0.915 23
0.893 60
0.606 23
0.809 62
0.964 23
0.901 25
0.601 23
0.959 25
0.973 24
0.991 23
0.782 55
0.933 25
0.84 23
0.96 25
0.759 24
0.913 24
0.356 61
0.972 23
0.856 24
0.943 24
0.654 24
0.76 23
0.854 24
0.904 24
0.93 24
0.909 23
0.983 25
0.411 23
0.895 26
0.757 23
0.969 23
0.969 23
0.909 25
0.869 24
0.898 23
0.914 22
0.996 24
0.795 26
0.354 25
0.587 24
0.894 24
0.68 43
0.867 54
0.932 50
0.581 40
0.986 24
0.918 23
0.893 23
0.713 23
0.899 22
0.753 24
0.966 23
0.228 23
0.975 24
0.967 24
0.868 23
0.726 22
0.457 25
0.978 23
0.707 24
0.481 25
0.757 23
0.811 23
0.957 23
0.395 23
0.575 23
0.362 23
0.882 23
0.717 24
0.948 25
0.958 23
0.914 22
0.701 23
0.921 23
0.971 24
0.791 24
0.485 25
0.499 24
0.925 24
0.87 23
0.858 24
0.998 24
0.812 23
0.775 23
0.573 21
0.347 24
0.987 24
0.406 24
0.937 23
0.805 24
0.264 24
0.807 12
0.628 59
0.981 23
0.865 23
0.966 22
0.804 59
0.995 24
0.97 22
0.95 22
0.977 22
0.755 22
0.904 22
0.912 22
0.93 22
0.948 23
0.945 23
0.697 23
0.69 58
0.814 22
0.925 24
0.906 23
0.819 22
0.836 23
0.871 23
0.834 23
0.893 23
0.922 22
0.29 22
0.915 25
0.772 22
0.958 23
0.964 22
0.687 24
0.965 23
0.801 22
0.93 22
0.985 24
0.929 23
0.82 23
0.977 21
0.818 24
0.412 23
0.895 24
0.65 24
0.992 25
0.936 22
0.852 24
0.631 23
0.593 23
0.672 24
0.784 59
0.907 23
0.863 54
0.981 23
0.95 22
0.782 46
0.972 23
0.645 20
0.834 50
0.92 21
0.68 23
0.942 21
0.922 23
0.947 22
0.955 22
0.445 51
0.68 22
0.909 22
0.908 22
0.908 23
0.853 24
0.572 23
0.848 23
0.629 55
0.722 23
0.924 24
0.712 23
0.726 22
0.936 20
0.792 20
0.762 22
0.959 22
0.829 22
0.62 24
0.977 24
0.753 22
0.92 22
0.86 21
0.933 23
0.849 22
0.955 22
0.622 23
0.968 24
0.997 23
0.828 23
0.882 23
0.82 22
0.947 24
0.718 23
0.193 22
0.323 35
0.505 34
0.464 52
0.901 22
0.926 22
0.983 23
0.672 22
0.586 24
0.744 24
0.929 22
0.992 23
0.942 22
0.935 23
0.936 22
0.71 24
0.142 24
0.929 22
0.983 22
0.274 24
0.763 22
0.741 24
0.972 23
0.91 21
0.962 23
0.896 23
0.228 22
0.971 23
0.933 23
0.734 23
0.549 23
0.621 21
0.957 24
0.972 23
0.906 23
0.371 22
0.952 23
0.149 23
0.778 22
0.331 22
0.651 24
0.462 24
0.862 22
0.862 22
0.988 23
0.605 22
0.934 23
0.737 24
0.477 24
0.846 23
0.719 22
0.702 50
0.76 20
0.926 22
0.934 21
0.901 21
0.934 24
0.96 22
0.894 21
0.716 23
0.504 23
0.735 21
0.918 55
0.69 20
0.936 22
0.959 22
0.662 64
0.664 23
0.71 24
0.841 22
0.924 22
0.952 21
0.98 23
0.787 23
0.611 22
0.885 21
0.947 23
0.956 21
0.897 22
0.686 22
0.744 21
0.98 23
0.953 23
0.86 21
0.874 23
0.979 23
0.636 21
0.621 21
0.495 24
0.568 21
0.991 23
0.946 21
0.97 22
0.983 23
0.897 22
0.952 23
0.984 24
0.987 23
0.879 22
0.511 23
0.515 21
0.914 20
0.914 21
0.953 21
0.941 21
0.899 21
0.866 22
0.624 21
0.947 21
0.981 22
0.957 21
0.95 23
0.937 23
0.592 23
0.675 23
0.973 23
0.526 22
0.545 21
0.929 23
0.951 22
0.982 21
0.658 22
0.925 21
0.649 22
0.961 20
0.958 19
0.886 21
0.966 23
0.74 21
0.969 23
0.929 24
0.948 21
0.969 22
0.947 21
0.926 21
0.95 21
0.94 22
0.983 23
0.89 23
0.783 21
0.896 22
0.872 23
0.796 21
0.981 23
0.971 22
0.835 24
0.669 21
0.92 21
0.862 23
0.565 20
0.75 23
0.606 21
0.806 48
0.941 21
0.385 22
0.878 21
0.971 21
0.806 21
0.16 20
0.664 21
0.932 22
0.834 21
0.809 21
0.961 20
0.845 23
0.807 21
0.994 21
0.949 21
0.938 20
0.826 20
0.537 21
0.647 20
0.634 22
0.192 22
0.715 22
0.803 21
0.94 21
0.948 22
0.571 22
0.937 21
0.901 23
0.937 21
0.685 21
0.972 23
0.705 21
0.962 22
0.5 23
0.938 22
0.961 23
0.893 22
0.573 20
0.953 23
0.984 23
0.988 22
0.818 21
0.528 22
0.363 23
0.872 21
0.963 22
0.398 22
0.629 22
0.71 21
0.776 21
0.977 21
0.977 21
0.827 20
0.966 20
0.866 20
0.825 22
0.854 20
0.909 21
0.894 21
0.757 51
0.985 21
0.854 20
0.753 21
0.862 20
0.884 22
0.783 21
0.584 20
0.613 22
0.714 20
0.99 22
0.898 21
0.938 20
0.912 22
0.949 22
0.62 20
0.655 22
0.89 23
0.546 21
0.768 22
0.98 21
0.578 23
0.868 22
0.771 21
0.241 22
0.585 23
0.971 22
0.832 21
0.913 23
0.774 20
0.98 22
0.426 20
0.603 22
0.978 22
0.763 21
0.981 23
0.982 22
0.985 22
0.887 22
0.884 57
0.568 48
0.971 21
0.986 21
0.966 20
0.725 59
0.82 20
0.894 20
0.965 21
0.816 55
0.735 20
0.966 22
0.734 20
0.983 20
0.979 21
0.749 19
0.827 20
0.958 20
0.862 20
0.701 22
0.977 20
0.361 51
0.788 20
0.858 20
0.831 23
0.759 22
0.938 19
0.936 20
0.92 20
0.8 20
0.599 20
0.446 20
0.779 22
0.961 22
0.837 20
0.534 20
0.945 21
0.651 21
0.268 20
0.948 21
0.99 22
0.803 20
0.719 21
0.557 21
0.937 21
0.91 20
0.974 20
0.973 23
0.951 20
0.913 19
0.893 54
0.562 52
0.707 56
0.934 21
0.821 49
0.838 20
0.877 21
0.598 56
0.673 48
0.701 41
0.899 21
0.62 51
0.939 19
0.889 18
0.669 21
0.818 21
0.917 21
0.575 20
0.93 21
0.955 22
0.983 21
0.993 20
0.823 22
0.861 22
0.971 20
0.922 21
0.952 20
0.938 21
0.946 22
0.978 22
0.926 22
0.84 21
0.621 21
0.826 21
0.961 21
0.696 21
0.957 22
0.8 20
0.577 21
0.95 23
0.962 20
0.948 20
0.993 21
0.505 21
0.796 20
0.652 21
0.855 21
0.868 21
0.959 21
0.748 21
0.312 49
0.542 42
0.338 42
0.918 19
0.7 20
0.962 19
0.669 20
0.839 20
0.974 20
0.61 19
0.851 21
0.887 20
0.318 22
0.776 20
0.317 20
0.953 21
0.983 21
0.402 21
0.928 22
0.817 20
0.918 19
0.998 21
0.839 22
0.741 20
0.423 21
0.927 19
0.42 21
0.425 21
0.881 19
0.773 20
0.784 20
0.944 22
0.557 22
0.643 20
0.981 19
0.597 21
0.479 21
0.933 20
0.93 19
0.717 22
0.51 21
0.807 19
0.904 22
0.895 19
0.96 21
0.692 21
0.855 20
0.853 20
0.992 21
0.968 21
0.927 81
0.761 81
0.738 85
0.792 83
0.774 87
0.963 56
0.633 77
0.644 69
0.857 56
0.84 80
0.54 78
0.953 73
0.697 79
0.862 89
0.856 82
0.88 79
0.519 79
0.821 57
0.837 75
0.723 74
0.823 79
0.565 75
0.852 60
0.659 83
0.486 71
0.659 3
0.744 0
0.744 0
0.837 0
0.88 3
0.792 5
0.792 1
0.792 1
0.792 1
0.792 0
0.792 0
0.701 0
0.792 0
0.655 3
0.738 0
0.655 1
0.78 0
0.792 1
0.83 1
0.78 0
0.83 0
0.86 0
0.83 0
0.83 0
0.83 0
0.884 71
0.913 76
0.659 56
0.795 72
0.868 77
0.655 55
0.768 77
0.924 80
0.911 66
0.74 73
0.819 59
0.642 63
0.857 76
0.725 67
0.733 80
0.558 51
0.866 51
0.859 50
0.906 66
0.626 47
0.869 71
0.945 68
0.739 69
0.648 73
0.738 79
0.697 71
0.687 60
0.846 46
0.985 55
0.783 71
0.514 67
0.664 65
0.635 63
0.88 53
0.733 73
0.757 61
0.898 58
0.756 1
0.871 2
0.875 68
0.871 0
0.621 65
0.776 0
0.761 0
0.771 0
0.829 1
0.774 0
0.771 0
0.761 0
0.929 0
0.718 72
0.822 73
0.8 46
0.861 63
0.761 44
0.718 69
0.724 67
0.745 56
0.818 43
0.915 73
0.693 64
0.88 51
0.78 67
0.892 59
0.858 62
0.733 66
0.907 60
0.756 47
0.963 68
0.93 53
0.883 60
0.939 63
0.877 48
0.63 70
0.743 69
0.778 54
0.692 63
0.703 66
0.883 70
0.918 51
0.971 57
0.963 68
0.756 69
0.892 74
0.96 74
0.793 1
0.785 65
0.963 66
0.776 0
0.793 0
0.776 0
0.743 0
0.771 0
0.793 0
0.813 0
0.728 0
0.889 0
0.853 0
0.813 0
0.951 0
0.883 67
0.74 72
0.674 65
0.929 72
0.722 58
0.815 0
0.9 59
0.715 60
0.776 71
0.625 59
0.831 64
0.887 73
0.711 61
0.821 61
0.88 63
0.801 59
0.849 62
0.866 66
0.839 65
0.966 65
0.919 58
0.831 60
0.783 63
0.719 66
0.619 59
0.897 42
0.816 57
0.657 64
0.965 67
0.814 56
0.91 44
0.761 69
0.896 69
0.845 58
0.833 67
0.914 60
0.791 0
0.822 0
0.853 0
0.622 1
0.718 1
0.706 0
0.871 0
0.724 0
0.871 0
0.724 0
0.705 0
0.779 0
0.897 0
0.8 0
0.943 46
0.748 57
0.823 63
0.894 68
0.912 62
0.94 57
0.798 36
0.707 67
0.721 64
0.677 57
0.752 59
0.799 56
0.903 51
0.636 57
0.888 60
0.841 42
0.788 68
0.612 63
0.88 60
0.99 62
0.925 61
0.616 63
0.804 65
0.801 55
0.843 57
0.822 67
0.677 60
0.989 40
0.692 69
0.909 42
0.76 36
0.921 57
0.888 42
0.812 38
0.956 58
0.914 42
0.94 36
0.92 37
0.94 40
0.901 38
0.936 41
0.962 40
0.908 3
0.9 62
0.914 37
0.707 1
0.914 40
0.946 41
0.68 36
0.705 0
0.665 67
0.902 57
0.815 62
0.651 63
0.554 56
0.836 62
0.985 69
0.843 0
0.845 48
0.845 64
0.731 0
0.604 63
0.761 0
0.919 0
0.768 31
0.764 0
0.724 0
0.921 32
0.88 0
0.97 32
0.783 0
0.884 33
0.942 0
0.921 0
0.703 40
0.821 0
0.916 0
0.912 0
0.831 0
0.703 37
0.884 0
0.805 42
0.841 38
0.832 33
0.948 0
0.829 32
0.632 33
0.97 0
0.832 0
0.85 38
0.959 0
0.626 38
0.873 0
0.904 0
0.812 40
0.867 0
0.671 37
0.523 34
0.68 35
0.543 0
0.659 71
0.874 66
0.633 51
0.771 51
0.85 56
0.903 58
0.71 66
0.979 51
0.891 60
0.898 57
0.784 53
0.834 52
0.711 54
0.499 56
0.694 52
0.716 55
0.821 57
0.707 53
0.612 55
0.751 48
0.794 52
0.821 46
0.904 63
0.898 56
0.729 64
0.76 42
0.669 53
0.912 56
0.813 56
0.882 66
0.656 60
0.921 59
0.983 38
0.749 61
0.801 60
0.846 65
0.772 64
0.939 58
0.91 63
0.91 48
0.96 55
0.78 57
0.786 63
0.936 5
0.921 59
0.837 74
0.922 66
0.718 70
0.766 0
0.875 0
0.946 56
0.922 46
0.895 44
0.673 65
0.951 55
0.905 61
0.738 63
0.86 52
0.94 52
0.745 67
0.806 63
0.952 63
0.602 59
0.754 60
0.926 54
0.897 44
0.943 58
0.712 53
0.786 47
0.874 68
0.946 46
0.679 60
0.869 54
0.79 56
0.513 46
0.758 63
0.786 57
0.948 51
0.654 61
0.835 54
0.832 53
0.729 54
0.798 63
0.817 59
0.584 59
0.735 55
0.853 66
0.777 52
0.876 54
0.85 57
0.796 56
0.884 61
0.962 50
0.694 58
0.866 56
0.952 47
0.954 63
0.75 62
0.844 57
0.958 0
0.821 61
0.828 60
0.761 68
0.736 58
0.823 40
0.877 62
0.99 53
0.915 41
0.818 58
0.847 54
0.789 48
0.564 59
0.836 45
0.931 53
0.807 62
0.905 50
0.883 62
0.798 38
0.888 43
0.886 62
0.687 53
0.707 61
0.884 52
0.626 59
0.977 52
0.568 35
0.941 56
0.719 47
0.894 57
0.948 37
0.873 64
0.971 46
0.664 45
0.894 54
0.987 51
0.924 58
0.82 53
0.817 57
0.9 49
0.899 58
0.916 58
0.762 61
0.871 58
0.715 51
0.771 54
0.924 56
0.904 60
0.678 59
0.833 0
0.916 0
0.744 50
0.726 56
0.659 51
0.792 62
0.967 54
0.914 48
0.941 50
0.955 34
0.951 50
0.756 51
0.947 49
0.98 56
0.636 48
0.825 64
0.588 55
0.759 47
0.762 55
0.621 58
0.617 56
0.933 43
0.728 49
0.885 68
0.826 58
0.923 50
0.949 63
0.913 28
0.972 58
0.626 51
0.831 52
0.645 53
0.643 52
0.819 53
0.826 65
0.989 56
0.847 46
0.957 52
0.763 53
0.92 57
0.709 56
0.892 58
0.76 60
0.902 51
0.954 54
0.896 59
0.739 60
0.983 60
0.956 56
0.767 56
0.853 6
0.66 0
0.685 58
0.908 28
0.768 47
0.786 45
0.617 52
0.961 53
0.516 48
0.94 63
0.659 53
0.781 34
0.883 53
0.869 60
0.802 52
0.632 48
0.935 59
0.966 48
0.824 55
0.726 59
0.814 53
0.831 36
0.839 64
0.903 41
0.752 56
0.933 46
0.81 48
0.855 67
0.871 63
0.902 49
0.861 59
0.723 59
0.811 57
0.963 47
0.716 50
0.93 51
0.987 28
0.99 51
0.853 48
0.703 49
0.623 49
0.719 59
0.93 50
0.687 50
0.775 58
0.916 57
0.879 28
0.783 56
0.945 45
0.745 59
0.65 57
0.872 1
0.832 48
0.735 53
0.827 52
0.532 59
0.862 59
0.823 60
0.96 36
0.894 51
0.553 47
0.611 33
0.836 51
0.964 34
0.802 47
0.795 35
0.725 51
0.919 38
0.802 54
0.499 53
0.931 60
0.864 49
0.895 54
0.781 52
0.965 54
0.615 52
0.839 62
0.985 59
0.947 52
0.8 52
0.975 47
0.818 53
0.952 58
0.914 33
0.936 51
0.955 57
0.952 59
0.927 48
0.822 59
0.839 47
0.678 58
0.926 52
0.954 57
0.869 51
0.892 52
0.83 53
0.851 49
0.987 45
0.906 65
0.799 54
0.665 0
0.939 0
0.753 55
0.851 49
0.674 52
0.785 56
0.63 48
0.968 26
0.725 41
0.759 54
0.786 54
0.914 61
0.806 49
0.682 54
0.766 51
0.953 52
0.938 50
0.933 42
0.846 45
0.731 51
0.852 49
0.984 42
0.992 53
0.643 55
0.673 52
0.551 53
0.871 49
0.85 55
0.887 48
0.486 50
0.697 45
0.859 60
0.697 58
0.906 24
0.943 56
0.827 57
0.898 51
0.714 58
0.903 56
0.971 58
0.787 58
0.753 56
0.825 55
0.889 56
0.83 49
0.911 56
0.681 60
0.709 55
0.617 56
0.948 55
0.993 0
0.972 0
0.677 56
0.524 53
0.758 49
0.888 47
0.89 51
0.681 55
0.921 48
0.698 48
0.928 49
0.946 0
0.863 45
0.695 47
0.872 55
0.753 52
0.689 49
0.727 59
0.701 53
0.963 35
0.897 46
0.91 43
0.93 44
0.892 48
0.714 46
0.718 51
0.856 57
0.707 52
0.558 56
0.929 55
0.915 51
0.908 64
0.78 53
0.681 46
0.855 51
0.757 62
0.938 57
0.813 59
0.772 51
0.706 53
0.938 53
0.958 38
0.718 60
0.638 48
0.76 51
0.858 62
0.695 52
0.955 58
0.912 62
0.66 53
0.814 50
0.755 0
0.747 55
0.763 32
0.846 52
0.563 51
0.674 58
0.515 57
0.904 55
0.85 47
0.638 48
0.911 48
0.758 64
0.827 55
0.877 50
0.953 50
0.794 39
0.777 43
0.875 53
0.774 55
0.903 40
0.747 56
0.942 53
0.653 48
0.657 41
0.958 44
0.882 48
0.684 54
0.972 46
0.65 52
0.758 50
0.873 44
0.937 52
0.707 55
0.797 60
0.837 52
0.78 62
0.978 50
0.724 63
0.823 49
0.653 52
0.857 45
0.964 62
0.966 49
0.771 52
0.931 57
0.701 57
0.891 58
0.715 38
0.906 54
0.966 3
0.915 10
0.612 54
0.685 54
0.705 30
0.895 55
0.926 24
0.88 24
0.524 45
0.726 45
0.866 55
0.696 59
0.639 52
0.673 50
0.802 55
0.613 29
0.973 52
0.763 47
0.858 26
0.842 49
0.924 51
0.861 54
0.807 47
0.974 42
0.783 52
0.834 52
0.888 57
0.878 56
0.897 59
0.873 55
0.812 58
0.826 53
0.803 51
0.873 54
0.852 54
0.826 57
0.834 52
0.895 49
0.907 50
0.657 59
0.854 49
0.864 62
0.953 51
0.868 59
0.668 60
0.893 0
0.927 0
0.913 53
0.929 0
0.93 0
0.912 0
0.986 1
0.976 48
0.593 31
0.907 48
0.902 40
0.835 44
0.954 49
0.951 48
0.71 43
0.588 35
0.887 47
0.615 47
0.731 52
0.81 52
0.981 54
0.753 43
0.897 55
0.865 54
0.565 46
0.406 51
0.963 63
0.742 47
0.682 61
0.785 47
0.835 56
0.739 49
0.708 52
0.865 56
0.741 52
0.879 50
0.659 54
0.516 46
0.93 62
0.906 53
0.912 64
0.875 54
0.767 55
0.91 46
0.753 48
0.936 49
0.554 47
0.929 0
0.659 54
0.878 55
0.929 0
0.859 36
0.866 0
0.799 0
0.861 0
0.893 0
0.961 0
0.599 48
0.846 46
0.953 49
0.594 30
0.694 54
0.735 48
0.639 26
0.903 51
0.901 35
0.776 26
0.78 55
0.639 49
0.489 55
0.968 50
0.88 47
0.835 43
0.896 54
0.986 30
0.858 48
0.859 53
0.713 54
0.824 49
0.75 52
0.947 47
0.827 50
0.845 62
0.647 65
0.817 53
0.828 46
0.802 58
0.916 54
0.94 56
0.976 52
0.679 0
0.937 52
0.905 0
0.869 52
0.551 57
0.903 0
0.898 51
0.771 38
0.918 37
0.874 33
0.6 54
0.673 46
0.777 51
0.915 54
0.896 33
0.795 1
0.839 10
0.497 54
0.95 56
0.747 58
0.652 38
0.954 41
0.729 44
0.659 45
0.641 47
0.871 50
0.715 49
0.877 49
0.927 48
0.952 47
0.856 61
0.585 44
0.78 48
0.961 50
0.875 52
0.957 50
0.922 51
0.853 52
0.95 48
0.736 52
0.927 56
0.949 53
0.9 46
0.769 50
0.694 59
0.883 60
0.794 51
0.888 45
0.723 36
0.628 42
0.859 37
0.88 56
0.924 34
0.839 38
0.864 34
0.834 34
0.952 53
0.824 37
0.832 56
0.812 34
0.776 36
0.895 36
0.726 38
0.745 37
0.761 37
0.958 0
0.717 0
0.861 51
0.714 53
0.792 26
0.535 46
0.771 40
0.977 46
0.723 47
0.966 49
0.737 54
0.773 51
0.71 48
0.926 49
0.881 44
0.741 53
0.591 60
0.87 57
0.889 48
0.726 45
0.574 41
0.644 55
0.791 37
0.906 53
0.856 48
0.78 57
0.954 49
0.874 55
0.913 51
0.817 54
0.845 55
0.777 41
0.809 53
0.623 55
0.919 45
0.921 49
0.989 54
0.86 50
0.646 45
0.747 49
0.926 47
0.86 55
0.855 32
0.881 36
0.937 33
0.896 31
0.956 52
0.805 32
0.702 38
0.615 45
0.947 0
0.829 0
0.465 78
0.262 77
0.366 74
0.54 82
0.731 0
0.487 5
0.546 1
0.473 1
0.728 0
0.553 0
0.158 0
0.878 1
0.553 0
0.473 0
0.473 0
0.553 0
0.553 0
0.158 0
0.473 0
0.553 0
0.487 0
0.158 0
0.553 0
0.491 0
0.553 0
0.553 0
0.473 0
0.553 0
0.487 0
0.487 0
0.553 0
0.553 0
0.487 0
0.553 0
0.553 0
0.553 0
0.473 0
0.553 0
0.553 0
0.553 0
0.553 0
0.553 0
0.553 0
0.494 0
0.487 0
0.553 0
0.553 0
0.553 0
0.553 0
0.487 0
0.367 76
0.394 76
0.179 76
0.403 77
0.48 71
0.473 2
0.424 0
0.583 0
0.534 2
0.534 2
0.473 1
0.448 0
0.487 0
0.473 0
0.553 0
0.878 1
0.788 2
0.553 0
0.487 0
0.553 0
0.473 0
0.553 0
0.553 0
0.487 0
0.314 0
0.473 0
0.758 0
0.553 0
0.553 0
0.553 0
0.553 0
0.553 0
0.72 1
0.553 0
0.553 0
0.487 0
0.553 0
0.553 0
0.487 0
0.553 0
0.534 0
0.487 0
0.553 0
0.494 0
0.494 0
0.487 0
0.758 0
0.378 0
0.788 1
0.644 0
0.728 69
0.632 66
0.293 72
0.373 71
0.294 67
0.413 57
0.376 77
0.435 74
0.338 72
0.536 73
0.519 78
0.499 58
0.127 74
0.722 73
0.265 66
0.715 72
0.302 68
0.484 75
0.467 73
0.728 71
0.607 74
0.301 68
0.654 70
0.71 73
0.805 77
0.608 78
0.724 76
0.622 71
0.7 49
0.876 67
0.369 70
0.849 75
0.845 68
0.676 73
0.538 0
0.927 0
0.738 0
0.94 0
0.601 0
0.366 0
0.47 0
0.625 0
0.801 0
0.801 0
0.801 0
0.522 0
0.831 0
0.801 0
0.801 0
0.81 1
0.635 71
0.65 66
0.289 68
0.819 43
0.302 66
0.331 68
0.351 67
0.578 70
0.322 57
0.313 72
0.725 71
0.8 64
0.56 63
0.502 69
0.902 74
0.534 71
0.563 68
0.412 66
0.341 60
0.358 61
0.29 66
0.577 62
0.107 65
0.325 68
0.633 71
0.905 71
0.436 63
0.91 68
0.521 43
0.725 70
0.15 63
0.399 55
0.159 68
0.463 56
0.751 72
0.576 70
0.274 60
0.313 59
0.775 74
0.28 69
0.552 62
0.909 67
0.789 47
0.903 1
0.89 0
0.481 0
0.42 0
0.703 0
0.356 0
0.557 0
0.481 65
0.387 63
0.163 53
0.656 67
0.435 67
0.55 63
0.565 57
0.672 61
0.22 55
0.42 28
0.959 38
0.479 60
0.278 58
0.145 64
0.329 64
0.563 61
0.341 56
0.515 66
0.485 58
0.448 39
0.483 68
0.318 73
0.805 67
0.92 67
0.612 59
0.801 67
0.241 63
0.0811 59
0.878 71
0.636 61
0.575 59
0.969 65
0.854 72
0.594 71
0.721 66
0.463 70
0.442 65
0.829 68
0.171 58
0.472 73
0.768 70
0.629 72
0.562 40
0.663 41
0.684 43
0.601 1
0.601 1
0.601 0
0.601 0
0.689 0
0.571 59
0.152 64
0.193 37
0.211 52
0.448 74
0.537 70
0.411 54
0.302 61
0.661 57
0.731 65
0.189 59
0.703 60
0.351 62
0.438 38
0.267 67
0.782 66
0.452 62
0.295 61
0.512 63
0.457 64
0.916 66
0.66 68
0.516 67
0.354 70
0.364 53
0.571 65
0.42 62
0.205 68
0.247 64
0.738 70
0.488 70
0.868 71
0.819 62
0.727 69
0.454 38
0.624 63
0.629 38
0.85 65
0.488 63
0.392 65
0.725 66
0.592 66
0.231 59
0.765 38
0.626 37
0.379 37
0.473 71
0.835 37
0.48 65
0.854 0
0.692 58
0.395 50
0.48 56
0.615 60
0.847 46
0.821 50
0.324 53
0.324 54
0.27 36
0.515 61
0.152 60
0.762 64
0.338 61
0.407 60
0.128 56
0.587 65
0.755 36
0.673 62
0.402 55
0.484 58
0.903 66
0.463 58
0.624 71
0.556 62
0.233 62
0.473 66
0.443 64
0.0721 54
0.508 55
0.313 60
0.261 36
0.487 68
0.583 64
0.49 58
0.472 56
0.716 57
0.774 39
0.737 37
0.758 73
0.549 61
0.715 68
0.481 60
0.569 36
0.817 37
0.947 35
0.759 35
0.677 65
0.447 65
0.638 36
0.845 35
0.729 56
0.786 58
0.502 57
0.75 60
0.426 50
0.385 59
0.65 49
0.6 52
0.372 58
0.701 57
0.733 63
0.301 35
0.253 35
0.294 60
0.316 51
0.948 61
0.695 57
0.827 62
0.148 46
0.0742 55
0.0659 34
0.762 60
0.522 34
0.317 54
0.428 53
0.309 35
0.467 60
0.406 56
0.56 60
0.78 68
0.698 65
0.958 41
0.479 63
0.434 55
0.635 59
0.394 34
0.539 35
0.643 34
0.649 34
0.688 35
0.644 34
0.433 55
0.743 67
0.306 34
0.285 64
0.427 35
0.822 34
0.89 33
0.648 65
0.889 34
0.734 58
0.457 54
0.677 57
0.306 22
0.574 71
0.31 61
0.78 49
0.306 57
0.41 54
0.484 50
0.55 38
0.771 50
0.479 53
0.396 52
0.828 25
0.601 33
0.385 56
0.197 57
0.281 59
0.458 59
0.845 33
0.309 55
0.349 55
0.194 48
0.43 33
0.43 58
0.834 63
0.426 58
0.543 34
0.2 33
0.611 34
0.716 56
0.782 65
0.714 62
0.691 70
0.636 61
0.963 63
0.733 34
0.925 33
0.571 34
0.53 34
0.657 63
0.583 34
0.673 33
0.983 33
0.289 0
0.289 0
0.773 33
0.938 0
0.494 0
0.314 58
0.249 58
0.564 54
0.568 57
0.232 52
0.406 59
0.127 51
0.569 47
0.499 57
0.722 56
0.94 58
0.0193 53
0.47 59
0.453 49
0.339 53
0.198 54
0.618 57
0.154 54
0.741 57
0.284 57
0.601 59
0.668 64
0.31 56
0.625 60
0.799 61
0.464 65
0.376 34
0.704 48
0.633 49
0.214 58
0.625 66
0.612 33
0.211 32
0.204 55
0.495 63
0.651 69
0.625 53
0.529 59
0.627 32
0.47 64
0.498 32
0.587 33
0.644 33
0.289 0
0.881 33
0.97 32
0.719 32
0.299 58
0.659 32
0.615 0
0.653 53
0.754 67
0.11 53
0.818 49
0.59 26
0.349 60
0.677 61
0.706 55
0.777 57
0.429 48
0.369 29
0.535 67
0.572 59
0.218 55
0.615 46
0.952 65
0.648 56
0.337 55
0.419 33
0.484 64
0.416 58
0.756 32
0.874 50
0.596 58
0.652 31
0.881 31
0.382 50
0.407 52
0.498 58
0.531 63
0.751 31
0.902 31
0.818 64
0.969 31
0.497 57
0.563 60
0.745 31
0.507 31
0.633 0
0.712 0
0.712 0
0.633 0
0.712 0
0.633 0
0.712 0
0.712 0
0.712 0
0.712 0
0.712 0
0.737 0
0.0953 54
0.379 56
0.513 65
0.649 59
0.806 45
0.331 56
0.86 52
0.942 48
0.744 31
0.516 45
0.348 49
0.389 33
0.305 30
0.609 57
0.669 63
0.524 34
0.148 54
0.73 30
0.829 57
0.0584 49
0.608 30
0.479 58
0.354 58
0.421 61
0.564 64
0.417 58
0.948 56
0.379 32
0.714 31
0.541 31
0.695 59
0.454 54
0.54 58
0.221 31
0.48 58
0.658 65
0.779 29
0.698 58
0.651 30
0.471 59
0.384 30
0.756 57
0.0513 52
0.863 29
0.416 62
0.661 30
0.568 30
0.809 31
0.526 31
0.456 31
0.565 57
0.519 52
0.821 58
0.669 52
0.557 53
0.224 18
0.722 54
0.806 59
0.749 41
0.586 49
0.483 55
0.763 29
0.401 51
0.702 58
0.28 30
0.669 56
0.34 55
0.483 53
0.756 56
0.645 57
0.162 52
0.119 45
0.708 57
0.156 51
0.338 30
0.856 59
0.487 56
0.524 59
0.389 51
0.53 60
0.72 57
0.704 42
0.48 67
0.874 31
0.897 63
0.839 30
0.247 30
0.65 57
0.456 30
0.462 64
0.868 30
0.886 56
0.66 58
0.859 31
0.539 55
0.512 30
0.593 31
0.628 63
0.659 31
0.526 30
0.478 49
0.509 53
0.753 46
0.469 50
0.506 60
0.707 46
0.645 57
0.058 55
0.177 56
0.596 55
0.863 53
0.905 51
0.339 67
0.253 51
0.88 56
0.459 55
0.395 29
0.686 59
0.79 29
0.0972 52
0.515 50
0.804 64
0.444 58
0.614 29
0.303 57
0.475 29
0.655 50
0.809 30
0.494 55
0.224 47
0.502 29
0.26 57
0.909 29
0.83 30
0.706 60
0.44 29
0.4 29
0.496 58
0.448 57
0.545 29
0.749 55
0.564 30
0.681 29
0.539 59
0.404 28
0.975 28
0.924 28
0.754 31
0.564 29
0.713 29
0.805 57
0.598 32
0.0708 35
0.558 48
0.137 52
0.86 51
0.28 40
0.341 55
0.818 57
0.603 56
0.657 59
0.76 56
0.344 56
0.863 60
0.939 55
0.677 59
0.103 45
0.638 54
0.418 63
0.579 57
0.45 46
0.593 52
0.79 28
0.831 29
0.481 49
0.711 47
0.537 55
0.364 28
0.405 50
0.416 29
0.659 29
0.635 29
0.777 58
0.769 29
0.381 53
0.847 61
0.161 46
0.787 28
0.726 64
0.407 29
0.338 29
0.718 29
0.839 27
0.722 29
0.593 28
0.72 27
0.716 29
0.942 28
0.476 28
0.885 27
0.493 42
0.156 52
0.509 56
0.265 53
0.473 45
0.421 40
0.66 28
0.939 27
0.284 46
0.582 67
0.0818 49
0.506 56
0.385 46
0.481 28
0.625 57
0.419 52
0.471 54
0.753 56
0.67 47
0.283 51
0.494 48
0.424 50
0.957 27
0.321 26
0.593 54
0.296 58
0.803 58
0.568 55
0.318 42
0.887 31
0.405 50
0.646 29
0.354 28
0.471 28
0.681 65
0.175 49
0.954 30
0.637 59
0.46 59
0.703 64
0.507 54
0.934 28
0.455 28
0.845 28
0.688 29
0.544 27
0.867 27
0.599 29
0.732 28
0.513 28
0.336 49
0.427 45
0.546 16
0.571 54
0.824 51
0.386 47
0.653 51
0.35 58
0.958 45
0.592 56
0.49 45
0.892 56
0.0631 54
0.789 45
0.91 28
0.37 52
0.74 50
0.413 52
0.473 46
0.239 62
0.512 27
0.497 67
0.948 25
0.89 26
0.512 54
0.332 61
0.458 53
0.656 52
0.678 54
0.715 28
0.981 26
0.821 28
0.792 26
0.783 53
0.969 26
0.434 28
0.917 28
0.583 53
0.644 56
0.218 27
0.18 28
0.502 59
0.552 27
0.259 29
0.954 27
0.878 52
0.659 28
0.964 27
0.895 27
0.83 27
0.394 50
0.526 57
0.334 51
0.736 56
0.204 44
0.376 53
0.805 57
0.113 48
0.337 52
0.608 52
0.369 48
0.506 27
0.416 54
0.563 47
0.245 27
0.768 27
0.411 59
0.17 50
0.899 27
0.464 61
0.557 54
0.569 27
0.363 57
0.701 27
0.449 26
0.645 68
0.615 28
0.988 26
0.508 26
0.352 27
0.705 54
0.417 26
0.695 26
0.42 46
0.513 27
0.869 66
0.51 54
0.95 26
0.289 53
0.583 26
0.46 27
0.476 55
0.762 54
0.981 26
0.763 27
0.577 27
0.419 27
0.61 28
0.545 27
0.763 27
0.677 55
0.465 56
0.547 51
0.388 53
0.634 55
0.583 26
0.585 51
0.459 46
0.462 51
0.912 57
0.332 45
0.213 46
0.818 27
0.524 55
0.396 46
0.479 50
0.597 57
0.722 26
0.636 56
0.898 26
0.551 51
0.232 52
0.489 53
0.612 54
0.427 49
0.83 63
0.492 55
0.732 51
0.745 60
0.896 26
0.665 26
0.394 25
0.833 26
0.567 50
0.27 26
0.948 55
0.634 52
0.906 27
0.364 61
0.819 27
0.0913 52
0.293 54
0.84 27
0.651 26
0.902 26
0.844 26
0.664 26
0.789 26
0.415 27
0.917 25
0.644 55
0.622 57
0.458 46
0.436 47
0.652 43
0.985 27
0.904 54
0.218 50
0.597 49
0.936 26
0.513 50
0.712 26
0.725 27
0.405 60
0.405 46
0.346 26
0.328 42
0.772 57
0.397 46
0.66 55
0.735 58
0.713 26
0.222 26
0.41 27
0.281 26
0.558 26
0.565 58
0.818 54
0.292 54
0.341 27
0.643 26
0.652 27
0.844 25
0.857 26
0.73 26
0.577 26
0.871 26
0.89 64
0.954 25
0.606 26
0.693 26
0.728 27
0.813 26
0.845 26
0.804 27
0.396 25
0.73 26
0.42 25
0.554 26
0.835 26
0.676 79
0.526 49
0.99 3
0.942 2
0.969 0
0.969 0
0.766 4
0.966 0
0.966 0
0.99 0
0.775 0
0.93 0
0.886 1
0.9 2
0.966 2
0.675 0
0.942 0
0.886 0
0.969 4
0.886 0
0.99 0
0.842 0
0.939 0
0.93 1
0.9 2
0.842 0
0.9 0
0.9 0
0.939 0
0.951 4
0.9 1
0.955 1
0.9 0
0.886 0
0.886 1
0.878 0
0.842 0
0.675 1
0.848 0
0.842 0
0.882 2
0.946 1
0.901 2
0.919 0
0.521 0
0.521 1
0.665 0
0.702 0
0.848 0
0.96 0
0.778 74
0.714 77
0.769 80
0.532 40
0.905 78
0.849 74
0.897 82
0.716 77
0.897 75
0.84 63
0.834 72
0.836 80
0.917 81
0.802 60
0.85 0
0.85 0
0.872 2
0.607 0
0.607 0
0.607 0
0.872 0
0.85 0
0.903 0
0.842 0
0.85 0
0.943 0
0.387 1
0.44 0
0.749 1
0.943 1
0.937 2
0.872 0
0.937 3
0.749 0
0.93 1
0.674 15
0.937 2
0.935 0
0.937 1
0.937 0
0.937 0
0.937 0
0.902 0
0.459 0
0.674 4
0.743 1
0.845 0
0.845 0
0.433 0
0.702 0
0.521 78
0.787 66
0.623 72
0.845 71
0.783 73
0.861 63
0.849 81
0.625 56
0.895 77
0.759 77
0.951 80
0.702 62
0.907 62
0.341 47
0.961 47
0.943 81
0.858 69
0.801 48
0.901 48
0.908 48
0.456 0
0.493 0
0.493 0
0.594 47
0.559 48
0.907 47
0.961 49
0.925 50
0.931 0
0.978 0
0.474 0
0.91 0
0.792 0
0.997 0
0.931 0
0.91 1
0.931 0
0.865 49
0.91 0
0.931 0
0.91 2
0.91 1
0.75 47
0.894 50
0.951 49
0.839 0
0.549 0
0.809 46
0.655 0
0.825 0
0.955 64
0.844 65
0.846 77
0.672 70
0.932 76
0.789 69
0.879 54
0.928 77
0.962 64
0.763 77
0.255 65
0.954 58
0.481 65
0.702 66
0.896 44
0.898 73
0.889 73
0.836 77
0.928 70
0.747 66
0.783 73
0.409 58
0.969 46
0.292 45
0.965 46
0.92 46
0.85 46
0.926 47
0.954 44
0.945 46
0.884 45
0.934 0
0.761 45
0.886 44
0.995 45
0.824 47
0.577 1
0.908 44
0.924 45
0.736 46
0.869 45
0.85 0
0.98 45
0.742 44
0.89 45
0.785 45
0.974 45
0.955 0
0.824 0
0.954 1
0.547 57
0.488 74
0.691 70
0.775 74
0.872 73
0.682 67
0.547 65
0.48 66
0.842 64
0.94 44
0.87 44
0.804 42
0.975 43
0.787 43
0.835 44
0.921 45
0.952 43
0.35 44
0.801 72
0.887 44
0.589 44
0.885 44
0.776 44
0.823 44
0.907 0
0.838 44
0.907 0
0.907 0
0.921 43
0.831 44
0.817 43
0.757 44
0.96 44
0.666 0
0.991 43
0.747 44
0.666 0
0.971 44
0.937 44
0.954 43
0.88 44
0.784 44
0.896 44
0.549 44
0.346 0
0.346 0
0.346 0
0.346 0
0.874 43
0.346 0
0.868 64
0.903 68
0.307 64
0.94 72
0.521 56
0.915 29
0.726 56
0.71 60
0.822 61
0.468 70
0.974 68
0.713 60
0.882 68
0.902 44
0.618 42
0.888 43
0.779 43
0.851 43
0.952 42
0.74 43
0.734 44
0.907 43
0.876 43
0.94 42
0.674 43
0.772 42
0.861 42
0.893 43
0.614 42
0.911 42
0.609 0
0.922 43
0.978 43
0.674 43
0.601 1
0.601 1
0.692 0
0.609 0
0.871 43
0.974 42
0.419 0
0.777 41
0.773 43
0.601 0
0.601 0
0.871 0
0.678 0
0.961 0
0.441 0
0.913 0
0.864 59
0.796 55
0.975 57
0.607 52
0.549 53
0.854 66
0.911 71
0.848 65
0.939 68
0.955 66
0.93 64
0.801 60
0.864 61
0.798 69
0.415 44
0.741 42
0.85 42
0.936 41
0.309 42
0.474 41
0.899 41
0.947 41
0.927 42
0.886 41
0.773 41
0.966 41
0.751 41
0.975 41
0.814 41
0.89 42
0.814 41
0.948 42
0.839 42
0.881 42
0.99 43
0.97 42
0.894 42
0.845 41
0.87 42
0.875 41
0.648 42
0.853 40
0.908 43
0.78 42
0.73 42
0.955 42
0.895 41
0.978 40
0.552 41
0.819 42
0.517 64
0.85 66
0.796 57
0.661 55
0.424 67
0.862 77
0.81 66
0.431 41
0.982 72
0.923 69
0.973 41
0.929 41
0.833 41
0.979 40
0.383 71
0.628 41
0.891 41
0.829 41
0.94 39
0.911 40
0.947 40
0.786 40
0.793 40
0.665 41
0.914 41
0.933 41
0.981 40
0.858 40
0.837 41
0.836 0
0.995 40
0.922 41
0.932 40
0.778 41
0.933 40
0.989 40
0.702 41
0.942 40
0.857 41
0.436 40
0.977 41
0.523 41
0.982 40
0.959 41
0.477 41
0.957 42
0.867 41
0.966 39
0.965 39
0.94 40
0.81 64
0.959 73
0.882 55
0.93 72
0.857 58
0.749 40
0.13 63
0.951 59
0.978 39
0.939 40
0.845 40
0.601 40
0.9 40
0.34 40
0.74 40
0.692 40
0.946 41
0.737 39
0.884 40
0.855 40
0.93 40
0.562 40
0.71 40
0.877 40
0.726 40
0.961 40
0.787 40
0.832 39
0.475 40
0.736 39
0.848 40
0.802 40
0.802 40
0.81 40
0.886 39
0.312 40
0.798 39
0.638 39
0.943 40
0.907 39
0.562 40
0.805 39
0.886 40
0.991 40
0.522 40
0.974 39
0.992 40
0.97 39
0.979 40
0.888 40
0.618 53
0.547 51
0.805 65
0.548 41
0.494 39
0.875 48
0.54 55
0.532 63
0.937 38
0.855 72
0.517 67
0.882 74
0.63 67
0.82 39
0.974 68
0.907 53
0.922 62
0.861 38
0.83 39
0.898 40
0.97 39
0.892 39
0.938 39
0.961 40
0.543 40
0.694 39
0.925 40
0.881 39
0.6 38
0.886 38
0.958 38
0.933 38
0.469 39
0.893 39
0.886 39
0.92 39
0.986 40
0.97 39
0.924 39
0.32 39
0.717 39
0.837 39
0.415 39
0.998 39
0.825 39
0.979 39
0.941 39
0.452 40
0.838 39
0.771 38
0.759 70
0.78 69
0.895 75
0.616 44
0.906 38
0.887 39
0.917 38
0.935 37
0.755 38
0.744 55
0.476 39
0.709 38
0.938 39
0.714 40
0.714 38
0.914 39
0.921 39
0.596 39
0.897 39
0.886 39
0.581 39
0.956 38
0.933 38
0.494 39
0.967 39
0.753 38
0.951 38
0.864 38
0.856 38
0.813 38
0.599 38
0.97 39
0.52 39
0.937 38
0.953 38
0.875 39
0.97 38
0.682 39
0.903 38
0.656 38
0.927 38
0.995 39
0.958 38
0.891 38
0.976 38
0.953 38
0.889 38
0.755 37
0.95 37
0.928 38
0.451 53
0.441 67
0.909 58
0.805 57
0.84 57
0.946 63
0.628 69
0.716 57
0.962 71
0.981 60
0.466 65
0.833 70
0.961 39
0.72 37
0.821 38
0.799 38
0.985 38
0.949 37
0.851 38
0.809 38
0.991 38
0.93 38
0.776 38
0.977 39
0.755 38
0.924 38
0.867 38
0.468 38
0.921 38
0.948 38
0.299 38
0.897 38
0.908 38
0.952 38
0.747 38
0.989 37
0.95 37
0.971 38
0.761 38
0.877 38
0.879 37
0.892 38
0.986 38
0.913 38
0.974 38
0.662 38
0.995 38
0.957 38
0.95 38
0.984 37
0.956 66
0.85 61
0.631 58
0.923 66
0.821 57
0.879 50
0.791 52
0.841 66
0.812 64
0.783 55
0.86 53
0.966 72
0.661 37
0.312 38
0.901 70
0.491 38
0.958 37
0.638 38
0.876 37
0.21 38
0.771 38
0.897 36
0.895 38
0.937 38
0.91 37
0.738 37
0.953 38
0.895 37
0.978 38
0.402 37
0.404 37
0.869 37
0.927 37
0.857 37
0.697 38
0.833 37
0.983 37
0.793 37
0.83 38
0.778 37
0.736 37
0.725 37
0.803 38
0.794 37
0.541 37
0.808 37
0.923 38
0.91 37
0.765 37
0.711 38
0.547 60
0.779 53
0.6 62
0.55 60
0.94 55
0.833 58
0.969 54
0.484 38
0.711 61
0.945 36
0.909 55
0.784 63
0.778 0
0.733 37
0.778 0
0.931 61
0.795 37
0.622 36
0.617 37
0.446 37
0.959 37
0.793 37
0.7 37
0.865 36
0.832 37
0.868 37
0.697 37
0.818 37
0.923 37
0.476 38
0.953 37
0.931 38
0.85 37
0.711 37
0.966 36
0.681 37
0.696 37
0.41 37
0.966 37
0.786 37
0.894 37
0.731 0
0.944 36
0.895 37
0.978 37
0.945 36
0.771 37
0.731 1
0.947 36
0.966 37
0.864 27
0.734 36
0.669 47
0.828 49
0.791 67
0.704 54
0.778 37
0.892 38
0.96 36
0.561 37
0.93 36
0.931 36
0.923 36
0.889 36
0.94 36
0.877 37
0.838 37
0.406 37
0.901 63
0.973 37
0.841 36
0.546 36
0.965 69
0.74 38
0.977 36
0.679 0
0.878 37
0.844 36
0.801 37
0.742 37
0.813 37
0.917 36
0.976 37
0.729 37
0.954 36
0.902 36
0.8 36
0.98 36
0.885 36
0.93 37
0.902 36
0.431 36
0.979 36
0.864 37
0.894 37
0.892 36
0.947 37
0.824 37
0.943 36
0.975 36
0.95 57
0.931 60
0.477 56
0.694 36
0.724 56
0.887 71
0.929 49
0.702 36
0.712 36
0.602 36
0.574 35
0.911 36
0.848 36
0.612 36
0.943 38
0.984 35
0.857 37
0.765 36
0.943 35
0.899 36
0.965 36
0.927 37
0.622 36
0.857 36
0.793 35
0.855 36
0.938 37
0.889 36
0.958 37
0.838 35
0.908 35
0.833 36
0.942 36
0.878 37
0.924 36
0.626 36
0.96 36
0.971 36
0.716 36
0.933 36
0.963 36
0.707 36
0.77 36
0.965 36
0.45 36
0.842 36
0.72 37
0.935 36
0.929 36
0.974 36
0.764 52
0.461 57
0.946 63
0.976 65
0.97 66
0.764 62
0.882 36
0.903 35
0.819 36
0.942 36
0.972 35
0.945 36
0.307 36
0.749 36
0.676 35
0.956 37
0.93 36
0.779 36
0.519 36
0.945 36
0.96 36
0.964 35
0.81 36
0.702 37
0.681 36
0.747 35
0.836 36
0.683 0
0.812 35
0.914 36
0.911 36
0.923 36
0.945 36
0.946 36
0.965 35
0.626 36
0.816 36
0.904 35
0.969 35
0.934 36
0.93 35
0.792 37
0.414 36
0.941 36
0.926 36
0.74 35
0.854 36
0.915 36
0.458 36
0.971 35
0.827 23
0.731 56
0.728 52
0.744 56
0.478 51
0.468 59
0.939 62
0.889 58
0.964 35
0.925 67
0.92 61
0.932 68
0.751 62
0.763 69
0.905 37
0.906 37
0.745 36
0.76 36
0.852 35
0.832 34
0.839 36
0.937 35
0.812 37
0.986 34
0.947 36
0.627 37
0.865 35
0.867 35
0.798 35
0.395 36
0.993 35
0.711 36
0.984 36
0.561 37
0.955 35
0.97 35
0.868 35
0.919 36
0.567 36
0.546 35
0.917 35
0.755 36
0.988 35
0.746 35
0.916 34
0.962 35
0.941 36
0.852 35
0.564 36
0.768 35
0.868 55
0.702 22
0.185 55
0.727 55
0.578 34
0.953 35
0.964 59
0.908 36
0.751 35
0.833 35
0.552 61
0.796 35
0.895 34
0.949 62
0.724 35
0.877 35
0.904 35
0.927 35
0.667 36
0.626 35
0.928 34
0.937 36
0.978 35
0.889 35
0.953 36
0.62 35
0.964 35
0.696 35
0.968 34
0.823 35
0.948 35
0.78 35
0.802 35
0.784 35
0.652 35
0.889 34
0.799 35
0.708 36
0.838 35
0.96 35
0.938 36
0.913 35
0.507 36
0.961 35
0.927 35
0.929 35
0.736 35
0.98 36
0.65 35
0.987 34
0.609 55
0.822 56
0.711 48
0.986 54
0.74 55
0.961 34
0.923 64
0.268 35
0.879 34
0.907 34
0.945 58
0.836 68
0.669 35
0.495 36
0.909 36
0.987 35
0.931 35
0.813 36
0.903 35
0.765 34
0.933 34
0.902 36
0.827 35
0.867 35
0.928 35
0.956 35
0.935 34
0.908 35
0.866 35
0.143 35
0.715 35
0.93 35
0.821 34
0.875 35
0.944 35
0.729 35
0.879 36
0.801 36
0.433 35
0.443 35
0.867 35
0.865 34
0.545 35
0.914 35
0.948 35
0.962 34
0.603 35
0.899 35
0.858 35
0.949 35
0.941 86
0.676 79
0.682 77
0.719 51
0.814 78
0.766 4
0.526 49
0.858 2
0.67 6
0.893 1
0.99 2
0.942 1
0.9 1
0.906 1
0.67 2
0.93 1
0.969 3
0.969 0
0.906 0
0.943 2
0.67 0
0.969 0
0.99 0
0.858 3
0.67 0
0.886 0
0.9 1
0.775 0
0.951 4
0.939 0
0.9 1
0.942 0
0.9 0
0.906 0
0.99 0
0.906 0
0.901 2
0.939 0
0.792 0
0.9 0
0.9 0
0.884 0
0.882 2
0.897 1
0.921 1
0.946 1
0.432 0
0.878 0
0.97 0
0.97 0
0.75 75
0.714 78
0.923 80
0.769 81
0.737 80
0.988 79
0.857 81
0.941 1
0.432 77
0.696 3
0.696 0
0.945 1
0.945 0
0.886 2
0.924 2
0.751 1
0.884 0
0.884 0
0.884 0
0.886 1
0.886 1
0.607 0
0.607 0
0.886 0
0.966 0
0.966 0
0.696 0
0.966 2
0.44 0
0.943 1
0.675 0
0.937 3
0.955 1
0.675 1
0.903 0
0.937 2
0.702 0
0.937 1
0.693 1
0.937 2
0.665 0
0.937 0
0.521 0
0.937 0
0.919 0
0.937 0
0.96 0
0.964 1
0.845 0
0.845 0
0.778 74
0.532 40
0.905 78
0.849 74
0.83 69
0.836 80
0.897 83
0.716 78
0.884 71
0.938 51
0.834 72
0.905 79
0.84 63
0.943 81
0.802 60
0.917 81
0.872 2
0.85 0
0.607 0
0.85 0
0.85 0
0.571 0
0.872 0
0.571 0
0.571 0
0.571 0
0.607 0
0.848 0
0.929 1
0.93 0
0.929 2
0.387 1
0.929 0
0.929 0
0.943 0
0.842 0
0.749 1
0.842 0
0.842 0
0.749 0
0.842 0
0.929 0
0.929 0
0.848 0
0.842 0
0.93 1
0.902 0
0.674 15
0.935 0
0.743 1
0.938 71
0.857 71
0.623 72
0.787 66
0.625 56
0.845 71
0.783 73
0.906 74
0.796 73
0.897 75
0.955 60
0.951 80
0.827 72
0.913 3
0.913 0
0.908 0
0.909 76
0.943 81
0.908 0
0.341 47
0.901 48
0.906 0
0.906 0
0.474 0
0.925 50
0.443 0
0.493 0
0.493 0
0.443 0
0.931 0
0.958 49
0.961 49
0.931 0
0.91 2
0.931 0
0.865 49
0.459 0
0.91 1
0.91 1
0.931 0
0.928 48
0.91 0
0.91 0
0.951 49
0.433 0
0.549 0
0.684 0
0.684 0
0.655 0
0.702 0
0.563 74
0.955 64
0.521 78
0.672 70
0.818 75
0.849 81
0.789 69
0.895 77
0.928 77
0.861 63
0.879 54
0.763 77
0.759 77
0.702 62
0.702 66
0.844 76
0.94 77
0.95 71
0.907 63
0.838 0
0.838 0
0.858 69
0.873 47
0.858 47
0.823 47
0.73 48
0.616 46
0.863 48
0.801 48
0.899 46
0.861 46
0.456 0
0.965 46
0.929 0
0.594 47
0.929 0
0.961 45
0.978 0
0.577 1
0.736 46
0.89 46
0.792 0
0.894 50
0.825 46
0.997 0
0.839 0
0.75 47
0.955 0
0.809 46
0.825 0
0.846 77
0.481 65
0.851 64
0.962 64
0.96 76
0.929 67
0.972 59
0.836 77
0.515 69
0.928 70
0.889 73
0.898 73
0.883 73
0.409 58
0.783 73
0.62 46
0.938 44
0.983 44
0.92 46
0.805 47
0.904 45
0.85 46
0.784 47
0.967 43
0.747 44
0.884 45
0.907 47
0.954 44
0.945 46
0.926 47
0.863 46
0.934 0
0.921 43
0.924 45
0.908 44
0.995 45
0.785 45
0.85 0
0.937 44
0.742 44
0.98 45
0.732 44
0.974 46
0.824 0
0.954 0
0.346 0
0.346 0
0.346 0
0.346 0
0.346 0
0.751 65
0.583 66
0.486 41
0.547 57
0.621 70
0.844 65
0.547 65
0.775 74
0.255 65
0.71 60
0.822 62
0.488 74
0.954 58
0.932 75
0.932 76
0.901 58
0.747 66
0.48 66
0.797 44
0.67 70
0.896 45
0.969 46
0.787 44
0.871 2
0.804 42
0.776 44
0.975 43
0.704 46
0.952 43
0.838 44
0.761 45
0.943 44
0.621 43
0.907 0
0.907 0
0.817 43
0.96 44
0.88 44
0.554 42
0.601 1
0.907 0
0.886 44
0.971 44
0.666 0
0.601 1
0.666 0
0.924 42
0.601 0
0.601 0
0.874 43
0.88 66
0.659 58
0.864 69
0.955 69
0.893 75
0.726 56
0.899 62
0.496 73
0.94 73
0.691 70
0.974 68
0.842 64
0.468 70
0.98 46
0.682 67
0.94 44
0.618 42
0.801 73
0.85 42
0.97 43
0.87 44
0.792 0
0.851 43
0.922 43
0.952 42
0.975 41
0.292 45
0.839 42
0.835 44
0.947 41
0.94 42
0.839 43
0.823 44
0.887 45
0.949 41
0.911 42
0.954 43
0.831 44
0.957 44
0.757 44
0.894 42
0.991 43
0.91 42
0.922 43
0.974 42
0.549 45
0.896 44
0.981 41
0.777 41
0.839 0
0.521 56
0.549 53
0.307 64
0.915 29
0.787 29
0.563 50
0.838 55
0.964 65
0.872 73
0.955 44
0.854 66
0.882 68
0.713 60
0.864 61
0.801 61
0.862 77
0.93 64
0.902 44
0.833 43
0.888 43
0.958 43
0.781 43
0.779 43
0.885 44
0.936 41
0.917 42
0.888 41
0.907 43
0.74 43
0.899 41
0.966 41
0.927 42
0.913 0
0.97 42
0.674 43
0.876 43
0.933 40
0.893 43
0.978 43
0.784 44
0.87 42
0.855 0
0.895 41
0.615 40
0.648 42
0.7 42
0.795 43
0.871 43
0.871 0
0.913 0
0.864 59
0.868 63
0.903 68
0.796 56
0.975 57
0.848 65
0.701 56
0.911 71
0.946 62
0.955 66
0.914 74
0.766 67
0.813 69
0.798 69
0.692 65
0.935 66
0.902 61
0.929 41
0.31 42
0.96 69
0.966 39
0.415 44
0.979 40
0.623 42
0.85 0
0.734 44
0.886 41
0.922 41
0.674 43
0.814 41
0.772 42
0.99 43
0.72 40
0.861 42
0.959 41
0.614 43
0.881 42
0.609 0
0.982 40
0.609 0
0.969 41
0.878 41
0.692 0
0.73 42
0.419 0
0.978 40
0.961 0
0.678 0
0.441 0
0.955 42
0.81 64
0.886 70
0.607 52
0.796 57
0.939 74
0.81 66
0.971 54
0.424 67
0.309 41
0.647 56
0.939 68
0.767 42
0.761 51
0.759 40
0.836 40
0.958 39
0.439 68
0.862 42
0.973 41
0.978 39
0.673 42
0.946 39
0.309 42
0.474 41
0.864 40
0.898 40
0.97 39
0.94 39
0.751 42
0.947 40
0.919 39
0.786 40
0.837 41
0.623 40
0.773 41
0.978 40
0.948 42
0.89 42
0.839 42
0.733 40
0.989 40
0.773 43
0.845 41
0.907 39
0.908 43
0.78 42
0.853 40
0.965 40
0.552 42
0.819 42
0.85 66
0.598 60
0.547 51
0.773 56
0.949 58
0.857 59
0.65 53
0.966 54
0.973 70
0.923 69
0.951 60
0.959 73
0.922 62
0.31 39
0.991 38
0.799 69
0.383 71
0.683 40
0.741 42
0.892 39
0.897 38
0.891 41
0.814 40
0.665 41
0.829 41
0.924 40
0.793 40
0.961 40
0.855 40
0.933 41
0.957 39
0.924 41
0.953 38
0.995 40
0.877 40
0.6 39
0.851 0
0.851 0
0.81 40
0.604 39
0.977 41
0.655 39
0.523 41
0.974 39
0.732 39
0.867 41
0.966 39
0.97 39
0.868 39
0.94 40
0.904 74
0.875 49
0.907 66
0.616 44
0.93 72
0.895 75
0.636 61
0.431 41
0.945 44
0.864 48
0.924 45
0.798 46
0.695 46
0.694 46
0.984 60
0.656 45
0.977 43
0.337 41
0.333 40
0.674 37
0.752 42
0.727 42
0.799 41
0.73 41
0.857 41
0.861 38
0.876 39
0.858 41
0.74 40
0.673 39
0.446 39
0.726 40
0.884 40
0.911 40
0.961 40
0.702 41
0.953 38
0.922 38
0.736 40
0.92 40
0.942 41
0.957 42
0.933 38
0.918 41
0.992 40
0.477 41
0.958 38
0.979 40
0.991 40
0.923 39
0.915 60
0.517 64
0.765 78
0.548 42
0.805 65
0.54 55
0.13 64
0.882 55
0.661 55
0.749 40
0.855 72
0.78 69
0.974 68
0.517 67
0.981 38
0.982 72
0.906 39
0.82 39
0.935 37
0.917 38
0.907 53
0.4 40
0.49 40
0.83 40
0.768 40
0.692 40
0.836 0
0.714 38
0.93 40
0.778 41
0.775 38
0.981 40
0.938 39
0.469 39
0.886 39
0.562 40
0.494 39
0.958 38
0.886 39
0.673 39
0.886 40
0.986 38
0.638 39
0.436 41
0.949 37
0.844 39
0.889 38
0.805 40
0.771 38
0.772 38
0.87 73
0.686 51
0.532 63
0.494 39
0.831 68
0.937 38
0.933 52
0.882 74
0.963 66
0.541 40
0.621 38
0.744 55
0.709 38
0.938 39
0.927 39
0.845 40
0.714 40
0.601 40
0.711 40
0.34 40
0.914 39
0.848 40
0.789 38
0.946 41
0.921 39
0.71 40
0.737 40
0.983 38
0.951 38
0.933 38
0.585 39
0.787 40
0.864 38
0.945 38
0.958 39
0.967 39
0.97 39
0.881 39
0.986 40
0.937 38
0.997 37
0.97 38
0.913 38
0.562 40
0.998 39
0.522 40
0.941 39
0.755 37
0.979 39
0.898 38
0.618 54
0.759 70
0.794 52
0.543 69
0.879 50
0.87 65
0.966 72
0.937 67
0.937 66
0.514 38
0.834 38
0.874 39
0.714 38
0.856 38
0.807 38
0.578 39
0.9 40
0.898 40
0.821 38
0.549 38
0.817 37
0.984 37
0.809 38
0.917 36
0.886 38
0.99 36
0.956 38
0.492 0
0.699 0
0.492 0
0.924 38
0.699 0
0.492 0
0.991 38
0.802 40
0.492 0
0.312 40
0.897 38
0.492 0
0.917 37
0.995 39
0.793 37
0.95 38
0.953 38
0.825 39
0.976 38
0.656 38
0.958 38
0.452 40
0.838 39
0.946 63
0.938 62
0.821 57
0.962 71
0.716 57
0.841 66
0.887 39
0.284 37
0.302 39
0.88 37
0.875 37
0.989 37
0.961 39
0.644 39
0.966 37
0.924 36
0.804 37
0.985 38
0.813 38
0.54 38
0.923 36
0.949 37
0.214 39
0.927 38
0.475 40
0.875 36
0.912 37
0.543 40
0.776 38
0.694 39
0.813 38
0.97 39
0.536 37
0.837 39
0.893 39
0.747 38
0.957 38
0.443 39
0.599 38
0.906 37
0.995 37
0.728 37
0.971 38
0.717 40
0.879 37
0.415 39
0.891 38
0.95 37
0.55 36
0.984 37
0.701 54
0.821 59
0.734 36
0.628 70
0.866 48
0.788 52
0.459 60
0.917 69
0.86 53
0.969 55
0.755 39
0.476 39
0.661 38
0.901 70
0.296 37
0.958 37
0.617 37
0.897 36
0.486 37
0.876 37
0.865 38
0.738 37
0.765 37
0.828 37
0.925 40
0.818 37
0.65 37
0.581 39
0.755 38
0.869 37
0.948 38
0.833 37
0.617 37
0.886 39
0.892 38
0.52 39
0.299 38
0.875 39
0.946 36
0.95 37
0.902 36
0.989 37
0.586 36
0.32 39
0.682 39
0.885 36
0.995 38
0.541 37
0.917 36
0.928 38
0.909 58
0.864 27
0.963 37
0.791 52
0.833 58
0.783 55
0.884 56
0.94 55
0.733 37
0.945 36
0.981 60
0.977 66
0.599 35
0.942 36
0.446 37
0.564 36
0.799 39
0.738 37
0.897 39
0.953 35
0.959 37
0.868 37
0.947 36
0.867 38
0.697 37
0.928 37
0.906 36
0.596 39
0.828 36
0.977 37
0.992 35
0.856 38
0.902 36
0.923 37
0.497 37
0.953 37
0.975 37
0.793 37
0.903 38
0.859 37
0.978 36
0.954 36
0.877 38
0.927 38
0.966 37
0.974 38
0.944 36
0.979 36
0.895 37
0.924 35
0.956 66
0.63 67
0.887 71
0.704 54
0.561 54
0.96 37
0.457 38
0.768 36
0.797 37
0.972 35
0.936 39
0.802 36
0.93 36
0.839 35
0.622 36
0.962 35
0.889 36
0.927 36
0.953 38
0.89 36
0.973 37
0.94 36
0.394 38
0.96 35
0.959 35
0.978 38
0.977 39
0.906 36
0.878 37
0.546 36
0.817 36
0.974 35
0.947 39
0.468 38
0.917 36
0.983 37
0.966 37
0.952 38
0.933 36
0.725 37
0.894 37
0.761 38
0.696 37
0.903 38
0.926 36
0.808 38
0.93 37
0.91 37
0.813 37
0.873 36
0.393 81
0.427 76
0.306 80
0.335 69
0.547 90
0.515 78
0.545 79
0.914 75
0.512 81
0.582 81
0.625 81
0.533 85
0.575 78
0.545 7
0.39 54
0.462 0
0.466 1
0.462 0
0.94 53
0.462 0
0.512 2
0.866 55
0.439 0
0.443 1
0.225 3
0.92 1
0.429 0
0.537 54
0.637 57
0.307 0
0.514 0
0.898 1
0.427 0
0.876 0
0.876 0
0.917 1
0.819 0
0.876 0
0.917 0
0.876 0
0.876 0
0.917 1
0.876 0
0.917 0
0.776 0
0.399 0
0.399 0
0.464 0
0.625 56
0.612 0
0.208 75
0.917 80
0.901 59
0.307 0
0.639 75
0.888 0
0.909 52
0.876 0
0.876 0
0.876 0
0.876 0
0.876 0
0.876 0
0.876 0
0.876 0
0.876 0
0.876 0
0.495 53
0.876 1
0.876 0
0.848 0
0.876 0
0.876 0
0.876 0
0.642 1
0.876 0
0.441 0
0.876 0
0.876 0
0.876 0
0.876 0
0.876 0
0.876 0
0.876 0
0.876 0
0.876 0
0.876 0
0.876 0
0.876 0
0.487 53
0.876 0
0.876 0
0.627 54
0.682 0
0.848 0
0.886 0
0.645 0
0.708 0
0.61 0
0.575 0
0.518 73
0.787 71
0.619 71
0.959 51
0.794 50
0.897 1
0.494 50
0.577 50
0.916 51
0.897 0
0.978 49
0.844 50
0.278 0
0.39 51
0.506 0
0.806 50
0.707 52
0.538 51
0.796 0
0.591 0
0.783 50
0.856 51
0.744 50
0.446 50
0.902 50
0.391 0
0.813 49
0.56 0
0.56 0
0.56 0
0.665 50
0.56 0
0.366 52
0.56 0
0.601 0
0.683 0
0.419 0
0.7 51
0.771 0
0.947 50
0.679 51
0.704 0
0.358 51
0.399 0
0.525 51
0.457 0
0.7 0
0.8 0
0.495 0
0.85 0
0.869 65
0.803 76
0.802 0
0.802 0
0.802 0
0.802 0
0.802 0
0.802 0
0.983 48
0.603 73
0.802 1
0.802 0
0.802 0
0.572 2
0.596 48
0.442 49
0.566 0
0.665 0
0.71 49
0.976 48
0.675 49
0.566 1
0.566 0
0.749 49
0.89 48
0.52 48
0.896 48
0.675 49
0.538 49
0.621 49
0.389 50
0.501 49
0.519 49
0.937 49
0.407 49
0.81 0
0.942 0
0.984 0
0.984 0
0.198 0
0.934 0
0.723 0
0.198 0
0.418 50
0.198 0
0.198 0
0.198 0
0.736 50
0.432 48
0.328 50
0.724 67
0.714 48
0.571 48
0.589 48
0.686 47
0.557 0
0.945 47
0.557 0
0.89 48
0.981 47
0.857 47
0.557 0
0.557 0
0.532 49
0.898 47
0.649 48
0.967 48
0.288 0
0.422 48
0.542 47
0.567 48
0.413 48
0.415 0
0.525 48
0.755 48
0.534 48
0.377 0
0.682 0
0.552 0
0.624 47
0.377 0
0.9 0
0.711 0
0.711 0
0.463 0
0.711 0
0.338 0
0.831 47
0.32 0
0.485 49
0.338 0
0.75 47
0.338 0
0.682 0
0.714 48
0.467 49
0.389 48
0.443 48
0.777 48
0.825 0
0.801 70
0.646 77
0.787 65
0.592 65
0.907 55
0.431 47
0.844 48
0.804 47
0.777 47
0.689 72
0.255 0
0.704 47
0.76 47
0.834 47
0.474 47
0.463 47
0.732 48
0.391 48
0.646 47
0.708 47
0.719 47
0.907 47
0.628 47
0.777 47
0.8 47
0.656 47
0.596 47
0.506 47
0.477 47
0.948 46
0.88 47
0.504 48
0.561 46
0.477 48
0.639 47
0.704 47
0.616 47
0.969 47
0.384 0
0.213 0
0.434 48
0.182 0
0.182 0
0.182 0
0.182 0
0.182 0
0.81 0
0.802 46
0.63 0
0.69 47
0.433 64
0.575 63
0.337 46
0.33 45
0.347 47
0.612 0
0.652 47
0.394 45
0.639 46
0.585 47
0.691 46
0.686 46
0.924 45
0.661 46
0.846 46
0.471 45
0.735 45
0.714 46
0.613 0
0.7 47
0.573 47
0.729 45
0.507 45
0.517 46
0.498 46
0.566 47
0.607 47
0.957 0
0.694 46
0.527 47
0.542 47
0.595 46
0.489 46
0.672 46
0.744 0
0.586 47
0.822 47
0.928 0
0.375 45
0.393 47
0.87 46
0.552 46
0.447 46
0.426 47
0.63 46
0.809 46
0.863 0
0.711 47
0.661 47
0.541 46
0.691 69
0.511 77
0.881 46
0.232 67
0.685 45
0.522 0
0.602 68
0.409 0
0.243 1
0.717 46
0.409 0
0.409 0
0.707 45
0.553 45
0.522 0
0.325 0
0.286 0
0.659 45
0.329 0
0.73 45
0.522 0
0.549 74
0.498 45
0.699 45
0.349 0
0.831 44
0.961 0
0.493 45
0.928 46
0.495 0
0.754 45
0.785 45
0.838 45
0.834 45
0.647 45
0.675 45
0.926 45
0.689 45
0.682 0
0.601 46
0.874 0
0.922 45
0.874 45
0.729 45
0.98 45
0.642 45
0.447 46
0.498 46
0.37 45
0.481 46
0.427 71
0.584 63
0.685 45
0.672 67
0.82 69
0.14 44
0.513 44
0.898 45
0.76 44
0.748 45
0.702 45
0.727 45
0.494 45
0.738 45
0.842 44
0.786 45
0.958 44
0.892 44
0.731 45
0.548 45
0.665 45
0.507 45
0.404 45
0.921 44
0.832 45
0.626 44
0.934 45
0.529 45
0.932 0
0.628 46
0.892 44
0.731 0
0.886 44
0.782 45
0.885 1
0.786 44
0.555 45
0.842 0
0.902 45
0.513 45
0.451 45
0.496 45
0.428 45
0.415 45
0.569 46
0.58 45
0.933 44
0.532 45
0.639 45
0.444 0
0.868 69
0.193 63
0.434 74
0.533 73
0.756 44
0.479 67
0.864 66
0.056 45
0.664 32
0.461 44
0.495 44
0.739 44
0.399 44
0.518 44
0.467 44
0.899 44
0.789 44
0.846 44
0.786 45
0.394 45
0.776 44
0.875 44
0.595 44
0.921 44
0.387 45
0.735 44
0.515 44
0.656 44
0.672 44
0.467 44
0.638 44
0.945 44
0.518 45
0.674 44
0.313 44
0.521 45
0.441 44
0.803 44
0.447 45
0.924 44
0.437 44
0.484 45
0.391 44
0.512 44
0.885 44
0.565 45
0.465 45
0.635 44
0.618 45
0.57 44
0.247 69
0.478 66
0.699 44
0.569 67
0.725 69
0.799 44
0.731 44
0.559 44
0.68 44
0.214 44
0.728 44
0.148 44
0.759 45
0.946 44
0.903 43
0.633 44
0.366 44
0.856 44
0.769 43
0.493 45
0.989 43
0.896 43
0.59 43
0.366 44
0.657 43
0.739 43
0.735 44
0.792 44
0.557 45
0.131 43
0.816 43
0.766 43
0.816 44
0.4 44
0.876 43
0.731 44
0.39 45
0.304 0
0.51 44
0.937 43
0.304 0
0.69 43
0.531 43
0.37 0
0.698 45
0.768 43
0.605 44
0.492 45
0.5 44
0.562 43
0.404 64
0.586 43
0.615 68
0.231 56
0.66 61
0.436 43
0.457 44
0.854 43
0.175 44
0.484 43
0.716 43
0.534 43
0.806 43
0.793 43
0.894 43
0.701 43
0.586 44
0.754 43
0.854 42
0.949 43
0.545 44
0.644 44
0.706 43
0.655 44
0.327 44
0.347 43
0.911 42
0.561 44
0.55 42
0.576 43
0.525 44
0.941 43
0.687 43
0.304 0
0.456 44
0.362 0
0.362 0
0.304 0
0.759 44
0.304 0
0.282 0
0.976 43
0.333 44
0.724 43
0.617 44
0.553 44
0.817 44
0.738 44
0.871 43
0.788 43
0.502 57
0.377 61
0.819 63
0.812 75
0.722 63
0.462 67
0.514 43
0.898 42
0.946 43
0.659 43
0.621 43
0.569 42
0.752 43
0.837 43
0.643 43
0.6 43
0.805 42
0.894 42
0.576 43
0.854 43
0.491 43
0.367 43
0.4 43
0.6 43
0.438 43
0.522 43
0.476 43
0.551 43
0.839 43
7.06e-05 42
0.432 0
0.744 42
0.622 42
0.618 42
0.443 43
0.73 42
0.432 0
0.794 42
0.755 42
0.586 43
0.707 43
0.318 43
0.485 43
0.94 42
0.442 43
0.523 43
0.759 42
0.854 42
0.775 43
0.889 42
0.336 64
0.442 58
0.88 57
0.709 68
0.567 42
0.28 43
0.8 42
0.983 42
0.471 42
0.552 42
0.746 43
0.731 42
0.476 42
0.282 42
0.94 42
0.382 42
0.759 41
0.78 42
0.878 42
0.673 43
0.593 42
0.731 42
0.678 43
0.917 42
0.394 43
0.429 43
0.942 43
0.72 43
0.461 43
0.858 42
0.486 43
0.97 42
0.432 0
0.432 0
0.756 0
0.156 0
0.218 0
0.432 0
0.432 0
0.413 0
0.833 42
0.624 43
0.373 42
0.763 0
0.767 42
0.327 42
0.987 41
0.497 43
0.595 43
0.726 43
0.799 64
0.502 59
0.852 70
0.584 72
0.905 69
0.675 42
0.474 42
0.477 42
0.587 42
0.789 42
0.933 42
0.588 42
0.819 42
0.309 42
0.554 42
0.911 42
0.419 41
0.925 42
0.931 42
0.564 42
0.626 42
0.94 42
0.371 42
0.878 41
0.65 42
0.592 41
0.791 41
0.712 41
0.594 0
0.77 42
0.93 41
0.465 43
0.607 42
0.787 42
0.699 42
0.966 41
0.619 0
0.597 42
0.511 43
0.981 42
0.877 42
0.262 42
0.651 41
0.832 42
0.38 42
0.505 42
0.631 42
0.732 41
0.416 43
0.768 42
0.712 71
0.523 41
0.5 41
0.357 41
0.865 41
0.487 42
0.779 42
0.788 41
0.899 41
0.745 41
0.538 42
0.849 41
0.455 41
0.428 41
0.515 41
0.883 41
0.816 40
0.448 41
0.859 41
0.724 42
0.7 41
0.676 42
0.865 42
0.546 42
0.944 42
0.817 42
0.899 42
0.751 41
0.669 42
0.604 41
0.854 41
0.505 42
0.567 41
0.888 42
0.435 42
0.958 41
0.557 41
0.522 42
0.521 41
0.769 41
0.426 42
0.588 42
0.676 41
0.797 42
0.86 41
0.689 0
0.627 42
0.755 42
0.743 42
0.333 42
0.458 71
0.44 61
0.684 65
0.324 41
0.632 41
0.573 41
0.219 41
0.831 41
0.509 41
0.737 58
0.535 41
0.503 41
0.584 41
0.915 41
0.858 41
0.382 41
0.9 41
0.461 41
0.374 41
0.913 41
0.766 41
0.768 42
0.466 40
0.782 0
0.522 42
0.782 0
0.384 41
0.712 42
0.442 41
0.624 42
0.425 41
0.518 42
0.601 42
0.691 40
0.859 41
0.406 42
0.633 41
0.415 41
0.887 41
0.409 41
0.601 41
0.931 41
0.629 41
0.383 41
0.686 41
0.489 42
0.578 42
0.351 42
0.364 41
0.589 42
0.479 64
0.49 67
0.574 67
0.949 41
0.877 41
0.725 57
0.696 41
0.776 41
0.963 40
0.644 41
0.784 41
0.441 41
0.916 40
0.663 41
0.745 41
0.574 42
0.439 41
0.494 41
0.755 40
0.324 40
0.823 40
0.819 40
0.472 40
0.38 41
0.434 41
0.625 41
0.566 41
0.26 41
0.429 0
0.559 40
0.945 40
0.868 40
0.429 0
0.526 41
0.429 0
0.771 40
0.811 40
0.352 41
0.95 42
0.61 41
0.426 41
0.667 40
0.846 41
0.674 40
0.978 40
0.654 40
0.831 40
0.882 40
0.404 41
0.552 0
0.486 32
0.546 67
0.358 41
0.495 73
0.16 40
0.868 40
0.682 41
0.712 40
0.743 40
0.94 40
0.852 41
0.596 40
0.673 40
0.621 41
0.471 41
0.771 40
0.741 40
0.444 41
0.532 41
0.56 41
0.962 40
0.564 41
0.815 40
0.696 40
0.852 40
0.527 41
0.701 40
0.584 41
0.284 40
0.667 41
0.658 41
0.646 41
0.6 41
0.55 41
0.42 41
0.618 41
0.552 41
0.405 41
0.616 41
0.529 41
0.415 41
0.906 40
0.308 41
0.697 41
0.378 41
0.905 40
0.913 0
0.944 40
0.871 0
0.741 40
0.55 51
0.692 67
0.759 40
0.485 66
0.489 65
0.654 40
0.504 40
0.511 40
0.586 40
0.726 40
0.536 40
0.329 39
0.742 40
0.665 40
0.918 40
0.753 40
0.732 40
0.775 40
0.553 40
0.381 41
0.778 40
0.825 40
0.588 40
0.738 40
0.544 40
0.903 41
0.709 40
0.449 40
0.891 40
0.656 40
0.852 40
0.835 40
0.793 40
0.696 40
0.762 40
0.953 40
0.527 41
0.452 41
0.655 41
0.716 41
0.798 39
0.549 40
0.674 40
0.53 41
0.0856 41
0.934 39
0.446 41
0.334 40
0.57 40
0.473 41
0.673 2
0.56 6
0.674 7
0.56 4
0.801 8
0.562 4
0.56 2
0.56 3
0.562 3
0.562 7
0.56 0
0.539 0
0.573 7
0.56 0
0.562 6
0.573 3
0.582 3
0.539 0
0.573 8
0.571 4
0.573 2
0.698 2
0.562 0
0.542 6
0.698 4
0.698 7
0.664 6
0.582 2
0.575 0
0.844 2
0.569 2
0.602 2
0.569 1
0.569 4
0.573 0
0.801 2
0.602 3
0.569 2
0.573 0
0.68 3
0.573 0
0.573 1
0.539 5
0.801 0
0.685 3
0.737 1
0.857 2
0.702 0
0.737 0
0.737 0
0.646 0
0.646 3
0.646 0
0.646 0
0.646 3
0.646 3
0.646 2
0.646 1
0.807 5
0.675 0
0.675 0
0.675 3
0.675 3
0.675 4
0.675 2
0.791 2
0.638 3
0.583 3
0.74 0
0.595 5
0.641 4
0.812 0
0.812 3
0.659 4
0.763 0
0.8 2
0.817 1
0.817 0
0.817 0
0.817 1
0.817 2
0.573 0
0.817 2
0.784 0
0.817 1
0.675 0
0.736 5
0.696 2
0.828 2
0.859 0
0.815 0
0.696 0
0.723 1
0.859 2
0.859 0
0.85 0
0.696 2
0.914 0
0.569 0
0.81 0
0.646 2
0.791 0
0.548 0
0.695 7
0.791 1
0.516 0
0.675 2
0.668 0
0.516 3
0.516 2
0.858 6
0.583 2
0.907 0
0.516 3
0.817 4
0.858 6
0.859 6
0.706 0
0.788 3
0.858 3
0.858 3
0.781 1
0.817 1
0.817 0
0.858 2
0.817 0
0.705 0
0.705 0
0.907 3
0.705 0
0.705 0
0.696 2
0.666 0
0.815 2
0.705 0
0.577 4
0.577 3
0.736 0
0.736 2
0.736 2
0.705 1
0.736 1
0.613 2
0.706 2
0.769 3
0.874 0
0.746 0
0.784 0
0.784 0
0.784 0
0.855 3
0.858 10
0.878 8
0.858 5
0.758 0
0.858 2
0.516 0
0.858 0
0.858 1
0.858 0
0.858 0
0.736 1
0.666 0
0.803 1
0.736 1
0.736 0
0.803 1
0.705 1
0.666 1
0.847 3
0.803 2
0.858 0
0.666 3
0.666 0
0.803 3
0.803 2
0.701 0
0.803 2
0.736 0
0.803 1
0.666 2
0.666 0
0.907 0
0.706 1
0.803 0
0.577 0
0.906 0
0.706 1
0.803 0
0.852 4
0.803 0
0.769 0
0.786 4
0.878 3
0.874 0
0.781 1
0.637 0
0.848 0
0.727 0
0.826 0
0.671 78
0.767 2
0.606 0
0.855 0
0.855 0
0.855 0
0.855 2
0.855 1
0.855 5
0.531 2
0.855 2
0.855 0
0.855 2
0.855 2
0.531 5
0.531 3
0.606 0
0.726 2
0.86 0
0.748 1
0.878 5
0.894 4
0.909 3
0.894 4
0.909 2
0.909 3
0.909 0
0.909 2
0.909 0
0.909 2
0.909 0
0.623 2
0.909 4
0.909 1
0.894 9
0.909 5
0.894 0
0.84 3
0.84 0
0.878 0
0.856 0
0.939 0
0.818 4
0.626 3
0.803 0
0.626 0
0.878 0
0.878 0
0.79 0
0.943 2
0.606 1
0.606 0
0.606 0
0.606 0
0.606 2
0.663 3
0.606 1
0.606 1
0.606 0
0.606 1
0.606 0
0.606 0
0.606 0
0.629 1
0.843 0
0.629 1
0.629 0
0.753 0
0.629 0
0.843 3
0.629 1
0.629 0
0.606 0
0.843 0
0.843 0
0.843 0
0.786 1
0.786 0
0.843 0
0.843 0
0.843 1
0.843 0
0.786 0
0.843 1
0.843 0
0.718 1
0.718 0
0.718 1
0.718 0
0.718 0
0.777 0
0.695 1
0.731 0
0.601 4
0.505 0
0.601 3
0.622 0
0.71 3
0.714 0
0.71 0
0.529 78
0.767 67
0.786 0
0.726 0
0.726 2
0.843 1
0.843 1
0.725 3
0.769 0
0.49 6
0.858 1
0.828 8
0.69 0
0.753 0
0.69 0
0.858 0
0.61 0
0.61 0
0.891 0
0.675 4
0.61 0
0.858 0
0.858 0
0.856 0
0.61 3
0.61 1
0.762 0
0.831 0
0.916 0
0.762 0
0.67 0
0.762 0
0.783 0
0.769 0
0.381 3
0.844 2
0.675 2
0.69 2
0.675 0
0.675 0
0.891 1
0.675 1
0.914 0
0.714 0
0.832 0
0.891 2
0.728 0
0.832 3
0.832 5
0.728 1
0.758 81
0.687 70
0.917 74
0.708 2
0.856 3
0.859 2
0.856 0
0.856 0
0.856 0
0.725 2
0.769 3
0.708 0
0.708 1
0.856 0
0.856 0
0.804 0
0.787 0
0.787 0
0.708 0
0.856 0
0.804 2
0.856 0
0.708 0
0.708 1
0.859 3
0.816 2
0.731 0
0.787 2
0.731 0
0.816 0
0.872 0
0.519 2
0.871 1
0.845 1
0.872 1
0.816 0
0.872 0
0.891 2
0.872 4
0.858 0
0.839 1
0.872 0
0.885 2
0.917 2
0.714 1
0.897 0
0.818 1
0.744 0
0.862 0
0.818 0
0.788 72
0.539 79
0.697 84
0.846 80
0.686 94
0.712 97
0.749 74
0.715 97
0.516 93
0.526 66
0.679 98
0.766 86
0.86 79
0.797 82
0.704 72
0.72 75
0.723 70
0.644 0
0.836 0
0.772 0
0.772 3
0.825 0
0.733 3
0.512 0
0.785 0
0.697 2
0.661 0
0.672 1
0.825 0
0.576 0
0.672 0
0.804 0
0.787 1
0.872 0
0.872 0
0.845 0
0.816 0
0.845 2
0.845 0
0.645 0
0.818 1
0.669 0
0.866 1
0.701 0
0.783 1
0.783 0
0.679 0
0.679 0
0.658 2
0.669 0
0.674 94
0.475 95
0.418 78
0.84 72
0.671 1
0.697 0
0.691 0
0.863 60
0.691 1
0.691 1
0.625 0
0.845 2
0.625 0
0.625 0
0.671 0
0.767 1
0.621 2
0.671 0
0.625 2
0.845 4
0.621 0
0.625 1
0.671 0
0.671 0
0.625 0
0.845 0
0.625 0
0.671 1
0.778 0
0.625 0
0.616 0
0.625 1
0.625 0
0.808 0
0.887 1
0.915 0
0.717 0
0.788 0
0.915 0
0.711 0
0.804 1
0.845 0
0.84 0
0.915 0
0.822 0
0.788 1
0.754 1
0.809 0
0.773 60
0.736 0
0.498 93
0.751 66
0.896 69
0.699 59
0.803 0
0.803 0
0.803 0
0.803 0
0.573 2
0.573 0
0.769 0
0.735 1
0.737 1
0.737 0
0.682 0
0.738 0
0.682 0
0.833 0
0.881 0
0.738 0
0.674 0
0.789 2
0.833 1
0.737 0
0.751 1
0.66 0
0.66 0
0.738 1
0.66 0
0.87 0
0.656 0
0.637 57
0.656 0
0.359 0
0.789 0
0.745 0
0.745 0
0.745 0
0.745 0
0.752 0
0.794 0
0.534 1
0.736 0
0.76 0
0.794 0
0.693 1
0.76 1
0.657 2
0.885 0
0.745 0
0.715 78
0.606 79
0.766 74
0.636 75
0.677 62
0.815 76
0.799 71
0.522 73
0.716 63
0.911 66
0.756 90
0.722 58
0.589 77
0.614 3
0.789 0
0.789 3
0.68 0
0.739 0
0.739 0
0.739 0
0.649 0
0.739 1
0.789 0
0.739 0
0.739 0
0.739 0
0.739 1
0.739 4
0.739 0
0.63 0
0.826 0
0.696 0
0.626 54
0.677 0
0.816 0
0.661 0
0.828 54
0.874 0
0.661 0
0.661 0
0.816 0
0.821 0
0.758 0
0.806 0
0.874 0
0.874 0
0.792 0
0.792 0
0.792 0
0.792 1
0.573 83
0.559 76
0.901 69
0.573 80
0.684 91
0.868 63
0.489 65
0.76 62
0.727 64
0.858 90
0.544 61
0.533 66
0.744 62
0.799 63
0.72 59
0.694 64
0.579 62
0.67 60
0.64 58
0.788 60
0.69 74
0.577 61
0.792 59
0.82 3
0.721 0
0.791 1
0.791 0
0.791 1
0.673 3
0.666 0
0.76 0
0.651 0
0.776 0
0.796 0
0.855 0
0.633 0
0.841 2
0.866 0
0.701 0
0.764 0
0.916 0
0.93 0
0.681 1
0.776 0
0.776 0
0.93 0
0.843 0
0.712 0
0.795 0
0.866 1
0.646 88
0.693 75
0.799 90
0.808 76
0.832 69
0.813 68
0.766 74
0.641 74
0.701 72
0.538 70
0.722 69
0.875 75
0.49 78
0.463 72
0.72 78
0.617 53
0.746 51
0.807 51
0.893 0
0.896 1
0.674 0
0.832 0
0.896 0
0.893 0
0.934 0
0.745 0
0.591 0
0.835 0
0.796 0
0.934 0
0.858 1
0.931 0
0.625 0
0.824 0
0.909 0
0.964 1
0.934 0
0.904 0
0.904 0
0.858 0
0.858 0
0.821 2
0.858 0
0.841 0
0.858 0
0.821 0
0.858 2
0.821 0
0.858 1
0.886 0
0.618 82
0.648 87
0.737 71
0.745 69
0.727 77
0.7 85
0.89 60
0.61 55
0.845 88
0.66 3
0.677 74
0.573 84
0.722 70
0.756 81
0.567 51
0.749 0
0.744 51
0.749 1
0.631 50
0.735 49
0.681 0
0.749 0
0.702 50
0.428 49
0.743 51
0.591 0
0.8 3
0.571 50
0.895 0
0.591 0
0.931 0
0.648 0
0.675 49
0.419 0
0.662 0
0.742 0
0.886 0
0.662 0
0.742 0
0.529 50
0.745 0
0.612 48
0.744 50
0.521 51
0.827 0
0.469 50
0.372 0
0.554 0
0.795 48
0.771 51
0.556 65
0.795 50
0.813 75
0.851 62
0.807 66
0.952 47
0.913 49
0.768 1
0.619 80
0.714 48
0.768 0
0.516 71
0.765 47
0.554 0
0.571 48
0.6 49
0.608 48
0.704 0
0.675 49
0.704 0
0.8 0
0.739 48
0.465 47
0.643 4
0.58 47
0.752 0
0.93 1
0.624 48
0.52 48
0.806 50
0.931 0
0.904 0
0.74 1
0.693 0
0.728 47
0.752 0
0.94 0
0.743 47
0.899 49
0.525 48
0.824 49
0.407 49
0.708 48
0.771 0
0.937 49
0.727 0
0.534 48
0.534 0
0.625 50
0.666 0
0.703 87
0.675 78
0.728 72
0.766 63
0.696 68
0.768 76
0.856 74
0.838 73
0.803 68
0.673 53
0.751 62
0.754 61
0.745 67
0.55 87
0.786 90
0.801 86
0.703 81
0.479 74
0.256 70
0.716 54
0.619 46
0.606 48
0.901 0
0.584 46
0.83 46
0.831 0
0.477 46
0.655 46
0.64 46
0.768 45
0.305 45
0.7 0
0.651 0
0.896 48
0.719 47
0.861 0
0.628 47
0.617 47
0.777 47
0.713 46
0.721 47
0.821 47
0.477 47
0.665 46
0.607 47
0.704 47
0.586 46
0.66 47
0.682 47
0.763 47
0.639 58
0.952 66
0.819 76
0.896 70
0.727 83
0.706 48
0.836 72
0.888 63
0.756 73
0.856 60
0.855 85
0.634 64
0.809 70
0.468 73
0.909 79
0.73 85
0.789 78
0.421 46
0.701 45
0.724 47
0.552 45
0.573 46
0.715 47
0.44 46
0.635 46
0.715 0
0.73 45
0.828 0
0.704 47
0.814 45
0.682 45
0.864 44
0.622 45
0.716 45
0.776 44
0.498 45
0.762 46
0.857 47
0.652 45
0.885 48
0.877 45
0.517 46
0.762 45
0.594 47
0.714 46
0.908 48
0.74 44
0.717 0
0.642 45
0.717 0
0.786 82
0.791 81
0.868 84
0.666 76
0.562 64
0.719 51
0.688 70
0.738 69
0.557 85
0.817 76
0.531 64
0.808 70
0.576 82
0.715 45
0.824 44
0.562 44
0.399 44
0.647 44
0.44 45
0.828 0
0.623 44
0.83 44
0.811 45
0.658 46
0.845 43
0.64 45
0.511 44
0.728 44
0.445 44
0.709 45
0.778 43
0.665 45
0.687 45
0.639 0
0.681 45
0.813 1
0.588 45
0.825 0
0.593 0
0.789 46
0.576 0
0.404 45
0.827 45
0.487 0
0.693 45
0.496 44
0.512 44
0.496 45
0.451 45
0.415 45
0.548 66
0.699 66
0.771 76
0.712 75
0.572 76
0.669 61
0.969 0
0.546 87
0.747 68
0.626 65
0.365 59
0.77 72
0.537 58
0.394 71
0.77 81
0.839 81
0.901 69
0.858 74
0.488 43
0.8 68
0.596 43
0.656 44
0.853 43
0.589 43
0.599 44
0.56 43
0.534 44
0.813 43
0.65 44
0.439 2
0.633 44
0.784 43
0.564 45
0.757 44
0.39 43
0.663 44
0.366 44
0.598 44
0.871 43
0.785 43
0.564 46
0.947 44
0.693 44
0.846 44
0.611 43
0.714 44
0.731 43
0.837 43
0.4 44
0.391 44
0.56 6
0.801 8
0.674 7
0.562 7
0.562 4
0.56 2
0.562 3
0.56 3
0.582 3
0.573 3
0.56 0
0.562 6
0.573 8
0.542 6
0.571 4
0.573 2
0.56 0
0.664 6
0.539 0
0.698 2
0.698 7
0.582 2
0.539 0
0.562 0
0.56 4
0.844 2
0.801 2
0.573 0
0.575 0
0.569 1
0.569 4
0.573 0
0.573 0
0.602 2
0.801 0
0.573 7
0.569 2
0.573 1
0.602 3
0.68 3
0.685 3
0.698 4
0.737 1
0.569 2
0.573 0
0.702 0
0.737 0
0.857 2
0.737 0
0.539 5
0.74 0
0.646 0
0.646 3
0.646 3
0.646 2
0.646 1
0.673 2
0.646 3
0.646 2
0.548 0
0.695 7
0.675 3
0.675 3
0.807 5
0.668 0
0.791 1
0.675 0
0.638 3
0.583 3
0.595 5
0.817 4
0.8 2
0.763 0
0.859 6
0.812 0
0.817 0
0.817 1
0.817 1
0.641 4
0.817 0
0.812 3
0.817 0
0.817 2
0.817 1
0.784 0
0.675 0
0.723 1
0.859 0
0.736 5
0.696 2
0.696 0
0.85 0
0.815 2
0.815 0
0.696 2
0.788 3
0.81 0
0.817 1
0.859 0
0.569 0
0.646 0
0.646 0
0.791 0
0.675 0
0.675 2
0.516 1
0.675 4
0.858 5
0.516 3
0.516 3
0.858 6
0.583 2
0.858 3
0.907 0
0.858 3
0.675 2
0.659 4
0.791 2
0.781 1
0.666 0
0.758 0
0.817 0
0.817 2
0.907 3
0.736 2
0.859 2
0.696 2
0.736 2
0.666 0
0.858 1
0.613 2
0.577 3
0.666 2
0.705 0
0.705 0
0.914 0
0.706 2
0.858 2
0.769 3
0.769 0
0.701 0
0.705 0
0.828 2
0.874 0
0.847 3
0.746 0
0.577 4
0.705 1
0.784 0
0.784 0
0.855 3
0.858 10
0.516 0
0.516 2
0.858 2
0.858 0
0.858 6
0.706 0
0.858 1
0.858 0
0.666 0
0.909 0
0.736 1
0.736 1
0.736 0
0.666 3
0.666 1
0.736 0
0.705 0
0.705 0
0.858 0
0.907 0
0.852 4
0.906 0
0.706 1
0.577 0
0.705 1
0.786 4
0.803 1
0.803 2
0.803 1
0.803 2
0.803 3
0.803 0
0.874 0
0.803 2
0.803 0
0.781 1
0.736 0
0.803 1
0.637 0
0.666 0
0.736 1
0.784 0
0.727 0
0.826 0
0.706 1
0.803 0
0.848 0
0.878 3
0.855 0
0.855 0
0.855 2
0.606 0
0.767 2
0.855 5
0.855 1
0.855 0
0.855 2
0.531 2
0.531 5
0.855 2
0.878 8
0.843 0
0.855 0
0.86 0
0.843 0
0.855 2
0.909 3
0.878 5
0.909 2
0.606 0
0.909 3
0.909 2
0.909 0
0.531 3
0.909 2
0.909 4
0.748 1
0.894 4
0.623 2
0.909 5
0.894 4
0.894 9
0.894 0
0.84 0
0.856 0
0.818 4
0.626 0
0.803 0
0.909 0
0.878 0
0.626 3
0.878 0
0.909 1
0.943 2
0.878 0
0.84 3
0.939 0
0.79 0
0.663 3
0.606 0
0.606 2
0.606 0
0.606 0
0.606 1
0.606 0
0.606 0
0.606 0
0.606 1
0.606 0
0.606 0
0.606 1
0.629 0
0.629 0
0.606 0
0.629 0
0.843 3
0.753 0
0.786 1
0.786 0
0.843 0
0.629 0
0.843 0
0.843 0
0.843 0
0.843 1
0.718 0
0.718 0
0.718 1
0.843 1
0.731 0
0.843 0
0.726 2
0.843 1
0.505 0
0.786 0
0.777 0
0.695 1
0.629 1
0.843 0
0.622 0
0.843 1
0.601 3
0.718 0
0.718 1
0.71 3
0.714 0
0.71 0
0.601 4
0.529 78
0.629 1
0.726 0
0.786 0
0.726 2
0.725 3
0.769 0
0.49 6
0.858 1
0.804 0
0.828 8
0.69 0
0.804 2
0.753 0
0.858 0
0.61 0
0.891 0
0.69 0
0.61 0
0.61 0
0.831 0
0.675 4
0.916 0
0.61 3
0.856 0
0.762 0
0.61 1
0.783 0
0.769 0
0.381 3
0.762 0
0.714 1
0.675 0
0.67 0
0.675 2
0.675 0
0.897 0
0.844 2
0.891 1
0.914 0
0.714 0
0.858 0
0.675 1
0.728 0
0.832 0
0.762 0
0.728 1
0.891 2
0.832 5
0.832 3
0.687 70
0.917 74
0.708 2
0.856 3
0.856 0
0.856 0
0.725 2
0.856 0
0.859 2
0.856 0
0.769 3
0.856 0
0.856 0
0.845 1
0.708 1
0.787 0
0.871 1
0.787 2
0.858 0
0.816 2
0.816 0
0.708 0
0.708 0
0.576 0
0.731 0
0.858 0
0.816 0
0.645 0
0.872 1
0.872 4
0.872 0
0.872 0
0.891 2
0.731 0
0.917 2
0.69 2
0.856 0
0.787 0
0.708 1
0.872 0
0.859 3
0.862 0
0.787 1
0.872 0
0.744 0
0.839 1
0.818 1
0.885 2
0.818 0
0.818 1
0.788 72
0.539 79
0.697 84
0.686 94
0.846 80
0.715 97
0.749 74
0.712 97
0.526 66
0.516 93
0.797 82
0.679 98
0.766 86
0.86 79
0.72 75
0.723 70
0.704 72
0.644 0
0.836 0
0.512 0
0.697 0
0.825 0
0.661 0
0.733 3
0.785 0
0.772 3
0.772 0
0.672 1
0.672 0
0.845 0
0.845 0
0.845 2
0.519 2
0.825 0
0.708 0
0.804 0
0.872 0
0.783 0
0.866 1
0.783 1
0.701 0
0.845 0
0.915 0
0.915 0
0.816 0
0.679 0
0.679 0
0.669 0
0.658 2
0.669 0
0.674 94
0.475 95
0.84 72
0.671 1
0.691 0
0.697 2
0.691 1
0.691 1
0.845 2
0.674 0
0.625 0
0.625 0
0.767 1
0.671 0
0.845 4
0.845 0
0.778 0
0.625 2
0.671 0
0.671 0
0.625 0
0.625 1
0.808 0
0.671 1
0.625 0
0.616 0
0.625 1
0.915 0
0.625 0
0.625 0
0.717 0
0.788 0
0.671 0
0.711 0
0.804 1
0.625 0
0.822 0
0.752 0
0.754 1
0.788 1
0.736 0
0.773 60
0.809 0
0.736 0
0.534 1
0.76 0
0.84 0
0.657 2
0.885 0
0.76 1
0.498 93
0.896 69
0.803 0
0.803 0
0.803 0
0.803 0
0.573 2
0.573 0
0.769 0
0.614 3
0.737 1
0.735 1
0.737 0
0.789 0
0.789 3
0.682 0
0.738 0
0.682 0
0.881 0
0.739 0
0.738 0
0.789 2
0.739 0
0.789 0
0.737 0
0.739 0
0.739 0
0.739 1
0.739 0
0.66 0
0.739 4
0.833 0
0.739 0
0.66 0
0.833 1
0.738 1
0.66 0
0.87 0
0.739 0
0.656 0
0.656 0
0.739 1
0.745 0
0.794 0
0.745 0
0.745 0
0.794 0
0.745 0
0.789 0
0.745 0
0.715 78
0.911 66
0.636 75
0.716 63
0.684 91
0.868 63
0.815 76
0.799 71
0.76 62
0.489 65
0.522 73
0.756 90
0.727 64
0.722 58
0.544 61
0.799 63
0.533 66
0.744 62
0.694 64
0.589 77
0.579 62
0.788 60
0.577 61
0.68 0
0.649 0
0.626 54
0.791 1
0.791 1
0.696 0
0.826 0
0.666 0
0.677 0
0.63 0
0.816 0
0.828 54
0.661 0
0.758 0
0.661 0
0.791 0
0.821 0
0.816 0
0.806 0
0.661 0
0.874 0
0.874 0
0.874 0
0.792 0
0.792 0
0.792 0
0.792 1
0.646 88
0.693 75
0.573 83
0.808 76
0.799 90
0.573 80
0.832 69
0.813 68
0.858 90
0.641 74
0.701 72
0.766 74
0.875 75
0.72 59
0.67 60
0.69 74
0.64 58
0.807 51
0.721 0
0.896 0
0.832 0
0.893 0
0.745 0
0.776 0
0.855 0
0.796 0
0.796 0
0.893 0
0.866 0
0.916 0
0.764 0
0.841 2
0.701 0
0.93 0
0.93 0
0.776 0
0.904 0
0.712 0
0.633 0
0.843 0
0.821 2
0.776 0
0.795 0
0.866 1
0.681 1
0.821 0
0.821 0
0.858 0
0.858 1
0.841 0
0.618 82
0.648 87
0.737 71
0.745 69
0.7 85
0.851 62
0.89 60
0.727 77
0.845 88
0.677 74
0.66 3
0.573 84
0.756 81
0.768 0
0.631 50
0.6 49
0.554 0
0.702 50
0.744 51
0.681 0
0.743 51
0.934 0
0.8 0
0.835 0
0.529 50
0.931 0
0.93 1
0.858 1
0.744 50
0.771 0
0.419 0
0.934 0
0.752 0
0.94 0
0.964 1
0.824 0
0.521 51
0.934 0
0.858 0
0.469 50
0.931 0
0.625 50
0.612 48
0.727 0
0.824 49
0.858 0
0.858 0
0.858 2
0.771 51
0.795 48
0.703 87
0.675 78
0.819 76
0.727 83
0.696 68
0.766 63
0.768 76
0.836 72
0.856 74
0.838 73
0.813 75
0.803 68
0.856 60
0.896 70
0.952 47
0.809 70
0.634 64
0.673 53
0.909 79
0.754 61
0.789 78
0.55 87
0.801 86
0.745 67
0.786 90
0.703 81
0.619 80
0.573 46
0.716 54
0.768 1
0.608 48
0.83 46
0.584 46
0.814 45
0.704 0
0.58 47
0.704 0
0.477 46
0.752 0
0.7 0
0.651 0
0.682 45
0.652 45
0.74 1
0.904 0
0.693 0
0.655 46
0.721 47
0.713 46
0.74 44
0.786 82
0.548 66
0.952 66
0.771 76
0.791 81
0.868 84
0.572 76
0.666 76
0.888 63
0.756 73
0.719 51
0.669 61
0.738 69
0.688 70
0.557 85
0.855 85
0.817 76
0.77 72
0.626 65
0.808 70
0.576 82
0.73 85
0.77 81
0.839 81
0.488 43
0.901 69
0.858 74
0.824 44
0.8 68
0.813 43
0.864 44
0.622 45
0.715 0
0.728 44
0.828 0
0.757 44
0.828 0
0.709 45
0.785 43
0.693 44
0.639 0
0.534 44
0.598 44
0.877 45
0.825 0
0.813 1
0.593 0
0.576 0
0.496 44
0.731 43
0.624 80
0.828 46
0.695 67
0.595 85
0.538 64
0.706 79
0.878 82
0.651 69
0.827 45
0.712 75
0.752 65
0.728 76
0.927 72
0.758 79
0.588 46
0.869 78
0.739 82
0.771 70
0.856 81
0.711 69
0.821 75
0.546 87
0.899 76
0.969 0
0.774 63
0.688 57
0.72 43
0.804 80
0.838 65
0.772 74
0.857 68
0.809 68
0.844 78
0.778 42
0.701 42
0.876 44
0.535 43
0.607 44
0.732 42
0.464 41
0.785 65
0.853 43
0.67 81
0.794 42
0.505 43
0.828 42
0.379 44
0.635 43
0.84 42
0.825 42
0.74 66
0.675 82
0.665 76
0.842 77
0.74 66
0.697 78
0.673 82
0.724 64
0.626 70
0.56 83
0.883 55
0.803 75
0.692 43
0.916 61
0.808 68
0.625 77
0.677 80
0.752 56
0.789 84
0.803 72
0.851 56
0.817 55
0.779 41
0.748 66
0.661 40
0.723 41
0.808 41
0.91 40
0.685 40
0.717 40
0.804 41
0.58 78
0.827 42
0.758 41
0.786 42
0.584 41
0.785 41
0.905 41
0.558 41
0.862 0
0.62 41
0.878 42
0.876 0
0.637 41
0.703 40
0.642 2
0.761 0
0.762 40
0.816 0
0.746 42
0.672 78
0.602 68
0.804 77
0.608 71
0.829 71
0.704 46
0.828 70
0.67 86
0.691 69
0.701 65
0.57 70
0.909 53
0.616 86
0.69 87
0.806 40
0.801 35
0.588 85
0.766 63
0.719 80
0.767 41
0.56 80
0.567 41
0.783 75
0.645 84
0.848 54
0.499 74
0.509 39
0.752 74
0.628 38
0.439 40
0.729 39
0.909 40
0.868 39
0.561 40
0.734 40
0.364 40
0.849 39
0.522 41
0.681 39
0.892 64
0.571 40
0.825 39
0.829 39
0.746 40
0.542 39
0.841 41
0.616 41
0.627 40
0.893 39
0.735 39
0.606 82
0.747 56
0.603 82
0.637 81
0.626 81
0.655 79
0.763 61
0.622 77
0.829 80
0.676 75
0.952 37
0.553 76
0.756 75
0.645 84
0.788 71
0.731 54
0.694 76
0.675 68
0.801 79
0.756 70
0.805 74
0.721 44
0.736 79
0.791 72
0.752 75
0.878 66
0.736 78
0.701 75
0.569 77
0.865 40
0.799 39
0.694 38
0.576 39
0.709 40
0.787 39
0.804 39
0.596 39
0.829 39
0.794 38
0.711 39
0.821 40
0.872 39
0.536 39
0.909 39
0.601 39
0.621 38
0.656 38
0.692 39
0.825 40
0.857 40
0.293 80
0.306 80
0.335 69
0.208 75
0.537 72
0.382 76
0.307 0
0.475 0
0.876 0
0.876 0
0.876 0
0.876 0
0.876 0
0.876 0
0.876 0
0.876 0
0.876 0
0.876 0
0.876 0
0.876 0
0.876 0
0.876 0
0.876 0
0.876 0
0.876 1
0.876 0
0.876 0
0.876 0
0.876 0
0.876 0
0.642 1
0.848 0
0.876 0
0.876 0
0.876 0
0.876 0
0.876 0
0.776 0
0.56 0
0.876 0
0.876 0
0.876 0
0.876 0
0.876 0
0.876 0
0.876 0
0.876 0
0.876 0
0.848 0
0.682 0
0.733 67
0.387 73
0.433 64
0.582 68
0.232 67
0.748 74
0.803 76
0.603 73
0.458 47
0.686 47
0.278 0
0.557 0
0.255 0
0.557 0
0.43 45
0.495 0
0.557 0
0.377 0
0.524 47
0.377 0
0.557 0
0.552 0
0.668 46
0.711 0
0.682 0
0.711 0
0.84 46
0.711 0
0.463 0
0.56 0
0.32 0
0.56 0
0.338 0
0.338 0
0.682 0
0.338 0
0.384 0
0.56 0
0.555 45
0.447 46
0.56 0
0.182 0
0.182 0
0.182 0
0.37 45
0.81 0
0.182 0
0.182 0
0.213 0
0.401 45
0.247 69
0.325 65
0.852 70
0.377 61
0.715 71
0.442 58
0.584 63
0.66 61
0.709 68
0.462 67
0.193 63
0.231 56
0.664 32
0.725 69
0.729 68
0.927 58
0.266 69
0.266 68
0.562 42
0.568 41
0.28 43
0.605 42
0.448 41
0.367 43
0.531 41
0.4 43
0.634 42
0.469 42
0.467 44
0.556 42
0.502 44
0.698 45
0.756 0
0.86 43
0.318 41
0.845 0
0.763 0
0.671 44
0.404 42
0.413 0
0.432 0
0.327 42
0.885 1
0.842 0
0.831 42
0.156 0
0.218 0
0.496 42
0.444 0
0.815 42
0.55 51
0.742 60
0.756 66
0.684 65
0.66 66
0.49 50
0.44 61
0.495 73
0.725 57
0.535 41
0.474 39
0.473 41
0.429 40
0.282 42
0.333 40
0.399 39
0.372 39
0.419 40
0.475 40
0.47 40
0.447 41
0.472 41
0.432 0
0.657 39
0.432 0
0.379 40
0.38 41
0.71 38
0.432 0
0.432 0
0.527 41
0.44 39
0.579 39
0.646 39
0.746 40
0.53 41
0.626 40
0.492 40
0.432 0
0.433 41
0.804 40
0.416 39
0.619 39
0.59 39
0.397 40
0.435 40
0.598 40
0.75 39
0.689 0
0.47 40
0.871 65
0.516 68
0.347 59
0.627 57
0.691 64
0.0529 59
0.427 54
0.809 66
0.19 58
0.365 58
0.303 48
0.868 71
0.295 65
0.672 38
0.746 37
0.615 37
0.517 37
0.612 37
0.883 37
0.552 38
0.391 37
0.627 37
0.295 39
0.347 38
0.217 37
0.607 37
0.282 38
0.651 37
0.408 39
0.719 1
0.324 38
0.807 38
0.716 0
0.739 38
0.229 0
0.473 37
0.716 0
0.747 37
0.853 38
0.877 38
0.861 0
0.462 38
0.346 38
0.356 37
0.45 38
0.614 38
0.521 37
0.857 38
0.468 37
0.701 37
0.484 54
0.371 62
0.692 60
0.678 59
0.738 70
0.362 57
0.547 36
0.677 72
0.377 37
0.663 36
0.618 69
0.219 65
0.533 37
0.482 37
0.368 35
0.52 37
0.329 36
0.504 37
0.567 36
0.626 37
0.525 36
0.588 36
0.623 36
0.663 37
0.299 36
0.459 36
0.817 36
0.564 36
0.663 37
0.569 36
0.914 36
0.475 37
0.534 37
0.571 36
0.569 36
0.776 37
0.432 37
0.522 37
0.468 35
0.451 36
0.479 36
0.42 36
0.567 36
0.349 37
0.575 36
0.542 36
0.532 37
0.38 36
0.469 37
0.582 37
0.692 58
0.681 44
0.468 62
0.318 60
0.295 63
0.386 57
0.884 63
0.478 57
0.658 65
0.818 58
0.429 35
0.918 35
0.42 35
0.0882 35
0.368 36
0.473 66
0.521 35
0.538 36
0.716 35
0.606 36
0.5 35
0.467 36
0.339 35
0.617 35
0.597 35
0.228 35
0.554 35
0.233 35
0.627 35
0.551 35
0.405 36
0.582 35
0.624 36
0.566 35
0.464 0
0.561 0
0.369 0
0.74 35
0.385 35
0.276 35
0.464 0
0.464 0
0.563 36
0.286 36
0.633 0
0.748 35
0.564 36
0.327 35
0.443 35
0.269 35
0.293 54
0.608 64
0.0529 56
0.705 50
0.305 63
0.379 58
0.567 64
0.507 34
0.92 33
0.729 62
0.226 68
0.419 35
0.622 34
0.548 0
0.786 35
0.503 35
0.53 63
0.705 35
0.225 35
0.526 34
0.759 34
0.791 34
0.73 34
0.478 34
0.801 34
0.442 35
0.368 34
0.561 34
0.598 34
0.705 34
0.486 35
0.62 34
0.416 34
0.461 34
0.34 34
0.328 34
0.406 35
0.838 34
0.472 35
0.773 34
0.465 35
0.427 0
0.299 34
0.531 35
0.243 35
0.757 34
0.226 34
0.459 34
0.727 34
0.518 34
0.0889 56
0.295 56
0.0748 56
0.494 61
0.278 60
0.593 56
0.972 35
0.336 33
0.877 33
0.575 33
0.332 33
0.622 34
0.603 33
0.462 33
0.678 33
0.55 34
0.481 33
0.382 34
0.432 33
0.373 35
0.57 33
0.322 34
0.709 33
0.84 33
0.441 34
0.0794 33
0.417 33
0.5 33
0.719 33
0.809 34
0.549 33
0.499 33
0.831 34
0.363 34
0.373 34
0.512 34
0.492 34
0.466 33
0.547 33
0.236 33
0.74 34
0.371 33
0.857 34
0.574 33
0.691 33
0.754 34
0.531 34
0.422 33
0.331 33
0.46 34
0.733 60
0.619 50
0.493 56
0.295 49
0.795 65
0.292 61
0.619 33
0.196 55
0.45 33
0.545 34
0.561 32
0.462 33
0.607 34
0.468 33
0.563 61
0.363 33
0.547 33
0.39 32
0.705 33
0.561 32
0.47 33
0.477 33
0.719 32
0.468 33
0.363 33
0.485 33
0.405 33
0.373 33
0.382 33
0.564 33
0.728 32
0.442 33
0.44 33
0.892 33
0.359 33
0.501 33
0.392 33
0.567 32
0.467 32
0.626 32
0.701 33
0.864 33
0.402 33
0.925 1
0.751 33
0.412 33
0.951 0
0.455 32
0.521 32
0.363 33
0.576 56
0.403 29
0.791 62
0.62 65
0.361 60
0.288 31
0.488 56
0.257 51
0.486 32
0.355 33
0.598 31
0.419 32
0.387 32
0.789 32
0.443 32
0.68 33
0.717 31
0.536 32
0.396 32
0.314 32
0.329 32
0.338 31
0.447 33
0.45 32
0.51 32
0.283 32
0.527 32
0.373 31
0.626 32
0.497 32
0.352 32
0.706 32
0.485 32
0.868 32
0.495 33
0.598 32
0.858 32
0.559 32
0.351 32
0.445 32
0.658 31
0.338 32
0.479 32
0.37 32
0.347 32
0.436 32
0.357 33
0.436 32
0.627 33
0.818 32
0.334 58
0.34 55
0.801 59
0.904 63
0.557 49
0.38 22
0.491 57
0.236 59
0.332 56
0.672 55
0.797 60
0.447 52
0.569 31
0.583 31
0.652 31
0.582 32
0.195 31
0.375 31
0.77 31
0.578 31
0.699 31
0.575 31
0.0917 31
0.709 32
0.673 58
0.458 32
0.394 32
0.595 32
0.422 31
0.462 31
0.357 32
0.356 32
0.358 31
0.433 31
0.524 32
0.446 32
0.64 31
0.756 31
0.519 31
0.618 32
0.336 32
0.23 32
0.471 31
0.52 31
0.495 32
0.726 32
0.596 32
0.693 32
0.765 32
0.616 31
0.608 62
0.201 53
0.533 62
0.317 59
0.677 30
0.672 57
0.158 51
0.528 55
0.308 64
0.356 31
0.541 31
0.445 31
0.374 60
0.686 31
0.41 31
0.741 61
0.633 56
0.33 32
0.719 31
0.648 31
0.365 30
0.358 30
0.412 31
0.74 31
0.431 30
0.783 32
0.449 32
0.814 54
0.934 32
0.618 62
0.441 31
0.884 30
0.538 31
0.409 31
0.494 31
0.353 31
0.372 32
0.528 31
0.494 32
0.587 30
0.496 31
0.663 30
0.641 31
0.504 31
0.388 31
0.391 31
0.338 30
0.489 31
0.311 31
0.25 31
0.356 57
0.219 61
0.484 58
0.52 55
0.365 55
0.405 59
0.682 55
0.564 64
0.499 61
0.802 30
0.421 61
0.503 31
0.333 30
0.658 65
0.98 32
0.338 56
0.39 31
0.444 29
0.521 30
0.451 31
0.527 31
0.496 30
0.699 30
0.486 30
0.615 31
0.737 30
0.697 30
0.296 30
0.549 30
0.332 30
0.449 30
0.388 30
0.494 30
0.369 30
0.25 31
0.397 31
0.81 30
0.206 30
0.554 31
0.265 31
0.647 31
0.13 30
0.801 31
0.355 31
0.695 0
0.28 0
0.503 0
0.625 30
0.249 30
0.409 30
0.185 45
0.203 57
0.306 50
0.54 20
0.529 61
0.213 30
0.829 30
0.387 29
0.32 30
0.476 30
0.754 29
0.378 30
0.397 31
0.596 31
0.352 30
0.404 30
0.414 30
0.62 61
0.46 30
0.414 30
0.477 30
0.252 29
0.333 30
0.611 29
0.454 30
0.841 31
0.316 30
0.51 30
0.731 30
0.648 30
0.607 30
0.428 29
0.549 30
0.562 29
0.472 30
0.369 30
0.919 30
0.161 30
0.83 29
0.954 30
0.338 30
0.548 30
0.374 30
0.401 30
0.504 30
0.306 30
0.34 30
0.51 30
0.507 30
0.342 30
0.607 67
0.716 56
0.792 53
0.828 58
0.802 59
0.0922 53
0.513 54
0.435 57
0.613 59
0.523 59
0.657 29
0.55 58
0.559 29
0.436 29
0.716 57
0.636 29
0.563 30
0.521 29
0.346 29
0.98 30
0.54 29
0.744 29
0.0642 29
0.416 30
0.437 29
0.559 30
0.247 29
0.465 29
0.418 29
0.654 29
0.421 29
0.538 29
0.6 30
0.626 30
0.496 30
0.538 30
0.454 30
0.556 30
0.819 29
0.281 29
0.226 30
0.438 30
0.435 30
0.632 30
0.469 0
0.669 30
0.404 30
0.481 30
0.33 30
0.333 29
0.687 46
0.374 56
0.298 53
0.522 53
0.519 52
0.762 55
0.675 57
0.483 29
0.196 57
0.145 28
0.318 29
0.637 62
0.54 29
0.943 59
0.355 29
0.27 29
0.758 54
0.653 30
0.956 28
0.368 28
0.623 29
0.45 30
0.491 29
0.62 29
0.492 28
0.378 28
0.305 29
0.259 29
0.938 29
0.454 29
0.593 29
0.802 29
0.261 29
0.433 29
0.18 29
0.497 29
0.577 29
0.584 2
0.602 29
0.343 29
0.274 29
0.53 29
0.635 30
0.68 0
0.825 28
0.628 29
0.595 0
0.538 29
0.459 29
0.69 29
0.579 56
0.774 59
0.0924 47
0.381 52
0.623 62
0.463 55
0.291 54
0.697 28
0.37 52
0.797 59
0.963 29
0.883 28
0.612 29
0.321 29
0.561 28
0.51 28
0.339 28
0.472 29
0.906 30
0.4 28
0.235 55
0.38 29
0.423 28
0.444 65
0.266 29
0.522 29
0.813 28
0.0876 29
0.484 28
0.697 28
0.618 28
0.726 28
0.513 28
0.873 29
0.494 28
0.441 28
0.386 29
0.486 29
0.913 29
0.469 28
0.686 28
0.349 29
0.919 28
0.468 28
0.57 67
0.263 29
0.471 30
0.633 29
0.549 29
0.403 28
0.408 53
0.153 50
0.722 60
0.122 51
0.095 56
0.479 57
0.587 59
0.622 28
0.45 50
0.624 59
0.27 59
0.352 51
0.558 28
0.347 28
0.327 28
0.5 28
0.493 28
0.554 28
0.735 28
0.353 28
0.782 61
0.385 28
0.511 55
0.69 65
0.234 28
0.399 29
0.275 29
0.305 28
0.7 58
0.544 28
0.386 27
0.405 29
0.428 29
0.632 28
0.262 28
0.365 29
0.482 28
0.776 27
0.326 28
0.888 28
0.456 28
0.949 28
0.17 28
0.684 29
0.414 27
0.586 55
0.403 28
0.492 28
0.455 29
0.489 28
0.341 55
0.589 53
0.468 58
0.759 53
0.21 58
0.593 56
0.608 55
0.423 27
0.602 29
0.578 27
0.882 43
0.293 27
0.73 28
0.548 28
0.442 27
0.816 27
0.826 59
0.634 28
0.479 28
0.35 27
0.367 28
0.501 27
0.803 28
0.454 27
0.422 28
0.686 28
0.173 27
0.372 27
0.586 28
0.523 28
0.476 28
0.448 28
0.319 28
0.385 28
0.527 28
0.384 28
0.435 29
0.353 27
0.476 29
0.372 27
0.329 28
0.592 28
0.789 27
0.578 28
0.247 27
0.848 28
0.453 28
0.5 28
0.279 28
0.438 28
0.839 90
0.417 92
0.807 93
0.797 96
0.46 70
0.673 85
0.799 77
0.695 67
0.407 81
0.547 90
0.822 85
0.78 88
0.742 89
0.8 86
0.705 83
0.697 80
0.655 81
0.71 84
0.637 81
0.797 0
0.817 85
0.742 3
0.783 86
0.824 4
0.824 4
0.824 2
0.562 2
0.824 0
0.732 2
0.775 4
0.708 1
0.677 0
0.61 0
0.824 0
0.71 0
0.824 0
0.824 5
0.805 3
0.783 0
0.925 0
0.71 0
0.71 0
0.71 0
0.677 0
0.835 5
0.829 0
0.677 0
0.677 0
0.677 0
0.866 2
0.446 63
0.9 88
0.873 80
0.473 63
0.783 82
0.797 0
0.797 1
0.797 2
0.699 0
0.875 2
0.75 84
0.875 0
0.699 0
0.606 1
0.875 0
0.745 80
0.741 4
0.74 6
0.448 0
0.677 14
0.72 0
0.448 0
0.72 0
0.677 1
0.913 4
0.74 0
0.677 0
0.741 0
0.677 0
0.677 0
0.741 0
0.677 2
0.741 0
0.677 0
0.677 0
0.677 0
0.677 0
0.936 0
0.866 0
0.677 0
0.936 0
0.677 0
0.677 0
0.677 0
0.677 0
0.71 5
0.913 0
0.682 3
0.809 0
0.986 2
0.521 87
0.532 88
0.866 88
0.797 82
0.631 87
0.568 86
0.396 81
0.713 82
0.637 85
0.608 83
0.784 80
0.91 84
0.858 80
0.611 82
0.817 0
0.59 2
0.378 0
0.59 2
0.913 3
0.638 2
0.821 0
0.792 3
0.986 1
0.682 1
0.694 0
0.834 2
0.816 0
0.292 0
0.913 0
0.662 1
0.979 4
0.682 0
0.475 0
0.913 0
0.748 2
0.655 3
0.682 0
0.769 1
0.732 3
0.932 0
0.674 1
0.465 0
0.786 1
0.742 0
0.732 0
0.85 1
0.932 1
0.663 0
0.769 0
0.85 1
0.411 82
0.8 83
0.783 79
0.843 73
0.875 83
0.817 3
0.849 0
0.821 0
0.821 1
0.59 9
0.59 1
0.803 1
0.59 0
0.59 0
0.59 1
0.792 5
0.99 3
0.59 0
0.59 0
0.766 4
0.803 0
0.942 2
0.9 2
0.821 0
0.969 0
0.969 0
0.59 0
0.803 0
0.969 4
0.99 0
0.775 0
0.821 0
0.942 0
0.59 1
0.9 0
0.9 1
0.951 4
0.99 0
0.9 0
0.9 0
0.67 5
0.858 2
0.67 0
0.67 0
0.448 0
0.63 0
0.932 1
0.879 0
0.745 0
0.909 0
0.293 80
0.819 83
0.391 58
0.508 84
0.882 75
0.904 81
0.903 77
0.9 1
0.9 2
0.9 0
0.7 85
0.9 5
0.9 4
0.903 0
0.903 0
0.903 0
0.961 1
0.931 2
0.887 2
0.903 2
0.887 2
0.924 0
0.522 0
0.976 5
0.223 1
0.9 2
0.522 0
0.931 1
0.931 2
0.897 2
0.931 0
0.522 0
0.696 0
0.696 0
0.696 0
0.924 0
0.981 1
0.818 2
0.67 2
0.847 0
0.847 0
0.872 0
0.872 0
0.847 0
0.935 0
0.847 0
0.847 0
0.282 4
0.847 0
0.668 0
0.448 76
0.712 83
0.526 55
0.889 73
0.75 89
0.201 76
0.505 77
0.539 76
0.477 75
0.642 67
0.859 81
0.452 86
0.665 85
0.731 82
0.72 76
0.863 56
0.866 83
0.497 79
0.834 82
0.721 0
0.692 72
0.913 84
0.411 0
0.755 0
0.83 1
0.72 75
0.411 2
0.755 0
0.812 0
0.794 0
0.908 0
0.225 3
0.439 0
0.394 0
0.429 0
0.805 1
0.808 3
0.89 1
0.964 1
0.982 1
0.89 0
0.326 1
0.326 0
0.326 0
0.21 0
0.89 2
0.964 3
0.326 0
0.752 2
0.816 1
0.911 75
0.864 74
0.262 77
0.977 74
0.912 83
0.505 52
0.835 67
0.851 75
0.885 75
0.744 0
0.679 76
0.714 77
0.762 2
0.703 9
0.762 0
0.711 1
0.812 0
0.582 0
0.511 0
0.511 0
0.703 0
0.511 0
0.511 0
0.703 0
0.511 1
0.908 0
0.908 0
0.963 4
0.582 0
0.908 0
0.582 0
0.582 0
0.582 0
0.582 0
0.908 1
0.582 0
0.511 0
0.978 0
0.582 0
0.896 0
0.978 0
0.582 0
0.582 0
0.582 0
0.779 2
0.896 0
0.653 0
0.779 0
0.793 0
0.779 1
0.291 80
0.662 79
0.674 76
0.473 67
0.625 77
0.391 54
0.801 2
0.902 79
0.801 1
0.731 1
0.873 0
0.511 0
0.511 0
0.511 0
0.801 0
0.404 82
0.863 1
0.611 0
0.511 0
0.511 0
0.582 1
0.365 2
0.582 0
0.511 0
0.582 1
0.582 0
0.873 0
0.621 0
0.926 2
0.939 1
0.773 0
0.582 0
0.582 0
0.582 0
0.582 0
0.582 0
0.908 0
0.582 0
0.582 0
0.954 1
0.93 1
0.921 2
0.983 1
0.7 0
0.926 1
0.771 0
0.909 1
0.901 2
0.947 1
0.882 2
0.415 68
0.881 83
0.465 78
0.46 53
0.715 76
0.929 79
0.697 83
0.675 68
0.509 0
0.509 0
0.761 1
0.761 0
0.773 4
0.657 0
0.551 1
0.551 0
0.551 2
0.785 0
0.575 0
0.689 0
0.773 0
0.921 0
0.688 1
0.794 1
0.655 1
0.818 1
0.609 0
0.7 0
0.486 1
0.773 0
0.853 2
0.716 0
0.764 0
0.926 0
0.944 0
0.773 0
0.878 0
0.94 0
0.765 0
0.818 0
0.607 0
0.786 0
0.765 0
0.786 0
0.818 0
0.471 0
0.854 0
0.786 0
0.472 0
0.786 0
0.683 80
0.758 83
0.793 73
0.43 85
0.595 85
0.71 83
0.851 79
0.537 51
0.533 85
0.36 76
0.836 81
0.797 82
0.492 51
0.655 3
0.714 0
0.854 1
0.536 1
0.869 0
0.679 0
0.731 1
0.63 1
0.755 0
0.382 3
0.85 0
0.655 0
0.559 0
0.63 0
0.765 1
0.734 0
0.891 1
0.946 1
0.724 0
0.683 0
0.66 0
0.609 0
0.891 0
0.665 1
0.614 0
0.894 0
0.659 0
0.788 1
0.894 0
0.639 0
0.665 0
0.724 1
0.403 1
0.724 1
0.467 0
0.722 0
0.724 0
0.594 80
0.797 73
0.676 79
0.638 77
0.599 77
0.791 82
0.393 82
0.395 73
0.757 71
0.671 81
0.366 73
0.886 82
0.872 78
0.89 84
0.446 84
0.641 81
0.266 1
0.924 77
0.34 79
0.526 49
0.9 0
0.833 0
0.869 0
0.738 0
0.517 1
0.738 0
0.546 1
0.738 2
0.759 0
0.473 2
0.762 0
0.738 1
0.738 0
0.738 0
0.738 0
0.738 0
0.473 0
0.738 1
0.738 1
0.434 0
0.434 0
0.946 0
0.553 0
0.738 0
0.738 0
0.738 0
0.738 0
0.946 0
0.314 0
0.517 1
0.362 80
0.424 0
0.473 1
0.878 1
0.878 1
0.728 0
0.473 0
0.553 0
0.553 0
0.553 0
0.487 0
0.487 0
0.553 0
0.553 0
0.553 0
0.473 0
0.473 0
0.473 0
0.553 0
0.553 0
0.553 0
0.491 0
0.553 0
0.553 0
0.487 0
0.553 0
0.553 0
0.553 0
0.553 0
0.553 0
0.553 0
0.553 0
0.553 0
0.553 0
0.553 0
0.553 0
0.553 0
0.487 0
0.553 0
0.553 0
0.553 0
0.553 0
0.553 0
0.494 0
0.487 0
0.487 0
0.494 0
0.494 0
0.378 0
0.553 0
0.878 73
0.577 78
0.62 76
0.595 80
0.649 82
0.605 71
0.517 72
0.74 74
0.433 82
0.257 77
0.913 80
0.54 82
0.79 52
0.638 72
0.586 0
0.868 82
0.849 0
0.719 1
0.957 0
0.979 0
0.92 0
0.886 0
0.487 5
0.886 0
0.265 0
0.553 1
0.635 1
0.451 0
0.979 0
0.553 0
0.491 0
0.175 0
0.491 0
0.473 0
0.158 0
0.553 0
0.487 0
0.473 0
0.553 0
0.487 0
0.487 0
0.553 0
0.158 0
0.473 0
0.702 0
0.158 0
0.553 0
0.487 0
0.487 0
0.665 0
0.533 75
0.692 71
0.795 77
0.397 75
0.426 66
0.306 80
0.896 76
0.589 77
0.684 65
0.495 78
0.764 76
0.932 78
0.454 1
0.667 0
0.309 0
0.309 1
0.833 0
0.309 0
0.309 0
0.309 0
0.454 0
0.429 0
0.798 0
0.375 2
0.491 0
0.265 0
0.746 0
0.796 0
0.491 0
0.491 0
0.451 0
0.265 0
0.796 0
0.491 1
0.491 0
0.77 0
0.4 1
0.265 0
0.682 0
0.889 0
0.677 0
0.491 0
0.491 0
0.491 0
0.451 0
0.677 0
0.956 59
0.491 0
0.985 1
0.889 0
0.178 76
0.657 64
0.699 76
0.673 0
0.673 1
0.673 0
0.683 0
0.673 0
0.496 0
0.673 0
0.496 0
0.673 0
0.214 76
0.884 72
0.673 0
0.673 0
0.535 77
0.394 76
0.55 0
0.711 82
0.277 0
0.55 0
0.794 81
0.595 0
0.281 65
0.595 0
0.595 0
0.887 85
0.828 81
0.277 2
0.277 0
0.94 1
0.886 0
0.806 0
0.886 0
0.886 1
0.695 2
0.966 0
0.966 2
0.966 0
0.562 1
0.976 2
0.985 2
0.522 0
0.295 0
0.295 0
0.621 0
0.295 0
0.621 0
0.89 0
0.968 68
0.583 74
0.934 73
0.483 75
0.85 77
0.767 82
0.558 78
0.732 73
0.479 76
0.629 75
0.524 79
0.957 77
0.843 78
0.862 75
0.748 83
0.739 79
0.952 79
0.871 68
0.802 48
0.0931 2
0.269 0
0.528 2
0.382 3
0.469 0
0.48 0
0.601 0
0.886 0
0.886 1
0.307 0
0.63 1
0.307 0
0.504 1
0.525 1
0.737 1
0.664 1
0.189 0
0.819 0
0.461 0
0.781 1
0.96 0
0.786 0
0.757 0
0.52 0
0.533 0
0.572 0
0.627 0
0.646 0
0.515 0
0.818 0
0.818 1
0.483 76
0.911 86
0.414 72
0.902 78
0.104 50
0.872 60
0.851 71
0.403 77
0.652 73
0.292 4
0.791 0
0.938 3
0.348 0
0.783 0
0.752 1
0.783 0
0.625 3
0.938 0
0.938 0
0.768 0
0.797 0
0.768 0
0.768 0
0.383 2
0.768 0
0.691 0
0.768 0
0.383 3
0.938 0
0.886 1
0.951 1
0.886 1
0.709 1
0.322 0
0.504 0
0.886 1
0.886 0
0.383 0
0.322 0
0.504 1
0.322 0
0.521 1
0.322 0
0.322 0
0.63 1
0.919 0
0.172 0
0.521 0
0.709 1
0.826 1
0.64 78
0.665 52
0.569 72
0.902 85
0.9 80
0.833 67
0.337 65
0.384 47
0.562 73
0.686 1
0.479 0
0.617 3
0.793 0
0.701 1
0.701 2
0.752 0
0.701 2
0.849 1
0.836 0
0.479 0
0.821 0
0.789 0
0.833 2
0.821 1
0.59 0
0.59 0
0.59 0
0.867 1
0.864 2
0.754 0
0.836 0
0.781 0
0.868 0
0.836 0
0.59 2
0.849 0
0.831 0
0.836 0
0.59 0
0.867 0
0.836 1
0.909 0
0.909 0
0.909 0
0.767 1
0.909 0
0.789 0
0.954 0
0.836 1
0.546 1
0.715 83
0.701 77
0.828 79
0.373 83
0.444 80
0.902 66
0.155 73
0.936 73
0.824 48
0.315 61
0.66 64
0.438 75
0.367 58
0.954 80
0.896 78
0.897 77
0.634 61
0.291 0
0.291 0
0.291 0
0.291 0
0.755 0
0.291 0
0.791 0
0.764 56
0.892 0
0.667 0
0.424 0
0.874 1
0.472 0
0.524 0
0.742 0
0.892 0
0.817 0
0.584 1
0.924 0
0.765 0
0.742 0
0.847 0
0.583 1
0.874 0
0.448 0
0.822 0
0.684 0
0.684 2
0.758 0
0.758 0
0.644 0
0.756 0
0.448 0
0.767 47
0.743 80
0.781 47
0.478 40
0.365 42
0.335 40
0.309 44
0.684 49
0.315 39
0.824 79
0.749 79
0.452 41
0.365 41
0.179 76
0.328 41
0.337 42
0.899 0
0.663 0
0.663 0
0.712 79
0.527 1
0.567 0
0.803 0
0.803 0
0.567 0
0.818 1
0.803 0
0.803 0
0.58 0
0.545 0
0.759 2
0.848 0
0.873 1
0.848 1
0.78 0
0.56 0
0.606 0
0.838 0
0.823 0
0.76 0
0.838 0
0.838 0
0.838 0
0.838 0
0.838 0
0.838 0
0.838 0
0.838 0
0.838 0
0.838 0
0.293 80
0.208 75
0.387 73
0.803 76
0.603 73
0.382 76
0.537 72
0.475 0
0.876 0
0.876 0
0.876 0
0.876 0
0.876 0
0.876 0
0.876 0
0.876 0
0.876 0
0.876 0
0.876 0
0.848 0
0.876 0
0.876 0
0.876 0
0.876 0
0.876 0
0.876 1
0.876 0
0.642 1
0.876 0
0.876 0
0.876 0
0.876 0
0.876 0
0.876 0
0.876 0
0.876 0
0.876 0
0.876 0
0.876 0
0.776 0
0.876 0
0.876 0
0.876 0
0.876 0
0.876 0
0.641 0
0.876 0
0.682 0
0.848 0
0.876 0
0.748 74
0.686 47
0.223 0
0.593 1
0.223 0
0.569 1
0.569 0
0.569 0
0.569 0
0.569 0
0.569 0
0.406 0
0.569 0
0.569 0
0.569 0
0.569 0
0.569 0
0.394 0
0.494 0
0.569 0
0.406 0
0.569 0
0.569 0
0.569 0
0.569 0
0.406 0
0.569 0
0.569 0
0.569 0
0.394 0
0.569 0
0.569 0
0.569 0
0.394 0
0.641 0
0.569 0
0.641 0
0.569 0
0.558 0
0.569 0
0.641 0
0.406 0
0.406 0
0.641 0
0.641 0
0.207 0
0.366 0
0.406 0
0.641 0
0.641 0
0.733 67
0.582 68
0.255 0
0.627 43
0.377 0
0.377 0
0.552 0
0.711 0
0.682 0
0.711 0
0.711 0
0.756 46
0.32 0
0.463 0
0.569 1
0.213 0
0.384 0
0.682 0
0.338 0
0.569 0
0.569 0
0.569 0
0.338 0
0.338 0
0.569 0
0.207 0
0.207 0
0.569 0
0.569 0
0.569 0
0.182 0
0.569 0
0.569 0
0.182 0
0.182 0
0.366 0
0.569 0
0.569 0
0.569 0
0.569 0
0.569 0
0.394 0
0.366 0
0.81 0
0.569 0
0.182 0
0.182 0
0.406 0
0.207 0
0.569 0
0.247 69
0.325 65
0.377 61
0.715 71
0.622 45
0.442 58
0.627 57
0.742 60
0.709 68
0.691 64
0.584 63
0.756 66
0.49 50
0.734 59
0.66 66
0.0529 59
0.377 54
0.193 63
0.852 70
0.231 56
0.44 61
0.472 71
0.927 58
0.729 68
0.679 38
0.966 41
0.403 37
0.266 69
0.456 36
0.725 57
0.266 68
0.462 67
0.959 38
0.717 37
0.856 40
0.828 38
0.295 65
0.961 40
0.945 38
0.889 36
0.295 39
0.71 36
0.495 0
0.861 0
0.719 1
0.156 0
0.756 0
0.964 37
0.413 0
0.869 38
0.484 54
0.516 68
0.371 62
0.678 59
0.809 66
0.692 60
0.427 54
0.558 34
0.884 63
0.347 59
0.303 48
0.295 63
0.441 33
0.599 35
0.365 58
0.645 35
0.386 57
0.468 62
0.19 58
0.59 35
0.519 34
0.741 36
0.573 34
0.907 33
0.658 65
0.908 34
0.818 58
0.715 35
0.784 36
0.935 35
0.752 36
0.85 36
0.362 57
0.613 67
0.677 72
0.618 69
0.622 34
0.962 35
0.219 65
0.53 63
0.778 33
0.841 36
0.624 36
0.405 36
0.229 0
0.916 35
0.899 34
0.776 37
0.857 38
0.932 34
0.295 56
0.733 60
0.0529 56
0.0748 56
0.916 32
0.705 50
0.875 33
0.818 32
0.318 60
0.883 35
0.305 63
0.74 33
0.755 32
0.608 64
0.625 32
0.886 34
0.494 61
0.906 34
0.798 33
0.669 32
0.567 64
0.742 33
0.842 33
0.389 32
0.985 34
0.979 34
0.593 56
0.831 34
0.858 34
0.226 68
0.996 35
0.729 62
0.945 34
0.98 34
0.963 34
0.603 33
0.379 58
0.992 34
0.837 32
0.84 33
0.856 33
0.809 34
0.815 33
0.465 35
0.947 33
0.937 33
0.857 34
0.964 33
0.882 32
0.427 0
0.416 61
0.97 46
0.403 29
0.491 57
0.71 31
0.499 31
0.729 32
0.619 50
0.332 56
0.62 65
0.617 32
0.361 60
0.966 33
0.436 31
0.495 31
0.488 56
0.295 49
0.837 33
0.493 56
0.547 33
0.986 33
0.26 59
0.292 61
0.943 31
0.196 55
0.981 33
0.994 33
0.532 30
0.898 32
0.871 32
0.382 34
0.257 51
0.863 31
0.975 33
0.916 31
0.861 31
0.82 31
0.673 58
0.563 61
0.638 30
0.812 31
0.933 31
0.626 32
0.512 34
0.925 1
0.954 31
0.982 31
0.948 30
0.467 32
0.951 0
0.533 62
0.201 53
0.801 59
0.317 59
0.904 63
0.563 29
0.791 62
0.919 32
0.236 59
0.365 55
0.158 51
0.528 55
0.672 57
0.34 55
0.356 31
0.95 30
0.447 52
0.9 32
0.983 31
0.649 53
0.747 29
0.814 54
0.789 31
0.861 31
0.946 29
0.374 60
0.633 56
0.741 61
0.797 60
0.618 62
0.405 59
0.794 30
0.794 30
0.444 29
0.909 30
0.338 56
0.863 29
0.865 30
0.826 29
0.946 29
0.941 29
0.949 29
0.911 29
0.849 30
0.314 32
0.769 29
0.496 31
0.701 29
0.641 31
0.494 32
0.219 61
0.608 62
0.484 58
0.308 64
0.52 55
0.607 67
0.831 28
0.828 58
0.908 30
0.429 52
0.682 55
0.802 59
0.213 30
0.793 28
0.513 54
0.499 61
0.875 31
0.0922 53
0.613 59
0.491 28
0.859 31
0.292 27
0.895 29
0.808 28
0.716 29
0.9 29
0.636 29
0.811 29
0.529 61
0.538 28
0.845 28
0.884 28
0.81 30
0.929 29
0.663 29
0.901 29
0.883 29
0.826 29
0.437 29
0.397 28
0.909 28
0.934 32
0.743 29
0.879 28
0.87 29
0.923 29
0.884 28
0.832 29
0.793 29
0.62 61
0.687 46
0.579 56
0.374 56
0.298 53
0.306 50
0.223 56
0.83 28
0.762 55
0.591 27
0.821 28
0.463 55
0.675 57
0.716 56
0.637 62
0.27 59
0.483 29
0.196 57
0.588 29
0.291 54
0.949 30
0.435 57
0.943 59
0.879 27
0.735 28
0.797 59
0.83 28
0.566 27
0.55 58
0.851 27
0.758 54
0.825 29
0.96 27
0.6 27
0.511 55
0.898 27
0.823 28
0.839 27
0.896 28
0.618 28
0.836 28
0.523 59
0.975 28
0.821 28
0.908 28
0.894 27
0.472 28
0.971 28
0.942 28
0.584 2
0.68 0
0.722 60
0.774 59
0.122 51
0.587 59
0.479 57
0.45 50
0.778 27
0.924 27
0.0924 47
0.945 28
0.967 28
0.608 55
0.352 51
0.21 58
0.958 28
0.468 58
0.84 26
0.624 59
0.993 27
0.803 27
0.941 26
0.502 28
0.833 29
0.867 26
0.596 27
0.888 26
0.969 26
0.743 27
0.913 27
0.801 25
0.792 26
0.873 29
0.525 26
0.937 26
0.7 58
0.405 29
0.235 55
0.544 27
0.902 26
0.639 27
0.666 27
0.793 27
0.684 29
0.914 26
0.348 26
0.703 26
0.885 27
0.586 55
0.578 28
0.855 25
0.11 55
0.262 53
0.271 53
0.479 50
0.529 62
0.201 28
0.616 55
0.932 26
0.759 53
0.842 26
0.675 54
0.725 27
0.506 27
0.877 27
0.788 26
0.593 56
0.253 56
0.794 54
0.828 26
0.583 26
0.917 26
0.328 28
0.713 26
0.784 26
0.445 26
0.581 25
0.326 54
0.838 26
0.417 26
0.957 25
0.913 26
0.957 26
0.95 26
0.764 26
0.901 26
0.447 27
0.78 27
0.483 28
0.69 65
0.858 26
0.826 59
0.96 26
0.879 25
0.958 25
0.476 28
0.319 28
0.963 26
0.799 57
0.376 28
0.88 26
0.225 57
0.724 58
0.6 44
0.0939 54
0.406 54
0.293 59
0.763 26
0.859 25
0.943 25
0.641 53
0.959 27
0.672 55
0.526 53
0.188 52
0.894 27
0.959 27
0.807 24
0.438 25
0.838 25
0.441 55
0.732 51
0.881 25
0.736 55
0.917 55
0.467 47
0.26 27
0.979 24
0.546 24
0.917 25
0.882 43
0.481 47
0.947 26
0.981 25
0.648 28
0.86 25
0.315 28
0.662 25
0.879 25
0.863 25
0.986 25
0.206 26
0.873 25
0.821 27
0.869 27
0.938 26
0.81 25
0.965 26
0.917 25
0.19 25
0.266 27
0.666 44
0.434 48
0.496 51
0.289 47
0.619 24
0.714 49
0.831 55
0.499 35
0.338 53
0.329 55
0.818 26
0.546 56
0.88 24
0.582 24
0.735 24
0.623 52
0.144 41
0.534 61
0.832 24
0.931 45
0.956 24
0.915 24
0.941 25
0.273 23
0.246 50
0.965 24
0.909 24
0.6 24
0.485 52
0.828 55
0.535 55
0.804 25
0.336 27
0.953 24
0.889 24
0.761 24
0.676 24
0.879 24
0.777 48
0.991 24
0.625 26
0.855 24
0.901 26
0.612 24
0.247 56
0.845 24
0.852 24
0.896 24
0.626 0
0.366 0
0.338 48
0.187 51
0.782 51
0.825 45
0.382 45
0.634 24
0.232 18
0.42 43
0.828 24
0.174 27
0.475 48
0.549 26
0.866 26
0.851 24
0.944 24
0.897 24
0.727 24
0.806 58
0.456 23
0.768 57
0.735 51
0.629 25
0.777 23
0.92 23
0.888 24
0.374 25
0.887 24
0.994 24
0.718 26
0.912 24
0.675 25
0.906 23
0.745 24
0.354 24
0.598 25
0.793 24
0.962 24
0.453 52
0.561 25
0.923 24
0.886 24
0.391 26
0.966 24
0.501 25
0.435 26
0.419 26
0.902 24
0.536 24
0.819 24
0.286 58
0.756 54
0.375 39
0.645 46
0.483 39
0.482 60
0.772 24
0.425 23
0.853 50
0.29 59
0.781 24
0.691 23
0.534 55
0.169 50
0.878 22
0.735 25
0.358 45
0.847 24
0.477 54
0.933 24
0.509 22
0.937 23
0.495 52
0.886 22
0.482 53
0.906 24
0.966 23
0.799 24
0.937 24
0.487 24
0.335 24
0.827 24
0.366 25
0.686 54
0.99 23
0.72 26
0.893 23
0.614 23
0.706 49
0.933 23
0.908 23
0.932 22
0.83 24
0.85 24
0.737 25
0.732 23
0.952 25
0.912 23
0.709 23
0.707 25
0.571 25
0.531 52
0.0373 51
0.779 24
0.62 38
0.446 23
0.921 23
0.801 23
0.768 53
0.975 23
0.516 57
0.16 32
0.645 23
0.711 23
0.86 23
0.792 22
0.736 23
0.697 22
0.397 25
0.715 59
0.979 23
0.5 23
0.229 24
0.728 23
0.909 24
0.98 23
0.894 22
0.872 23
0.908 22
0.733 22
0.972 23
0.708 56
0.64 24
0.777 22
0.56 23
0.797 25
0.627 25
0.945 23
0.746 53
0.367 24
0.866 24
0.569 23
0.533 46
0.358 54
0.545 57
0.831 25
0.785 24
0.662 25
0.751 25
0.828 57
0.89 22
0.65 51
0.805 23
0.493 51
0.652 48
0.399 23
0.764 23
0.834 23
0.481 36
0.491 23
0.226 47
0.257 41
0.412 43
0.903 23
0.626 46
0.829 22
0.668 52
0.879 23
0.884 54
0.289 40
0.42 50
0.957 22
0.592 23
0.451 54
0.966 25
0.393 23
0.857 23
0.891 23
0.43 24
0.944 23
0.689 23
0.271 25
0.223 50
0.822 22
0.685 23
0.596 52
0.836 23
0.679 21
0.346 50
0.963 24
0.981 24
0.927 23
0.711 26
0.836 22
0.863 23
0.873 23
0.26 25
0.424 59
0.907 23
0.535 23
0.793 23
0.272 53
0.325 51
0.223 37
0.959 22
0.515 22
0.535 22
0.866 23
0.94 22
0.0965 50
0.766 54
0.719 36
0.857 22
0.782 22
0.977 24
0.901 53
0.821 22
0.491 23
0.432 52
0.891 22
0.865 23
0.804 24
0.72 23
0.849 22
0.633 23
0.821 24
0.563 21
0.799 23
0.591 23
0.825 22
0.497 49
0.562 21
0.737 48
0.994 22
0.858 21
0.931 22
0.718 22
0.762 21
0.503 24
0.955 23
0.125 48
0.922 22
0.751 23
0.324 24
0.188 25
0.879 22
0.894 23
0.757 24
0.825 22
0.893 22
0.617 22
0.41 49
0.699 54
0.201 49
0.793 23
0.592 23
0.449 52
0.898 22
0.666 53
0.305 22
0.714 52
0.413 47
0.743 46
0.954 22
0.962 22
0.589 54
0.544 22
0.567 55
0.66 46
0.883 22
0.587 22
0.319 21
0.215 22
0.664 22
0.663 22
0.755 22
0.87 22
0.439 22
0.652 23
0.942 22
0.241 22
0.348 24
0.865 22
0.683 23
0.923 21
0.948 22
0.936 22
0.859 22
0.991 21
0.805 22
0.958 22
0.881 21
0.969 23
0.19 22
0.671 22
0.964 23
0.533 23
0.671 24
0.711 57
0.805 21
0.841 22
0.321 34
0.315 32
0.245 31
0.613 35
0.251 31
0.157 34
0.315 11
0.771 12
0.211 30
0.0918 28
0.273 13
0.175 32
0.682 12
0.285 10
0.538 10
0.468 15
0.161 11
0.303 14
0.144 15
0.414 9
0.269 12
0.145 13
0.0917 14
0.197 15
0.212 11
0.0874 11
0.638 10
0.128 10
0.272 10
0.166 10
0.694 15
0.175 10
0.297 11
0.067 9
0.55 13
0.208 14
0.461 12
0.487 11
0.544 12
0.382 12
0.515 15
0.612 12
0.416 12
0.418 12
0.662 12
0.284 15
0.737 11
0.423 13
0.455 13
0.373 23
0.562 28
0.147 26
0.311 8
0.372 29
0.15 9
0.401 8
0.384 7
0.418 11
0.0542 11
0.307 27
0.353 10
0.392 8
0.341 11
0.323 8
0.243 10
0.152 9
0.183 8
0.169 11
0.244 8
0.128 7
0.219 8
0.137 9
0.269 10
0.765 9
0.363 33
0.543 10
0.338 8
0.162 9
0.129 11
0.509 10
0.085 8
0.106 8
0.344 11
0.363 9
0.272 10
0.265 9
0.527 10
0.17 9
0.351 8
0.535 10
0.67 10
0.523 8
0.473 11
0.612 11
0.841 9
0.437 11
0.273 9
0.366 11
0.356 9
0.65 9
0.0461 33
0.562 8
0.352 8
0.29 19
0.405 8
0.437 7
0.32 9
0.417 21
0.412 31
0.197 7
0.422 22
0.122 26
0.273 7
0.208 9
0.181 9
0.108 16
0.457 8
0.248 6
0.189 6
0.617 29
0.337 9
0.833 5
0.102 8
0.545 9
0.248 5
0.222 9
0.665 8
0.245 6
0.562 8
0.532 8
0.129 8
0.202 9
0.467 9
0.71 10
0.546 9
0.328 8
0.214 5
0.174 9
0.682 5
0.132 6
0.16 9
0.295 8
0.284 9
0.408 9
0.164 9
0.527 8
0.19 9
0.414 10
0.371 8
0.156 9
0.444 20
0.25 20
0.213 26
0.255 20
0.0614 28
0.64 6
0.113 21
0.144 27
0.346 27
0.346 6
0.421 24
0.0893 5
0.0376 14
0.201 19
0.588 6
0.358 5
0.155 6
0.102 4
0.185 6
0.603 6
0.199 7
0.0344 5
0.116 7
0.209 7
0.419 5
0.592 5
0.112 6
0.353 4
0.131 5
0.302 6
0.334 5
0.556 29
0.106 6
0.195 5
0.439 6
0.23 5
0.251 6
0.118 6
0.234 7
0.384 25
0.447 7
0.54 5
0.171 7
0.326 5
0.695 7
0.624 7
0.495 7
0.402 5
0.391 5
0.422 6
0.323 22
0.373 26
0.274 22
0.445 24
0.692 31
0.316 23
0.321 5
0.699 26
0.583 5
0.4 4
0.196 5
0.343 6
0.359 6
0.417 5
0.122 5
0.742 6
0.138 6
0.388 5
0.171 5
0.298 6
0.469 6
0.28 7
0.237 5
0.428 6
0.169 5
0.5 28
0.309 5
0.253 5
0.253 6
0.699 6
0.112 5
0.345 7
0.113 7
0.545 5
0.473 6
0.296 6
0.358 7
0.29 4
0.31 5
0.453 5
0.279 5
0.45 7
0.314 7
0.277 7
0.476 7
0.435 6
0.472 5
0.334 6
0.4 6
0.424 6
0.394 30
0.397 7
0.234 7
0.21 6
0.21 5
0.287 7
0.527 6
0.309 6
0.526 27
0.629 7
0.348 5
0.366 7
0.405 6
0.13 7
0.142 6
0.292 7
0.266 5
0.412 5
0.57 5
0.0523 3
0.457 6
0.359 5
0.272 6
0.466 0
0.175 4
0.494 5
0.491 0
0.483 1
0.436 5
0.0237 2
0.242 1
0.143 0
0.233 1
0.28 0
0.778 0
0.303 0
0.44 0
0.44 0
0.229 0
0.091 1
0.315 1
0.189 5
0.0908 0
0.076 1
0.179 0
0.438 0
0.564 1
0.261 0
0.815 1
0.307 0
0.175 4
0.483 1
0.23 4
0.334 0
0.466 0
0.491 0
0.224 0
0.44 0
0.14 0
0.421 0
0.119 0
0.143 0
0.0237 2
0.233 1
0.091 1
0.218 1
0.416 0
0.303 0
0.438 0
0.0452 2
0.391 0
0.0331 0
0.118 0
0.154 0
0.217 0
0.0369 0
0.0984 0
0.187 0
0.315 1
0.302 0
0.228 0
0.121 0
0.0908 0
0.141 0
0.137 0
0.168 0
0.261 0
0.076 1
0.306 0
0.0576 0
0.443 0
0.815 1
0.167 0
0.357 0
0.201 0
0.222 0
0.604 0
0.307 0
0.0714 0
0.0729 0
0.108 3
0.38 1
0.23 4
0.0639 0
0.361 0
0.224 0
0.14 0
0.148 0
0.15 0
0.334 0
0.154 0
0.0273 0
0.0369 0
0.328 0
0.0736 1
0.0984 0
0.0538 0
0.213 0
0.318 0
0.0331 0
0.302 0
0.399 0
0.217 0
0.391 0
0.391 0
0.443 0
0.121 0
0.137 0
0.434 0
0.228 0
0.168 0
0.2 0
0.0576 0
0.167 0
0.351 0
0.156 0
0.201 0
0.357 0
0.222 0
0.306 0
0.108 0
0.241 0
0.131 0
0.604 0
0.16 0
0.326 3
0.0714 0
0.332 0
0.0729 0
0.448 0
0.361 0
0.0665 0
0.38 1
0.108 3
0.421 0
0.202 0
0.334 0
0.148 0
0.0639 0
0.496 0
0.227 0
0.15 0
0.191 0
0.0273 0
0.391 0
0.154 0
0.105 2
0.0736 1
0.328 0
0.213 0
0.399 0
0.0538 0
0.339 0
0.318 0
0.167 0
0.516 0
0.351 0
0.249 0
0.434 0
0.391 0
0.253 0
0.22 0
0.156 0
0.2 0
0.0701 0
0.423 0
0.141 0
0.131 0
0.29 0
0.108 0
0.332 0
0.416 0
0.373 0
0.241 0
0.16 0
0.326 3
0.27 0
0.134 0
0.448 0
0.247 0
0.132 0
0.0665 0
0.138 3
0.421 0
0.202 0
0.227 0
0.656 0
0.105 2
0.391 0
0.218 2
0.496 0
0.438 0
0.175 0
0.191 0
0.106 0
0.153 0
0.345 0
0.0405 0
0.26 0
0.379 0
0.516 0
0.236 0
0.0538 0
0.348 0
0.339 0
0.249 0
0.401 0
0.253 0
0.347 1
0.342 0
0.167 0
0.29 0
0.209 0
0.416 0
0.0701 0
0.37 0
0.22 0
0.141 0
0.423 0
0.178 0
0.534 0
0.532 0
0.27 0
0.373 0
0.121 0
0.448 0
0.134 0
0.43 0
0.0678 0
0.247 0
0.328 13
0.542 4
0.292 3
0.0282 0
0.106 0
0.824 0
0.335 0
0.0971 0
0.134 0
0.287 1
0.546 1
0.438 0
0.712 0
0.0833 0
0.204 0
0.259 0
0.111 0
0.728 0
0.0257 0
0.61 0
0.0933 0
0.279 0
0.268 0
0.109 0
0.358 0
0.117 0
0.122 0
0.298 1
0.294 0
0.271 0
0.0438 0
0.0832 1
0.291 0
0.138 0
0.301 0
0.449 0
0.357 0
0.338 0
0.335 0
0.305 0
0.534 0
0.302 0
0.494 0
0.526 0
0.413 0
0.0596 0
0.382 0
0.314 0
0.0946 0
0.0543 0
0.0991 8
0.127 0
0.126 1
0.134 0
0.235 0
0.49 0
0.362 0
0.0757 0
0.413 0
0.602 0
0.707 0
0.0691 0
0.353 0
0.198 0
0.355 0
0.646 0
0.356 3
0.139 0
0.453 0
0.265 0
0.0989 0
0.549 0
0.181 0
0.0454 0
0.332 0
0.0686 0
0.298 0
0.0891 0
0.105 1
0.299 0
0.101 0
0.196 0
0.0944 0
0.266 0
0.354 0
0.105 0
0.386 0
0.262 0
0.0598 0
0.305 0
0.0698 0
0.326 0
0.116 1
0.13 0
0.166 0
0.115 0
0.115 0
0.386 0
0.464 0
0.115 2
0.134 1
0.115 0
0.311 0
0.278 0
0.686 0
0.125 0
0.256 1
0.143 0
0.391 1
0.728 0
0.0854 0
0.341 0
0.247 0
0.338 0
0.138 1
0.312 0
0.104 0
0.283 0
0.181 1
0.322 0
0.475 0
0.394 0
0.348 1
0.138 0
0.315 0
0.124 0
0.404 0
0.133 0
0.162 0
0.199 0
0.41 0
0.138 0
0.34 0
0.0442 0
0.371 0
0.0963 0
0.318 0
0.591 0
0.207 0
0.194 0
0.0855 0
0.196 0
0.269 0
0.255 0
0.333 0
0.373 0
0.486 0
0.229 0
0.384 0
0.496 0
0.0418 5
0.442 8
0.727 0
0.541 0
0.105 0
0.402 1
0.378 0
0.339 1
0.376 2
0.189 0
0.785 0
0.0819 0
0.574 0
0.0332 0
0.339 0
0.236 0
0.28 0
0.168 0
0.265 0
0.0568 0
0.237 0
0.216 0
0.358 0
0.0272 0
0.26 0
0.358 0
0.112 0
0.7 0
0.119 0
0.32 0
0.309 0
0.43 0
0.268 0
0.401 0
0.393 0
0.141 0
0.186 0
0.133 0
0.217 0
0.359 0
0.127 0
0.551 0
0.168 0
0.0683 0
0.131 0
0.252 0
0.101 3
0.138 0
0.279 0
0.232 0
0.198 11
0.151 1
0.227 0
0.185 0
0.0916 0
0.501 1
0.213 0
0.263 0
0.578 0
0.187 0
0.741 0
0.525 0
0.123 0
0.232 0
0.0981 0
0.11 0
0.212 0
0.241 0
0.229 0
0.385 0
0.49 0
0.142 0
0.366 0
0.422 0
0.198 0
0.17 0
0.294 2
0.116 0
0.262 0
0.493 0
0.416 0
0.153 0
0.431 0
0.248 0
0.12 0
0.272 0
0.421 0
0.265 0
0.218 0
0.445 0
0.346 0
0.321 0
0.458 0
0.724 0
0.513 0
0.163 0
0.371 0
0.277 0
0.0721 0
0.277 0
0.503 18
0.174 0
0.4 0
0.372 0
0.264 0
0.215 0
0.488 0
0.115 0
0.323 0
0.235 1
0.11 0
0.0735 0
0.129 0
0.154 0
0.545 0
0.387 0
0.535 0
0.784 0
0.0584 2
0.116 0
0.248 1
0.192 0
0.368 0
0.228 0
0.294 0
0.441 0
0.304 0
0.247 0
0.106 0
0.0616 3
0.396 0
0.245 0
0.333 0
0.238 0
0.297 0
0.194 0
0.181 0
0.164 0
0.366 0
0.261 0
0.289 0
0.168 0
0.19 0
0.278 0
0.553 0
0.644 0
0.115 0
0.341 0
0.28 0
0.192 0
0.191 3
0.0827 5
0.131 1
0.532 0
0.186 0
0.223 0
0.781 0
0.0609 0
0.781 0
0.312 1
0.754 0
0.362 2
0.653 0
0.412 0
0.239 0
0.06 0
0.0984 0
0.0451 1
0.0296 0
0.0999 0
0.227 0
0.244 0
0.143 0
0.25 0
0.144 0
0.169 0
0.124 0
0.288 0
0.086 0
0.257 0
0.167 0
0.0859 0
0.286 0
0.303 0
0.424 0
0.187 0
0.18 0
0.589 0
0.0851 0
0.422 0
0.149 0
0.0985 0
0.594 0
0.369 0
0.364 0
0.356 0
0.2 0
0.459 0
0.115 0
0.221 0
0.434 3
0.0961 0
0.223 0
0.186 0
0.246 0
0.28 0
0.794 0
0.0776 0
0.0594 0
0.155 0
0.281 0
0.192 0
0.114 0
0.274 0
0.121 0
0.204 0
0.188 0
0.361 0
0.515 0
0.252 0
0.245 0
0.59 0
0.175 0
0.415 0
0.476 0
0.344 0
0.131 0
0.334 0
0.273 0
0.115 0
0.492 0
0.645 0
0.329 0
0.22 0
0.0721 0
0.191 0
0.422 0
0.471 0
0.275 0
0.19 0
0.207 0
0.552 0
0.207 0
0.233 0
0.196 4
0.514 0
0.434 0
0.356 0
0.109 0
0.368 0
0.169 0
0.447 0
0.541 1
0.35 2
0.322 0
0.117 0
0.163 0
0.266 0
0.465 0
0.26 0
0.13 0
0.229 0
0.303 0
0.154 0
0.0302 0
0.199 0
0.489 0
0.106 0
0.147 1
0.44 0
0.433 0
0.326 0
0.394 0
0.214 0
0.199 0
0.317 0
0.0891 0
0.133 0
0.202 0
0.445 0
0.447 0
0.266 0
0.127 0
0.135 0
0.2 0
0.425 0
0.232 0
0.371 0
0.662 2
0.412 0
0.682 0
0.423 0
0.26 0
0.117 0
0.275 0
0.354 0
0.115 0
0.21 0
0.288 0
0.303 0
0.0424 7
0.536 2
0.156 2
0.152 2
0.358 0
0.152 0
0.668 0
0.367 0
0.313 1
0.222 0
0.194 0
0.199 0
0.255 1
0.29 0
0.286 0
0.0594 0
0.373 0
0.756 0
0.265 0
0.124 0
0.195 0
0.824 0
0.183 0
0.352 0
0.149 0
0.581 0
0.507 0
0.31 0
0.31 0
0.43 0
0.188 0
0.403 0
0.444 1
0.145 0
0.136 0
0.17 0
0.255 0
0.329 0
0.32 0
0.127 0
0.418 0
0.14 0
0.419 0
0.534 0
0.345 0
0.118 0
0.232 0
0.261 0
0.234 0
0.177 0
0.431 83
0.235 80
0.499 83
0.398 79
0.381 76
0.446 65
0.413 74
0.35 71
0.206 60
0.304 65
0.143 71
0.401 70
0.604 68
0.82 68
0.405 61
0.255 69
0.355 76
0.34 56
0.58 60
0.24 63
0.36 68
0.128 77
0.483 63
0.199 68
0.356 56
0.387 70
0.651 66
0.481 52
0.343 73
0.76 75
0.266 63
0.609 71
0.364 56
0.322 70
0.678 52
0.355 54
0.644 65
0.488 69
0.408 64
0.467 74
0.612 62
0.509 74
0.628 68
0.166 65
0.436 52
0.551 67
0.354 66
0.946 69
0.287 63
0.396 61
0.0625 71
0.339 71
0.134 64
0.282 67
0.461 67
0.293 68
0.0836 68
0.181 63
0.537 59
0.592 60
0.297 64
0.275 70
0.583 72
0.437 49
0.315 51
0.312 68
0.481 58
0.479 61
0.402 67
0.11 63
0.23 64
0.456 67
0.694 66
0.622 42
0.346 71
0.826 55
0.539 54
0.598 73
0.574 56
0.285 54
0.0995 59
0.505 49
0.419 63
0.555 43
0.386 62
0.45 70
0.329 58
0.481 68
0.316 57
0.0617 65
0.373 68
0.317 65
0.639 58
0.245 64
0.358 68
0.534 61
0.329 62
0.466 50
0.656 69
0.941 64
0.591 63
0.353 62
0.184 71
0.753 56
0.557 62
0.526 60
0.731 57
0.716 69
0.321 68
0.399 13
0.806 73
0.166 63
0.424 51
0.32 21
0.301 48
0.711 61
0.517 61
0.253 53
0.37 69
0.283 54
0.157 49
0.611 39
0.71 58
0.3 21
0.289 58
0.236 57
0.0987 66
0.266 56
0.615 64
0.341 57
0.213 59
0.464 44
0.405 62
0.287 23
0.805 54
0.53 23
0.328 57
0.273 60
0.296 62
0.609 70
0.667 51
0.346 22
0.275 70
0.179 68
0.617 65
0.661 63
0.658 67
0.299 65
0.551 54
0.396 63
0.602 62
0.131 66
0.631 59
0.585 57
0.285 59
0.556 56
0.736 23
0.198 48
0.266 50
0.363 49
0.193 55
0.0903 67
0.791 64
0.384 54
0.303 45
0.134 4
0.452 62
0.622 56
0.457 52
0.186 56
0.441 9
0.399 58
0.0947 48
0.434 44
0.183 63
0.467 62
0.343 63
0.341 26
0.373 60
0.341 57
0.566 60
0.776 58
0.284 68
0.532 22
0.0989 68
0.717 66
0.613 58
0.124 56
0.583 0
0.695 59
0.494 44
0.32 66
0.402 62
0.512 59
0.0892 58
0.478 62
0.668 61
0.614 67
0.617 66
0.402 51
0.177 48
0.545 56
0.215 64
0.328 36
0.482 66
0.385 66
0.255 68
0.398 52
0.281 53
0.259 53
0.527 54
0.587 6
0.291 57
0.591 60
0.663 55
0.109 51
0.311 52
0.483 56
0.675 57
0.366 64
0.78 50
0.537 58
0.331 65
0.555 57
0.415 63
0.443 56
0.612 58
0.439 58
0.472 64
0.455 58
0.0621 43
0.551 66
0.508 61
0.604 57
0.548 57
0.417 58
0.75 56
0.168 66
0.504 61
0.331 58
0.439 57
0.402 64
0.584 56
0.684 41
0.368 65
0.557 62
0.0977 58
0.838 0
0.387 64
0.838 0
0.491 61
0.417 62
0.448 63
0.221 64
0.467 57
0.599 60
0.285 48
0.416 47
0.206 58
0.589 66
0.709 56
0.491 56
0.694 58
0.488 59
0.394 52
0.502 52
0.411 46
0.401 51
0.615 55
0.191 55
0.529 55
0.43 59
0.563 51
0.424 57
0.292 55
0.399 61
0.393 60
0.654 53
0.54 64
0.545 65
0.575 57
0.54 56
0.613 51
0.818 50
0.519 64
0.652 57
0.213 49
0.492 56
0.606 64
0.601 61
0.641 50
0.46 59
0.646 57
0.848 62
0.52 62
0.207 58
0.877 63
0.58 63
0.435 64
0.462 56
0.108 62
0.49 43
0.614 65
0.625 58
0.314 53
0.288 59
0.307 61
0.74 44
0.685 57
0.727 37
0.431 53
0.375 47
0.709 58
0.344 51
0.497 40
0.804 39
0.258 53
0.375 49
0.364 47
0.727 61
0.653 64
0.073 57
0.402 52
0.32 51
0.559 39
0.352 60
0.402 59
0.246 59
0.309 63
0.39 57
0.637 65
0.457 51
0.554 50
0.643 60
0.498 58
0.763 61
0.564 53
0.681 39
0.61 60
0.657 59
0.596 0
0.596 0
0.479 0
0.479 0
0.874 67
0.479 0
0.479 0
0.479 0
0.479 0
0.479 0
0.54 52
0.539 58
0.313 50
0.483 65
0.463 31
0.409 55
0.585 56
0.294 49
0.485 62
0.204 59
0.277 64
0.623 47
0.217 49
0.503 49
0.563 58
0.441 60
0.413 43
0.836 56
0.61 59
0.188 56
0.121 48
0.519 59
0.664 63
0.512 60
0.505 54
0.23 40
0.358 49
0.449 51
0.481 60
0.419 58
0.495 53
0.488 49
0.821 42
0.255 54
0.517 58
0.453 60
0.263 56
0.53 58
0.655 59
0.53 62
0.821 62
0.472 41
0.155 53
0.448 58
0.402 50
0.641 42
0.593 55
0.747 63
0.184 45
0.236 50
0.52 55
0.391 57
0.146 50
0.362 56
0.285 50
0.133 62
0.342 50
0.256 51
0.657 51
0.793 63
0.719 52
0.454 62
0.614 54
0.598 59
0.2 53
0.416 50
0.446 51
0.35 45
0.409 58
0.633 63
0.635 51
0.45 54
0.575 51
0.351 61
0.677 52
0.354 50
0.504 62
0.214 59
0.383 51
0.509 62
0.906 60
0.346 51
0.502 56
0.255 45
0.284 57
0.657 53
0.492 57
0.533 58
0.702 60
0.111 57
0.356 47
0.327 51
0.525 60
0.738 60
0.452 38
0.046 51
0.711 52
0.623 47
0.464 56
0.37 60
0.405 58
0.438 57
0.298 40
0.699 52
0.107 61
0.26 61
0.197 59
0.194 38
0.33 48
0.552 56
0.26 53
0.0956 55
0.624 55
0.516 56
0.747 36
0.562 56
0.307 59
0.295 51
0.386 48
0.523 54
0.238 49
0.465 56
0.448 57
0.257 56
0.287 58
0.469 44
0.665 49
0.682 61
0.598 49
0.629 58
0.237 45
0.499 57
0.354 50
0.446 62
0.198 42
0.649 57
0.446 50
0.335 55
0.215 45
0.36 52
0.373 57
0.553 50
0.527 56
0.528 55
0.38 59
0.566 52
0.572 48
0.805 56
0.393 58
0.891 52
0.484 68
0.196 58
0.645 28
0.455 64
0.66 59
0.434 50
0.651 58
0.191 53
0.311 55
0.357 54
0.624 54
0.615 55
0.485 52
0.436 53
0.237 45
0.242 47
0.63 55
0.205 62
0.63 58
0.223 54
0.34 58
0.708 61
0.449 43
0.767 54
0.442 48
0.643 57
0.571 46
0.767 57
0.579 56
0.27 55
0.587 62
0.262 60
0.125 34
0.605 49
0.381 48
0.427 61
0.573 58
0.462 47
0.576 51
0.659 54
0.602 57
0.607 47
0.505 57
0.485 40
0.72 49
0.438 49
0.549 57
0.686 51
0.366 49
0.24 47
0.419 54
0.287 58
0.428 56
0.3 51
0.709 55
0.676 60
0.342 40
0.219 53
0.648 50
0.322 56
0.486 54
0.133 48
0.127 52
0.335 58
0.427 48
0.773 56
0.422 52
0.345 56
0.757 32
0.336 28
0.659 52
0.293 40
0.476 54
0.498 49
0.287 51
0.448 57
0.466 56
0.517 50
0.545 52
0.58 53
0.621 58
0.74 54
0.75 61
0.0774 55
0.722 55
0.555 49
0.498 54
0.268 50
0.536 51
0.453 56
0.448 31
0.821 57
0.4 50
0.544 56
0.282 44
0.73 48
0.392 54
0.133 48
0.618 54
0.611 59
0.394 0
0.437 0
0.354 54
0.721 56
0.415 50
0.376 57
0.491 59
0.551 48
0.368 54
0.333 57
0.142 53
0.501 54
0.678 52
0.241 55
0.183 44
0.562 59
0.653 60
0.834 58
0.552 47
0.303 45
0.389 48
0.743 31
0.638 60
0.58 48
0.496 45
0.385 35
0.59 56
0.53 48
0.545 59
0.666 58
0.765 43
0.645 57
0.731 56
0.149 9
0.473 52
0.416 14
0.321 51
0.619 50
0.298 14
0.639 59
0.652 56
0.757 56
0.446 42
0.55 48
0.756 49
0.527 46
0.677 60
0.416 46
0.533 61
0.406 9
0.511 34
0.399 57
0.555 53
0.449 54
0.583 58
0.59 47
0.352 41
0.0599 50
0.245 42
0.596 64
0.723 49
0.149 44
0.638 39
0.373 44
0.322 47
0.182 48
0.428 40
0.473 50
0.791 56
0.296 45
0.158 41
0.325 44
0.673 47
0.556 49
0.695 44
0.23 39
0.545 52
0.757 51
0.491 50
0.786 56
0.324 52
0.589 44
0.482 50
0.193 43
0.545 44
0.645 56
0.939 58
0.43 52
0.414 49
0.149 52
0.385 52
0.504 49
0.265 41
0.5 56
0.538 57
0.315 46
0.521 54
0.656 54
0.438 54
0.287 51
0.62 51
0.53 53
0.26 54
0.335 48
0.662 49
0.634 47
0.258 50
0.665 53
0.294 54
0.344 51
0.308 49
0.392 48
0.74 52
0.309 43
0.338 47
0.885 53
0.497 53
0.326 39
0.326 52
0.729 56
0.34 47
0.667 56
0.409 43
0.349 56
0.4 46
0.387 50
0.715 56
0.392 37
0.617 53
0.494 57
0.498 51
0.626 53
0.668 57
0.32 55
0.462 42
0.658 54
0.455 49
0.351 52
0.111 54
0.331 38
0.621 53
0.418 55
0.68 49
0.604 55
0.521 48
0.454 56
0.645 46
0.722 54
0.394 50
0.67 43
0.28 63
0.551 46
0.0781 54
0.566 44
0.395 52
0.129 48
0.363 50
0.269 53
0.128 39
0.209 52
0.763 59
0.259 48
0.548 57
0.538 51
0.336 49
0.371 50
0.586 34
0.12 41
0.239 54
0.142 52
0.218 47
0.583 41
0.761 50
0.233 46
0.397 57
0.608 54
0.468 47
0.108 47
0.175 53
0.202 46
0.673 48
0.315 60
0.714 55
0.755 58
0.364 57
0.387 55
0.632 48
0.808 57
0.855 59
0.186 53
0.492 48
0.689 36
0.475 59
0.546 50
0.365 52
0.542 1
0.265 36
0.563 54
0.517 50
0.554 48
0.317 55
0.21 54
0.422 52
0.315 53
0.444 56
0.549 46
0.172 57
0.481 51
0.236 43
0.305 54
0.555 42
0.535 45
0.357 46
0.347 57
0.256 29
0.0501 51
0.566 40
0.394 58
0.464 51
0.56 53
0.849 43
0.72 50
0.642 54
0.61 57
0.618 59
0.495 54
0.496 43
0.25 52
0.763 41
0.289 49
0.412 51
0.471 51
0.425 43
0.306 41
0.629 49
0.555 47
0.639 42
0.598 42
0.617 36
0.628 53
0.579 54
0.674 53
0.397 49
0.218 34
0.434 47
0.636 54
0.303 51
0.493 53
0.639 57
0.0684 48
0.562 60
0.698 55
0.235 49
0.69 52
0.354 44
0.472 47
0.355 51
0.69 51
0.687 53
0.294 52
0.355 50
0.665 40
0.168 51
0.504 41
0.537 53
0.32 58
0.394 32
0.557 37
0.297 47
0.131 49
0.27 49
0.518 54
0.632 46
0.349 45
0.312 48
0.507 42
0.467 51
0.287 56
0.284 50
0.474 51
0.602 52
0.454 39
0.695 54
0.468 52
0.386 57
0.328 44
0.566 53
0.664 47
0.363 41
0.3 53
0.567 46
0.541 43
0.395 55
0.59 37
0.57 52
0.457 45
0.295 48
0.498 45
0.548 53
0.158 53
0.706 60
0.307 54
0.289 46
0.336 40
0.555 43
0.661 46
0.636 58
0.78 56
0.816 23
0.629 34
0.542 57
0.696 54
0.519 45
0.564 35
0.402 52
0.254 54
0.377 46
0.293 53
0.38 49
0.3 44
0.754 46
0.394 51
0.751 49
0.677 55
0.612 51
0.7 52
0.829 49
0.379 51
0.456 53
0.427 53
0.623 55
0.203 45
0.946 45
0.703 53
0.518 47
0.461 42
0.378 44
0.727 41
0.38 53
0.414 47
0.408 44
0.675 48
0.549 55
0.464 47
0.355 54
0.608 57
0.605 55
0.378 52
0.33 44
0.449 51
0.401 38
0.35 55
0.256 61
0.487 58
0.525 50
0.185 50
0.579 50
0.501 37
0.372 48
0.586 53
0.547 47
0.276 39
0.299 41
0.485 36
0.241 47
0.308 44
0.57 55
0.451 54
0.0337 47
0.711 49
0.505 58
0.653 26
0.396 55
0.619 48
0.5 54
0.287 44
0.588 53
0.408 32
0.573 53
0.733 52
0.471 46
0.567 55
0.858 37
0.253 48
0.804 53
0.581 39
0.439 56
0.346 46
0.73 42
0.408 41
0.579 56
0.465 41
0.204 45
0.489 51
0.808 45
0.637 41
0.639 47
0.419 42
0.54 49
0.595 43
0.779 0
0.89 0
0.837 0
0.879 1
0.728 47
0.785 2
0.779 0
0.837 3
0.779 0
0.779 0
0.725 0
0.856 0
0.589 0
0.849 0
0.604 0
0.852 0
0.728 0
0.849 0
0.762 0
0.711 0
0.787 0
0.779 0
0.751 0
0.638 0
0.863 0
0.631 0
0.749 0
0.856 0
0.88 0
0.728 0
0.654 0
0.922 0
0.849 1
0.785 0
0.792 0
0.736 0
0.736 0
0.843 0
0.711 0
0.852 1
0.751 0
0.843 0
0.701 0
0.88 0
0.838 0
0.654 0
0.863 0
0.863 0
0.857 0
0.857 0
0.877 76
0.562 39
0.662 41
0.567 39
0.757 41
0.665 39
0.838 42
0.58 39
0.665 40
0.843 0
0.723 39
0.747 40
0.808 40
0.719 0
0.751 0
0.687 42
0.701 0
0.75 0
0.822 0
0.816 0
0.75 0
0.788 40
0.851 39
0.55 0
0.776 0
0.884 0
0.611 0
0.51 41
0.843 0
0.782 0
0.719 0
0.683 39
0.806 0
0.825 40
0.849 0
0.829 0
0.793 1
0.778 0
0.763 40
0.816 0
0.884 0
0.445 39
0.802 0
0.836 0
0.545 41
0.635 0
0.635 0
0.715 0
0.668 0
0.618 0
0.894 58
0.717 38
0.803 37
0.826 36
0.82 36
0.595 37
0.889 38
0.575 36
0.766 38
0.773 39
0.783 37
0.884 38
0.806 38
0.896 38
0.742 36
0.806 36
0.372 38
0.641 37
0.656 38
0.658 39
0.848 37
0.444 37
0.932 36
0.702 37
0.772 36
0.902 39
0.635 37
0.752 37
0.553 36
0.748 38
0.792 36
0.657 36
0.878 36
0.672 38
0.804 38
0.684 38
0.736 40
0.814 39
0.602 37
0.837 37
0.845 37
0.674 38
0.729 37
0.596 37
0.806 36
0.51 0
0.773 36
0.755 40
0.761 0
0.718 36
0.833 35
0.731 35
0.749 37
0.71 35
0.84 35
0.835 36
0.911 36
0.493 36
0.716 35
0.694 35
0.303 34
0.503 35
0.886 37
0.676 35
0.825 35
0.571 34
0.758 35
0.763 34
0.686 35
0.632 35
0.738 34
0.737 34
0.935 35
0.593 36
0.89 34
0.597 35
0.831 36
0.867 35
0.776 35
0.485 35
0.856 36
0.428 0
0.869 34
0.936 35
0.744 36
0.678 36
0.733 0
0.637 35
0.852 34
0.241 35
0.579 36
0.717 34
0.461 36
0.547 34
0.806 0
0.852 36
0.621 38
0.685 0
0.503 34
0.805 35
0.396 36
0.221 37
0.822 34
0.782 34
0.898 33
0.431 35
0.886 34
0.935 35
0.777 34
0.842 36
0.765 36
0.689 34
0.834 34
0.912 34
0.723 34
0.86 33
0.654 34
0.927 34
0.868 35
0.641 35
0.68 34
0.808 34
0.735 34
0.755 34
0.812 35
0.869 33
0.58 34
0.604 35
0.538 34
0.67 35
0.355 34
0.499 34
0.461 34
0.837 34
0.737 34
0.823 34
0.645 34
0.879 34
0.791 34
0.769 34
0.879 34
0.749 34
0.726 34
0.706 34
0.869 34
0.628 34
0.602 34
0.573 33
0.868 34
0.74 34
0.594 36
0.775 33
0.448 34
0.651 33
0.686 33
0.773 32
0.903 33
0.553 32
0.495 35
0.789 33
0.634 33
0.677 33
0.683 33
0.803 33
0.592 33
0.732 34
0.578 33
0.768 34
0.839 33
0.767 33
0.819 33
0.407 33
0.404 33
0.885 33
0.754 33
0.795 32
0.746 33
0.854 33
0.562 0
0.411 35
0.809 33
0.868 33
0.821 33
0.537 0
0.605 0
0.544 34
0.783 34
0.517 33
0.809 33
0.405 35
0.303 35
0.594 33
0.748 32
0.687 33
0.537 0
0.537 0
0.736 33
0.823 33
0.665 35
0.603 35
0.74 66
0.897 32
0.717 32
0.584 32
0.773 35
0.884 33
0.759 34
0.891 33
0.84 33
0.702 32
0.875 33
0.885 33
0.562 33
0.896 32
0.566 33
0.811 32
0.537 32
0.476 32
0.625 32
0.725 32
0.711 32
0.705 34
0.898 31
0.693 32
0.657 33
0.89 32
0.394 32
0.512 33
0.832 33
0.704 32
0.857 32
0.848 32
0.49 32
0.808 32
0.645 34
0.507 32
0.88 32
0.833 32
0.394 34
0.907 32
0.811 32
0.362 32
0.616 32
0.822 32
0.959 33
0.853 0
0.6 33
0.436 32
0.838 0
0.876 32
0.961 0
0.588 32
0.63 31
0.881 31
0.302 33
0.882 31
0.849 31
0.713 31
0.754 0
0.626 31
0.815 0
0.918 32
0.63 32
0.644 32
0.818 31
0.709 32
0.546 31
0.672 32
0.823 31
0.844 32
0.621 32
0.854 32
0.344 32
0.731 31
0.656 34
0.834 0
0.325 31
0.806 31
0.514 31
0.538 32
0.542 31
0.885 31
0.825 32
0.47 31
0.699 31
0.457 31
0.362 33
0.765 32
0.708 0
0.679 31
0.495 31
0.802 31
0.523 33
0.602 31
0.554 32
0.76 33
0.839 32
0.621 32
0.646 33
0.414 35
0.623 65
0.719 70
0.822 31
0.908 30
0.532 34
0.975 31
0.681 31
0.503 31
0.816 31
0.955 0
0.713 31
0.618 31
0.77 31
0.638 31
0.925 32
0.699 30
0.933 32
0.685 31
0.351 31
0.815 0
0.927 32
0.619 31
0.72 31
0.87 30
0.628 30
0.544 31
0.815 0
0.868 30
0.688 31
0.723 30
0.773 30
0.57 33
0.752 31
0.471 31
0.777 32
0.874 31
0.796 31
0.747 30
0.9 32
0.666 31
0.584 31
0.727 32
0.588 33
0.769 31
0.855 31
0.915 30
0.648 33
0.655 33
0.59 33
0.844 30
0.746 33
0.783 30
0.709 30
0.541 30
0.844 30
0.672 32
0.716 30
0.757 31
0.539 30
0.858 30
0.731 30
0.417 31
0.72 30
0.682 30
0.873 30
0.822 30
0.706 31
0.673 30
0.84 30
0.733 30
0.764 30
0.854 30
0.715 30
0.656 30
0.698 30
0.646 31
0.512 30
0.696 30
0.791 30
0.78 30
0.765 30
0.845 30
0.726 31
0.655 30
0.748 30
0.743 31
0.89 30
0.637 30
0.77 32
0.802 30
0.749 30
0.595 31
0.729 30
0.45 32
0.806 30
0.573 30
0.562 30
0.694 31
0.421 32
0.878 30
0.72 36
0.899 45
0.856 31
0.804 30
0.678 30
0.485 30
0.735 29
0.665 29
0.912 30
0.471 30
0.714 30
0.59 32
0.702 30
0.91 32
0.589 29
0.859 29
0.717 31
0.842 30
0.769 30
0.897 30
0.658 31
0.548 30
0.847 29
0.753 29
0.852 31
0.53 30
0.776 29
0.928 31
0.816 29
0.87 31
0.758 30
0.798 31
0.852 31
0.651 31
0.727 30
0.89 29
0.729 30
0.876 29
0.794 29
0.941 30
0.899 30
0.938 30
0.434 33
0.751 29
0.97 30
0.882 29
0.765 0
0.37 32
0.952 30
0.94 30
0.802 73
0.482 29
0.774 30
0.94 29
0.65 31
0.537 29
0.811 29
0.83 31
0.651 30
0.911 29
0.747 32
0.744 30
0.874 29
0.851 29
0.789 30
0.737 29
0.859 30
0.633 30
0.33 32
0.446 29
0.648 29
0.471 29
0.886 29
0.808 29
0.739 30
0.33 29
0.947 29
0.86 29
0.616 29
0.905 29
0.81 29
0.832 29
0.828 29
0.954 29
0.688 30
0.899 29
0.865 31
0.549 30
0.315 31
0.802 31
0.767 29
0.798 29
0.85 29
0.653 29
0.868 29
0.791 29
0.74 29
0.815 31
0.76 29
0.926 30
0.924 30
0.686 29
0.52 29
0.555 29
0.78 29
0.876 30
0.737 28
0.408 29
0.865 30
0.749 29
0.433 29
0.674 28
0.949 29
0.687 29
0.85 29
0.706 30
0.804 31
0.751 30
0.696 29
0.885 29
0.936 29
0.824 28
0.597 31
0.477 29
0.798 30
0.619 28
0.871 30
0.763 28
0.847 31
0.755 28
0.886 30
0.554 29
0.812 28
0.728 28
0.757 29
0.832 28
0.713 28
0.907 30
0.863 29
0.655 29
0.337 29
0.648 29
0.886 29
0.32 31
0.865 29
0.72 29
0.745 29
0.793 30
0.661 29
0.604 31
0.701 69
0.884 74
0.573 28
0.428 28
0.731 28
0.651 29
0.911 28
0.775 28
0.67 28
0.772 28
0.922 28
0.746 28
0.921 29
0.722 29
0.74 28
0.848 28
0.652 28
0.619 28
0.938 28
0.563 30
0.831 29
0.793 28
0.893 29
0.837 29
0.803 28
0.584 30
0.791 28
0.83 29
0.629 30
0.794 29
0.781 29
0.79 30
0.955 28
0.87 28
0.52 28
0.777 28
0.907 30
0.525 29
0.764 30
0.231 30
0.756 0
0.772 29
0.869 28
0.705 28
0.871 28
0.626 28
0.885 28
0.852 0
0.892 29
0.626 29
0.88 29
0.802 28
0.865 29
0.752 28
0.771 28
0.432 28
0.876 31
0.882 29
0.669 28
0.7 31
0.876 28
0.547 29
0.622 29
0.783 28
0.836 28
0.38 29
0.792 29
0.723 29
0.802 28
0.665 29
0.796 28
0.834 28
0.744 29
0.831 29
0.81 28
0.88 28
0.923 27
0.533 29
0.781 29
0.863 28
0.702 28
0.853 29
0.745 29
0.606 30
0.815 28
0.694 29
0.443 30
0.772 28
0.807 28
0.574 28
0.575 28
0.843 29
0.887 28
0.885 28
0.844 29
0.949 28
0.346 30
0.878 29
0.569 30
0.826 29
0.776 77
0.78 56
0.827 75
0.731 28
0.463 28
0.772 28
0.907 29
0.722 27
0.737 28
0.837 28
0.942 28
0.879 29
0.666 28
0.789 27
0.651 29
0.836 29
0.839 28
0.578 28
0.769 30
0.552 28
0.83 28
0.632 28
0.801 28
0.609 27
0.812 28
0.659 28
0.481 27
0.77 28
0.764 28
0.719 28
0.74 29
0.508 29
0.813 28
0.735 27
0.441 28
0.427 28
0.94 29
0.837 28
0.693 27
0.658 29
0.678 27
0.902 28
0.556 28
0.772 28
0.688 28
0.629 29
0.872 27
0.613 28
0.695 28
0.798 28
0.89 42
0.668 27
0.73 29
0.953 28
0.525 27
0.627 28
0.876 28
0.683 28
0.724 27
0.759 28
0.524 29
0.841 27
0.768 27
0.527 28
0.816 27
0.95 29
0.733 27
0.796 27
0.666 27
0.863 28
0.58 28
0.372 29
0.637 29
0.528 27
0.74 28
0.787 27
0.963 28
0.809 27
0.76 27
0.824 28
0.843 28
0.416 30
0.658 29
0.7 29
0.791 27
0.792 28
0.827 27
0.808 27
0.756 29
0.648 27
0.768 28
0.793 27
0.868 27
0.287 30
0.528 28
0.837 29
0.644 29
0.875 27
0.525 28
0.734 27
0.56 28
0.675 28
0.803 28
0.634 27
0.723 28
0.598 27
0.775 27
0.792 28
0.78 27
0.868 27
0.699 27
0.755 27
0.705 27
0.783 27
0.831 28
0.841 28
0.728 28
0.296 29
0.643 27
0.848 27
0.951 29
0.863 28
0.521 27
0.357 27
0.667 27
0.43 27
0.889 27
0.801 27
0.709 27
0.707 28
0.368 28
0.627 27
0.913 27
0.679 27
0.822 27
0.713 27
0.844 27
0.812 28
0.878 27
0.855 27
0.456 29
0.803 27
0.9 29
0.729 27
0.718 27
0.364 27
0.722 27
0.783 27
0.715 29
0.48 27
0.698 28
0.933 29
0.822 29
0.802 27
0.686 27
0.698 28
0.711 27
0.65 27
0.719 27
0.411 28
0.822 27
0.509 28
0.941 27
0.884 27
0.776 28
0.442 27
0.593 27
0.818 28
0.69 27
0.854 27
0.431 29
0.64 28
0.85 28
0.815 27
0.953 27
0.882 27
0.746 27
0.365 27
0.517 28
0.782 27
0.618 27
0.866 27
0.871 27
0.887 28
0.872 27
0.932 28
0.556 27
0.731 28
0.573 27
0.716 27
0.824 28
0.766 27
0.639 27
0.502 29
0.758 28
0.708 28
0.879 27
0.812 28
0.741 29
0.621 29
0.653 27
0.534 29
0.696 26
0.522 27
0.619 27
0.775 27
0.884 27
0.82 27
0.874 27
0.48 27
0.944 27
0.608 27
0.817 28
0.956 28
0.427 29
0.766 27
0.778 27
0.61 27
0.661 27
0.835 28
0.483 27
0.333 30
0.874 26
0.835 26
0.731 27
0.873 28
0.53 26
0.618 28
0.677 28
0.561 29
0.817 28
0.223 29
0.94 27
0.785 26
0.82 26
0.654 26
0.827 27
0.898 29
0.478 28
0.838 26
0.647 27
0.837 26
0.884 27
0.519 27
0.903 27
0.421 28
0.949 26
0.893 27
0.838 27
0.447 28
0.866 43
0.84 40
0.651 42
0.873 37
0.998 38
0.35 36
0.949 37
0.69 38
0.49 51
0.618 52
0.703 49
0.75 49
0.437 56
0.721 50
0.785 55
0.574 47
0.617 49
0.752 55
0.81 53
0.768 54
0.799 54
0.505 50
0.883 0
0.784 48
0.743 49
0.72 49
0.752 0
0.845 50
0.725 50
0.839 49
0.777 50
0.802 49
0.689 51
0.861 48
0.744 57
0.553 48
0.884 47
0.622 48
0.695 52
0.645 51
0.931 0
0.61 51
0.671 49
0.116 0
0.872 51
0.704 0
0.741 56
0.603 53
0.563 51
0.85 0
0.944 34
0.386 35
0.989 35
0.638 34
0.487 47
0.444 47
0.729 46
0.24 0
0.64 47
0.675 48
0.744 46
0.647 47
0.777 47
0.689 47
0.905 47
0.465 48
0.571 47
0.609 46
0.714 47
0.447 47
0.769 47
0.351 47
0.792 46
0.809 47
0.949 47
0.28 47
0.821 46
0.749 46
0.644 47
0.805 47
0.414 46
0.883 46
0.873 47
0.618 47
0.587 47
0.777 47
0.856 46
0.634 45
0.667 1
0.44 0
0.754 46
0.871 47
0.333 0
0.706 47
0.655 46
0.623 48
0.498 0
0.775 47
0.708 47
0.58 47
0.561 32
0.974 32
0.685 33
0.056 45
0.925 45
0.711 43
0.44 46
0.961 45
0.876 44
0.351 44
0.148 44
0.82 45
0.585 45
0.735 45
0.718 44
0.566 44
0.805 45
0.544 46
0.862 45
0.777 44
0.451 45
0.635 46
0.889 44
0.774 46
0.482 44
0.78 44
0.729 45
0.708 44
0.502 45
0.697 44
0.772 44
0.73 44
0.687 45
0.683 46
0.688 45
0.594 44
0.75 44
0.5 44
0.477 45
0.455 46
0.557 45
0.755 45
0.703 44
0.4 46
0.798 45
0.917 45
0.561 0
0.737 45
0.748 46
0.809 43
0.9 31
0.459 31
0.457 44
0.618 43
0.545 42
0.739 44
0.577 44
0.931 43
0.656 44
0.516 44
0.904 42
0.368 44
0.564 43
0.744 43
0.676 43
0.739 43
0.198 45
0.841 42
0.768 43
0.834 44
0.765 44
0.817 44
0.65 44
0.67 44
0.6 43
0.377 45
0.8 43
0.927 42
0.687 43
0.7 44
0.619 44
0.85 43
0.693 43
0.675 43
0.587 45
0.314 44
0.779 42
0.547 42
0.557 44
0.743 44
0.8 43
0.766 43
0.718 43
0.771 44
0.783 43
0.698 43
0.749 42
0.714 43
0.72 44
0.603 45
0.978 30
0.904 30
0.996 30
0.559 44
0.175 44
0.568 42
0.54 41
0.506 44
0.775 41
0.416 43
0.861 42
0.491 42
0.513 44
0.5 42
0.52 44
0.896 43
0.602 42
0.783 43
0.728 42
0.925 43
0.804 42
0.843 43
0.8 41
0.607 43
0.668 43
0.699 43
0.359 43
0.519 43
0.705 43
0.727 43
0.681 42
0.706 42
0.502 44
0.57 42
0.371 42
0.677 42
0.601 43
0.686 43
0.443 42
0.743 43
0.706 43
0.874 42
0.896 42
0.422 44
0.191 43
0.642 44
0.413 43
0.665 42
0.857 43
0.648 44
0.96 30
0.912 30
0.719 43
0.88 41
0.779 43
0.325 43
0.503 41
0.46 41
0.74 43
0.662 42
0.688 41
0.795 41
0.48 42
0.899 44
0.734 41
0.711 42
0.33 42
0.73 43
0.632 42
0.755 43
0.668 42
0.534 42
0.372 43
0.646 41
0.689 43
0.746 41
0.748 42
0.828 41
0.685 41
0.697 42
0.509 42
0.751 42
0.5 43
0.826 42
0.624 41
0.685 43
0.4 43
0.843 44
0.877 43
0.578 40
0.427 43
0.769 42
0.488 42
0.93 41
0.739 41
0.825 42
0.617 42
0.577 41
0.3 42
0.592 43
0.961 29
0.844 41
0.886 42
0.642 42
0.802 43
0.775 42
0.802 42
0.72 42
0.66 42
0.784 40
0.927 41
0.177 41
0.563 41
0.78 41
0.826 40
0.634 42
0.585 42
0.748 42
0.621 41
0.859 42
0.86 40
0.494 42
0.638 41
0.576 40
0.697 41
0.565 42
0.272 42
0.621 41
0.588 41
0.454 43
0.888 42
0.8 41
0.55 41
0.48 41
0.533 41
0.795 40
0.625 41
0.829 40
0.608 41
0.53 42
0.689 42
0.832 42
0.0856 41
0.912 41
0.831 40
0.754 42
0.748 41
0.55 42
0.888 41
0.563 40
0.954 29
0.693 40
0.439 42
0.441 41
0.547 40
0.533 40
0.735 40
0.635 41
0.553 41
0.93 40
0.531 41
0.839 40
0.711 42
0.627 40
0.736 40
0.448 41
0.672 40
0.795 40
0.422 40
0.69 40
0.65 40
0.462 41
0.527 39
0.716 41
0.84 43
0.441 42
0.699 39
0.804 39
0.91 42
0.833 41
0.644 40
0.739 40
0.725 40
0.787 40
0.713 41
0.829 41
0.898 41
0.818 40
0.79 40
0.95 42
0.696 42
0.0263 40
0.837 40
0.729 41
0.389 41
0.708 41
0.334 40
0.825 41
0.794 40
0.354 41
0.903 28
0.825 39
0.612 41
0.711 40
0.511 41
0.733 40
0.346 40
0.55 40
0.763 40
0.931 39
0.455 41
0.813 40
0.437 41
0.73 39
0.839 40
0.698 39
0.747 40
0.907 41
0.706 40
0.564 40
0.606 40
0.611 40
0.753 40
0.746 39
0.593 41
0.674 39
0.562 41
0.684 40
0.718 41
0.689 41
0.783 39
0.732 40
0.807 39
0.757 40
0.727 39
0.819 40
0.673 39
0.698 40
0.634 41
0.938 39
0.728 39
0.601 40
0.349 41
0.901 40
0.634 40
0.742 39
0.853 39
0.248 40
0.813 41
0.723 41
0.318 40
0.528 40
0.604 38
0.403 40
0.543 40
0.719 38
0.621 39
0.184 40
0.676 42
0.61 39
0.606 40
0.523 39
0.498 39
0.908 38
0.782 38
0.707 38
0.875 39
0.35 38
0.691 39
0.349 40
0.532 41
0.633 40
0.47 39
0.503 39
0.399 40
0.631 38
0.539 39
0.768 38
0.6 39
0.679 39
0.414 40
0.816 39
0.728 38
0.691 40
0.696 40
0.808 39
0.484 40
0.831 40
0.821 38
0.352 40
0.734 39
0.906 38
0.791 41
0.219 40
0.784 0
0.197 39
0.731 0
0.82 40
0.76 40
0.562 0
0.858 27
0.761 27
0.964 26
0.755 39
0.45 40
0.646 39
0.653 40
0.62 38
0.59 39
0.809 39
0.446 40
0.743 39
0.576 38
0.877 38
0.507 38
0.164 40
0.693 39
0.748 39
0.691 39
0.823 40
0.761 39
0.777 38
0.758 39
0.884 38
0.713 39
0.477 39
0.834 39
0.799 39
0.363 39
0.602 39
0.725 38
0.809 38
0.675 38
0.702 39
0.849 38
0.802 38
0.397 0
0.87 39
0.72 39
0.812 39
0.582 39
0.71 39
0.908 38
0.828 39
0.501 0
0.87 39
0.627 40
0.648 39
0.733 40
0.669 39
0.861 26
0.849 26
0.749 26
0.352 40
0.702 39
0.554 37
0.643 38
0.668 39
0.355 39
0.742 40
0.614 39
0.596 37
0.501 38
0.169 40
0.438 37
0.449 39
0.842 39
0.765 39
0.552 39
0.697 39
0.678 40
0.613 40
0.53 38
0.856 38
0.526 38
0.687 38
0.774 39
0.685 37
0.676 41
0.732 38
0.593 38
0.901 39
0.871 37
0.543 40
0.873 40
0.842 40
0.765 38
0.799 38
0.77 38
0.625 38
0.607 40
0.76 38
0.756 40
0.478 38
0.855 39
0.656 38
0.738 39
0.923 38
0.856 38
0.833 38
0.588 26
0.94 26
0.843 38
0.811 37
0.602 38
0.649 38
0.514 39
0.829 40
0.493 39
0.67 39
0.616 38
0.584 39
0.467 38
0.721 38
0.322 39
0.837 39
0.875 37
0.737 37
0.71 37
0.569 38
0.534 37
0.887 39
0.551 38
0.675 39
0.59 37
0.125 39
0.838 38
0.903 37
0.626 39
0.962 38
0.745 38
0.693 37
0.799 38
0.738 37
0.811 37
0.301 38
0.833 38
0.361 39
0.723 38
0.761 37
0.883 39
0.63 37
0.818 37
0.772 38
0.792 37
0.724 39
0.914 38
0.0555 38
0.775 38
0.777 38
0.923 25
0.995 25
0.67 39
0.657 37
0.872 38
0.36 38
0.848 37
0.278 39
0.674 38
0.877 36
0.629 37
0.537 38
0.611 39
0.715 38
0.833 38
0.312 38
0.809 37
0.579 38
0.516 37
0.605 38
0.178 37
0.649 37
0.752 38
0.422 38
0.907 38
0.941 38
0.5 37
0.582 39
0.573 37
0.943 37
0.561 39
0.828 36
0.754 37
0.58 37
0.504 38
0.706 39
0.877 37
0.623 38
0.713 38
0.523 38
0.897 37
0.88 37
0.663 38
0.538 40
0.818 37
0.656 38
0.736 38
0.837 38
0.852 38
0.649 37
0.97 25
0.819 25
0.194 68
0.184 38
0.739 37
0.937 37
0.802 39
0.369 37
0.677 37
0.881 37
0.71 36
0.903 38
0.888 37
0.81 37
0.656 37
0.85 36
0.904 36
0.848 38
0.833 36
0.586 38
0.53 37
0.861 36
0.831 36
0.921 37
0.667 37
0.755 38
0.697 37
0.87 36
0.493 36
0.817 36
0.755 38
0.6 37
0.582 37
0.877 39
0.514 38
0.411 38
0.768 37
0.74 39
0.178 39
0.704 36
0.936 37
0.726 36
0.858 37
0.857 36
0.625 37
0.842 37
0.563 38
0.482 37
0.67 38
0.691 37
0.72 24
0.814 39
0.877 37
0.489 37
0.662 38
0.863 36
0.702 38
0.907 36
0.653 37
0.394 37
0.877 38
0.746 37
0.532 36
0.723 36
0.566 36
0.932 36
0.773 37
0.549 37
0.601 36
0.701 37
0.8 36
0.614 38
0.58 39
0.763 38
0.916 38
0.738 36
0.48 36
0.407 37
0.678 36
0.779 38
0.662 38
0.809 36
0.564 38
0.862 37
0.661 38
0.786 36
0.672 37
0.839 38
0.839 36
0.961 36
0.316 36
0.95 36
0.792 36
0.505 37
0.635 38
0.913 0
0.54 37
0.375 37
0.873 37
0.389 37
0.898 24
0.966 24
0.546 37
0.676 35
0.816 36
0.85 36
0.635 38
0.361 37
0.536 36
0.516 37
0.899 38
0.486 37
0.349 38
0.0716 36
0.469 38
0.8 38
0.578 36
0.883 37
0.737 35
0.84 37
0.766 36
0.413 37
0.717 37
0.684 37
0.344 37
0.815 35
0.791 35
0.798 36
0.639 38
0.716 37
0.682 35
0.965 37
0.665 37
0.644 36
0.337 35
0.543 37
0.531 37
0.736 37
0.789 37
0.827 36
0.576 35
0.709 36
0.601 36
0.714 36
0.0295 36
0.674 35
0.86 36
0.632 36
0.724 35
0.728 37
0.498 37
0.802 38
0.886 37
0.469 37
0.345 36
0.606 36
0.286 37
0.635 35
0.17 37
0.812 36
0.412 37
0.933 35
0.267 37
0.66 36
0.719 36
0.702 35
0.766 36
0.771 36
0.867 38
0.688 36
0.799 37
0.841 37
0.715 37
0.556 37
0.605 37
0.739 36
0.792 35
0.081 36
0.875 35
0.862 36
0.586 36
0.593 37
0.58 38
0.694 37
0.813 37
0.809 35
0.76 35
0.713 35
0.749 35
0.965 36
0.498 36
0.893 35
0.958 36
0.829 37
0.65 36
0.609 36
0.399 37
0.767 36
0.777 36
0.433 37
0.765 23
0.924 23
0.774 37
0.611 35
0.619 36
0.848 36
0.915 37
0.242 36
0.764 38
0.542 36
0.843 36
0.691 36
0.508 37
0.657 36
0.517 37
0.506 36
0.626 37
0.672 35
0.685 35
0.823 38
0.751 37
0.649 37
0.726 37
0.731 37
0.452 37
0.816 36
0.637 36
0.832 35
0.921 35
0.441 36
0.663 37
0.501 37
0.609 35
0.643 36
0.454 37
0.631 35
0.739 36
0.857 37
0.695 36
0.537 35
0.618 36
0.715 35
0.631 35
0.648 35
0.869 35
0.868 36
0.75 36
0.377 0
0.945 35
0.712 36
0.928 64
0.956 23
0.588 36
0.849 35
0.913 35
0.279 36
0.78 37
0.829 37
0.832 34
0.694 36
0.696 37
0.853 35
0.466 37
0.547 37
0.657 35
0.644 35
0.754 34
0.39 37
0.65 36
0.597 36
0.766 37
0.92 37
0.393 36
0.625 36
0.869 36
0.637 36
0.638 35
0.463 37
0.721 37
0.838 36
0.679 35
0.744 35
0.522 35
0.92 35
0.661 35
0.821 37
0.683 35
0.592 35
0.78 35
0.201 0
0.534 35
0.316 37
0.444 37
0.522 35
0.897 35
0.713 36
0.856 36
0.513 36
0.242 36
0.574 36
0.437 56
0.647 57
0.73 55
0.897 60
0.671 63
0.664 57
0.891 62
0.938 61
0.686 56
0.785 56
0.863 55
0.856 57
0.607 56
0.493 55
0.849 55
0.799 60
0.566 59
0.34 60
0.752 60
0.861 57
0.734 57
0.754 59
0.306 57
0.719 56
0.817 57
0.904 55
0.493 58
0.563 56
0.765 58
0.717 56
0.814 56
0.867 56
0.855 55
0.542 62
0.372 58
0.599 59
0.754 62
0.755 56
0.493 54
0.59 57
0.74 59
0.902 56
0.553 57
0.709 62
0.863 56
0.67 59
0.538 56
0.703 54
0.799 56
0.877 56
0.757 54
0.729 54
0.496 53
0.775 54
0.805 54
0.489 54
0.896 54
0.746 53
0.484 54
0.587 55
0.826 52
0.523 53
0.842 54
0.769 54
0.745 54
0.678 53
0.739 54
0.516 53
0.557 53
0.859 55
0.605 54
0.952 54
0.861 53
0.878 53
0.864 53
0.752 54
0.671 54
0.706 55
0.749 55
0.829 55
0.86 53
0.787 53
0.761 53
0.857 55
0.418 55
0.692 54
0.828 55
0.558 54
0.672 54
0.689 55
0.755 54
0.604 54
0.788 54
0.662 54
0.809 54
0.695 54
0.865 53
0.477 52
0.507 53
0.65 54
0.855 52
0.937 54
0.764 51
0.792 53
0.522 52
0.855 52
0.718 52
0.799 52
0.171 53
0.939 52
0.741 52
0.671 51
0.673 52
0.784 53
0.598 53
0.724 52
0.726 0
0.893 52
0.851 51
0.93 52
0.565 51
0.843 52
0.506 53
0.631 53
0.9 52
0.65 53
0.86 52
0.739 53
0.652 52
0.789 52
0.469 53
0.683 51
0.867 52
0.827 53
0.666 52
0.639 53
0.515 53
0.668 52
0.469 53
0.824 52
0.67 52
0.584 52
0.656 52
0.542 53
0.916 52
0.618 52
0.696 53
0.534 52
0.728 52
0.754 52
0.654 51
0.464 53
0.933 51
0.88 52
0.66 51
0.737 52
0.875 52
0.686 50
0.772 52
0.8 52
0.639 50
0.853 50
0.8 51
0.825 52
0.66 50
0.73 51
0.612 51
0.515 51
0.681 51
0.915 52
0.958 52
0.914 50
0.67 50
0.881 51
0.892 52
0.933 52
0.827 53
0.66 52
0.666 51
0.904 52
0.564 50
0.841 50
0.563 52
0.704 53
0.792 50
0.691 51
0.966 52
0.609 52
0.834 51
0.768 51
0.597 51
0.529 51
0.88 51
0.483 52
0.82 52
0.698 52
0.453 51
0.561 51
0.827 52
0.698 52
0.634 49
0.744 51
0.8 50
0.763 50
0.718 50
0.871 49
0.713 50
0.688 49
0.418 50
0.831 51
0.501 50
0.655 49
0.874 51
0.604 51
0.86 51
0.718 50
0.721 49
0.724 50
0.837 50
0.797 49
0.92 51
0.647 49
0.521 49
0.698 51
0.923 51
0.869 50
0.827 50
0.474 51
0.793 50
0.579 50
0.93 51
0.887 50
0.284 50
0.845 51
0.642 50
0.686 52
0.582 49
0.666 49
0.687 50
0.533 50
0.901 49
0.826 51
0.359 50
0.774 49
0.792 50
0.67 50
0.688 50
0.85 50
0.731 51
0.839 51
0.908 50
0.873 50
0.809 50
0.911 49
0.905 50
0.723 50
0.925 50
0.272 49
0.817 50
0.904 49
0.865 49
0.765 50
0.704 50
0.605 49
0.767 49
0.716 49
0.93 49
0.757 50
0.845 49
0.669 49
0.859 49
0.899 50
0.559 50
0.417 49
0.8 49
0.734 50
0.651 50
0.836 50
0.807 50
0.693 50
0.654 50
0.743 49
0.745 50
0.746 49
0.776 49
0.684 49
0.854 49
0.804 49
0.578 49
0.608 49
0.616 49
0.66 50
0.528 49
0.542 51
0.854 49
0.559 50
0.512 49
0.68 49
0.828 51
0.932 49
0.451 49
0.689 51
0.767 50
0.948 50
0.476 48
0.892 50
0.735 49
0.838 49
0.719 49
0.806 49
0.865 51
0.729 50
0.593 48
0.933 50
0.442 48
0.792 48
0.82 49
0.848 48
0.925 49
0.913 48
0.743 49
0.87 49
0.804 48
0.673 48
0.343 48
0.95 49
0.364 48
0.925 48
0.81 49
0.432 50
0.654 48
0.571 48
0.807 48
0.816 49
0.784 49
0.924 50
0.835 48
0.46 50
0.728 48
0.566 48
0.626 50
0.779 49
0.761 48
0.869 49
0.451 48
0.7 50
0.699 50
0.682 48
0.567 48
0.628 48
0.878 48
0.477 49
0.726 48
0.676 48
0.477 48
0.303 49
0.912 49
0.574 50
0.42 48
0.73 48
0.472 48
0.562 48
0.536 48
0.807 49
0.545 48
0.626 49
0.806 49
0.918 49
0.653 48
0.625 48
0.833 48
0.859 49
0.445 48
0.765 49
0.844 49
0.465 48
0.374 48
0.8 48
0.678 49
0.826 48
0.823 48
0.855 48
0.756 48
0.9 48
0.664 47
0.645 48
0.653 49
0.57 47
0.37 49
0.877 48
0.656 47
0.621 48
0.85 48
0.852 48
0.79 48
0.79 48
0.64 48
0.718 49
0.803 48
0.604 48
0.86 48
0.658 48
0.712 48
0.725 50
0.819 47
0.846 48
0.818 48
0.924 49
0.796 48
0.784 48
0.817 47
0.736 48
0.833 48
0.74 47
0.68 47
0.539 49
0.729 48
0.892 48
0.693 48
0.706 48
0.493 47
0.651 47
0.489 48
0.77 48
0.559 47
0.768 47
0.517 48
0.413 49
0.865 47
0.474 47
0.92 47
0.75 48
0.603 47
0.926 49
0.819 48
0.936 48
0.425 47
0.846 49
0.432 49
0.488 47
0.559 48
0.515 49
0.689 47
0.463 48
0.861 47
0.86 48
0.799 49
0.494 47
0.5 47
0.71 48
0.673 46
0.665 48
0.752 48
0.873 48
0.908 48
0.616 47
0.798 47
0.91 47
0.763 48
0.901 48
0.868 48
0.608 49
0.439 47
0.239 47
0.727 48
0.715 47
0.931 47
0.934 47
0.754 47
0.73 47
0.884 47
0.667 47
0.833 47
0.791 47
0.84 47
0.889 47
0.712 47
0.574 47
0.903 47
0.926 47
0.673 48
0.539 46
0.675 46
0.596 48
0.68 46
0.6 48
0.268 47
0.739 47
0.576 47
0.841 47
0.558 47
0.927 47
0.779 48
0.783 47
0.82 47
0.645 47
0.749 47
0.935 48
0.471 47
0.931 48
0.335 48
0.788 48
0.928 46
0.623 48
0.841 47
0.892 46
0.802 47
0.654 49
0.92 47
0.588 47
0.627 46
0.893 46
0.886 48
0.525 46
0.561 48
0.667 46
0.526 47
0.58 46
0.554 46
0.719 46
0.899 49
0.585 46
0.77 47
0.844 48
0.876 46
0.871 46
0.813 48
0.902 47
0.925 46
0.879 46
0.698 46
0.738 46
0.561 46
0.678 47
0.678 46
0.638 46
0.514 46
0.561 46
0.782 46
0.554 47
0.298 46
0.454 46
0.682 46
0.89 46
0.76 46
0.741 46
0.978 46
0.65 46
0.692 46
0.811 46
0.675 48
0.638 46
0.781 46
0.865 48
0.744 47
0.766 46
0.929 46
0.801 48
0.884 47
0.648 47
0.775 47
0.894 46
0.645 46
0.889 47
0.728 46
0.634 46
0.828 47
0.855 46
0.716 46
0.564 46
0.9 47
0.474 47
0.677 46
0.751 47
0.785 46
0.894 47
0.739 46
0.885 46
0.834 46
0.767 46
0.73 47
0.454 47
0.445 47
0.91 46
0.866 47
0.378 47
0.861 47
0.664 47
0.84 46
0.525 46
0.414 46
0.539 47
0.849 46
0.636 46
0.803 46
0.689 46
0.611 46
0.601 45
0.256 46
0.688 46
0.81 47
0.63 47
0.663 47
0.77 46
0.9 46
0.764 45
0.478 45
0.786 45
0.903 46
0.707 46
0.759 48
0.71 45
0.616 45
0.731 45
0.729 45
0.828 48
0.877 46
0.867 48
0.616 45
0.539 47
0.722 46
0.847 45
0.688 45
0.61 47
0.845 47
0.811 46
0.775 46
0.777 45
0.87 46
0.566 45
0.606 46
0.637 47
0.438 45
0.623 45
0.544 46
0.837 45
0.51 45
0.955 46
0.737 46
0.63 46
0.911 46
0.827 46
0.917 45
0.845 46
0.898 46
0.649 45
0.688 47
0.532 45
0.687 46
0.828 45
0.487 47
0.647 47
0.671 47
0.552 46
0.581 46
0.727 46
0.823 48
0.935 45
0.724 46
0.739 45
0.766 46
0.832 46
0.732 45
0.618 47
0.775 45
0.719 46
0.533 45
0.539 45
0.59 47
0.824 46
0.719 45
0.814 45
0.85 46
0.839 45
0.624 46
0.827 46
0.801 47
0.802 46
0.58 45
0.733 45
0.774 47
0.705 46
0.692 45
0.678 45
0.896 45
0.797 45
0.781 45
0.76 45
0.454 46
0.823 45
0.743 46
0.824 46
0.895 45
0.537 45
0.636 48
0.81 45
0.718 45
0.838 45
0.859 45
0.47 45
0.601 45
0.64 47
0.864 45
0.888 46
0.905 47
0.702 46
0.296 45
0.553 45
0.622 45
0.709 46
0.67 45
0.752 45
0.687 46
0.645 46
0.304 46
0.619 48
0.503 46
0.923 45
0.746 45
0.375 45
0.368 47
0.351 45
0.577 44
0.696 46
0.799 45
0.519 46
0.763 45
0.922 45
0.884 45
0.97 46
0.819 45
0.567 45
0.722 45
0.245 45
0.428 45
0.777 47
0.167 45
0.864 46
0.918 45
0.512 45
0.798 45
0.69 48
0.445 45
0.733 46
0.773 45
0.907 44
0.911 45
0.643 45
0.948 45
0.78 45
0.548 46
0.688 44
0.662 45
0.819 46
0.545 45
0.95 46
0.917 45
0.786 45
0.648 46
0.66 44
0.78 45
0.497 45
0.883 46
0.974 45
0.602 46
0.838 46
0.788 46
0.3 44
0.626 44
0.633 44
0.53 46
0.666 45
0.851 45
0.521 46
0.618 44
0.528 46
0.883 46
0.828 45
0.816 46
0.675 45
0.676 44
0.766 45
0.893 46
0.285 45
0.608 44
0.814 44
0.876 45
0.52 46
0.391 45
0.954 45
0.669 44
0.501 45
0.807 46
0.796 45
0.888 45
0.626 44
0.694 44
0.951 45
0.655 44
0.438 44
0.851 44
0.925 44
0.852 44
0.475 44
0.817 44
0.506 44
0.851 46
0.741 44
0.861 46
0.805 45
0.852 45
0.626 45
0.726 44
0.755 45
0.857 44
0.432 44
0.74 45
0.363 44
0.79 44
0.92 45
0.954 45
0.53 44
0.837 44
0.676 44
0.576 45
0.863 44
0.415 45
0.796 45
0.94 46
0.602 45
0.739 44
0.717 45
0.725 44
0.636 44
0.695 45
0.274 44
0.802 45
0.842 44
0.611 44
0.524 45
0.704 44
0.593 44
0.634 44
0.649 44
0.599 44
0.522 44
0.548 44
0.708 44
0.47 44
0.654 44
0.894 44
0.599 44
0.48 44
0.889 45
0.849 45
0.847 44
0.693 44
0.603 44
0.835 45
0.888 44
0.734 44
0.455 46
0.458 44
0.854 44
0.564 45
0.364 45
0.609 44
0.741 44
0.843 44
0.87 47
0.715 44
0.67 45
0.608 44
0.433 44
0.667 44
0.827 45
0.667 45
0.794 44
0.628 46
0.83 45
0.75 44
0.803 45
0.665 45
0.393 45
0.675 44
0.676 44
0.844 44
0.8 44
0.93 45
0.838 44
0.702 44
0.617 45
0.645 44
0.625 44
0.529 44
0.831 44
0.85 44
0.786 44
0.684 44
0.79 45
0.455 43
0.73 44
0.871 45
0.928 45
0.824 44
0.919 44
0.862 44
0.676 44
0.789 45
0.807 44
0.66 44
0.472 43
0.81 44
0.689 43
0.499 44
0.844 44
0.864 44
0.516 43
0.678 45
0.668 45
0.595 46
0.726 45
0.346 46
0.607 44
0.444 45
0.678 45
0.842 45
0.771 43
0.769 44
0.585 43
0.837 44
0.662 44
0.642 43
0.764 43
0.833 45
0.646 43
0.915 45
0.924 45
0.743 43
0.725 43
0.299 44
0.924 43
0.868 43
0.622 43
0.757 44
0.567 44
0.6 44
0.979 44
0.885 44
0.625 44
0.827 45
0.898 44
0.674 45
0.793 43
0.474 44
0.361 43
0.915 45
0.875 43
0.871 43
0.795 43
0.744 43
0.734 44
0.818 43
0.655 43
0.437 43
0.784 43
0.593 43
0.528 44
0.758 43
0.766 43
0.75 46
0.853 45
0.812 45
0.593 43
0.944 44
0.39 44
0.78 44
0.628 43
0.681 43
0.892 43
0.45 43
0.728 45
0.688 43
0.737 45
0.703 44
0.868 44
0.69 43
0.546 44
0.781 43
0.841 43
0.499 43
0.625 43
0.617 43
0.698 45
0.35 43
0.718 46
0.564 43
0.926 44
0.769 44
0.722 43
0.394 75
0.375 64
0.429 70
0.619 74
0.619 74
0.312 74
0.405 73
0.485 75
0.307 49
0.313 72
0.704 74
0.824 72
0.307 66
0.137 65
0.274 0
0.362 61
0.476 1
0.412 0
0.571 1
0.476 0
0.476 0
0.208 0
0.476 0
0.712 0
0.712 0
0.578 0
0.0546 0
0.712 1
0.712 0
0.712 0
0.578 0
0.712 0
0.712 0
0.328 1
0.46 0
0.404 0
0.485 0
0.485 0
0.743 0
0.743 0
0.0629 0
0.328 0
0.06 0
0.132 0
0.132 1
0.0629 0
0.0629 0
0.06 0
0.06 0
0.378 0
0.485 39
0.144 70
0.482 67
0.754 66
0.593 70
0.623 52
0.113 48
0.326 66
0.229 55
0.145 41
0.656 40
0.692 67
0.139 63
0.475 69
0.478 66
0.412 65
0.428 67
0.727 69
0.666 67
0.435 70
0.725 57
0.518 71
0.205 43
0.439 67
0.704 66
0.791 55
0.473 69
0.466 70
0.504 64
0.593 62
0.491 68
0.216 55
0.247 57
0.444 56
0.589 67
0.614 62
0.655 59
0.64 48
0.789 67
0.632 62
0.581 55
0.572 58
0.525 67
0.307 58
0.824 48
0.461 36
0.71 36
0.2 0
0.247 0
0.597 0
0.164 65
0.839 36
0.174 62
0.23 53
0.405 35
0.449 38
0.45 42
0.481 66
0.624 63
0.49 66
0.883 64
0.312 61
0.413 65
0.236 60
0.221 65
0.694 33
0.52 54
0.237 65
0.824 59
0.233 59
0.67 55
0.317 50
0.708 50
0.118 55
0.666 60
0.409 65
0.342 61
0.34 54
0.412 54
0.588 53
0.532 64
0.822 33
0.275 33
0.631 33
0.568 34
0.327 0
0.526 0
0.689 34
0.6 34
0.526 0
0.526 0
0.526 0
0.367 33
0.461 34
0.526 0
0.445 32
0.336 33
0.404 33
0.623 33
0.576 34
0.414 39
0.288 62
0.305 63
0.342 61
0.371 62
0.643 62
0.2 63
0.373 64
0.535 63
0.415 63
0.187 62
0.542 63
0.393 55
0.0601 51
0.35 63
0.658 62
0.421 59
0.563 53
0.264 38
0.326 63
0.302 63
0.217 31
0.89 32
0.421 56
0.471 63
0.705 64
0.317 57
0.24 31
0.216 47
0.508 52
0.137 32
0.127 51
0.608 62
0.609 49
0.488 29
0.571 30
0.272 31
0.726 32
0.239 32
0.649 31
0.746 31
0.819 30
0.255 51
0.338 32
0.684 32
0.274 30
0.362 31
0.452 30
0.289 30
0.183 30
0.484 61
0.126 65
0.546 60
0.37 61
0.242 60
0.29 59
0.42 62
0.162 58
0.589 59
0.469 53
0.676 51
0.58 44
0.614 38
0.436 61
0.132 60
0.731 63
0.418 29
0.443 64
0.36 29
0.463 59
0.353 29
0.0788 30
0.145 29
0.186 30
0.236 29
0.0374 29
0.272 30
0.553 29
0.249 29
0.373 29
0.309 30
0.366 29
0.546 29
0.377 29
0.435 29
0.769 29
0.484 30
0.311 29
0.239 29
0.793 30
0.643 29
0.417 29
0.326 29
0.704 29
0.131 30
0.382 30
0.387 30
0.29 30
0.271 29
0.272 30
0.476 57
0.103 47
0.451 59
0.796 55
0.32 52
0.211 50
0.586 28
0.692 60
0.346 58
0.664 63
0.873 52
0.389 61
0.531 28
0.897 28
0.0366 29
0.145 28
0.23 28
0.54 28
0.333 28
0.786 28
0.697 28
0.486 28
0.0513 28
0.41 28
0.473 28
0.282 28
0.457 27
0.432 28
0.358 28
0.255 28
0.3 27
0.462 28
0.463 27
0.604 28
0.556 29
0.272 28
0.537 28
0.338 28
0.275 28
0.327 27
0.688 28
0.292 28
0.598 27
0.206 27
0.452 29
0.288 27
0.296 28
0.126 28
0.383 28
0.728 28
0.351 60
0.457 60
0.731 53
0.565 43
0.0586 28
0.829 56
0.503 27
0.749 27
0.208 26
0.122 27
0.125 27
0.396 28
0.621 27
0.428 27
0.305 27
0.51 27
0.383 27
0.126 28
0.28 27
0.416 27
0.234 47
0.763 27
0.385 27
0.64 26
0.46 27
0.502 27
0.378 27
0.668 46
0.367 28
0.488 27
0.245 27
0.398 27
0.333 27
0.571 27
0.358 27
0.746 27
0.255 27
0.369 27
0.0685 27
0.281 27
0.0752 27
0.185 27
0.201 27
0.321 27
0.221 27
0.362 27
0.638 27
0.566 27
0.145 27
0.438 27
0.5 56
0.579 59
0.562 40
0.047 45
0.299 48
0.436 48
0.35 54
0.235 57
0.178 26
0.365 26
0.546 26
0.412 26
0.183 26
0.154 27
0.347 26
0.293 26
0.341 26
0.514 26
0.498 26
0.291 27
0.244 27
0.556 26
0.363 26
0.354 0
0.754 27
0.333 26
0.478 26
0.438 26
0.573 26
0.397 26
0.124 26
0.464 26
0.0613 27
0.346 27
0.492 26
0.234 26
0.392 26
0.425 26
0.387 26
0.639 26
0.519 26
0.52 26
0.375 26
0.455 26
0.322 26
0.0316 26
0.404 26
0.358 26
0.269 27
0.308 26
0.246 58
0.305 57
0.115 58
0.291 26
0.467 49
0.13 48
0.265 25
0.306 43
0.41 56
0.535 55
0.0612 26
0.204 52
0.233 25
0.729 25
0.713 61
0.278 25
0.39 56
0.237 25
0.565 25
0.487 25
0.474 52
0.394 25
0.247 25
0.183 26
0.338 26
0.168 25
0.0786 26
0.0402 26
0.312 25
0.058 26
0.359 25
0.346 25
0.376 25
0.382 25
0.209 26
0.555 25
0.447 25
0.302 25
0.334 26
0.202 25
0.29 25
0.558 26
0.23 25
0.618 26
0.715 25
0.246 25
0.568 26
0.172 26
0.817 25
0.123 26
0.202 40
0.339 49
0.691 46
0.159 29
0.584 24
0.91 24
0.485 24
0.837 25
0.517 52
0.467 49
0.169 25
0.426 60
0.221 25
0.113 25
0.264 24
0.586 24
0.11 25
0.511 25
0.198 24
0.342 25
0.756 25
0.331 25
0.217 24
0.439 24
0.345 25
0.286 24
0.244 25
0.576 25
0.593 24
0.336 24
0.492 25
0.343 25
0.412 24
0.171 24
0.382 24
0.612 24
0.582 24
0.942 25
0.415 24
0.514 25
0.317 24
0.115 25
0.405 24
0.659 24
0.423 25
0.398 24
0.146 24
0.236 25
0.67 25
0.602 25
0.622 55
0.239 57
0.235 39
0.19 60
0.101 56
0.346 24
0.115 49
0.354 45
0.27 24
0.236 42
0.6 59
0.84 59
0.628 24
0.216 25
0.642 24
0.539 24
0.327 23
0.298 24
0.432 47
0.518 24
0.324 24
0.65 24
0.692 24
0.33 24
0.0551 24
0.296 23
0.193 24
0.447 24
0.652 24
0.184 24
0.582 24
0.239 24
0.465 24
0.547 24
0.473 24
0.51 24
0.463 24
0.514 24
0.46 24
0.0654 24
0.486 24
0.281 23
0.695 24
0.112 24
0.188 24
0.336 24
0.302 24
0.0429 24
0.239 24
0.192 24
0.34 57
0.0563 39
0.119 56
0.387 45
0.299 24
0.435 47
0.309 23
0.225 56
0.107 23
0.495 49
0.307 23
0.669 23
0.564 23
0.447 23
0.0947 24
0.477 62
0.458 24
0.0205 24
0.544 23
0.603 60
0.375 24
0.34 23
0.28 24
0.504 23
0.297 23
0.457 53
0.313 23
0.452 23
0.474 23
0.327 24
0.331 24
0.583 23
0.497 23
0.395 24
0.323 23
0.359 23
0.593 23
0.65 23
0.548 24
0.517 24
0.137 23
0.319 23
0.132 23
0.465 23
0.162 23
0.555 24
0.294 23
0.29 24
0.804 24
0.467 23
0.62 37
0.307 57
0.217 59
0.791 51
0.0309 48
0.377 54
0.45 58
0.223 58
0.0722 55
0.457 22
0.708 44
0.613 23
0.248 23
0.318 23
0.0545 22
0.415 23
0.683 22
0.291 23
0.142 46
0.427 50
0.628 23
0.522 23
0.379 23
0.51 23
0.405 22
0.395 22
0.259 23
0.471 23
0.194 23
0.368 23
0.514 23
0.113 24
0.443 23
0.268 23
0.122 23
0.116 23
0.687 23
0.237 23
0.265 22
0.152 23
0.148 22
0.211 23
0.772 23
0.151 23
0.756 23
0.116 23
0.187 23
0.0384 23
0.364 23
0.167 23
0.331 44
0.257 50
0.331 22
0.211 22
0.372 59
0.229 22
0.447 58
0.0733 23
0.161 22
0.0523 22
0.319 22
0.399 22
0.37 23
0.679 22
0.494 22
0.29 22
0.44 22
0.62 22
0.385 22
0.0848 23
0.182 22
0.399 22
0.799 22
0.165 23
0.515 22
0.684 22
0.35 22
0.0965 22
0.288 23
0.721 23
0.515 23
0.363 23
0.708 22
0.7 22
0.772 22
0.233 22
0.147 22
0.281 22
0.493 22
0.411 23
0.953 22
0.209 22
0.634 22
0.189 22
0.776 22
0.862 22
0.396 22
0.151 23
0.282 23
0.255 22
0.438 11
0.183 14
0.195 52
0.944 44
0.437 46
0.41 51
0.615 39
0.404 57
0.0836 44
0.822 22
0.616 22
0.789 44
0.166 22
0.223 54
0.444 21
0.288 22
0.685 47
0.355 22
0.329 22
0.263 22
0.295 22
0.54 21
0.526 22
0.827 22
0.105 21
0.617 21
0.754 22
0.603 22
0.164 22
0.268 22
0.246 22
0.467 22
0.49 22
0.368 22
0.941 51
0.387 22
0.631 22
0.827 22
0.753 22
0.196 22
0.288 22
0.413 21
0.469 22
0.317 22
0.404 23
0.077 22
0.2 22
0.294 22
0.397 22
0.0299 21
0.604 44
0.609 44
0.551 46
0.457 40
0.716 22
0.519 44
0.148 21
0.45 11
0.824 21
0.541 21
0.38 21
0.0715 22
0.398 21
0.184 21
0.28 21
0.567 22
0.355 21
0.49 22
0.73 22
0.543 22
0.199 21
0.853 21
0.354 22
0.547 21
0.243 21
0.242 22
0.326 22
0.584 55
0.187 21
0.322 21
0.398 21
0.467 21
0.415 22
0.583 21
0.297 22
0.131 22
0.55 21
0.212 21
0.471 22
0.464 21
0.343 22
0.441 21
0.184 21
0.559 50
0.276 22
0.0598 21
0.249 22
0.399 22
0.262 22
0.537 22
0.44 49
0.224 46
0.414 47
0.116 52
0.0613 37
0.398 35
0.571 53
0.213 53
0.326 55
0.399 21
0.227 43
0.0885 21
0.256 54
0.444 21
0.0405 21
0.709 57
0.474 21
0.528 20
0.103 22
0.127 21
0.248 21
0.201 22
0.0964 21
0.535 21
0.563 21
0.106 21
0.523 21
0.135 21
0.246 21
0.579 21
0.281 21
0.287 21
0.703 21
0.309 21
0.36 21
0.382 21
0.274 21
0.443 21
0.265 21
0.194 21
0.0719 21
0.198 21
0.341 21
0.487 21
0.12 21
0.262 21
0.159 22
0.0593 22
0.542 21
0.226 21
0.589 20
0.39 48
0.235 21
0.202 21
0.198 38
0.292 21
0.33 52
0.515 21
0.0596 20
0.183 47
0.781 21
0.32 20
0.64 20
0.568 21
0.094 47
0.511 21
0.113 20
0.133 21
0.265 21
0.505 48
0.299 21
0.868 20
0.268 21
0.136 21
0.266 20
0.22 21
0.367 20
0.268 20
0.607 21
0.553 20
0.456 21
0.141 21
0.426 21
0.443 21
0.634 20
0.344 21
0.329 21
0.64 20
0.431 21
0.854 21
0.293 21
0.62 49
0.802 20
0.389 20
0.828 20
0.263 21
0.685 21
0.207 20
0.392 20
0.277 20
0.619 34
0.474 51
0.263 48
0.291 20
0.506 20
0.438 20
0.602 20
0.22 20
0.41 54
0.271 20
0.391 20
0.501 20
0.562 20
0.728 21
0.62 48
0.686 20
0.669 20
0.00896 20
0.362 20
0.252 20
0.473 20
0.226 20
0.57 20
0.316 20
0.282 20
0.19 20
0.65 20
0.528 20
0.346 20
0.205 20
0.334 21
0.257 20
0.095 20
0.278 20
0.369 20
0.13 20
0.215 21
0.516 20
0.365 20
0.533 20
0.191 20
0.131 20
0.381 20
0.38 20
0.41 20
0.272 21
0.0739 20
0.407 20
0.409 20
0.255 20
0.342 49
0.396 40
0.225 45
0.261 19
0.478 36
0.597 31
0.195 19
0.185 20
0.273 54
0.532 20
0.561 20
0.419 49
0.387 19
0.251 19
0.287 19
0.272 43
0.18 20
0.2 20
0.0651 20
0.0725 20
0.487 20
0.793 19
0.523 20
0.0764 19
0.33 20
0.483 20
0.263 20
0.26 20
0.286 20
0.469 20
0.338 20
0.349 20
0.288 20
0.372 20
0.788 20
0.308 20
0.699 20
0.194 20
0.536 20
0.475 20
0.457 20
0.368 20
0.688 20
0.675 19
0.708 20
0.392 20
0.0511 20
0.461 20
0.192 20
0.255 20
0.508 89
0.294 71
0.55 80
0.34 77
0.763 55
0.477 61
0.497 70
0.477 57
0.5 81
0.111 57
0.124 76
0.227 70
0.461 68
0.547 90
0.143 54
0.148 74
0.299 70
0.664 83
0.527 78
0.209 57
0.463 57
0.459 56
0.573 76
0.448 55
0.223 68
0.222 58
0.103 58
0.134 71
0.539 57
0.528 61
0.325 57
0.326 56
0.178 55
0.452 60
0.148 61
0.412 65
0.305 58
0.254 54
0.455 62
0.566 64
0.443 62
0.356 56
0.159 64
0.652 56
0.508 3
0.224 72
0.556 82
0.33 56
0.344 60
0.508 0
0.273 68
0.474 52
0.506 65
0.518 54
0.716 72
0.678 53
0.561 50
0.356 51
0.637 53
0.219 64
0.356 49
0.44 52
0.123 51
0.393 53
0.249 52
0.483 52
0.388 50
0.237 53
0.277 51
0.104 53
0.298 52
0.455 70
0.396 50
0.61 76
0.187 52
0.293 50
0.318 53
0.56 53
0.508 3
0.505 2
0.421 49
0.145 49
0.508 1
0.508 84
0.391 54
0.406 70
0.457 70
0.834 82
0.55 2
0.517 72
0.508 0
0.511 0
0.582 0
0.225 3
0.582 0
0.439 0
0.511 0
0.908 0
0.429 0
0.21 0
0.395 73
0.327 49
0.104 81
0.361 74
0.494 71
0.174 49
0.195 48
0.36 76
0.533 85
0.179 71
0.511 0
0.582 0
0.452 67
0.511 0
0.582 0
0.511 0
0.511 1
0.511 0
0.582 0
0.896 0
0.582 0
0.896 0
0.582 0
0.582 0
0.365 2
0.511 0
0.582 0
0.582 0
0.511 0
0.582 0
0.511 0
0.582 0
0.582 0
0.582 0
0.582 0
0.863 1
0.582 0
0.511 0
0.621 0
0.582 1
0.908 1
0.582 0
0.908 0
0.582 0
0.908 0
0.511 0
0.582 0
0.582 1
0.582 0
0.908 0
0.25 76
0.273 71
0.461 73
0.112 46
0.469 47
0.0977 46
0.401 48
0.285 49
0.799 72
0.204 48
0.267 47
0.399 70
0.48 61
0.281 45
0.114 46
0.589 77
0.04 81
0.318 46
0.153 47
0.273 46
0.602 47
0.537 49
0.291 49
0.778 46
0.103 67
0.487 46
0.167 47
0.554 49
0.266 48
0.473 81
0.735 78
0.345 67
0.499 66
0.359 71
0.276 47
0.473 0
0.393 68
0.473 0
0.473 1
0.473 1
0.522 61
0.473 2
0.449 0
0.124 1
0.124 1
0.124 0
0.322 0
0.124 0
0.189 0
0.322 0
0.392 73
0.428 78
0.236 44
0.455 79
0.564 48
0.336 44
0.255 44
0.527 60
0.335 45
0.518 44
0.115 69
0.385 45
0.322 64
0.13 44
0.107 65
0.495 78
0.183 68
0.143 66
0.556 0
0.111 67
0.527 2
0.131 74
0.556 0
0.556 0
0.556 0
0.556 0
0.556 0
0.556 0
0.556 0
0.527 0
0.274 0
0.241 0
0.556 1
0.274 0
0.556 3
0.274 0
0.274 0
0.556 0
0.556 0
0.556 0
0.383 2
0.383 0
0.383 3
0.322 0
0.322 0
0.861 1
0.358 1
0.322 0
0.729 1
0.172 0
0.316 51
0.783 16
0.215 46
0.315 44
0.123 44
0.125 43
0.236 43
0.317 46
0.101 45
0.0665 43
0.428 44
0.326 72
0.525 52
0.727 78
0.157 43
0.53 64
0.0274 71
0.215 44
0.419 46
0.329 44
0.448 67
0.532 57
0.449 80
0.313 60
0.676 50
0.329 10
0.424 0
0.704 2
0.833 2
0.0854 2
0.625 6
0.742 0
0.504 0
0.51 1
0.742 0
0.441 0
0.21 0
0.886 1
0.886 1
0.886 1
0.504 1
0.702 2
0.262 0
0.886 0
0.504 1
0.63 1
0.334 0
0.343 0
0.334 0
0.334 0
0.724 66
0.349 71
0.387 41
0.362 42
0.156 64
0.32 41
0.386 41
0.247 43
0.394 45
0.36 41
0.296 42
0.259 42
0.405 41
0.548 41
0.307 43
0.462 60
0.944 79
0.0682 67
0.637 74
0.729 74
0.738 75
0.57 0
0.69 0
0.702 0
0.327 0
0.788 0
0.753 1
0.13 0
0.13 0
0.13 0
0.753 0
0.13 0
0.167 0
0.56 0
0.823 0
0.684 2
0.684 0
0.838 0
0.838 0
0.76 0
0.756 0
0.838 0
0.838 0
0.838 0
0.838 0
0.838 0
0.838 0
0.838 0
0.838 0
0.838 0
0.456 42
0.383 65
0.279 57
0.0832 58
0.41 73
0.43 40
0.41 39
0.212 40
0.325 41
0.423 40
0.243 40
0.62 69
0.675 42
0.281 39
0.539 67
0.11 71
0.743 44
0.205 41
0.48 42
0.404 68
0.488 43
0.796 64
0.676 63
0.388 63
0.46 68
0.528 60
0.48 43
0.336 64
0.45 41
0.127 78
0.525 44
0.396 73
0.454 66
0.108 65
0.401 64
0.663 64
0.527 66
0.305 71
0.306 0
0.658 65
0.306 0
0.143 60
0.404 66
0.625 0
0.534 2
0.534 2
0.534 0
0.448 0
0.788 3
0.788 1
0.723 60
0.229 38
0.37 42
0.407 40
0.411 42
0.313 41
0.493 38
0.213 38
0.539 41
0.165 42
0.43 59
0.163 56
0.383 38
0.292 78
0.254 41
0.479 38
0.547 42
0.335 39
0.226 39
0.689 69
0.184 59
0.858 74
0.485 75
0.476 40
0.502 62
0.279 41
0.19 42
0.58 41
0.483 70
0.0993 68
0.538 70
0.55 77
0.171 65
0.554 56
0.602 42
0.419 38
0.16 65
0.478 71
0.529 62
0.582 54
0.403 1
0.403 0
0.563 0
0.306 0
0.562 0
0.562 0
0.366 0
0.706 0
0.366 0
0.706 0
0.536 70
0.187 63
0.237 37
0.284 39
0.67 41
0.476 39
0.421 39
0.321 40
0.455 40
0.337 61
0.504 63
0.676 57
0.185 39
0.478 62
0.657 64
0.074 65
0.31 40
0.153 64
0.481 40
0.382 0
0.831 69
0.249 59
0.382 0
0.279 1
0.756 73
0.216 1
0.687 63
0.525 74
0.187 59
0.233 0
0.312 53
0.537 0
0.423 49
0.497 49
0.296 72
0.403 0
0.403 0
0.572 0
0.572 0
0.563 1
0.572 0
0.572 0
0.572 0
0.572 0
0.572 0
0.572 0
0.572 0
0.572 1
0.572 0
0.572 0
0.321 62
0.247 39
0.455 38
0.505 60
0.501 56
0.79 36
0.479 40
0.373 39
0.416 72
0.468 66
0.0873 65
0.456 73
0.085 69
0.481 76
0.377 70
0.669 40
0.43 74
0.34 58
0.713 66
0.236 64
0.441 61
0.576 69
0.603 60
0.374 66
0.403 36
0.451 52
0.534 58
0.61 1
0.293 0
0.61 2
0.571 0
0.571 0
0.61 1
0.293 0
0.293 0
0.571 0
0.542 77
0.323 0
0.323 0
0.571 0
0.611 0
0.571 0
0.153 0
0.32 0
0.775 0
0.153 0
0.775 2
0.153 0
0.2 0
0.2 0
0.54 64
0.655 70
0.54 37
0.508 56
0.236 39
0.308 37
0.385 37
0.698 36
0.109 37
0.453 37
0.433 39
0.166 38
0.669 38
0.459 38
0.483 53
0.111 70
0.38 37
0.402 64
0.448 36
0.738 77
0.275 65
0.146 64
0.638 62
0.811 70
0.942 78
0.519 64
0.556 21
0.24 58
0.238 63
0.639 63
0.183 18
0.173 15
0.67 77
0.583 66
0.531 0
0.78 0
0.567 0
0.937 0
0.809 0
0.496 2
0.496 0
0.555 0
0.625 0
0.801 0
0.801 0
0.801 0
0.801 0
0.801 0
0.589 1
0.153 0
0.46 61
0.155 37
0.503 58
0.244 37
0.452 35
0.337 36
0.772 37
0.447 63
0.371 36
0.576 38
0.141 36
0.115 35
0.295 37
0.556 65
0.672 36
0.437 35
0.0759 63
0.441 68
0.422 74
0.125 59
0.437 65
0.254 37
0.399 60
0.556 63
0.278 65
0.136 71
0.509 64
0.593 65
0.527 74
0.564 62
0.0458 62
0.554 65
0.701 75
0.553 17
0.176 22
0.537 60
0.324 73
0.185 22
0.7 0
0.407 58
0.326 73
0.324 64
0.541 0
0.541 0
0.49 65
0.322 0
0.391 0
0.288 0
0.768 0
0.233 48
0.32 40
0.188 35
0.875 65
0.331 36
0.437 37
0.608 37
0.0734 35
0.408 34
0.137 34
0.931 69
0.0182 67
0.343 37
0.227 35
0.882 75
0.333 70
0.324 69
0.635 37
0.702 63
0.607 61
0.233 64
0.56 35
0.72 54
0.304 67
0.209 34
0.777 60
0.344 64
0.216 52
0.461 64
0.43 65
0.471 63
0.468 64
0.0531 45
0.573 50
0.495 62
0.602 73
0.396 57
0.371 63
0.766 0
0.203 0
0.203 0
0.203 0
0.203 0
0.716 0
0.415 0
0.57 0
0.557 0
0.766 0
0.404 0
0.404 0
0.116 0
0.914 61
0.649 35
0.17 37
0.329 33
0.414 51
0.168 58
0.497 33
0.564 33
0.0584 58
0.256 50
0.152 58
0.59 56
0.429 34
0.747 73
0.2 65
0.0907 69
0.516 33
0.526 60
0.784 24
0.718 51
0.465 61
0.419 33
0.691 54
0.426 60
0.316 58
0.338 70
0.135 34
0.876 67
0.346 56
0.269 58
0.436 0
0.463 56
0.389 0
0.466 2
0.449 77
0.436 0
0.131 0
0.81 0
0.469 0
0.469 0
0.196 0
0.196 0
0.25 0
0.196 2
0.438 0
0.776 0
0.849 0
0.499 0
0.771 0
0.919 0
0.499 56
0.321 33
0.23 24
0.192 57
0.147 35
0.598 44
0.127 33
0.346 59
0.138 53
0.296 32
0.146 34
0.105 53
0.406 65
0.723 35
0.475 33
0.188 62
0.495 60
0.0695 52
0.443 48
0.351 64
0.227 58
0.634 62
0.69 43
0.122 57
0.506 55
0.601 43
0.209 64
0.224 55
0.436 0
0.436 0
0.268 57
0.189 64
0.712 60
0.583 80
0.436 0
0.389 0
0.436 0
0.389 0
0.436 0
0.721 70
0.436 0
0.436 0
0.0915 45
0.469 0
0.469 0
0.655 62
0.42 0
0.549 74
0.196 1
0.134 45
0.0489 55
0.64 32
0.409 54
0.261 35
0.401 61
0.133 33
0.201 34
0.785 68
0.347 31
0.0713 34
0.531 55
0.727 60
0.213 34
0.131 54
0.715 34
0.409 36
0.178 32
0.348 35
0.257 62
0.424 54
0.489 34
0.77 59
0.574 74
0.345 57
0.0942 48
0.426 59
0.446 74
0.61 55
0.349 62
0.373 53
0.284 55
0.4 34
0.319 68
0.952 74
0.601 44
0.338 28
0.563 61
0.462 51
0.512 57
0.546 56
0.333 0
0.123 44
0.0242 44
0.444 57
0.175 44
0.297 58
0.15 66
0.161 44
0.633 44
0.42 0
0.297 74
0.128 32
0.299 26
0.235 34
0.723 61
0.384 33
0.446 47
0.0658 33
0.356 33
0.146 5
0.0981 33
0.254 33
0.158 7
0.383 52
0.599 67
0.302 56
0.178 33
0.317 45
0.685 43
0.311 58
0.45 59
0.588 41
0.587 60
0.562 60
0.639 64
0.902 74
0.538 56
0.559 55
0.396 44
0.31 64
0.402 43
0.416 67
0.177 0
0.177 0
0.881 69
0.304 0
0.557 0
0.117 44
0.631 0
0.304 1
0.403 0
0.631 0
0.282 0
0.77 0
0.124 44
0.149 44
0.77 0
0.282 0
0.89 0
0.118 44
0.322 74
0.655 58
0.305 31
0.541 67
0.447 33
0.418 30
0.584 31
0.402 52
0.102 33
0.182 33
0.204 63
0.54 33
0.264 63
0.511 33
0.319 54
0.407 61
0.144 56
0.21 32
0.441 31
0.623 31
0.181 31
0.595 33
0.452 41
0.572 67
0.191 33
0.163 61
0.453 71
0.306 67
0.327 62
0.377 60
0.619 8
0.425 67
0.448 0
0.937 74
0.712 43
0.224 68
0.767 73
0.309 59
0.0717 0
0.664 0
0.184 0
0.321 68
0.46 64
0.0717 0
0.77 0
0.19 43
0.138 44
0.726 0
0.378 0
0.291 67
0.113 31
0.44 34
0.236 29
0.218 33
0.101 30
0.528 30
0.334 33
0.137 57
0.658 30
0.749 62
0.59 30
0.605 33
0.546 61
0.176 59
0.201 60
0.195 58
0.494 32
0.114 51
0.373 66
0.114 67
0.439 32
0.175 62
0.621 54
0.538 54
0.563 74
0.383 36
0.287 55
0.403 58
0.757 68
0.393 42
0.212 58
0.213 42
0.432 62
0.606 71
0.413 67
0.488 52
0.595 59
0.465 60
0.542 57
0.549 77
0.755 72
0.775 74
0.355 56
0.364 68
0.406 66
0.478 42
0.645 42
0.582 60
0.571 0
0.427 69
0.917 81
0.751 1
0.929 2
0.474 0
0.929 2
0.897 49
0.929 0
0.929 0
0.929 0
0.67 0
0.909 52
0.929 0
0.677 49
0.734 0
0.896 49
0.878 0
0.846 49
0.834 49
0.769 2
0.674 15
0.892 52
0.693 1
0.894 50
0.493 1
0.825 52
0.888 50
0.79 48
0.742 0
0.788 1
0.769 0
0.639 0
0.674 7
0.606 0
0.96 0
0.613 3
0.549 0
0.671 2
0.742 0
0.913 0
0.696 47
0.507 0
0.403 1
0.655 0
0.67 0
0.515 0
0.507 0
0.604 0
0.549 0
0.621 0
0.918 50
0.928 70
0.943 81
0.839 46
0.878 47
0.92 46
0.845 44
0.846 44
0.799 46
0.653 43
0.885 48
0.884 45
0.891 45
0.701 45
0.747 44
0.684 46
0.913 44
0.674 44
0.838 44
0.953 46
0.955 45
0.88 45
0.88 47
0.838 44
0.739 45
0.897 42
0.87 47
0.908 48
0.74 44
0.931 44
0.981 44
0.928 42
0.9 44
0.885 44
0.892 44
0.808 45
0.89 45
0.666 0
0.813 45
0.72 46
0.666 0
0.869 44
0.53 0
0.806 43
0.933 44
0.955 0
0.622 0
0.768 44
0.954 1
0.751 42
0.873 46
0.656 75
0.783 73
0.888 43
0.626 41
0.509 42
0.484 43
0.879 43
0.852 43
0.937 44
0.907 43
0.895 43
0.967 43
0.941 42
0.768 42
0.907 42
0.921 43
0.812 42
0.92 42
0.831 44
0.78 43
0.898 43
0.886 43
0.937 44
0.757 44
0.898 41
0.776 43
0.749 43
0.885 42
0.648 42
0.845 43
0.813 43
0.601 44
0.714 44
0.83 42
0.944 41
0.919 43
0.803 44
0.898 44
0.905 43
0.783 41
0.889 44
0.904 44
0.549 44
0.944 41
0.629 0
0.502 43
0.969 41
0.555 42
0.828 1
0.665 43
0.765 77
0.955 57
0.572 51
0.922 41
0.531 41
0.872 41
0.721 40
0.919 42
0.882 40
0.751 41
0.822 42
0.773 41
0.664 38
0.815 42
0.686 41
0.857 42
0.909 41
0.783 42
0.962 42
0.843 42
0.87 43
0.876 42
0.733 42
0.908 41
0.669 40
0.775 41
0.921 41
0.425 42
0.928 42
0.81 43
0.773 43
0.904 41
0.981 41
0.676 42
0.82 40
0.709 42
0.902 40
0.807 42
0.918 41
0.924 42
0.803 42
0.908 43
0.711 40
0.749 42
0.823 41
0.796 41
0.955 42
0.839 0
0.737 40
0.857 40
0.862 77
0.891 41
0.833 40
0.858 40
0.919 40
0.906 38
0.9 40
0.665 41
0.705 40
0.962 38
0.911 38
0.758 40
0.638 41
0.933 41
0.778 41
0.922 41
0.981 40
0.728 39
0.661 41
0.831 40
0.802 41
0.564 40
0.637 41
0.958 39
0.763 40
0.742 40
0.713 40
0.885 37
0.73 41
0.963 41
0.76 40
0.867 39
0.771 40
0.992 39
0.753 40
0.88 41
0.649 40
0.854 41
0.712 40
0.93 41
0.477 41
0.94 41
0.799 39
0.829 40
0.674 40
0.711 39
0.887 39
0.584 40
0.818 41
0.888 40
0.589 40
0.845 40
0.653 40
0.13 38
0.519 40
0.816 40
0.716 39
0.925 39
0.525 39
0.883 38
0.692 40
0.575 38
0.897 38
0.89 39
0.631 39
0.855 39
0.903 37
0.826 38
0.814 39
0.909 40
0.802 40
0.953 37
0.854 40
0.494 39
0.859 38
0.87 40
0.853 40
0.643 38
0.88 39
0.922 40
0.968 40
0.898 38
0.934 39
0.967 39
0.785 38
0.92 38
0.949 37
0.973 39
0.939 38
0.825 38
0.91 38
0.528 38
0.629 38
0.83 39
0.885 38
0.87 40
0.861 39
0.688 38
0.588 38
0.922 37
0.433 39
0.776 38
0.905 39
0.799 37
0.709 37
0.466 40
0.898 40
0.977 38
0.641 39
0.72 37
0.917 37
0.903 39
0.891 37
0.89 39
0.768 39
0.543 40
0.585 39
0.852 37
0.904 39
0.475 40
0.694 39
0.917 36
0.475 39
0.967 39
0.851 38
0.703 39
0.624 37
0.743 40
0.693 39
0.736 39
0.68 37
0.755 39
0.95 39
0.839 39
0.934 39
0.922 39
0.957 38
0.461 39
0.73 38
0.939 38
0.932 37
0.77 37
0.894 37
0.824 38
0.694 38
0.777 39
0.815 37
0.838 39
0.944 39
0.942 39
0.796 57
0.747 39
0.547 36
0.56 39
0.407 39
0.712 35
0.966 37
0.824 37
0.695 38
0.946 35
0.652 38
0.851 38
0.69 39
0.978 38
0.869 38
0.673 36
0.608 39
0.902 38
0.605 38
0.801 35
0.641 36
0.581 39
0.953 37
0.953 35
0.896 36
0.875 39
0.833 38
0.693 39
0.795 39
0.878 37
0.953 38
0.853 38
0.736 39
0.856 37
0.819 37
0.334 0
0.805 37
0.855 36
0.918 37
0.767 39
0.844 38
0.981 37
0.966 37
0.823 37
0.685 39
0.756 36
0.871 37
0.961 38
0.92 38
0.729 36
0.814 57
0.659 36
0.915 36
0.895 38
0.912 36
0.835 37
0.721 38
0.822 36
0.466 38
0.927 38
0.896 34
0.709 34
0.944 38
0.861 35
0.475 38
0.697 38
0.973 37
0.956 37
0.733 37
0.422 37
0.921 38
0.684 38
0.861 36
0.6 37
0.9 37
0.828 38
0.822 38
0.801 37
0.601 37
0.948 38
0.627 35
0.916 36
0.683 37
0.833 38
0.904 37
0.921 35
0.843 38
0.652 37
0.903 38
0.639 37
0.922 37
0.973 35
0.936 36
0.935 36
0.786 36
0.905 37
0.984 35
0.924 35
0.902 38
0.733 36
0.696 73
0.966 72
0.491 38
0.827 36
0.662 37
0.56 37
0.547 37
0.731 37
0.906 36
0.832 37
0.828 35
0.858 37
0.39 37
0.97 36
0.897 37
0.858 37
0.868 37
0.586 37
0.909 35
0.926 33
0.831 36
0.452 37
0.669 34
0.972 37
0.741 37
0.974 35
0.926 37
0.877 37
0.968 36
0.759 37
0.915 36
0.586 37
0.901 36
0.597 36
0.902 37
0.947 37
0.918 37
0.879 37
0.853 37
0.854 35
0.461 1
0.946 35
0.964 35
0.518 35
0.974 36
0.931 37
0.938 37
0.663 36
0.916 34
0.86 37
0.744 55
0.601 37
0.968 37
0.797 36
0.942 36
0.815 33
0.845 37
0.887 35
0.96 35
0.65 37
0.647 37
0.882 34
0.957 34
0.75 33
0.369 37
0.921 34
0.8 36
0.574 35
0.923 36
0.795 34
0.476 38
0.953 36
0.943 35
0.913 35
0.467 35
0.966 35
0.728 37
0.942 36
0.858 35
0.915 34
0.711 36
0.961 36
0.629 34
0.977 34
0.792 36
0.915 35
0.766 36
0.498 37
0.934 37
0.911 36
0.865 35
0.864 37
0.762 36
0.955 36
0.763 35
0.847 36
0.674 36
0.502 36
0.967 36
0.947 35
0.731 34
0.8 34
0.932 35
0.869 34
0.874 35
0.48 37
0.603 35
0.438 36
0.959 35
0.872 35
0.893 36
0.844 36
0.866 33
0.839 36
0.991 34
0.943 34
0.783 35
0.678 36
0.938 34
0.626 36
0.779 36
0.488 37
0.517 36
0.354 35
0.959 36
0.895 36
0.919 34
0.922 35
0.878 37
0.699 36
0.707 36
0.914 36
0.948 36
0.607 37
0.665 36
0.866 35
0.897 33
0.633 36
0.939 35
0.728 36
0.824 37
0.697 36
0.594 36
0.836 36
0.983 0
0.773 35
0.905 36
0.782 35
0.94 36
0.974 36
0.874 70
0.965 69
0.808 35
0.852 36
0.703 36
0.917 36
0.905 34
0.707 36
0.984 35
0.737 32
0.936 35
0.906 36
0.985 34
0.919 36
0.873 36
0.805 36
0.962 34
0.762 35
0.57 36
0.939 36
0.812 36
0.944 35
0.869 36
0.522 36
0.538 37
0.705 34
0.798 36
0.938 33
0.936 36
0.85 36
0.979 35
0.832 35
0.994 33
0.96 35
0.949 34
0.869 36
0.49 36
0.914 36
0.902 33
0.587 36
0.937 33
0.807 34
0.932 35
0.68 36
0.758 35
0.814 34
0.924 36
0.351 35
0.949 36
0.816 35
0.796 20
0.738 36
0.646 33
0.952 34
0.681 36
0.834 34
0.752 35
0.961 35
0.578 36
0.991 34
0.992 33
0.765 34
0.63 35
0.482 36
0.844 36
0.967 34
0.945 33
0.99 35
0.827 35
0.898 32
0.629 35
0.865 36
0.748 0
0.489 0
0.631 36
0.327 34
0.903 35
0.561 37
0.827 35
0.7 34
0.858 35
0.72 37
0.404 0
0.817 35
0.578 0
0.838 32
0.908 35
0.41 34
0.426 0
0.924 35
0.374 0
0.824 34
0.893 33
0.697 34
0.885 34
0.892 34
0.749 35
0.458 36
0.944 35
0.986 35
0.873 72
0.99 32
0.981 34
0.84 33
0.931 35
0.671 35
0.887 35
0.784 35
0.504 35
0.904 35
0.588 33
0.442 35
0.954 35
0.973 32
0.914 33
0.906 32
0.974 34
0.949 34
0.665 34
0.92 35
0.735 35
0.56 35
0.894 32
0.916 35
0.933 35
0.746 34
0.683 35
0.773 34
0.939 33
0.96 32
0.992 35
0.941 32
0.53 32
0.922 32
0.681 35
0.81 32
0.86 35
0.804 32
0.808 34
0.956 34
0.901 33
0.743 35
0.88 35
0.566 34
0.669 33
0.896 34
0.902 35
0.65 35
0.822 33
0.853 35
0.901 33
0.93 34
0.869 33
0.89 32
0.911 35
0.42 34
0.943 32
0.442 35
0.732 35
0.931 32
0.943 32
0.903 31
0.679 34
0.644 33
0.635 32
0.45 33
0.825 35
0.862 32
0.958 35
0.971 34
0.589 32
0.688 35
0.513 35
0.973 35
0.586 35
0.507 36
0.834 35
0.621 34
0.432 0
0.938 32
0.432 0
0.958 31
0.875 32
0.964 33
0.934 32
0.83 33
0.781 34
0.756 35
0.308 0
0.308 0
0.308 0
0.858 35
0.875 34
0.308 0
0.549 35
0.896 33
0.885 34
0.969 33
0.812 33
0.874 33
0.779 53
0.683 31
0.963 34
0.952 32
0.813 32
0.974 31
0.929 35
0.717 33
0.864 35
0.944 32
0.779 34
0.875 33
0.967 32
0.425 35
0.592 32
0.986 32
0.977 34
0.585 35
0.521 35
0.898 34
0.664 35
0.973 33
0.899 35
0.972 32
0.94 35
0.796 34
0.708 36
0.974 33
0.62 35
0.677 32
0.801 35
0.975 34
0.972 33
0.838 34
0.424 34
0.77 35
0.825 32
0.847 35
0.705 33
0.964 33
0.977 34
0.869 34
0.538 35
0.945 32
0.907 33
0.464 36
0.984 32
0.83 34
0.68 33
0.972 34
0.575 31
0.938 34
0.653 35
0.593 32
0.452 35
0.505 34
0.946 33
0.829 34
0.378 35
0.997 33
0.728 33
0.598 33
0.342 34
0.94 35
0.643 35
0.835 31
0.735 31
0.68 34
0.984 33
0.565 34
0.8 32
0.953 33
0.909 34
0.968 34
0.712 33
0.296 34
0.761 32
0.979 34
0.751 0
0.919 31
0.988 34
0.861 32
0.89 33
0.632 33
0.836 34
0.782 34
0.911 32
0.828 34
0.904 33
0.969 31
0.81 34
0.771 33
0.973 34
0.903 33
0.974 34
0.962 34
0.972 34
0.981 34
0.375 3
0.947 34
0.373 32
0.944 32
0.72 32
0.522 31
0.403 34
0.397 35
0.893 32
0.551 34
0.809 34
0.868 32
0.861 34
0.672 33
0.872 32
0.81 34
0.578 34
0.984 31
0.928 32
0.974 34
0.577 34
0.903 31
0.961 31
0.492 34
0.518 34
0.878 34
0.763 33
0.617 33
0.739 34
0.285 33
0.975 34
0.699 34
0.958 31
0.627 33
0.808 34
0.869 32
0.877 31
0.6 32
0.714 33
0.961 33
0.809 33
0.922 34
0.688 35
0.878 33
0.802 33
0.927 31
0.667 35
0.862 34
0.952 34
0.784 33
0.871 33
0.858 34
0.423 34
0.695 33
0.688 30
0.758 33
0.827 31
0.737 34
0.777 32
0.394 34
0.701 32
0.546 31
0.882 32
0.962 34
0.685 32
0.605 31
0.887 32
0.961 32
0.637 34
0.47 32
0.8 34
0.64 34
0.936 34
0.905 32
0.905 31
0.83 30
0.789 32
0.906 34
0.983 32
0.812 34
0.909 32
0.894 31
0.897 31
0.719 34
0.983 32
0.922 30
0.619 32
0.754 33
0.896 34
0.99 34
0.724 34
0.977 33
0.697 33
0.873 34
0.899 33
0.916 34
0.98 31
0.916 33
0.982 33
0.762 34
0.797 34
0.79 32
0.0185 71
0.00342 74
0.0333 71
0.0119 0
0.000804 0
0.0459 0
0.0459 0
0.005 0
0.0951 0
0.265 0
0.163 0
0.000804 0
0.0576 0
0.897 57
0.146 0
0.197 0
0.165 0
0.0427 0
0.152 0
0.182 0
0.678 0
0.38 0
0.0754 0
0.443 0
0.0339 0
0.741 0
0.797 0
0.709 0
0.121 0
0.994 0
0.746 0
0.471 0
0.0959 0
0.125 0
0.145 0
0.994 0
0.75 0
0.485 52
0.971 0
0.542 54
0.76 0
0.28 54
0.108 0
2.03e-05 54
0.465 55
0.628 51
9.94e-05 67
0.000281 52
0.00601 56
0.999 52
0.0837 80
0.00225 67
0.00769 70
0.00618 65
0.0286 66
0.802 51
0.629 50
0.618 48
0.401 49
2.03e-05 49
2.03e-05 52
6.19e-05 49
0.45 0
0.305 50
0.94 0
0.398 50
0.998 0
0.0135 0
0.998 0
0.231 50
0.945 0
0.667 0
0.985 0
0.667 0
0.985 0
0.257 50
0.532 48
0.929 0
0.435 50
0.998 0
0.532 49
0.735 0
0.811 49
0.297 48
0.939 0
0.0135 0
0.989 0
0.988 0
0.776 0
0.45 0
0.00291 0
0.988 0
0.988 0
0.00291 0
0.988 0
0.00189 75
0.994 48
2.03e-05 49
0.493 49
0.949 49
0.032 76
0.115 0
0.342 2
0.152 0
0.0773 0
0.0343 0
0.0831 0
0.0707 0
0.0343 0
0.223 0
0.342 0
0.0646 0
0.0204 0
0.316 0
0.379 0
0.256 0
0.273 0
0.327 0
0.328 0
0.299 0
0.082 0
0.137 0
0.26 0
0.47 0
0.12 0
0.123 0
0.259 0
0.597 0
0.212 0
0.0421 0
0.297 0
0.0831 0
0.163 0
0.625 0
0.0966 0
0.0817 0
0.0559 0
0.444 0
0.0133 0
0.283 0
0.263 0
0.0819 0
0.373 0
0.317 0
0.132 0
0.0642 2
0.125 0
0.409 0
0.135 0
1 48
0.00297 0
0.0148 1
0.0885 0
0.0646 0
0.0208 0
0.324 0
0.174 0
0.174 0
0.0341 0
0.0335 0
0.153 0
0.0568 0
0.224 0
0.367 0
0.118 0
0.107 3
0.342 0
0.144 2
0.316 0
0.224 0
0.0694 0
0.215 0
0.248 0
0.0495 0
0.0981 2
0.151 0
0.0773 0
0.178 0
0.0645 0
0.0271 0
0.289 0
0.263 0
0.0659 0
0.0376 0
0.27 0
0.246 0
0.0294 1
0.011 0
0.0591 1
0.346 0
0.02 0
0.483 0
0.114 1
0.0872 0
0.121 0
0.248 0
0.0981 0
0.375 0
0.0559 0
0.993 48
0.00578 46
0.00735 68
0.00935 69
0.0142 65
0.00216 65
0.841 48
0.0304 65
0.118 46
0.202 47
0.997 47
0.661 0
0.554 0
0.576 0
0.826 0
0.273 0
0.358 0
0.119 40
0.995 45
0.0401 0
0.0546 0
0.998 45
0.118 0
0.507 46
0.199 0
0.297 0
0.283 0
0.0376 0
0.0338 0
0.0146 54
0.142 0
2.01e-05 46
0.115 0
0.107 0
0.464 0
0.0763 1
0.144 0
0.806 47
0.0412 0
0.427 46
2.01e-05 44
2.03e-05 47
0.12 0
0.257 45
0.398 46
0.354 45
1 46
1 48
0.998 47
0.979 47
0.86 47
0.0555 64
0.0295 66
0.00504 63
0.0161 65
0.0348 65
0.0229 64
0.0368 66
0.00166 65
0.00694 64
0.0109 69
0.00486 65
0.00176 66
0.00314 65
0.00979 66
1 43
2.01e-05 43
0.203 66
0.285 44
2.01e-05 44
6.19e-05 44
2.01e-05 43
0.308 44
0.525 43
0.999 44
0.979 44
0.836 44
0.48 44
0.537 43
0.485 43
0.495 44
0.431 43
0.433 44
0.281 43
0.457 44
0.351 43
0.417 44
2.03e-05 44
0.000574 44
0.402 43
0.468 42
0.289 43
0.465 44
0.457 44
0.571 42
0.458 44
0.446 42
0.419 42
0.0011 43
0.05 43
0.999 44
0.0405 66
0.0115 64
0.00727 65
0.0132 66
0.0272 64
0.0188 66
0.00391 64
0.00202 64
0.00582 68
0.00328 64
0.0126 66
0.0126 62
0.00226 65
0.00346 62
0.00503 64
0.708 40
0.174 40
0.612 42
0.00695 62
0.619 40
0.996 42
0.496 41
0.866 41
0.415 41
0.659 40
0.0883 55
4.28e-05 42
0.857 40
0.49 41
2.03e-05 42
6.19e-05 42
0.528 40
0.477 42
0.17 40
0.999 42
2.01e-05 40
0.996 41
0.91 42
0.998 40
0.998 42
0.375 41
0.11 42
0.00188 42
0.217 40
1 41
0.961 42
0.521 42
0.00165 40
0.999 40
0.956 40
0.0397 65
0.0488 65
0.00772 63
0.046 65
0.0636 62
0.0341 62
0.0391 66
0.00485 64
0.00333 66
0.00879 64
0.00325 54
0.000734 39
0.0413 63
0.0112 65
0.0272 62
0.962 39
0.985 40
0.998 39
0.847 38
4.28e-05 39
2.03e-05 39
0.00788 39
0.868 39
0.503 39
0.032 40
0.0474 39
0.00342 85
2.01e-05 39
0.000252 38
0.547 39
0.996 39
5.9e-05 39
0.926 40
0.91 38
0.955 60
0.265 39
0.952 39
0.918 39
0.0151 39
0.517 39
0.995 39
0.759 39
2.02e-05 40
0.554 60
0.000553 39
0.178 38
0.955 39
2.03e-05 39
0.00743 39
0.566 38
0.0286 63
0.0442 59
0.0339 64
0.0186 62
0.00796 63
0.0025 64
0.00832 64
0.00543 64
0.0186 64
0.0883 64
0.952 0
0.0133 65
2.03e-05 38
0.0422 65
0.921 38
0.148 38
0.00066 57
0.998 38
0.911 37
0.255 37
0.996 37
0.000274 38
0.923 38
0.63 38
0.762 38
0.558 39
0.161 37
0.999 38
0.0308 37
0.245 38
0.961 38
0.581 39
0.114 37
0.687 38
0.589 38
0.551 38
0.521 38
0.431 38
0.947 38
0.824 38
3.05e-05 37
0.997 38
0.547 38
2.03e-05 38
0.993 38
0.662 37
0.993 38
2.03e-05 38
0.000164 37
0.0782 38
0.00197 65
0.00604 44
0.0231 62
0.0158 63
0.0409 61
0.0508 63
0.0118 64
0.0334 61
0.0243 64
0.0183 61
0.996 0
0.995 0
0.996 0
0.996 0
0.0412 0
0.997 0
0.995 0
0.997 0
0.0274 37
0.996 0
0.996 0
0.996 0
0.492 36
0.998 37
0.036 0
0.0123 0
0.145 36
0.308 37
0.0643 0
0.000271 37
0.927 36
0.486 37
0.073 0
2.03e-05 37
0.0189 0
0.991 37
0.909 37
0.00344 63
0.385 55
0.015 37
2.03e-05 36
0.0349 37
0.000594 37
0.545 37
0.581 37
0.585 37
0.998 37
0.199 66
0.998 37
0.0765 37
0.332 63
0.00555 63
0.0111 64
0.0642 63
0.00569 60
0.0055 63
0.00243 63
0.0082 62
0.00961 63
0.0353 62
0.432 36
0.00453 59
0.924 36
2.01e-05 36
0.942 36
0.00048 36
0.92 36
0.000512 36
0.067 36
0.197 36
0.305 36
0.987 35
2.03e-05 35
0.951 36
1 37
0.17 36
0.802 36
0.146 36
0.00242 37
1 36
0.0983 37
0.303 36
0.997 36
0.657 36
0.0403 36
2.03e-05 36
0.0116 37
0.921 36
0.00332 37
0.456 36
0.000257 36
0.224 36
0.00262 36
0.986 36
0.0187 36
0.447 36
0.998 36
0.956 36
0.00165 36
0.995 36
0.0303 62
0.0321 55
0.0505 46
0.0235 62
0.0822 60
1 36
0.0959 62
0.0375 59
0.0868 61
0.0292 59
0.164 59
0.451 35
0.0138 61
2.01e-05 35
0.0404 62
0.0162 61
0.0608 35
0.00714 64
0.439 35
6.03e-05 35
0.995 36
0.887 35
0.0875 35
0.406 36
0.998 36
0.158 35
0.665 36
0 35
0.934 35
0.77 35
2.03e-05 35
0.912 35
0.432 23
0.311 35
0.593 35
2.01e-05 36
0.962 35
0.368 36
0.199 35
0.00743 35
0.00269 35
0.653 36
0.00165 35
0.0112 36
0.343 35
8.83e-05 35
0.0323 35
7.99e-05 35
0.000267 35
0.848 35
0.0473 61
0.0367 59
0.0251 60
0.02 61
0.0267 58
0.0094 61
0.0906 62
0.00516 61
0.956 35
0.202 34
0.945 34
0.357 34
0.202 34
0.0139 35
0.76 35
0.0205 34
2.03e-05 35
2.01e-05 34
0.0592 35
0.0038 35
0.998 35
2.03e-05 35
0.959 34
0.0637 34
0.991 34
0.955 35
0.567 35
0.687 34
0.9 35
0.89 34
0.859 35
0.000638 34
5.9e-05 34
2.03e-05 35
0.0112 35
0.873 35
0.00269 35
0.944 35
0.00954 34
0.993 35
0.996 34
0.0191 34
0.257 35
0.999 34
0.999 35
0.885 35
2.82e-05 34
0.999 34
0.189 65
0.999 34
0.0318 61
0.00759 61
0.00495 61
0.00692 60
0.0401 62
0.0308 60
0.00391 61
0.0565 61
0.0276 60
0.0171 60
0.067 60
0.0159 59
0.0193 60
0.000262 34
0.0398 34
0.992 34
7.95e-05 34
2.03e-05 34
0.588 34
0.78 34
0.0122 34
0.837 35
0.000638 34
0.896 34
0.91 34
0.138 34
0.232 34
0.781 34
0.293 34
0.807 34
0.000719 34
6.4e-05 34
0.0831 34
0.251 34
0.996 34
0.305 34
0.998 34
0.814 34
0.000638 34
0.545 34
0.183 34
0.967 34
0.000965 34
0.987 34
0.992 34
0.999 34
0.999 34
0.998 34
0.000174 34
0.925 34
0.151 48
0.0847 58
0.012 59
0.00273 58
0.0041 60
0.00428 60
0.0202 60
0.302 34
0.00506 61
0.028 61
0.00308 60
0.0355 59
0.0941 59
0.0355 61
0.0028 60
0.0591 34
0.0338 60
0.00356 61
0.0201 62
1 34
0.0299 61
0.0149 60
0.00483 34
0.0608 33
0.997 33
0.226 33
0.139 33
0.997 34
0.959 34
0.0052 34
0.0222 33
0.198 33
0.0145 59
4.28e-05 33
0.459 34
0.636 34
0.807 34
0.985 34
0.265 33
0.000242 34
0.302 34
0.8 34
0.123 33
0.998 34
0.000103 34
0.999 34
0.998 33
0.203 34
0.996 34
0.998 34
0.00755 42
0.0406 59
0.172 60
0.000603 61
0.0409 57
0.00779 60
0.0344 59
0.0549 60
0.0515 60
0.0385 60
0.00378 55
0.851 33
0.00523 59
0.00607 62
0.0803 60
0.0376 60
0.0155 60
0.997 34
0.359 33
0.999 33
0.594 33
0.682 34
0.773 34
0.994 34
0.178 33
0.0853 33
0.475 33
0.892 34
0.31 33
0.995 33
0.332 33
0.999 33
0.993 33
0.369 33
0.00324 34
0.0907 33
0.996 33
0.00725 33
0.545 33
0.427 33
0.000252 33
0.994 34
2.03e-05 33
0.00516 33
0.00268 33
0.0409 33
0.89 33
1.95e-05 33
0.0112 33
0.976 33
0.032 55
0.00148 60
0.0114 60
0.0485 59
0.0732 60
0.0158 59
0.00804 59
0.104 60
0.00316 59
0.0363 60
0.84 33
0.0361 59
0.0652 34
0.0506 60
0.0831 54
0.000272 33
0.0464 59
0.0581 59
0.223 33
0.947 34
0.0875 33
0.999 33
8e-05 33
0.994 33
0.0711 59
2.03e-05 33
1 33
0.161 33
0.534 32
0.995 33
0.00158 33
0.00242 33
0.0927 33
2.03e-05 33
0.485 33
0.994 33
0.403 33
0.99 34
0.997 32
0.989 33
0.00603 33
0.000173 33
0.961 33
0.00247 33
0.999 33
0.655 33
0.999 33
0.994 33
0.999 33
0.999 33
0.0936 57
0.0424 58
0.00213 58
0.00782 58
0.0121 58
0.0187 59
0.0552 60
0.0359 58
0.159 58
0.00552 59
0.0386 59
0.0408 60
0.097 60
0.448 33
0.948 33
0.104 32
0.0333 32
0.0333 32
0.113 32
0.146 32
0.446 33
0.646 33
0.0832 32
0.00327 32
0.999 32
2.03e-05 32
0.12 32
0.685 33
0.994 33
0.345 32
1 32
0.00722 32
0.0469 33
0.996 32
0.439 32
0.957 33
0.202 32
0.125 32
0.000687 32
0.00433 32
0.167 33
0.176 32
0.00535 33
0.0018 33
0.955 32
1 32
0.999 32
0.999 32
2.03e-05 33
2.03e-05 62
0.0727 32
0.0986 59
0.00742 53
0.0656 49
0.0283 59
0.0895 59
0.0372 58
0.968 32
0.061 32
0.966 33
0.0174 58
0.0261 58
0.302 32
0.0539 59
0.0555 32
0.129 32
0.259 32
0.999 32
0.017 32
0.0333 32
0.122 33
2.02e-05 32
0.886 32
0.604 32
1 32
0.0253 57
0.961 32
0.994 32
0.868 32
1 32
0.975 32
0.00257 32
0.963 32
2.03e-05 32
0.0395 32
0.000594 32
0.563 32
0.00448 32
0.042 33
0.000638 32
0.0134 32
0.00272 32
0.0342 32
0.00253 32
0.883 33
0.00387 32
1 32
0.999 32
0.996 32
0.373 61
0.00175 52
0.00723 59
0.0277 58
0.0121 57
2.01e-05 32
0.118 57
0.00572 57
0.332 31
0.0995 32
0.0273 58
0.045 58
0.0165 32
0.199 57
0.923 31
1 32
0.93 32
2.03e-05 32
0.0628 31
0.086 32
0.000965 31
0.075 32
2.01e-05 32
0.414 32
0.761 32
0.0547 32
0.964 31
0.117 31
0.796 31
0.109 32
0.514 32
0.00593 32
0.483 31
2.03e-05 31
0.0131 32
0.00224 31
0.999 32
0.0353 31
0.0179 32
2.03e-05 32
0.0383 32
0.738 31
1 32
0.923 32
0.0254 32
0.774 32
0.581 32
0.993 32
0.895 32
0.999 32
0.998 32
0.508 89
0.294 71
0.55 80
0.34 77
0.477 61
0.763 55
0.497 70
0.5 81
0.111 57
0.477 57
0.124 76
0.227 70
0.461 68
0.143 54
0.148 74
0.134 71
0.299 70
0.223 68
0.547 90
0.222 58
0.209 57
0.664 83
0.527 78
0.459 56
0.463 57
0.448 55
0.103 58
0.148 61
0.573 76
0.528 61
0.178 55
0.325 57
0.452 60
0.326 56
0.344 60
0.539 57
0.566 64
0.412 65
0.254 54
0.652 56
0.305 58
0.159 64
0.443 62
0.356 56
0.508 3
0.455 62
0.556 82
0.224 72
0.33 56
0.508 0
0.273 68
0.474 52
0.506 65
0.678 53
0.561 50
0.716 72
0.637 53
0.518 54
0.44 52
0.356 49
0.219 64
0.356 51
0.393 53
0.237 53
0.123 51
0.483 52
0.249 52
0.388 50
0.455 70
0.396 50
0.277 51
0.406 70
0.293 50
0.104 53
0.61 76
0.298 52
0.56 53
0.318 53
0.187 52
0.508 3
0.145 49
0.505 2
0.508 1
0.457 70
0.421 49
0.834 82
0.508 84
0.55 2
0.391 54
0.517 72
0.508 0
0.511 0
0.582 0
0.225 3
0.439 0
0.582 0
0.908 0
0.511 0
0.429 0
0.21 0
0.395 73
0.361 74
0.104 81
0.174 49
0.327 49
0.494 71
0.195 48
0.36 76
0.533 85
0.179 71
0.511 0
0.452 67
0.582 0
0.511 0
0.896 0
0.582 0
0.511 0
0.582 0
0.863 1
0.511 1
0.511 0
0.896 0
0.582 0
0.365 2
0.582 0
0.511 0
0.582 0
0.582 0
0.582 1
0.511 0
0.582 0
0.582 0
0.582 0
0.582 0
0.511 0
0.582 0
0.582 0
0.511 0
0.621 0
0.908 1
0.908 0
0.582 1
0.908 0
0.582 0
0.582 0
0.582 0
0.511 0
0.582 0
0.908 0
0.582 0
0.25 76
0.461 73
0.273 71
0.112 46
0.114 46
0.469 47
0.285 49
0.401 48
0.318 46
0.0977 46
0.799 72
0.399 70
0.204 48
0.267 47
0.48 61
0.281 45
0.589 77
0.153 47
0.273 46
0.537 49
0.735 78
0.04 81
0.602 47
0.167 47
0.778 46
0.291 49
0.554 49
0.266 48
0.487 46
0.103 67
0.345 67
0.393 68
0.473 81
0.359 71
0.499 66
0.522 61
0.276 47
0.473 0
0.473 0
0.473 1
0.449 0
0.473 1
0.473 2
0.124 0
0.124 1
0.124 1
0.322 0
0.124 0
0.189 0
0.322 0
0.392 73
0.428 78
0.236 44
0.455 79
0.336 44
0.255 44
0.115 69
0.564 48
0.527 60
0.107 65
0.322 64
0.335 45
0.385 45
0.518 44
0.13 44
0.131 74
0.495 78
0.143 66
0.183 68
0.556 0
0.111 67
0.527 2
0.556 0
0.556 0
0.556 0
0.556 0
0.556 0
0.556 0
0.556 0
0.527 0
0.556 1
0.274 0
0.556 3
0.241 0
0.556 0
0.274 0
0.274 0
0.556 0
0.274 0
0.556 0
0.383 2
0.383 3
0.383 0
0.322 0
0.861 1
0.729 1
0.322 0
0.322 0
0.358 1
0.172 0
0.316 51
0.783 16
0.215 46
0.123 44
0.315 44
0.125 43
0.317 46
0.236 43
0.326 72
0.101 45
0.727 78
0.0665 43
0.428 44
0.53 64
0.532 57
0.525 52
0.157 43
0.0274 71
0.215 44
0.419 46
0.329 44
0.448 67
0.313 60
0.449 80
0.676 50
0.424 0
0.329 10
0.704 2
0.0854 2
0.833 2
0.625 6
0.702 2
0.504 0
0.51 1
0.441 0
0.742 0
0.21 0
0.742 0
0.886 1
0.886 1
0.886 1
0.886 0
0.504 1
0.504 1
0.63 1
0.262 0
0.334 0
0.343 0
0.334 0
0.334 0
0.724 66
0.349 71
0.156 64
0.387 41
0.362 42
0.32 41
0.394 45
0.386 41
0.548 41
0.247 43
0.296 42
0.36 41
0.307 43
0.405 41
0.259 42
0.462 60
0.944 79
0.729 74
0.0682 67
0.637 74
0.738 75
0.57 0
0.69 0
0.788 0
0.753 1
0.702 0
0.327 0
0.753 0
0.13 0
0.13 0
0.13 0
0.13 0
0.684 2
0.684 0
0.823 0
0.167 0
0.838 0
0.76 0
0.838 0
0.838 0
0.838 0
0.56 0
0.756 0
0.838 0
0.838 0
0.838 0
0.838 0
0.838 0
0.838 0
0.838 0
0.456 42
0.383 65
0.279 57
0.0832 58
0.41 39
0.212 40
0.43 40
0.423 40
0.41 73
0.325 41
0.243 40
0.62 69
0.528 60
0.675 42
0.45 41
0.281 39
0.48 42
0.11 71
0.743 44
0.539 67
0.205 41
0.796 64
0.488 43
0.388 63
0.676 63
0.48 43
0.46 68
0.127 78
0.404 68
0.336 64
0.525 44
0.527 66
0.396 73
0.454 66
0.663 64
0.108 65
0.401 64
0.305 71
0.306 0
0.306 0
0.658 65
0.143 60
0.404 66
0.534 2
0.625 0
0.448 0
0.534 2
0.534 0
0.788 3
0.788 1
0.723 60
0.229 38
0.37 42
0.407 40
0.335 39
0.411 42
0.493 38
0.165 42
0.313 41
0.213 38
0.539 41
0.163 56
0.479 38
0.383 38
0.292 78
0.43 59
0.254 41
0.858 74
0.547 42
0.689 69
0.184 59
0.19 42
0.226 39
0.476 40
0.502 62
0.485 75
0.279 41
0.58 41
0.602 42
0.483 70
0.538 70
0.0993 68
0.55 77
0.171 65
0.478 71
0.16 65
0.419 38
0.554 56
0.529 62
0.582 54
0.403 1
0.403 0
0.563 0
0.562 0
0.306 0
0.706 0
0.562 0
0.366 0
0.366 0
0.706 0
0.536 70
0.187 63
0.237 37
0.284 39
0.67 41
0.476 39
0.421 39
0.321 40
0.455 40
0.504 63
0.337 61
0.676 57
0.657 64
0.185 39
0.478 62
0.153 64
0.31 40
0.382 0
0.074 65
0.481 40
0.831 69
0.249 59
0.279 1
0.382 0
0.756 73
0.687 63
0.216 1
0.187 59
0.537 0
0.233 0
0.525 74
0.312 53
0.423 49
0.497 49
0.403 0
0.296 72
0.403 0
0.572 0
0.572 0
0.572 0
0.572 0
0.572 0
0.572 0
0.572 0
0.563 1
0.572 0
0.572 0
0.572 0
0.572 1
0.572 0
0.247 39
0.321 62
0.455 38
0.377 70
0.505 60
0.373 39
0.501 56
0.468 66
0.79 36
0.479 40
0.456 73
0.085 69
0.0873 65
0.416 72
0.481 76
0.669 40
0.713 66
0.43 74
0.34 58
0.441 61
0.236 64
0.576 69
0.603 60
0.534 58
0.374 66
0.571 0
0.61 1
0.571 0
0.451 52
0.403 36
0.293 0
0.61 1
0.571 0
0.61 2
0.571 0
0.323 0
0.571 0
0.293 0
0.611 0
0.323 0
0.293 0
0.542 77
0.153 0
0.32 0
0.775 2
0.153 0
0.775 0
0.2 0
0.153 0
0.2 0
0.54 64
0.655 70
0.54 37
0.508 56
0.236 39
0.308 37
0.385 37
0.109 37
0.453 37
0.433 39
0.698 36
0.166 38
0.669 38
0.448 36
0.402 64
0.459 38
0.483 53
0.38 37
0.111 70
0.738 77
0.275 65
0.942 78
0.146 64
0.556 21
0.811 70
0.519 64
0.24 58
0.638 62
0.583 66
0.173 15
0.238 63
0.639 63
0.183 18
0.809 0
0.67 77
0.531 0
0.937 0
0.496 0
0.78 0
0.496 2
0.567 0
0.555 0
0.801 0
0.589 1
0.801 0
0.801 0
0.625 0
0.801 0
0.801 0
0.153 0
0.46 61
0.155 37
0.115 35
0.447 63
0.244 37
0.452 35
0.772 37
0.337 36
0.371 36
0.576 38
0.503 58
0.141 36
0.295 37
0.556 65
0.672 36
0.437 35
0.422 74
0.125 59
0.437 65
0.0759 63
0.556 63
0.254 37
0.441 68
0.527 74
0.399 60
0.136 71
0.278 65
0.509 64
0.0458 62
0.593 65
0.185 22
0.553 17
0.554 65
0.537 60
0.564 62
0.176 22
0.7 0
0.407 58
0.701 75
0.326 73
0.324 64
0.324 73
0.49 65
0.541 0
0.541 0
0.322 0
0.391 0
0.288 0
0.768 0
0.233 48
0.32 40
0.875 65
0.188 35
0.0182 67
0.331 36
0.437 37
0.608 37
0.408 34
0.0734 35
0.137 34
0.343 37
0.324 69
0.227 35
0.931 69
0.333 70
0.882 75
0.635 37
0.216 52
0.56 35
0.607 61
0.209 34
0.233 64
0.702 63
0.72 54
0.777 60
0.344 64
0.304 67
0.461 64
0.43 65
0.371 63
0.573 50
0.495 62
0.471 63
0.0531 45
0.468 64
0.602 73
0.396 57
0.766 0
0.203 0
0.766 0
0.203 0
0.203 0
0.716 0
0.203 0
0.57 0
0.557 0
0.415 0
0.404 0
0.404 0
0.116 0
0.914 61
0.649 35
0.17 37
0.329 33
0.414 51
0.168 58
0.497 33
0.256 50
0.0584 58
0.429 34
0.564 33
0.59 56
0.152 58
0.526 60
0.784 24
0.2 65
0.465 61
0.516 33
0.0907 69
0.747 73
0.718 51
0.135 34
0.691 54
0.419 33
0.316 58
0.426 60
0.269 58
0.346 56
0.436 0
0.338 70
0.463 56
0.436 0
0.876 67
0.436 0
0.389 0
0.466 2
0.81 0
0.131 0
0.449 77
0.469 0
0.196 0
0.196 0
0.196 2
0.776 0
0.771 0
0.438 0
0.25 0
0.849 0
0.499 0
0.919 0
0.499 56
0.321 33
0.147 35
0.23 24
0.598 44
0.127 33
0.475 33
0.443 48
0.192 57
0.346 59
0.138 53
0.296 32
0.105 53
0.723 35
0.146 34
0.406 65
0.495 60
0.69 43
0.122 57
0.351 64
0.188 62
0.227 58
0.634 62
0.0695 52
0.224 55
0.189 64
0.209 64
0.601 43
0.506 55
0.436 0
0.655 62
0.268 57
0.436 0
0.712 60
0.583 80
0.436 0
0.436 0
0.0915 45
0.436 0
0.436 0
0.389 0
0.389 0
0.42 0
0.469 0
0.469 0
0.469 0
0.549 74
0.721 70
0.196 1
0.134 45
0.0489 55
0.64 32
0.401 61
0.261 35
0.178 32
0.133 33
0.201 34
0.785 68
0.409 54
0.0713 34
0.409 36
0.715 34
0.213 34
0.727 60
0.531 55
0.77 59
0.131 54
0.347 31
0.489 34
0.348 35
0.446 74
0.424 54
0.426 59
0.345 57
0.0942 48
0.257 62
0.574 74
0.601 44
0.284 55
0.61 55
0.349 62
0.373 53
0.4 34
0.952 74
0.319 68
0.338 28
0.563 61
0.462 51
0.546 56
0.512 57
0.0242 44
0.175 44
0.123 44
0.333 0
0.444 57
0.15 66
0.297 58
0.161 44
0.633 44
0.42 0
0.297 74
0.235 34
0.299 26
0.128 32
0.254 33
0.384 33
0.723 61
0.146 5
0.446 47
0.158 7
0.0658 33
0.599 67
0.356 33
0.0981 33
0.383 52
0.317 45
0.178 33
0.302 56
0.685 43
0.587 60
0.45 59
0.588 41
0.562 60
0.311 58
0.639 64
0.396 44
0.538 56
0.31 64
0.881 69
0.559 55
0.177 0
0.177 0
0.402 43
0.416 67
0.902 74
0.631 0
0.304 1
0.117 44
0.631 0
0.304 0
0.557 0
0.77 0
0.124 44
0.149 44
0.403 0
0.282 0
0.77 0
0.89 0
0.282 0
0.118 44
0.322 74
0.655 58
0.204 63
0.541 67
0.305 31
0.447 33
0.418 30
0.584 31
0.102 33
0.182 33
0.402 52
0.54 33
0.264 63
0.407 61
0.511 33
0.319 54
0.144 56
0.181 31
0.623 31
0.21 32
0.595 33
0.572 67
0.441 31
0.452 41
0.191 33
0.377 60
0.163 61
0.619 8
0.327 62
0.306 67
0.453 71
0.448 0
0.425 67
0.0717 0
0.712 43
0.664 0
0.309 59
0.767 73
0.184 0
0.224 68
0.937 74
0.19 43
0.0717 0
0.46 64
0.321 68
0.77 0
0.138 44
0.726 0
0.378 0
0.291 67
0.113 31
0.44 34
0.236 29
0.218 33
0.101 30
0.749 62
0.528 30
0.137 57
0.334 33
0.195 58
0.658 30
0.59 30
0.605 33
0.546 61
0.201 60
0.439 32
0.383 36
0.176 59
0.621 54
0.494 32
0.538 54
0.114 51
0.212 58
0.175 62
0.114 67
0.563 74
0.373 66
0.465 60
0.287 55
0.403 58
0.757 68
0.393 42
0.432 62
0.213 42
0.595 59
0.413 67
0.355 56
0.488 52
0.606 71
0.542 57
0.549 77
0.364 68
0.645 42
0.775 74
0.755 72
0.406 66
0.582 60
0.478 42
0.571 0
0.427 69
0.561 79
0.415 74
0.67 80
0.366 84
0.593 77
0.319 81
0.415 76
0.264 85
0.885 87
0.769 81
0.398 0
0.348 2
0.473 3
0.473 0
0.51 0
0.329 0
0.298 0
0.51 0
0.526 0
0.389 1
0.523 4
0.768 71
0.51 3
0.523 0
0.745 1
0.598 0
0.598 0
0.739 0
0.363 1
0.562 0
0.739 0
0.739 0
0.739 0
0.739 0
0.739 0
0.739 0
0.739 0
0.739 0
0.739 0
0.739 0
0.739 0
0.739 0
0.739 0
0.457 1
0.739 0
0.739 0
0.739 0
0.457 0
0.457 0
0.457 0
0.545 85
0.429 67
0.27 3
0.27 0
0.27 0
0.725 82
0.474 0
0.338 6
0.687 0
0.687 0
0.336 0
0.336 2
0.366 82
0.338 0
0.338 4
0.661 1
0.338 1
0.338 0
0.336 0
0.336 0
0.338 0
0.454 78
0.854 76
0.514 0
0.488 1
0.27 0
0.614 0
0.536 1
0.377 0
0.336 0
0.536 0
0.7 0
0.514 0
0.745 0
0.536 0
0.536 0
0.614 0
0.377 0
0.7 0
0.536 0
0.7 0
0.536 0
0.614 0
0.377 0
0.745 0
0.377 0
0.7 0
0.7 0
0.7 0
0.536 0
0.485 1
0.336 0
0.564 2
0.583 0
0.336 0
0.583 0
0.448 0
0.448 0
0.448 0
0.448 0
0.614 0
0.614 0
0.614 0
0.536 0
0.745 0
0.614 0
0.7 0
0.614 0
0.614 0
0.377 0
0.377 0
0.377 0
0.7 0
0.377 0
0.536 0
0.7 0
0.7 0
0.377 0
0.536 0
0.377 0
0.536 0
0.614 0
0.486 0
0.7 0
0.614 0
0.614 0
0.536 0
0.614 0
0.749 0
0.745 0
0.377 0
0.614 0
0.486 0
0.7 0
0.7 0
0.745 1
0.448 0
0.7 0
0.749 1
0.745 0
0.503 79
0.33 79
0.565 72
0.341 78
0.336 88
0.603 85
0.552 77
0.525 77
0.306 80
0.595 79
0.707 78
0.43 74
0.75 0
0.75 1
0.322 1
0.75 0
0.395 0
0.415 0
0.415 0
0.566 0
0.353 0
0.706 0
0.566 0
0.566 0
0.415 0
0.415 0
0.656 0
0.415 0
0.69 0
0.437 0
0.664 0
0.675 0
0.514 0
0.481 0
0.409 0
0.481 0
0.438 0
0.481 0
0.564 0
0.564 0
0.481 0
0.281 0
0.281 0
0.281 0
0.709 0
0.577 1
0.45 0
0.835 0
0.835 0
0.893 0
0.386 81
0.551 80
0.0958 79
0.51 74
0.75 0
0.75 0
0.351 0
0.351 0
0.471 0
0.75 2
0.351 0
0.471 0
0.395 1
0.351 0
0.415 0
0.395 0
0.322 0
0.415 0
0.533 72
0.75 1
0.75 0
0.415 1
0.415 0
0.322 0
0.415 0
0.395 0
0.656 0
0.656 0
0.656 0
0.656 0
0.656 0
0.322 1
0.291 0
0.624 0
0.291 0
0.291 0
0.291 0
0.521 0
0.291 0
0.458 0
0.291 0
0.458 0
0.417 0
0.458 0
0.565 0
0.227 0
0.535 0
0.246 0
0.458 0
0.458 0
0.475 57
0.342 67
0.484 63
0.904 69
0.364 63
0.587 60
0.28 74
0.436 71
0.484 65
0.422 81
0.172 77
0.559 0
0.559 0
0.559 2
0.447 63
0.795 0
0.362 0
0.0553 1
0.362 0
0.362 0
0.414 1
0.477 1
0.477 1
0.344 0
0.457 0
0.477 1
0.477 1
0.344 0
0.344 0
0.962 0
0.319 0
0.457 0
0.143 0
0.0605 0
0.344 0
0.344 0
0.468 0
0.344 0
0.633 1
0.462 0
0.679 0
0.509 0
0.542 1
0.468 0
0.509 0
0.477 0
0.462 0
0.477 0
0.381 0
0.445 0
0.472 61
0.756 80
0.457 76
0.339 78
0.683 67
0.788 63
0.493 67
0.0696 0
0.0696 0
0.705 1
0.0696 0
0.0696 0
0.704 2
0.893 0
0.329 10
0.705 0
0.0696 0
0.0696 0
0.705 0
0.705 0
0.776 0
0.705 0
0.625 6
0.705 0
0.776 0
0.705 0
0.615 0
0.0854 2
0.549 0
0.702 2
0.21 0
0.776 0
0.776 0
0.776 0
0.451 0
0.776 0
0.615 0
0.705 0
0.51 1
0.705 0
0.434 0
0.705 0
0.441 0
0.705 0
0.705 0
0.705 0
0.467 0
0.615 0
0.705 0
0.776 0
0.615 0
0.615 0
0.776 0
0.444 0
0.869 0
0.705 2
0.893 0
0.705 0
0.893 1
0.776 0
0.776 0
0.776 0
0.705 0
0.776 0
0.615 0
0.776 0
0.776 0
0.883 0
0.776 0
0.615 0
0.776 0
0.776 0
0.776 0
0.776 0
0.893 0
0.564 0
0.705 0
0.776 0
0.776 0
0.615 0
0.705 0
0.776 0
0.776 0
0.776 0
0.615 0
0.776 0
0.869 0
0.705 0
0.705 0
0.705 0
0.776 0
0.776 0
0.798 0
0.705 0
0.705 0
0.705 0
0.705 0
0.705 0
0.615 0
0.615 0
0.348 56
0.832 83
0.508 81
0.518 62
0.706 77
0.718 60
0.855 75
0.614 70
0.468 0
0.667 0
0.307 1
0.744 36
0.667 0
0.744 27
0.762 49
0.667 2
0.551 75
0.745 19
0.836 4
0.415 79
0.468 0
0.307 0
0.861 0
0.861 0
0.745 40
0.307 0
0.861 0
0.781 42
0.861 0
0.454 1
0.784 5
0.454 2
0.454 0
0.454 0
0.454 0
0.741 69
0.35 0
0.741 0
0.741 0
0.741 0
0.627 1
0.741 0
0.449 0
0.347 0
0.347 0
0.3 0
0.92 1
0.92 1
0.615 0
0.562 1
0.362 75
0.521 63
0.717 54
0.21 76
0.75 68
0.364 61
0.526 63
0.729 78
0.83 69
0.587 67
0.486 59
0.478 74
0.543 55
0.47 73
0.656 70
0.362 62
0.469 65
0.485 68
0.68 74
0.6 82
0.418 79
0.476 71
0.833 70
0.681 0
0.681 0
0.307 0
0.676 0
0.538 0
0.413 0
0.293 1
0.413 0
0.413 0
0.516 1
0.717 1
0.506 0
0.411 0
0.514 0
0.898 1
0.623 0
0.391 0
0.307 0
0.767 1
0.767 0
0.427 0
0.659 1
0.231 2
0.717 0
0.579 0
0.702 0
0.61 0
0.667 69
0.444 80
0.594 70
0.472 62
0.395 72
0.402 67
0.48 58
0.587 76
0.565 75
0.901 69
0.555 0
0.615 67
0.726 0
0.71 0
0.834 1
0.458 0
0.54 0
0.621 0
0.69 0
0.242 1
0.575 1
0.766 0
0.807 0
0.571 0
0.571 0
0.55 0
0.671 0
0.782 0
0.622 0
0.579 0
0.782 0
0.322 0
0.396 0
0.726 0
0.878 0
0.443 0
0.322 0
0.654 0
0.776 3
0.68 0
0.579 0
0.747 1
0.61 0
0.783 1
0.462 0
0.579 0
0.61 0
0.61 0
0.458 0
0.462 0
0.361 60
0.139 70
0.37 65
0.597 58
0.376 56
0.455 59
0.197 61
0.908 58
0.832 68
0.6 50
0.319 70
0.492 55
0.326 73
0.806 56
0.79 0
0.887 70
0.463 0
0.883 0
0.925 0
0.752 0
0.409 0
0.494 0
0.31 1
0.359 0
0.743 0
0.341 0
0.606 0
0.0971 0
0.344 0
0.727 0
0.555 0
0.79 0
0.277 0
0.344 0
0.666 0
0.364 0
0.36 0
0.774 0
0.555 0
0.555 0
0.774 0
0.666 0
0.555 0
0.555 0
0.579 0
0.823 0
0.666 0
0.579 0
0.774 0
0.579 0
0.763 74
0.888 68
0.439 65
0.498 66
0.358 0
0.597 57
0.495 0
0.762 65
0.484 0
0.526 0
0.526 0
0.749 67
0.526 0
0.526 0
0.794 0
0.794 1
0.794 0
0.846 0
0.698 0
0.583 0
0.668 0
0.522 0
0.846 0
0.542 0
0.409 0
0.243 1
0.458 0
0.679 0
0.409 0
0.325 0
0.409 0
0.522 0
0.522 0
0.286 0
0.329 0
0.77 0
0.842 13
0.431 0
0.63 2
0.349 0
0.684 0
0.487 0
0.344 1
0.76 0
0.722 0
0.533 0
0.504 0
0.344 0
0.859 0
0.533 0
0.233 72
0.535 75
0.65 73
0.419 74
0.332 54
0.465 50
0.364 68
0.648 79
0.289 69
0.533 70
0.599 76
0.494 64
0.656 75
0.492 0
0.492 0
0.533 74
0.512 0
0.801 0
0.512 0
0.755 67
0.832 64
0.651 76
0.512 0
0.531 1
0.727 66
0.407 0
0.523 0
0.523 0
0.569 0
0.375 0
0.278 0
0.249 0
0.249 0
0.576 0
0.338 0
0.249 0
0.249 0
0.249 0
0.249 0
0.56 0
0.56 0
0.56 0
0.332 0
0.179 0
0.56 0
0.56 0
0.65 0
0.332 0
0.128 0
0.332 0
0.351 59
0.75 71
0.587 49
0.339 69
0.539 58
0.492 62
0.721 67
0.491 57
0.511 77
0.656 64
0.376 50
0.271 50
0.549 78
0.538 77
0.357 60
0.446 68
0.585 67
0.812 70
0.547 0
0.316 73
0.492 0
0.645 0
0.23 0
0.243 0
0.645 0
0.373 0
0.522 1
0.338 0
0.667 0
0.651 1
0.676 0
0.626 0
0.676 0
0.442 0
0.446 0
0.587 0
0.885 1
0.626 0
0.842 0
0.374 0
0.711 0
0.676 0
0.492 0
0.522 0
0.729 0
0.446 0
0.444 0
0.446 0
0.485 0
0.485 0
0.419 67
0.58 70
0.4 64
0.348 75
0.721 56
0.229 60
0.383 57
0.316 0
0.168 1
0.719 0
0.316 0
0.168 0
0.499 0
0.168 0
0.545 0
0.448 0
0.499 0
0.815 0
0.499 0
0.173 0
0.505 0
0.213 0
0.815 0
0.815 0
0.26 0
0.194 0
0.815 0
0.451 0
0.815 0
0.815 0
0.523 44
0.165 0
0.182 0
0.182 0
0.384 0
0.213 0
0.182 0
0.0976 0
0.182 0
0.668 0
0.81 0
0.319 0
0.182 0
0.485 0
0.594 0
0.485 0
0.485 0
0.485 0
0.548 0
0.485 0
0.53 53
0.794 75
0.558 59
0.577 57
0.528 47
0.404 65
0.598 65
0.363 68
0.413 62
0.447 58
0.176 70
0.894 51
0.32 70
0.612 56
0.401 31
0.274 64
0.368 72
0.467 67
0.528 62
0.241 44
0.782 10
0.765 1
0.23 0
0.499 0
0.499 0
0.168 0
0.371 0
0.499 0
0.499 0
0.499 0
0.499 0
0.499 0
0.371 0
0.499 0
0.168 0
0.168 0
0.26 0
0.168 0
0.451 0
0.53 0
0.168 0
0.194 0
0.224 0
0.451 0
0.451 0
0.451 0
0.194 0
0.194 0
0.451 0
0.4 46
0.169 65
0.42 68
0.398 61
0.298 62
0.595 54
0.241 55
0.49 61
0.835 67
0.556 49
0.672 63
0.537 63
0.395 59
0.379 66
0.833 75
0.531 69
0.571 51
0.583 57
0.415 36
0.532 64
0.638 56
0.8 61
0.646 77
0.525 70
0.395 59
0.939 47
0.549 62
0.381 72
0.884 60
0.131 64
0.404 1
0.296 65
0.404 0
0.584 0
0.232 67
0.571 70
0.367 76
0.51 0
0.39 0
0.39 0
0.417 0
0.491 0
0.554 0
0.39 0
0.494 0
0.882 45
0.05 0
0.693 0
0.445 1
0.845 0
0.471 0
0.344 67
0.376 71
0.438 59
0.584 61
0.652 54
0.634 66
0.488 69
0.481 45
0.359 61
0.463 69
0.492 70
0.855 45
0.668 69
0.275 54
0.421 57
0.474 70
0.503 54
0.617 52
0.469 61
0.551 45
0.511 66
0.489 59
0.718 55
0.497 68
0.692 66
0.706 66
0.342 63
0.287 0
0.404 0
0.594 49
0.732 0
0.584 0
0.745 68
0.3 65
0.496 73
0.371 75
0.44 68
0.858 44
0.648 43
0.311 0
0.245 0
0.763 0
0.254 0
0.272 0
0.15 0
0.434 0
0.434 0
0.434 0
0.434 0
0.434 0
0.244 61
0.519 76
0.38 61
0.547 65
0.393 46
0.649 56
0.783 47
0.741 69
0.311 57
0.502 62
0.268 53
0.812 71
0.84 61
0.828 51
0.351 55
0.515 54
0.533 57
0.605 73
0.717 50
0.423 31
0.68 64
0.692 67
0.605 55
0.433 50
0.384 75
0.663 65
0.908 62
0.417 69
0.87 65
0.286 53
0.431 57
0.114 58
0.696 61
0.855 49
0.905 57
0.364 68
0.801 62
0.664 32
0.432 42
0.22 70
0.642 72
0.925 43
0.783 43
0.813 0
0.0613 0
0.706 1
0.446 0
0.706 0
0.44 0
0.293 0
0.647 62
0.854 2
0.854 0
0.572 0
0.854 0
0.646 4
0.508 0
0.472 0
0.645 0
0.854 4
0.646 2
0.918 0
0.892 0
0.854 3
0.892 0
0.874 0
0.854 0
0.646 1
0.646 1
0.736 0
0.917 0
0.524 0
0.924 0
0.892 0
0.864 0
0.559 0
0.759 0
0.876 0
0.689 0
0.906 0
0.609 0
0.536 0
0.536 0
0.66 0
0.665 1
0.847 0
0.614 0
0.765 0
0.659 0
0.683 0
0.876 0
0.717 0
0.665 0
0.691 0
0.229 0
0.733 0
0.932 0
0.811 0
0.723 0
0.588 0
0.429 89
0.814 79
0.871 75
0.646 76
0.455 0
0.358 46
0.648 0
0.648 0
0.534 4
0.692 0
0.824 0
0.857 0
0.727 0
0.456 0
0.727 0
0.837 0
0.833 0
0.849 0
0.785 0
0.851 0
0.824 0
0.937 0
0.851 0
0.818 0
0.822 0
0.951 0
0.824 0
0.819 0
0.65 0
0.876 0
0.748 0
0.512 0
0.658 0
0.52 0
0.824 0
0.822 0
0.638 0
0.933 0
0.888 0
0.886 0
0.901 0
0.92 0
0.771 0
0.663 0
0.839 0
0.453 0
0.96 0
0.657 0
0.72 0
0.798 0
0.522 81
0.527 69
0.808 59
0.772 74
0.75 68
0.854 76
0.642 65
0.608 69
0.876 72
0.65 73
0.653 56
0.633 68
0.645 78
0.787 70
0.752 67
0.866 66
0.842 67
0.367 36
0.629 65
0.614 37
0.857 38
0.771 67
0.451 37
0.551 40
0.6 39
0.551 37
0.359 37
0.913 37
0.828 0
0.869 0
0.295 38
0.695 38
0.748 0
0.58 0
0.95 38
0.854 1
0.922 37
0.536 43
0.424 36
0.63 0
0.577 38
0.624 39
0.787 0
0.756 0
0.893 0
0.637 43
0.904 0
0.651 0
0.703 0
0.919 0
0.572 77
0.834 71
0.57 63
0.489 69
0.753 65
0.853 76
0.415 64
0.385 36
0.71 34
0.81 66
0.768 66
0.816 35
0.721 66
0.732 65
0.953 35
0.844 63
0.877 35
0.511 34
0.895 64
0.846 63
0.816 64
0.755 34
0.511 37
0.536 72
0.846 65
0.351 37
0.866 63
0.756 35
0.909 35
0.753 35
0.56 65
0.697 34
0.596 36
0.431 68
0.704 36
0.734 34
0.637 77
0.778 34
0.375 35
0.368 35
0.916 35
0.796 36
0.918 35
0.778 35
0.805 0
0.945 36
0.874 0
0.975 36
0.82 35
0.899 0
0.548 80
0.685 77
0.866 67
0.81 61
0.595 54
0.825 34
0.918 71
0.576 63
0.782 33
0.844 61
0.358 34
0.636 33
0.706 34
0.777 64
0.744 34
0.655 61
0.712 33
0.815 62
0.776 33
0.743 35
0.773 33
0.932 63
0.974 34
0.73 61
0.958 66
0.812 60
0.495 33
0.749 34
0.688 67
0.91 34
0.719 62
0.763 33
0.892 65
0.298 33
0.528 34
0.929 34
0.699 35
0.601 35
0.895 59
0.877 34
0.705 34
0.328 66
0.796 34
0.611 35
0.886 0
0.806 33
0.992 34
0.629 35
0.545 0
0.906 34
0.589 55
0.659 62
0.647 66
0.956 64
0.906 63
0.653 62
0.463 32
0.602 62
0.813 62
0.896 62
0.804 62
0.636 32
0.859 32
0.935 63
0.449 33
0.745 37
0.51 60
0.798 32
0.525 74
0.737 67
0.569 63
0.947 32
0.73 67
0.722 63
0.462 32
0.629 32
0.718 64
0.827 32
0.956 32
0.868 33
0.415 35
0.644 34
0.819 32
0.559 32
0.974 31
0.627 32
0.597 32
0.718 32
0.78 32
0.437 32
0.57 32
0.325 31
0.71 32
0.472 32
0.869 32
0.972 34
0.699 34
0.459 0
0.468 33
0.969 32
0.578 60
0.481 76
0.364 62
0.508 69
0.777 61
0.555 31
0.8 31
0.594 66
0.684 62
0.272 41
0.862 61
0.684 31
0.843 61
0.643 51
0.9 60
0.558 31
0.971 32
0.804 63
0.707 32
0.782 65
0.55 60
0.752 62
0.686 33
0.791 59
0.822 31
0.617 31
0.367 32
0.292 33
0.852 63
0.563 32
0.831 60
0.521 31
0.924 33
0.513 33
0.457 32
0.521 31
0.571 32
0.859 31
0.278 31
0.908 32
0.858 31
0.765 31
0.795 31
0.56 32
0.766 31
0.836 32
0.448 32
0.761 32
0.818 31
0.694 32
0.516 57
0.612 64
0.847 66
0.766 58
0.808 62
0.694 31
0.633 30
0.718 61
0.742 60
0.909 62
0.311 59
0.743 31
0.843 60
0.72 31
0.664 31
0.804 64
0.811 31
0.599 30
0.768 30
0.701 31
0.408 62
0.866 31
0.723 30
0.624 60
0.597 31
0.445 31
0.625 31
0.834 30
0.911 59
0.631 30
0.563 33
0.857 30
0.367 61
0.729 30
0.806 30
0.52 32
0.965 32
0.301 31
0.917 31
0.921 29
0.446 31
0.388 32
0.875 61
0.669 29
0.913 30
0.917 30
0.873 56
0.87 32
0.415 31
0.726 31
0.679 61
0.886 50
0.846 76
0.839 63
0.556 61
0.587 62
0.752 30
0.85 58
0.677 60
0.843 78
0.777 58
0.594 60
0.785 30
0.645 60
0.406 30
0.945 59
0.555 66
0.49 61
0.799 31
0.392 30
0.771 31
0.649 30
0.517 31
0.605 30
0.817 31
0.648 60
0.771 30
0.758 30
0.852 63
0.857 61
0.408 31
0.764 30
0.555 60
0.678 30
0.983 31
0.949 30
0.782 29
0.769 30
0.876 58
0.803 59
0.979 29
0.471 32
0.698 59
0.52 30
0.617 31
0.662 31
0.801 60
0.681 31
0.277 30
0.628 32
0.567 69
0.922 61
0.737 59
0.818 69
0.605 60
0.65 63
0.804 57
0.587 30
0.487 41
0.599 29
0.892 60
0.203 30
0.347 30
0.598 59
0.856 30
0.715 30
0.463 63
0.817 59
0.474 73
0.879 59
0.867 58
0.63 58
0.834 60
0.899 29
0.603 62
0.338 30
0.894 67
0.552 74
0.539 29
0.756 61
0.855 59
0.869 57
0.75 29
0.358 60
0.459 31
0.597 63
0.857 57
0.864 31
0.813 31
0.842 29
0.827 31
0.985 29
0.424 30
0.712 29
0.379 29
0.887 30
0.904 32
0.908 31
0.688 31
0.98 30
0.605 69
0.405 48
0.804 64
0.506 24
0.728 58
0.263 62
0.655 29
0.574 60
0.62 60
0.654 56
0.715 61
0.838 57
0.57 29
0.496 29
0.323 44
0.191 29
0.797 29
0.763 59
0.734 30
0.602 60
0.57 29
0.476 59
0.724 29
0.631 30
0.661 30
0.626 59
0.832 29
0.718 30
0.711 56
0.748 62
0.614 61
0.949 29
0.943 30
0.797 60
0.523 30
0.839 56
0.798 70
0.703 59
0.834 30
0.82 29
0.929 29
0.458 31
0.9 29
0.604 30
0.48 28
0.718 30
0.571 30
0.816 61
0.837 29
0.855 31
0.669 62
0.642 46
0.853 60
0.485 64
0.527 75
0.859 51
0.778 64
0.893 58
0.63 29
0.33 58
0.677 67
0.944 60
0.544 57
0.886 55
0.799 59
0.812 28
0.885 29
0.48 29
0.886 29
0.378 60
0.145 29
0.46 58
0.565 57
0.766 28
0.332 28
0.729 29
0.563 28
0.694 58
0.703 61
0.293 28
0.904 60
0.818 29
0.831 28
0.859 31
0.897 70
0.839 61
0.655 59
0.502 29
0.937 58
0.711 30
0.777 64
0.755 27
0.636 29
0.66 30
0.794 58
0.813 30
0.674 29
0.825 28
0.863 27
0.839 28
0.419 71
0.835 23
0.602 61
0.551 59
0.673 58
0.81 37
0.93 61
0.568 58
0.57 28
0.315 29
0.603 63
0.943 59
0.817 58
0.638 28
0.553 29
0.913 28
0.954 59
0.546 28
0.292 27
0.685 56
0.434 28
0.883 28
0.915 29
0.882 58
0.68 60
0.862 29
0.667 28
0.681 61
0.735 29
0.651 28
0.922 27
0.796 28
0.614 28
0.597 29
0.948 28
0.957 28
0.775 29
0.906 28
0.529 29
0.875 29
0.739 29
0.701 0
0.827 28
0.694 28
0.376 27
0.57 27
0.374 29
0.951 29
0.648 29
0.598 28
0.646 55
0.198 40
0.374 36
0.661 58
0.436 35
0.842 28
0.488 56
0.82 46
0.866 0
0.93 55
0.672 48
0.717 54
0.538 28
0.748 57
0.915 54
0.565 56
0.772 28
0.71 57
0.434 55
0.923 59
0.9 56
0.767 27
0.956 28
0.628 28
0.779 56
0.856 28
0.652 55
0.478 30
0.518 55
0.74 28
0.572 27
0.699 63
0.959 59
0.907 56
0.938 28
0.771 27
0.956 27
0.894 28
0.733 27
0.94 28
0.731 54
0.935 27
0.615 56
0.763 59
0.818 27
0.626 29
0.491 28
0.758 29
0.822 29
0.638 29
0.428 73
0.622 67
0.865 55
0.908 67
0.667 65
0.308 62
0.734 57
0.854 27
0.937 57
0.367 27
0.313 27
0.738 28
0.829 56
0.873 29
0.567 27
0.861 28
0.813 55
0.696 28
0.75 27
0.644 56
0.562 27
0.797 27
0.933 28
0.839 56
0.718 27
0.869 28
0.918 28
0.875 52
0.353 27
0.762 27
0.835 28
0.872 28
0.917 28
0.881 57
0.948 29
0.744 56
0.519 26
0.844 28
0.331 64
0.913 27
0.559 27
0.593 28
0.259 28
0.664 27
0.483 28
0.366 28
0.467 29
0.906 28
0.661 28
0.689 27
0.83 43
0.643 59
0.669 57
0.659 62
0.546 57
0.548 61
0.666 63
0.61 28
0.9 53
0.686 44
0.888 57
0.919 54
0.737 60
0.9 55
0.346 27
0.344 27
0.473 57
0.811 55
0.831 27
0.392 57
0.838 27
0.727 29
0.794 27
0.937 60
0.673 57
0.935 27
0.857 28
0.937 27
0.544 28
0.878 75
0.734 54
0.759 27
0.906 27
0.651 29
0.84 0
0.877 59
0.587 28
0.871 2
0.784 56
0.741 29
0.856 0
0.723 54
0.921 27
0.883 55
0.506 27
0.86 27
0.826 27
0.827 27
0.811 27
0.978 29
0.816 67
0.605 73
0.861 37
0.795 58
0.447 57
0.181 55
0.552 61
0.772 62
0.572 62
0.513 57
0.358 68
0.535 72
0.79 65
0.81 56
0.706 26
0.604 41
0.83 27
0.636 26
0.402 27
0.891 56
0.537 26
0.859 72
0.461 61
0.831 55
0.856 57
0.715 54
0.879 28
0.26 27
0.294 28
0.959 54
0.652 28
0.641 26
0.757 26
0.769 26
0.429 27
0.228 72
0.901 26
0.904 57
0.46 27
0.927 27
0.606 26
0.39 27
0.95 25
0.5 26
0.412 28
0.504 28
0.408 29
0.65 28
0.786 26
0.617 26
0.901 50
0.678 62
0.436 53
0.756 66
0.729 64
0.807 27
0.874 60
0.935 27
0.529 56
0.836 62
0.675 56
0.54 26
0.68 26
0.7 27
0.784 27
0.902 27
0.714 54
0.842 55
0.759 26
0.837 60
0.786 26
0.914 56
0.699 27
0.884 53
0.605 26
0.302 26
0.961 27
0.807 26
0.834 55
0.296 27
0.927 25
0.875 27
0.517 26
0.462 58
0.479 27
0.592 27
0.934 26
0.714 26
0.769 26
0.791 26
0.628 27
0.864 26
0.814 28
0.623 26
0.952 26
0.887 26
0.865 26
0.588 27
0.932 26
0.487 27
0.829 22
0.803 58
0.848 72
0.885 62
0.851 56
0.686 54
0.743 27
0.737 54
0.587 53
0.143 26
0.587 27
0.875 54
0.698 57
0.843 28
0.866 26
0.847 53
0.809 61
0.722 60
0.57 72
0.874 57
0.811 27
0.703 73
0.693 27
0.783 27
0.904 26
0.983 27
0.976 55
0.792 55
0.877 27
0.742 26
0.928 55
0.642 27
0.937 26
0.573 25
0.923 27
0.961 26
0.84 26
0.69 26
0.933 27
0.667 27
0.874 27
0.372 27
0.543 26
0.756 56
0.374 27
0.841 26
0.574 26
0.819 56
0.897 26
0.637 28
0.478 52
0.866 57
0.651 44
0.814 55
0.613 62
0.255 39
0.358 50
0.598 56
0.69 60
0.59 57
0.587 26
0.968 25
0.634 26
0.68 26
0.85 69
0.854 57
0.511 27
0.389 26
0.638 57
0.953 36
0.579 26
0.562 26
0.698 54
0.853 56
0.909 56
0.717 52
0.956 25
0.87 58
0.726 56
0.827 26
0.849 27
0.758 26
0.979 25
0.806 25
0.858 27
0.788 25
0.383 26
0.727 62
0.794 26
0.97 26
0.932 26
0.728 55
0.879 56
0.543 27
0.518 27
0.997 25
0.85 26
0.311 26
0.688 27
0.633 26
0.717 53
0.371 49
0.41 50
0.263 47
0.198 47
0.362 50
0.301 49
0.161 48
0.329 46
0.369 48
0.32 49
0.117 46
0.39 50
0.287 48
0.368 47
0.41 55
0.602 49
0.157 45
0.526 47
0.36 52
0.555 48
0.133 51
0.441 48
0.294 45
0.484 54
0.315 49
0.155 53
0.653 48
0.501 50
0.253 51
0.357 52
0.827 48
0.557 46
0.105 55
0.458 51
0.659 46
0.295 52
0.295 49
0.411 49
0.378 51
0.213 48
0.571 46
0.343 45
0.184 45
0.484 49
0.447 46
0.492 48
0.56 0
0.43 0
0.429 0
0.277 46
0.189 47
0.205 49
0.426 40
0.151 49
0.237 45
0.376 45
0.291 46
0.349 47
0.368 46
0.308 48
0.233 44
0.404 46
0.214 47
0.407 48
0.27 45
0.271 43
0.327 46
0.476 46
0.269 43
0.446 49
0.566 44
0.432 45
0.46 47
0.63 47
0.358 45
0.959 46
0.435 45
0.369 43
0.35 43
0.167 44
0.319 48
0.392 47
0.417 47
0.648 47
0.627 43
0.278 43
0.432 48
0.41 46
0.343 47
0.494 45
0.205 49
0.477 47
0.322 47
0.463 47
0.245 46
0.248 44
0.33 47
0.323 46
0.389 44
0.472 23
0.237 45
0.646 43
0.306 44
0.428 16
0.258 43
0.178 39
0.408 42
0.342 41
0.199 44
0.614 42
0.306 46
0.319 42
0.506 44
0.236 41
0.414 46
0.498 35
0.375 41
0.21 41
0.374 43
0.163 47
0.75 36
0.375 44
0.482 48
0.246 46
0.141 42
0.254 42
0.296 41
0.365 44
0.233 43
0.394 42
0.417 43
0.71 43
0.306 41
0.286 45
0.225 43
0.406 45
0.254 43
0.451 43
0.432 43
0.354 42
0.476 43
0.596 46
0.179 45
0.237 43
0.213 46
0.435 20
0.279 43
0.314 40
0.329 19
0.244 40
0.446 42
0.343 41
0.682 45
0.375 37
0.171 39
0.282 40
0.544 31
0.435 43
0.206 41
0.381 41
0.229 38
0.321 40
0.158 41
0.224 42
0.327 43
0.285 43
0.689 19
0.295 40
0.401 42
0.445 42
0.385 42
0.759 41
0.498 40
0.424 39
0.304 46
0.183 42
0.467 40
0.526 42
0.333 41
0.424 40
0.532 43
0.252 43
0.422 41
0.362 39
0.158 41
0.378 43
0.499 40
0.525 30
0.51 41
0.469 39
0.39 44
0.519 39
0.628 40
0.385 42
0.422 41
0.251 19
0.569 18
0.467 18
0.472 19
0.483 1
0.309 42
0.724 33
0.443 0
0.429 37
0.578 26
0.416 16
0.863 37
0.424 38
0.599 40
0.399 37
0.51 36
0.54 36
0.683 34
0.682 39
0.668 16
0.253 40
0.425 41
0.284 40
0.483 39
0.108 39
0.206 39
0.193 32
0.195 42
0.309 41
0.316 41
0.368 36
0.43 43
0.145 41
0.396 39
0.467 16
0.218 39
0.418 41
0.692 40
0.519 37
0.647 40
0.321 39
0.558 38
0.0663 41
0.393 41
0.394 16
0.631 15
0.503 16
0.259 43
0.306 35
0.662 15
0.289 37
0.229 16
0.463 16
0.334 15
0.217 39
0.515 0
0.458 36
0.251 38
0.383 38
0.33 38
0.45 34
0.374 35
0.551 39
0.54 37
0.581 39
0.406 38
0.655 34
0.204 37
0.534 41
0.0866 37
0.314 38
0.313 14
0.355 34
0.34 38
0.173 36
0.526 36
0.19 40
0.211 39
0.574 37
0.436 39
0.312 39
0.37 41
0.18 40
0.264 39
0.301 32
0.501 14
0.155 29
0.118 36
0.402 15
0.49 39
0.25 39
0.248 39
0.551 39
0.495 14
0.481 39
0.181 37
0.143 38
0.434 15
0.657 14
0.148 14
0.662 14
0.202 15
0.313 15
0.764 22
0.323 36
0.258 30
0.393 30
0.27 38
0.147 36
0.281 36
0.411 13
0.69 35
0.38 23
0.3 40
0.106 38
0.62 36
0.482 37
0.349 37
0.292 35
0.145 38
0.422 37
0.589 32
0.247 37
0.213 31
0.403 33
0.638 32
0.61 14
0.386 38
0.472 36
0.208 13
0.252 40
0.421 33
0.321 35
0.353 13
0.474 33
0.57 36
0.485 13
0.404 12
0.372 13
0.431 13
0.167 13
0.386 13
0.163 37
0.399 13
0.277 13
0.611 13
0.793 13
0.545 13
0.257 13
0.264 13
0.631 12
0.405 13
0.471 13
0.616 29
0.347 24
0.383 38
0.612 21
0.169 35
0.304 36
0.661 23
0.314 32
0.468 37
0.444 32
0.193 36
0.402 30
0.608 35
0.258 36
0.395 32
0.327 36
0.381 33
0.577 34
0.292 37
0.398 38
0.264 37
0.187 36
0.149 33
0.377 36
0.5 37
0.327 36
0.383 35
0.343 38
0.151 28
0.252 40
0.135 37
0.268 37
0.371 34
0.278 13
0.297 36
0.676 11
0.203 35
0.567 13
0.596 3
0.31 13
0.279 11
0.584 27
0.714 11
0.378 14
0.312 12
0.261 12
0.309 11
0.385 13
0.699 11
0.506 36
0.825 34
0.244 36
0.446 33
0.431 29
0.191 35
0.644 28
0.434 37
0.709 34
0.574 33
0.447 36
0.586 36
0.825 35
0.509 29
0.498 24
0.139 36
0.494 26
0.368 34
0.498 34
0.249 10
0.495 32
0.214 32
0.586 38
0.449 36
0.506 37
0.357 11
0.383 37
0.199 11
0.455 35
0.314 36
0.0946 36
0.327 12
0.187 32
0.401 37
0.232 36
0.451 12
0.194 35
0.344 37
0.384 36
0.421 12
0.511 11
0.202 11
0.589 12
0.152 36
0.415 11
0.375 11
0.88 10
0.334 12
0.397 12
0.179 11
0.362 12
0.361 12
0.348 34
0.45 17
0.554 28
0.18 21
0.654 31
0.451 30
0.502 35
0.473 30
0.124 34
0.194 34
0.458 34
0.404 38
0.67 21
0.208 35
0.264 9
0.62 10
0.43 33
0.396 34
0.293 32
0.733 29
0.436 30
0.489 9
0.339 33
0.321 29
0.423 34
0.462 33
0.616 10
0.362 10
0.13 36
0.522 32
0.317 0
0.571 2
0.376 0
0.426 10
0.337 10
0.666 32
0.286 0
0.332 35
0.286 34
0.565 9
0.272 34
0.478 10
0.375 9
0.552 11
0.188 9
0.418 10
0.414 11
0.349 10
0.387 11
0.416 10
0.353 33
0.356 36
0.284 32
0.168 31
0.646 34
0.417 34
0.303 35
0.608 33
0.175 32
0.557 31
0.301 34
0.622 28
0.355 35
0.528 32
0.146 35
0.261 31
0.232 10
0.543 22
0.219 34
0.186 31
0.261 32
0.188 10
0.736 30
0.317 10
0.798 11
0.172 35
0.157 35
0.258 33
0.243 11
0.407 32
0.14 32
0.658 10
0.402 10
0.287 1
0.764 10
0.463 3
0.476 10
0.557 35
0.497 10
0.705 0
0.462 1
0.435 11
0.696 10
0.517 10
0.264 0
0.43 10
0.212 10
0.657 25
0.404 11
0.394 10
0.608 8
0.195 26
0.337 33
0.585 16
0.42 32
0.396 31
0.441 25
0.641 26
0.779 19
0.386 27
0.368 31
0.316 32
0.286 32
0.406 35
0.487 27
0.238 30
0.414 35
0.41 31
0.238 30
0.576 27
0.241 32
0.268 34
0.55 31
0.453 29
0.453 10
0.282 33
0.339 33
0.613 20
0.358 9
0.654 3
0.153 11
0.3 8
0.429 3
0.535 27
0.4 26
0.657 10
0.503 8
0.4 25
0.254 31
0.439 8
0.56 10
0.583 8
0.667 10
0.553 31
0.214 9
0.446 9
0.739 10
0.349 11
0.564 9
0.397 26
0.676 24
0.615 20
0.313 16
0.35 25
0.673 29
0.678 30
0.35 8
0.252 31
0.537 28
0.186 31
0.452 32
0.485 29
0.575 29
0.693 27
0.301 24
0.288 28
0.149 9
0.425 31
0.722 32
0.397 32
0.691 28
0.588 32
0.733 22
0.296 33
0.771 8
0.236 33
0.666 14
0.523 28
0.445 7
0.342 28
0.339 8
0.599 28
0.281 32
0.31 9
0.744 9
0.396 8
0.317 27
0.789 17
0.858 8
0.103 30
0.504 9
0.525 8
0.356 9
0.452 7
0.65 9
0.503 8
0.533 9
0.543 34
0.585 9
0.718 8
0.517 33
0.305 31
0.28 29
0.531 33
0.224 29
0.45 31
0.44 7
0.373 25
0.291 30
0.271 8
0.418 28
0.37 32
0.626 32
0.265 34
0.248 31
0.246 27
0.232 26
0.369 31
0.318 30
0.252 8
0.233 28
0.271 9
0.298 33
0.339 32
0.191 29
0.368 8
0.614 8
0.239 27
0.733 24
0.474 30
0.333 26
0.49 8
0.606 9
0.419 7
0.781 33
0.587 9
0.354 9
0.795 8
0.21 8
0.614 8
0.399 9
0.632 7
0.289 9
0.651 7
0.492 9
0.682 8
0.473 8
0.186 8
0.287 7
0.516 7
0.462 28
0.287 33
0.544 30
0.466 33
0.187 23
0.463 21
0.491 9
0.283 34
0.562 30
0.567 15
0.596 25
0.336 9
0.793 30
0.138 7
0.365 2
0.283 25
0.365 30
0.161 27
0.301 27
0.421 33
0.3 26
0.2 9
0.237 8
0.813 9
0.116 35
0.539 26
0.155 32
0.429 8
0.701 9
0.341 32
0.683 23
0.374 9
0.546 9
0.229 9
0.123 35
0.549 8
0.396 8
0.113 34
0.242 9
0.651 8
0.745 9
0.309 9
0.668 8
0.567 9
0.621 9
0.393 8
0.504 9
0.38 8
0.91 9
0.737 8
0.383 35
0.261 16
0.227 25
0.35 18
0.422 27
0.385 29
0.108 28
0.351 19
0.492 22
0.577 7
0.593 27
0.619 25
0.216 29
0.489 7
0.24 31
0.359 22
0.71 5
0.314 24
0.741 5
0.199 7
0.312 27
0.57 31
0.426 21
0.223 6
0.408 12
0.383 25
0.307 6
0.365 27
0.149 25
0.357 5
0.257 28
0.581 7
0.414 23
0.886 6
0.5 7
0.354 5
0.544 6
0.579 6
0.366 6
0.531 24
0.539 5
0.483 6
0.413 5
0.298 6
0.0677 2
0.494 5
0.424 7
0.609 6
0.584 6
0.451 1
0.154 28
0.0987 18
0.32 28
0.483 28
0.596 0
0.18 26
0.715 18
0.357 21
0.46 14
0.51 20
0.0414 26
0.312 28
0.426 6
0.655 12
0.456 22
0.304 26
0.486 23
0.419 26
0.306 28
0.545 12
0.38 14
0.0406 28
0.392 20
0.406 25
0.541 9
0.257 26
0.338 30
0.452 23
0.351 24
0.474 25
0.483 6
0.657 5
0.397 28
0.48 5
0.135 25
0.305 5
0.519 5
0.692 7
0.375 6
0.193 4
0.802 7
0.434 6
0.0282 24
0.303 5
0.79 4
0.681 5
0.406 5
0.194 28
0.439 5
0.527 5
0.361 23
0.443 31
0.746 21
0.693 22
0.364 27
0.468 28
0.377 18
0.466 23
0.367 30
0.562 24
0.437 27
0.34 25
0.427 32
0.483 29
0.59 19
0.289 27
0.0414 26
0.347 5
0.215 27
0.711 25
0.724 14
0.306 28
0.419 26
0.543 5
0.283 26
0.226 33
0.506 15
0.11 26
0.549 23
0.164 26
0.331 26
0.316 6
0.618 17
0.354 23
0.223 27
0.428 6
0.451 24
0.438 6
0.646 24
0.341 5
0.551 6
0.0816 28
0.351 6
0.339 6
0.869 7
0.328 5
0.27 7
0.191 1
0.566 6
0.84 7
0.373 0
0.176 29
0.716 19
0.283 5
0.383 0
0.459 31
0.344 28
0.47 27
0.423 26
0.316 27
0.59 20
0.368 25
0.659 21
0.414 6
0.213 17
0.574 31
0.492 27
0.493 27
0.494 16
0.557 20
0.211 25
0.218 28
0.567 5
0.525 5
0.628 20
0.502 5
0.293 5
0.545 21
0.354 6
0.269 28
0.223 7
0.348 29
0.678 7
0.742 7
0.282 5
0.389 6
0.642 5
0.559 5
0.417 5
0.424 6
0.382 5
0.448 7
0.812 6
0.61 5
0.217 5
0.377 5
0.4 6
0.43 6
0.208 5
0.4 7
0.238 30
0.208 21
0.776 28
0.13 19
0.27 23
0.475 26
0.183 24
0.42 30
0.175 22
0.323 26
0.521 27
0.445 28
0.45 28
0.686 20
0.675 29
0.35 22
0.57 5
0.619 21
0.151 27
0.515 18
0.308 27
0.696 31
0.672 15
0.361 4
0.566 25
0.742 27
0.557 27
0.223 24
0.285 26
0.499 21
0.413 28
0.362 26
0.318 5
0.56 20
0.176 29
0.474 5
0.451 24
0.471 6
0.349 29
0.573 16
0.268 5
0.576 5
0.63 7
0.506 5
0.429 5
0.296 6
0.226 2
0.716 6
0.694 6
0.759 6
0.534 74
0.65 53
0.712 77
0.491 82
0.44 74
0.452 74
0.728 76
0.922 78
0.609 64
0.596 54
0.732 74
0.578 68
0.744 66
0.817 72
0.87 83
0.695 0
0.719 0
0.625 1
0.93 1
0.452 67
0.93 1
0.165 0
0.165 1
0.165 0
0.724 3
0.93 0
0.165 0
0.165 0
0.165 0
0.165 0
0.165 0
0.165 0
0.165 0
0.789 3
0.165 0
0.946 2
0.946 0
0.165 0
0.375 2
0.806 1
0.165 0
0.375 0
0.165 0
0.93 1
0.165 0
0.821 3
0.604 0
0.178 0
0.375 0
0.655 0
0.65 76
0.761 67
0.575 72
0.79 60
0.727 74
0.8 75
0.684 70
0.906 70
0.243 67
0.687 71
0.699 67
0.468 0
0.307 1
0.71 65
0.782 69
0.468 0
0.307 0
0.545 0
0.741 65
0.598 63
0.307 0
0.332 66
0.748 77
0.26 70
0.75 0
0.75 0
0.523 65
0.843 78
0.75 1
0.652 78
0.545 0
0.75 0
0.637 74
0.75 0
0.51 59
0.738 0
0.7 0
0.7 3
0.621 65
0.545 0
0.764 0
0.764 0
0.606 0
0.63 0
0.886 1
0.7 0
0.514 0
0.7 0
0.97 0
0.306 0
0.677 68
0.694 65
0.686 37
0.615 75
0.529 65
0.598 46
0.555 65
0.788 75
0.46 67
0.884 63
0.314 61
0.554 74
0.803 63
0.687 66
0.319 57
0.311 53
0.543 63
0.464 60
0.719 70
0.8 64
0.829 60
0.351 62
0.752 68
0.528 66
0.436 55
0.694 63
0.801 72
0.436 58
0.813 66
0.711 62
0.949 73
0.306 0
0.724 60
0.306 0
0.361 0
0.361 0
0.656 1
0.656 0
0.785 65
0.582 54
0.686 0
0.686 1
0.686 1
0.659 0
0.784 1
0.298 0
0.686 0
0.877 0
0.784 0
0.918 50
0.448 52
0.311 40
0.696 72
0.701 72
0.379 46
0.799 59
0.623 62
0.352 56
0.813 62
0.782 54
0.379 49
0.481 56
0.939 49
0.847 59
0.489 55
0.615 55
0.707 56
0.82 73
0.287 0
0.404 0
0.584 0
0.584 0
0.404 1
0.757 61
0.626 72
0.782 54
0.404 0
0.825 63
0.396 57
0.675 74
0.852 44
0.732 45
0.15 66
0.221 45
0.376 61
0.516 0
0.516 0
0.487 70
0.516 0
0.724 45
0.756 46
0.907 46
0.882 45
0.645 0
0.633 44
0.959 47
0.696 47
0.892 46
0.499 0
0.829 45
0.495 60
0.766 59
0.374 64
0.443 44
0.415 52
0.82 48
0.581 52
0.561 52
0.357 55
0.306 67
0.77 59
0.651 67
0.684 62
0.463 56
0.749 42
0.672 59
0.774 70
0.48 56
0.662 61
0.419 67
0.677 60
0.489 65
0.748 60
0.819 53
0.583 73
0.535 68
0.309 0
0.309 0
0.309 0
0.309 0
0.879 43
0.645 43
0.305 44
0.633 0
0.633 0
0.675 1
0.255 2
0.675 0
0.769 44
0.571 42
0.788 44
0.823 0
0.854 44
0.905 42
0.84 45
0.754 44
0.813 45
0.555 44
0.768 44
0.967 45
0.812 75
0.451 54
0.905 60
0.448 52
0.813 29
0.607 46
0.744 63
0.476 0
0.409 67
0.934 60
0.77 2
0.786 63
0.462 51
0.77 0
0.716 42
0.838 70
0.595 42
0.477 41
0.563 0
0.563 0
0.902 1
0.902 0
0.461 0
0.736 1
0.563 0
0.902 0
0.736 0
0.711 43
0.736 0
0.563 0
0.261 41
0.75 0
0.185 42
0.342 41
0.828 43
0.823 41
0.743 42
0.849 43
0.903 43
0.898 42
0.742 42
0.758 44
0.862 41
0.559 43
0.541 42
0.783 42
0.91 43
0.795 43
0.624 42
0.889 41
0.728 64
0.793 53
0.636 74
0.457 54
0.822 50
0.698 50
0.473 53
0.825 55
0.875 53
0.493 52
0.602 55
0.741 65
0.584 52
0.857 64
0.658 50
0.363 61
0.788 42
0.825 64
0.804 64
0.723 0
0.764 0
0.339 0
0.876 0
0.46 64
0.371 0
0.848 41
0.897 41
0.903 41
0.886 41
0.739 40
0.712 40
0.892 41
0.038 41
0.849 40
0.481 41
0.839 40
0.949 41
0.954 40
0.479 42
0.944 41
0.604 0
0.469 41
0.887 41
0.885 42
0.89 41
0.667 42
0.929 41
0.555 42
0.871 41
0.265 42
0.451 49
0.731 52
0.687 44
0.812 53
0.77 61
0.801 62
0.712 39
0.376 40
0.872 39
0.738 51
0.41 0
0.274 0
0.337 52
0.274 0
0.274 0
0.676 40
0.725 66
0.88 40
0.454 40
0.384 40
0.814 39
0.313 40
0.181 40
0.482 39
0.477 39
0.743 40
0.556 39
0.324 39
0.534 40
0.591 39
0.977 41
0.703 40
0.717 39
0.535 40
0.767 40
0.705 40
0.7 39
0.566 40
0.893 40
0.628 40
0.57 39
0.853 41
0.884 41
0.646 39
0.744 41
0.804 40
0.796 41
0.866 40
0.472 39
0.314 40
0.533 63
0.706 44
0.608 54
0.654 57
0.545 61
0.867 44
0.606 39
0.247 59
0.635 58
0.48 57
0.7 63
0.622 39
0.261 39
0.931 68
0.553 55
0.274 0
0.342 1
0.274 0
0.732 39
0.536 39
0.704 40
0.453 38
0.393 52
0.378 39
0.753 39
0.815 40
0.571 38
0.849 68
0.448 38
0.171 40
0.865 39
0.881 39
0.601 39
0.932 39
0.851 40
0.634 38
0.785 40
0.133 39
0.597 39
0.777 39
0.795 39
0.568 38
0.976 39
0.575 39
0.935 39
0.689 38
0.166 38
0.522 40
0.712 38
0.757 38
0.847 62
0.706 55
0.713 58
0.18 63
0.609 30
0.679 53
0.742 65
0.594 58
0.822 53
0.794 38
0.604 62
0.281 39
0.516 38
0.528 61
0.704 66
0.691 38
0.737 38
0.677 38
0.861 39
0.687 59
0.913 38
0.621 34
0.465 38
0.893 40
0.721 48
0.76 38
0.54 37
0.192 38
0.443 38
0.626 38
0.528 38
0.477 38
0.114 38
0.667 38
0.361 40
0.476 38
0.48 38
0.834 38
0.952 39
0.916 38
0.82 40
0.918 39
0.869 38
0.857 38
0.806 38
0.628 38
0.584 40
0.868 39
0.415 38
0.898 38
0.694 48
0.496 10
0.902 72
0.931 54
0.619 60
0.509 40
0.749 54
0.578 38
0.831 46
0.713 65
0.718 37
0.402 38
0.469 38
0.417 63
0.477 38
0.678 59
0.496 38
0.726 37
0.975 64
0.82 62
0.559 38
0.632 37
0.12 0
0.889 37
0.197 37
0.172 0
0.172 0
0.758 37
0.12 0
0.12 0
0.12 0
0.465 38
0.792 37
0.683 38
0.12 0
0.471 38
0.643 38
0.528 37
0.795 38
0.172 0
0.171 37
0.202 0
0.202 0
0.477 39
0.774 37
0.657 39
0.862 38
0.979 37
0.824 38
0.711 39
0.736 65
0.75 65
0.579 44
0.565 45
0.582 39
0.203 51
0.514 37
0.324 54
0.824 60
0.635 37
0.723 37
0.484 36
0.859 65
0.295 48
0.724 37
0.649 37
0.925 39
0.709 0
0.385 37
0.837 37
0.499 37
0.775 2
0.538 38
0.828 37
0.775 0
0.598 38
0.775 0
0.775 0
0.731 0
0.831 36
0.603 37
0.775 0
0.598 37
0.866 0
0.731 0
0.543 37
0.866 0
0.158 37
0.328 37
0.865 38
0.793 37
0.639 38
0.953 38
0.825 38
0.869 38
0.646 37
0.898 38
0.885 38
0.45 38
0.22 37
0.588 47
0.69 43
0.302 46
0.897 50
0.184 0
0.801 36
0.721 37
0.604 52
0.93 37
0.501 37
0.598 0
0.13 38
0.165 57
0.502 37
0.604 0
0.604 0
0.891 37
0.747 38
0.649 37
0.635 36
0.146 36
0.72 36
0.4 36
0.495 0
0.495 0
0.822 36
0.875 37
0.54 37
0.935 68
0.992 66
0.499 36
0.422 37
0.701 36
0.704 37
0.756 37
0.429 36
0.827 36
0.94 38
0.629 37
0.643 38
0.421 37
0.836 38
0.159 36
0.744 38
0.93 37
0.723 38
0.858 37
0.945 38
0.949 36
0.688 38
0.981 63
0.878 63
0.209 45
0.8 49
0.905 63
0.215 37
0.739 60
0.449 37
0.473 36
0.742 48
0.87 36
0.229 36
0.456 36
0.864 36
0.411 0
0.411 0
0.411 0
0.705 36
0.862 36
0.561 36
0.883 37
0.783 37
0.531 36
0.718 37
0.942 36
0.668 38
0.318 36
0.979 36
0.759 37
0.689 36
0.789 38
0.212 36
0.207 36
0.716 36
0.939 38
0.639 37
0.202 36
0.851 38
0.222 37
0.449 37
0.669 38
0.856 36
0.632 36
0.634 36
0.77 37
0.553 36
0.481 36
0.623 38
0.824 38
0.694 38
0.655 55
0.623 50
0.536 31
0.385 52
0.452 35
0.742 65
0.611 47
0.275 36
0.694 35
0.511 36
0.705 36
0.369 37
0.683 36
0.412 36
0.865 66
0.411 53
0.774 36
0.775 58
0.829 56
0.369 55
0.678 36
0.795 58
0.595 36
0.359 37
0.652 36
0.575 55
0.577 37
0.433 37
0.775 37
0.889 36
0.826 37
0.459 36
0.824 35
0.823 36
0.269 35
0.728 37
0.918 37
0.588 55
0.829 37
0.767 36
0.437 36
0.725 37
0.815 37
0.953 36
0.806 37
0.922 37
0.889 36
0.97 37
0.334 36
0.228 36
0.629 42
0.616 53
0.658 62
0.749 64
0.885 36
0.792 35
0.323 35
0.434 35
0.872 59
0.41 60
0.552 35
0.621 36
0.591 0
0.61 59
0.591 0
0.225 35
0.59 37
0.661 35
0.591 0
0.864 36
0.913 35
0.66 35
0.639 35
0.668 36
0.839 36
0.65 57
0.909 36
0.896 37
0.913 36
0.471 36
0.697 35
0.705 35
0.457 35
0.531 35
0.824 36
0.834 36
0.534 0
0.534 0
0.534 0
0.534 0
0.787 35
0.534 0
0.819 37
0.805 37
0.812 35
0.648 37
0.771 35
0.903 36
0.674 36
0.823 37
0.827 56
0.595 54
0.719 40
0.715 62
0.525 43
0.636 66
0.981 66
0.821 59
0.745 59
0.747 58
0.478 36
0.229 4
0.358 57
0.361 58
0.884 35
0.481 35
0.0288 35
0.686 35
0.924 36
0.965 35
0.486 35
0.155 35
0.906 36
0.0429 36
0.0339 35
0.439 35
0.874 36
0.826 36
0.559 35
0.0756 35
0.932 35
0.869 35
0.422 35
0.252 35
0.731 36
0.58 35
0.517 36
0.193 35
0.479 36
0.612 36
0.838 35
0.331 35
0.613 35
0.23 35
0.716 36
0.857 36
0.871 37
0.212 35
0.873 36
0.884 37
0.521 62
0.504 52
0.469 50
0.309 57
0.48 48
0.525 35
0.452 36
0.715 35
0.726 35
0.884 69
0.583 56
0.436 35
0.516 35
0.733 64
0.309 34
0.8 34
0.541 34
0.279 35
0.394 34
0.931 35
0.66 0
0.904 67
0.542 35
0.398 35
0.25 35
0.375 35
0.339 36
0.865 35
0.569 35
0.0654 0
0.539 35
0.821 35
0.703 34
0.144 1
0.0654 0
0.144 0
0.144 0
0.946 34
0.144 0
0.913 36
0.505 35
0.323 35
0.144 0
0.851 36
0.347 35
0.802 35
0.656 36
0.559 35
0.733 36
0.771 36
0.576 51
0.881 66
0.375 38
0.679 63
0.97 26
0.79 53
0.837 55
0.863 34
0.759 54
0.208 35
0.717 35
0.551 34
0.855 35
0.787 60
0.63 34
0.574 67
0.89 36
0.359 35
0.755 34
0.844 35
0.71 34
0.734 35
0.726 34
0.689 36
0.619 0
0.488 0
0.93 36
0.378 34
0.488 0
0.762 35
0.32 34
0.867 35
0.209 34
0.648 36
0.94 36
0.321 34
0.643 36
0.905 35
0.52 34
0.964 36
0.63 36
0.635 0
0.928 35
0.809 36
0.873 36
0.426 36
0.746 35
0.351 35
0.37 35
0.678 35
0.643 52
0.588 43
0.64 35
0.733 34
0.269 36
0.526 34
0.819 34
0.209 47
0.617 56
0.703 34
0.872 35
0.217 34
0.354 34
0.624 35
0.919 35
0.939 61
0.853 34
0.782 34
0.779 35
0.452 34
0.872 34
0.92 63
0.554 34
0.388 34
0.919 35
0.0595 34
0.931 62
0.398 35
0.701 35
0.747 34
0.501 34
0.831 34
0.682 35
0.432 0
0.432 0
0.559 34
0.879 35
0.297 34
0.468 35
0.308 0
0.308 0
0.308 0
0.877 35
0.453 35
0.308 0
0.544 34
0.974 36
0.635 36
0.709 35
0.759 36
0.65 76
0.795 87
0.65 53
0.761 67
0.726 77
0.684 70
0.478 74
0.8 75
0.711 82
0.573 80
0.902 85
0.616 70
0.687 71
0.719 76
0.906 70
0.939 45
0.939 80
0.719 0
0.695 0
0.931 4
0.931 1
0.839 1
0.931 1
0.625 1
0.886 1
0.931 0
0.907 2
0.973 0
0.98 0
0.907 0
0.527 1
0.973 1
0.78 0
0.973 0
0.606 0
0.63 0
0.771 0
0.97 0
0.434 1
0.775 1
0.907 2
0.858 2
0.858 1
0.858 2
0.93 1
0.859 0
0.782 0
0.813 0
0.743 1
0.875 0
0.677 68
0.448 52
0.694 65
0.354 68
0.686 37
0.768 47
0.686 73
0.887 61
0.555 65
0.884 63
0.314 61
0.803 63
0.687 66
0.543 63
0.464 60
0.963 76
0.829 60
0.8 64
0.351 62
0.694 63
0.801 72
0.836 70
0.678 72
0.752 68
0.501 79
0.546 0
0.723 0
0.799 0
0.533 2
0.831 0
0.86 1
0.23 0
0.686 1
0.867 0
0.686 1
0.686 0
0.897 0
0.23 0
0.23 0
0.686 0
0.867 0
0.23 0
0.23 0
0.867 0
0.23 0
0.23 0
0.533 0
0.544 0
0.89 0
0.23 0
0.584 73
0.728 64
0.839 69
0.825 55
0.552 60
0.771 70
0.622 66
0.451 54
0.477 65
0.766 59
0.483 72
0.358 68
0.5 71
0.573 72
0.971 64
0.905 60
0.742 67
0.793 69
0.443 59
0.788 74
0.471 68
0.738 76
0.803 64
0.652 73
0.89 50
0.876 1
0.721 70
0.73 75
0.687 74
0.861 0
0.818 0
0.839 43
0.577 1
0.883 0
0.877 0
0.928 0
0.717 0
0.419 0
0.818 0
0.92 1
0.863 0
0.92 0
0.926 0
0.926 0
0.92 0
0.92 0
0.926 0
0.92 0
0.92 1
0.92 0
0.706 44
0.876 71
0.68 62
0.714 56
0.694 48
0.307 26
0.839 54
0.584 60
0.354 62
0.579 44
0.473 66
0.878 63
0.429 27
0.233 64
0.942 72
0.879 53
0.891 63
0.827 49
0.958 53
0.852 69
0.571 46
0.938 60
0.785 59
0.868 66
0.905 63
0.783 71
0.408 41
0.801 0
0.383 71
0.452 39
0.538 0
0.538 0
0.538 0
0.538 0
0.818 0
0.788 1
0.538 0
0.95 38
0.538 0
0.814 41
0.538 0
0.538 0
0.538 0
0.538 0
0.538 0
0.538 0
0.538 0
0.833 0
0.538 0
0.632 0
0.847 62
0.484 63
0.642 63
0.782 59
0.467 55
0.385 52
0.829 48
0.595 51
0.538 61
0.71 58
0.886 56
0.533 69
0.658 62
0.547 62
0.521 69
0.793 63
0.759 54
0.727 64
0.414 65
0.595 54
0.796 44
0.708 48
0.695 72
0.882 71
0.72 65
0.759 49
0.778 44
0.609 67
0.794 57
0.739 68
0.401 65
0.596 65
0.825 49
0.64 59
0.547 63
0.642 60
0.933 68
0.812 73
0.914 69
0.813 35
0.509 34
0.795 56
0.842 56
0.743 65
0.951 64
0.82 38
0.808 35
0.72 35
0.731 0
0.731 1
0.583 56
0.895 43
0.704 64
0.755 52
0.55 14
0.88 45
0.737 63
0.679 53
0.459 65
0.798 43
0.812 22
0.678 39
0.702 17
0.764 13
0.655 64
0.784 11
0.462 32
0.345 10
0.542 11
0.728 14
0.606 10
0.573 56
0.723 11
0.869 64
0.829 10
0.663 12
0.788 62
0.788 38
0.722 51
0.312 34
0.492 32
0.264 32
0.831 34
0.589 68
0.604 61
0.559 64
0.181 34
0.79 0
0.704 0
0.875 0
0.704 0
0.704 0
0.704 0
0.704 0
0.704 0
0.704 0
0.704 0
0.875 0
0.492 0
0.856 0
0.813 50
0.632 50
0.716 48
0.949 55
0.762 54
0.815 44
0.761 46
0.831 53
0.704 39
0.706 50
0.621 48
0.42 65
0.783 55
0.687 44
0.646 50
0.826 22
0.706 52
0.837 62
0.503 55
0.92 45
0.893 66
0.802 70
0.807 38
0.853 57
0.781 48
0.848 46
0.848 46
0.882 63
0.801 56
0.839 64
0.987 53
0.441 59
0.896 66
0.608 63
0.926 68
0.766 32
0.764 69
0.609 59
0.825 31
0.904 32
0.913 66
0.476 0
0.704 0
0.704 0
0.704 0
0.86 64
0.839 68
0.704 0
0.875 0
0.875 0
0.705 49
0.813 21
0.539 53
0.687 48
0.886 47
0.719 51
0.676 18
0.722 41
0.411 18
0.593 47
0.815 60
0.78 55
0.629 52
0.521 64
0.743 44
0.714 64
0.946 19
0.651 60
0.684 50
0.837 64
0.876 20
0.564 50
0.715 58
0.398 49
0.649 57
0.809 52
0.943 52
0.942 68
0.91 66
0.755 64
0.376 66
0.568 59
0.869 65
0.62 31
0.859 64
0.815 30
0.814 61
0.592 30
0.65 29
0.705 65
0.379 31
0.756 30
0.923 62
0.888 31
0.46 29
0.866 30
0.919 29
0.905 30
0.857 32
0.528 30
0.274 45
0.38 40
0.71 55
0.554 56
0.697 50
0.836 35
0.798 38
0.514 50
0.618 59
0.83 46
0.869 53
0.319 57
0.967 65
0.821 28
0.46 52
0.864 51
0.436 62
0.503 28
0.946 52
0.877 44
0.969 56
0.879 42
0.663 29
0.585 4
0.676 63
0.996 56
0.886 44
0.673 0
0.764 29
0.76 29
0.601 29
0.672 31
0.788 62
0.868 29
0.586 65
0.91 30
0.524 29
0.961 27
0.423 1
0.949 47
0.921 29
0.567 28
0.911 29
0.669 29
0.833 29
0.487 29
0.765 29
0.754 31
0.665 30
0.741 29
0.528 55
0.922 51
0.6 49
0.84 45
0.686 50
0.648 37
0.892 40
0.498 54
0.692 48
0.877 40
0.736 45
0.609 36
0.736 54
0.922 41
0.677 67
0.802 63
0.784 56
0.408 58
0.538 53
0.913 57
0.91 64
0.532 26
0.879 39
0.777 51
0.416 63
0.602 28
0.893 27
0.469 56
0.706 63
0.479 27
0.894 54
0.734 30
0.856 28
0.953 27
0.566 59
0.935 26
0.747 29
0.766 28
0.915 63
0.592 29
0.536 29
0.673 28
0.875 27
0.443 28
0.645 28
0.581 29
0.639 27
0.877 27
0.871 61
0.728 27
0.593 49
0.615 48
0.701 37
0.609 62
0.673 44
0.879 15
0.903 42
0.687 47
0.471 44
0.976 14
0.86 25
0.885 66
0.971 57
0.385 49
0.907 58
0.871 61
0.873 63
0.765 26
0.717 26
0.159 27
0.431 29
0.647 64
0.731 26
0.979 26
0.69 26
0.776 27
0.658 58
0.834 26
0.599 26
0.636 27
0.732 57
0.441 28
0.905 28
0.741 26
0.912 26
0.865 26
0.82 28
0.835 27
0.945 26
0.777 26
0.942 26
0.809 26
0.636 27
0.927 28
0.663 26
0.791 27
0.845 27
0.836 26
0.5 28
0.923 27
0.617 45
0.635 47
0.6 47
0.695 45
0.559 59
0.926 59
0.687 42
0.613 57
0.625 37
0.561 45
0.741 26
0.598 46
0.357 42
0.802 39
0.578 63
0.701 49
0.759 49
0.882 60
0.728 49
0.51 60
0.663 26
0.831 26
0.996 48
0.905 58
0.425 27
0.516 58
0.795 64
0.752 27
0.556 25
0.688 27
0.928 26
0.71 26
0.464 26
0.57 25
0.703 25
0.644 26
0.414 27
0.875 26
0.985 27
0.878 26
0.571 63
0.715 57
0.592 26
0.625 26
0.801 26
0.95 25
0.729 25
0.667 26
0.492 25
0.919 25
0.874 52
0.803 55
0.433 49
0.51 54
0.822 60
0.863 41
0.603 47
0.504 43
0.591 53
0.826 51
0.665 56
0.721 54
0.577 62
0.834 45
0.823 59
0.873 46
0.755 14
0.78 52
0.792 25
0.575 56
0.417 59
0.742 53
0.687 40
0.782 36
0.571 51
0.684 59
0.846 25
0.664 25
0.78 25
0.612 49
0.651 26
0.729 26
0.581 25
0.705 25
0.994 64
0.855 59
0.484 54
0.904 27
0.806 56
0.76 26
0.555 26
0.716 26
0.67 25
0.935 25
0.863 62
0.661 26
0.662 26
0.599 25
0.548 26
0.663 25
0.858 52
0.421 50
0.969 61
0.679 47
0.864 42
0.625 38
0.828 38
0.835 48
0.646 45
0.865 53
0.743 45
0.693 43
0.914 51
0.744 46
0.599 44
0.956 41
0.945 55
0.746 50
0.89 56
0.524 27
0.243 52
0.958 40
0.81 39
0.712 48
0.742 60
0.748 47
0.931 43
0.624 60
0.793 24
0.828 24
0.79 24
0.625 25
0.872 53
0.812 25
0.676 25
0.597 46
0.89 24
0.71 25
0.945 25
0.896 24
0.952 25
0.841 25
0.796 24
0.843 24
0.574 25
0.761 25
0.59 25
0.879 25
0.84 26
0.64 25
0.935 46
0.583 41
0.636 38
0.655 34
0.754 22
0.918 52
0.745 27
0.84 39
0.378 53
0.685 45
0.816 25
0.729 41
0.581 51
0.823 47
0.875 57
0.886 23
0.222 25
0.891 24
0.802 57
0.278 59
0.307 25
0.893 24
0.908 24
0.711 24
0.784 50
0.503 25
0.714 58
0.886 24
0.864 64
0.862 25
0.654 24
0.782 26
0.728 25
0.762 25
0.492 52
0.664 24
0.496 26
0.79 26
0.73 24
0.944 24
0.78 25
0.89 24
0.703 24
0.788 24
0.903 60
0.74 25
0.948 26
0.828 24
0.981 25
0.829 25
0.375 50
0.731 28
0.625 47
0.498 43
0.855 39
0.843 38
0.942 39
0.728 50
0.818 46
0.256 49
0.721 23
0.866 44
0.742 24
0.908 62
0.672 59
0.272 41
0.784 54
0.313 51
0.737 47
0.787 59
0.866 63
0.954 23
0.918 49
0.86 23
0.469 58
0.526 23
0.933 54
0.678 23
0.295 24
0.553 23
0.528 24
0.93 24
0.937 26
0.913 25
0.518 24
0.356 61
0.912 25
0.867 24
0.375 24
0.923 24
0.902 24
0.806 26
0.834 24
0.619 59
0.913 23
0.415 25
0.861 24
0.62 25
0.645 24
0.667 24
0.955 46
0.464 33
0.883 12
0.749 40
0.643 23
0.687 44
0.874 19
0.571 31
0.516 52
0.764 50
0.686 37
0.727 49
0.657 55
0.77 23
0.757 50
0.162 63
0.772 23
0.908 25
0.849 61
0.496 24
0.643 23
0.951 23
0.471 23
0.452 23
0.517 23
0.714 25
0.849 25
0.507 24
0.672 23
0.926 25
0.744 23
0.696 23
0.554 23
0.613 24
0.695 23
0.589 24
0.457 23
0.822 25
0.932 24
0.91 24
0.844 24
0.589 24
0.93 24
0.863 24
0.347 24
0.963 23
0.587 24
0.946 23
0.264 24
0.556 23
0.789 43
0.717 29
0.785 38
0.822 44
0.871 40
0.168 44
0.717 47
0.553 41
0.568 22
0.619 47
0.895 55
0.753 46
0.689 57
0.876 12
0.656 50
0.67 41
0.474 24
0.547 44
0.933 12
0.829 23
0.542 23
0.452 24
0.666 51
0.894 47
0.635 23
0.543 22
0.83 51
0.649 24
0.85 23
0.43 57
0.884 23
0.5 24
0.793 24
0.805 22
0.441 24
0.733 23
0.81 24
0.883 24
0.522 23
0.332 23
0.643 23
0.871 22
0.958 23
0.846 23
0.795 24
0.78 24
0.672 24
0.879 23
0.805 24
0.774 24
0.501 40
0.878 12
0.721 44
0.59 12
0.628 11
0.857 42
0.918 15
0.74 61
0.65 41
0.552 43
0.379 52
0.611 56
0.816 34
0.844 45
0.931 49
0.452 24
0.645 37
0.0909 22
0.771 47
0.726 58
0.885 23
0.77 23
0.463 22
0.432 23
0.791 22
0.415 22
0.698 24
0.118 24
0.696 23
0.927 24
0.758 23
0.529 24
0.38 23
0.377 23
0.896 23
0.701 23
0.758 23
0.893 22
0.634 23
0.76 23
0.536 22
0.924 23
0.873 55
0.901 23
0.696 23
0.794 23
0.908 22
0.593 23
0.831 22
0.672 23
0.713 41
0.869 46
0.757 44
0.9 11
0.48 39
0.887 39
0.557 40
0.42 49
0.935 40
0.871 44
0.671 50
0.478 49
0.533 59
0.859 57
0.71 51
0.745 21
0.787 21
0.909 64
0.606 23
0.572 23
0.601 22
0.404 22
0.804 57
0.693 22
0.791 22
0.821 22
0.883 22
0.731 22
0.913 58
0.76 23
0.59 23
0.878 24
0.837 24
0.628 23
0.842 23
0.734 22
0.888 23
0.729 22
0.713 22
0.644 23
0.622 23
0.678 24
0.626 23
0.718 23
0.79 22
0.743 23
0.875 25
0.631 23
0.912 23
0.932 23
0.412 32
0.349 28
0.301 37
0.218 31
0.251 28
0.173 30
0.458 33
0.655 31
0.628 29
0.415 32
0.537 36
0.5 31
0.209 31
0.536 28
0.456 31
0.451 29
0.513 28
0.659 33
0.554 30
0.466 31
0.37 34
0.608 32
0.353 31
0.22 28
0.252 29
0.708 30
0.375 33
0.268 30
0.638 28
0.435 31
0.42 33
0.34 28
0.365 0
0.371 38
0.36 31
0.455 31
0.221 1
0.505 28
0.236 0
0.616 30
0.604 33
0.467 31
0.616 31
0.454 29
0.674 36
0.285 28
0.487 32
0.293 29
0.598 37
0.53 29
0.264 27
0.401 28
0.275 27
0.385 26
0.443 27
0.481 28
0.554 28
0.264 26
0.436 25
0.65 27
0.389 27
0.175 28
0.75 25
0.254 27
0.461 27
0.242 28
0.253 28
0.377 26
0.403 28
0.396 26
0.34 26
0.482 28
0.475 28
0.185 26
0.66 26
0.399 26
0.352 25
0.653 26
0.435 26
0.386 26
0.667 25
0.398 27
0.406 27
0.548 26
0.331 29
0.367 29
0.271 27
0.222 0
0.419 29
0.447 27
0.45 26
0.252 27
0.31 0
0.406 25
0.262 26
0.28 27
0.329 27
0.511 26
0.39 27
0.405 26
0.258 46
0.225 24
0.318 24
0.458 23
0.367 24
0.383 24
0.223 26
0.308 26
0.832 25
0.258 26
0.223 25
0.671 25
0.279 25
0.396 25
0.576 25
0.365 25
0.411 24
0.156 25
0.355 23
0.51 26
0.562 24
0.332 25
0.262 25
0.629 24
0.445 24
0.693 25
0.311 24
0.258 25
0.292 24
0.438 24
0.23 25
0.271 0
0.366 25
0.159 0
0.22 0
0.212 0
0.372 27
0.281 24
0.559 26
0.635 25
0.489 25
0.473 25
0.437 24
0.466 26
0.52 26
0.277 24
0.386 25
0.262 24
0.201 25
0.38 24
0.285 24
0.186 23
0.289 24
0.238 24
0.249 24
0.334 24
0.55 23
0.635 24
0.349 23
0.306 23
0.546 23
0.265 25
0.237 23
0.265 23
0.0547 24
0.511 25
0.152 27
0.244 24
0.313 23
0.165 23
0.315 24
0.439 24
0.65 23
0.19 23
0.391 24
0.702 25
0.518 24
0.28 23
0.384 24
0.543 24
0.267 24
0.426 24
0.465 25
0.285 23
0.582 23
0.409 23
0.387 24
0.102 23
0.308 23
0.353 23
0.36 24
0.744 23
0.4 23
0.35 23
0.663 23
0.41 23
0.0805 23
0.437 23
0.194 23
0.5 23
0.358 23
0.379 22
0.547 22
0.299 22
0.34 22
0.477 23
0.292 22
0.3 21
0.25 22
0.299 22
0.466 23
0.152 22
0.39 22
0.285 22
0.197 24
0.326 23
0.712 22
0.175 23
0.486 22
0.192 22
0.481 23
0.425 22
0.554 23
0.66 23
0.55 24
0.188 22
0.363 22
0.157 22
0.472 22
0.262 22
0.401 22
0.338 23
0.346 22
0.567 23
0.252 22
0.298 21
0.71 23
0.285 23
0.126 25
0.525 23
0.36 24
0.535 22
0.374 22
0.626 22
0.245 22
0.354 22
0.438 22
0.444 22
0.168 0
0.597 22
0.499 22
0.347 22
0.302 22
0.327 21
0.202 22
0.22 22
0.355 22
0.441 22
0.212 21
0.442 22
0.384 22
0.269 21
0.694 21
0.615 22
0.357 21
0.46 21
0.382 21
0.31 24
0.388 22
0.131 21
0.557 21
0.301 21
0.36 21
0.15 22
0.292 21
0.506 21
0.394 22
0.258 22
0.533 22
0.372 21
0.439 21
0.0695 22
0.414 21
0.467 21
0.38 22
0.333 21
0.454 22
0.346 22
0.504 21
0.316 21
0.314 21
0.483 21
0.269 21
0.487 21
0.474 21
0.522 21
0.334 22
0.402 21
0.398 21
0.321 22
0.414 21
0.414 21
0.382 21
0.377 21
0.407 21
0.15 21
0.278 21
0.442 21
0.225 22
0.274 21
0.271 21
0.541 21
0.21 21
0.194 22
0.475 21
0.0831 22
0.436 20
0.444 21
0.202 22
0.48 21
0.232 22
0.343 22
0.423 21
0.373 21
0.434 21
0.228 20
0.256 21
0.353 21
0.506 21
0.271 22
0.408 21
0.262 21
0.588 20
0.528 21
0.374 21
0.591 22
0.379 22
0.312 22
0.188 22
0.254 20
0.445 22
0.486 21
0.326 22
0.277 20
0.372 20
0.438 22
0.602 21
0.0932 21
0.685 21
0.329 21
0.448 21
0.126 20
0.338 21
0.435 21
0.492 20
0.371 20
0.383 20
0.135 20
0.342 21
0.343 20
0.359 20
0.458 20
0.538 21
0.509 20
0.224 21
0.205 20
0.311 21
0.403 21
0.708 22
0.404 20
0.737 21
0.29 21
0.636 20
0.277 20
0.492 20
0.199 21
0.326 20
0.524 20
0.224 20
0.26 21
0.403 20
0.285 20
0.328 21
0.387 20
0.246 20
0.153 21
0.415 21
0.308 20
0.548 21
0.177 20
0.467 20
0.447 21
0.552 20
0.207 21
0.237 20
0.3 20
0.356 20
0.151 20
0.57 20
0.533 20
0.304 19
0.196 19
0.156 20
0.396 20
0.394 21
0.322 20
0.368 19
0.377 20
0.174 21
0.545 20
0.334 20
0.259 20
0.391 19
0.473 20
0.402 20
0.295 20
0.176 21
0.675 20
0.182 20
0.244 20
0.413 20
0.548 20
0.298 21
0.242 20
0.521 19
0.328 20
0.493 20
0.497 20
0.258 20
0.683 20
0.603 19
0.411 20
0.18 20
0.659 19
0.423 20
0.418 19
0.234 20
0.301 21
0.31 21
0.468 20
0.436 20
0.439 20
0.517 20
0.539 19
0.605 19
0.436 21
0.373 20
0.467 19
0.308 20
0.262 19
0.304 20
0.29 20
0.207 20
0.524 18
0.44 19
0.228 20
0.391 20
0.248 19
0.249 20
0.354 20
0.362 20
0.385 19
0.367 19
0.216 21
0.304 20
0.134 20
0.432 20
0.49 19
0.422 19
0.281 0
0.651 19
0.316 21
0.538 20
0.391 19
0.261 19
0.254 20
0.316 19
0.341 20
0.403 19
0.47 19
0.227 19
0.278 19
0.253 20
0.379 20
0.435 19
0.472 19
0.297 19
0.562 19
0.538 19
0.44 19
0.305 19
0.387 20
0.42 19
0.635 19
0.432 19
0.474 19
0.356 20
0.412 20
0.333 20
0.515 19
0.234 19
0.253 18
0.495 21
0.332 19
0.337 19
0.233 18
0.313 18
0.203 19
0.281 19
0.373 19
0.272 19
0.365 19
0.406 18
0.527 19
0.403 19
0.446 19
0.426 19
0.493 18
0.313 19
0.114 18
0.227 18
0.523 18
0.219 18
0.376 19
0.278 0
0.341 20
0.288 18
0.55 19
0.252 18
0.341 19
0.432 19
0.352 19
0.268 19
0.512 18
0.36 19
0.327 18
0.39 19
0.101 19
0.406 19
0.263 19
0.544 19
0.372 18
0.475 18
0.395 19
0.365 18
0.652 18
0.337 19
0.374 18
0.321 18
0.313 18
0.493 18
0.343 19
0.151 21
0.378 18
0.493 19
0.176 18
0.265 19
0.359 18
0.352 18
0.409 18
0.438 18
0.171 17
0.502 19
0.194 18
0.295 19
0.33 18
0.549 18
0.448 18
0.357 19
0.297 18
0.66 20
0.242 19
0.498 18
0.256 19
0.484 18
0.344 19
0.245 18
0.191 18
0.487 18
0.361 18
0.422 19
0.395 18
0.294 20
0.474 19
0.125 18
0.575 19
0.231 19
0.215 19
0.278 18
0.445 19
0.474 19
0.167 18
0.675 19
0.414 19
0.377 18
0.407 18
0.489 18
0.585 19
0.114 19
0.373 18
0.563 18
0.445 18
0.329 18
0.303 18
0.446 18
0.183 18
0.204 18
0.402 19
0.164 19
0.269 18
0.441 18
0.574 18
0.206 18
0.274 18
0.382 18
0.624 18
0.293 19
0.349 19
0.214 18
0.277 18
0.515 18
0.2 18
0.376 18
0.297 18
0.487 17
0.367 19
0.176 18
0.534 18
0.17 19
0.612 18
0.381 17
0.245 18
0.246 18
0.424 18
0.491 19
0.327 18
0.273 17
0.323 18
0.365 19
0.346 18
0.166 19
0.396 18
0.666 18
0.596 19
0.515 19
0.447 18
0.337 18
0.381 18
0.637 18
0.457 19
0.134 44
0.354 18
0.257 17
0.198 18
0.336 17
0.372 18
0.42 18
0.745 18
0.318 17
0.423 17
0.315 18
0.301 17
0.205 18
0.34 18
0.273 18
0.25 18
0.341 18
0.295 17
0.177 17
0.279 18
0.351 17
0.45 18
0.421 17
0.302 18
0.346 17
0.251 18
0.0547 19
0.376 17
0.348 17
0.174 17
0.0449 18
0.341 18
0.3 18
0.311 18
0.394 18
0.254 18
0.458 17
0.636 17
0.469 18
0.422 17
0.441 19
0.206 18
0.457 17
0.163 17
0.233 17
0.435 17
0.365 17
0.518 18
0.357 19
0.542 18
0.0748 31
0.244 17
0.551 17
0.262 17
0.156 17
0.283 18
0.467 18
0.405 17
0.395 17
0.465 16
0.52 17
0.369 17
0.156 16
0.448 18
0.477 18
0.364 17
0.402 0
0.53 18
0.5 17
0.373 17
0.293 0
0.373 17
0.431 18
0.334 17
0.455 18
0.501 17
0.13 17
0.264 18
0.445 16
0.559 18
0.183 17
0.313 19
0.323 17
0.407 16
0.472 18
0.681 17
0.393 17
0.13 17
0.121 17
0.649 17
0.12 17
0.224 17
0.505 18
0.306 17
0.212 18
0.285 17
0.434 18
0.601 17
0.36 17
0.523 17
0.256 38
0.262 17
0.492 16
0.414 16
0.276 16
0.352 17
0.261 18
0.362 16
0.445 16
0.398 18
0.373 17
0.292 17
0.334 17
0.209 17
0.259 17
0.458 17
0.375 17
0.38 17
0.109 16
0.249 16
0.609 16
0.312 17
0.337 16
0.324 17
0.125 17
0.391 17
0.187 16
0.441 16
0.471 17
0.648 17
0.388 16
0.569 17
0.555 17
0.15 17
0.133 16
0.255 18
0.402 18
0.566 16
0.69 17
0.41 17
0.387 17
0.372 17
0.421 17
0.278 17
0.396 16
0.397 17
0.718 16
0.39 17
0.489 16
0.452 16
0.343 17
0.289 17
0.376 16
0.23 17
0.274 16
0.542 17
0.266 17
0.244 17
0.259 18
0.213 17
0.263 17
0.428 16
0.319 17
0.282 16
0.338 17
0.28 17
0.105 17
0.214 16
0.216 17
0.386 17
0.376 17
0.407 17
0.2 16
0.161 17
0.552 18
0.369 17
0.369 16
0.456 16
0.169 17
0.0977 16
0.564 16
0.706 17
0.324 18
0.473 17
0.581 17
0.287 16
0.304 16
0.247 17
0.291 17
0.354 17
0.393 17
0.53 17
0.567 17
0.456 17
0.39 16
0.424 17
0.327 17
0.445 17
0.461 17
0.524 17
0.727 16
0.533 17
0.621 17
0.332 17
0.371 16
0.432 16
0.192 16
0.467 16
0.244 15
0.399 16
0.298 0
0.47 17
0.339 16
0.395 16
0.201 16
0.543 16
0.338 16
0.294 16
0.397 17
0.375 16
0.315 16
0.32 16
0.342 16
0.383 16
0.161 16
0.471 16
0.403 19
0.276 16
0.276 15
0.271 16
0.339 16
0.493 16
0.219 16
0.448 16
0.272 16
0.659 16
0.436 16
0.268 16
0.279 16
0.25 16
0.332 15
0.121 16
0.296 16
0.661 16
0.187 15
0.467 16
0.658 15
0.306 16
0.485 15
0.563 16
0.116 34
0.445 16
0.362 16
0.409 16
0.465 16
0.595 15
0.465 16
0.426 15
0.196 16
0.416 15
0.256 16
0.18 15
0.173 15
0.256 16
0.151 16
0.262 15
0.499 16
0.432 16
0.167 16
0.537 16
0.26 16
0.273 16
0.264 16
0.2 16
0.213 16
0.648 16
0.302 16
0.607 18
0.574 16
0.128 15
0.332 17
0.401 16
0.253 16
0.136 15
0.618 18
0.265 16
0.293 16
0.347 16
0.267 16
0.479 16
0.401 16
0.564 16
0.718 16
0.554 16
0.547 15
0.598 15
0.525 16
0.611 15
0.566 16
0.524 16
0.642 16
0.402 16
0.404 16
0.567 16
0.402 15
0.109 15
0.499 15
0.146 15
0.269 16
0.114 16
0.109 15
0.214 17
0.3 16
0.154 16
0.194 16
0.542 15
0.224 16
0.215 15
0.472 16
0.408 16
0.325 16
0.219 16
0.416 16
0.221 15
0.155 16
0.569 16
0.538 16
0.369 16
0.46 16
0.357 16
0.506 16
0.285 16
0.254 16
0.285 18
0.443 16
0.412 15
0.359 17
0.561 16
0.233 16
0.346 16
0.417 17
0.183 14
0.242 16
0.155 16
0.221 15
0.0469 16
0.557 16
0.299 16
0.444 17
0.347 16
0.671 85
0.718 72
0.644 70
0.622 76
0.564 68
0.401 59
0.61 75
0.657 80
0.474 57
0.926 57
0.604 56
0.784 78
0.781 75
0.693 66
0.776 70
0.833 69
0.762 51
0.846 66
0.66 65
0.549 59
0.738 65
0.869 79
0.565 0
0.848 69
0.976 71
0.745 52
0.483 62
0.924 0
0.616 63
0.838 72
0.924 0
0.704 63
0.598 45
0.623 1
0.657 0
0.776 0
0.623 0
0.776 0
0.738 0
0.776 0
0.657 1
0.657 0
0.761 0
0.829 1
0.923 39
0.761 0
0.477 60
0.889 0
0.718 2
0.946 42
0.526 59
0.761 68
0.714 47
0.707 28
0.345 58
0.801 58
0.757 53
0.683 59
0.603 56
0.627 60
0.616 62
0.901 52
0.89 63
0.839 55
0.896 61
0.948 61
0.888 67
0.852 51
0.657 42
0.543 39
0.693 48
0.46 61
0.762 44
0.864 45
0.866 53
0.963 68
0.979 50
0.726 43
0.425 55
0.652 59
0.35 59
0.977 62
0.483 57
0.779 42
0.925 2
0.929 59
0.944 51
0.675 41
0.886 0
0.543 0
0.723 0
0.723 0
0.833 0
0.689 1
0.916 0
0.809 0
0.923 0
0.911 0
0.799 0
0.91 0
0.685 58
0.92 50
0.801 60
0.836 52
0.307 57
0.804 26
0.644 45
0.619 51
0.651 50
0.862 56
0.846 51
0.456 53
0.825 64
0.585 30
0.892 57
0.804 45
0.834 55
0.652 27
0.777 40
0.685 45
0.597 61
0.893 51
0.72 41
0.472 56
0.244 65
0.811 46
0.995 63
0.636 56
0.961 63
0.962 44
0.997 68
0.91 58
0.578 55
0.944 48
0.792 54
0.987 45
0.912 38
0.497 54
0.817 0
0.729 2
0.661 2
0.984 0
0.518 37
0.672 0
0.824 0
0.923 0
0.828 1
0.923 0
0.939 0
0.64 0
0.505 49
0.718 22
0.703 44
0.728 54
0.802 52
0.517 53
0.883 39
0.84 47
0.832 46
0.534 52
0.727 51
0.912 38
0.822 48
0.908 51
0.851 43
0.556 49
0.619 22
0.745 23
0.601 59
0.486 50
0.459 53
0.954 55
0.665 45
0.954 45
0.655 40
0.484 56
0.815 58
0.662 52
0.684 1
0.822 53
0.401 50
0.796 67
0.853 51
0.976 62
0.839 47
0.808 66
0.741 60
0.329 68
0.853 29
0.741 0
0.533 1
0.618 34
0.794 0
0.831 0
0.633 0
0.609 2
0.887 36
0.692 0
0.491 0
0.915 59
0.783 53
0.785 56
0.891 49
0.713 60
0.664 63
0.819 20
0.971 42
0.914 57
0.652 46
0.81 29
0.978 49
0.677 45
0.505 52
0.711 37
0.827 22
0.721 53
0.728 46
0.758 42
0.492 48
0.606 18
0.941 64
0.777 45
0.882 48
0.98 55
0.686 10
0.941 50
0.693 53
0.691 50
0.739 51
0.845 51
0.762 35
0.651 46
0.94 54
0.799 35
0.882 64
0.727 54
0.702 63
0.878 57
0.888 67
0.96 46
0.907 60
0.496 34
0.654 49
0.948 64
0.982 6
0.714 42
0.825 35
0.96 0
0.847 2
0.903 33
0.851 51
0.534 52
0.957 56
0.845 24
0.657 19
0.496 50
0.878 57
0.926 41
0.386 50
0.448 49
0.686 40
0.729 44
0.573 21
0.647 65
0.743 35
0.579 50
0.57 41
0.908 58
0.895 41
0.889 46
0.608 52
0.855 54
0.791 49
0.807 55
0.891 57
0.769 47
0.968 57
0.365 57
0.772 45
0.84 54
0.841 53
0.571 13
0.54 51
0.899 54
0.698 33
0.713 57
0.702 34
0.997 41
0.745 37
0.966 3
0.876 2
0.926 33
0.682 0
0.893 56
0.626 0
0.682 0
0.635 0
0.478 0
0.581 0
0.836 33
0.564 51
0.647 18
0.207 53
0.935 49
0.519 48
0.156 40
0.64 35
0.505 50
0.63 47
0.818 27
0.465 53
0.869 20
0.886 51
0.697 36
0.717 42
0.657 44
0.662 50
0.871 45
0.482 62
0.632 47
0.769 54
0.579 48
0.401 32
0.82 47
0.485 41
0.968 54
0.532 9
0.471 37
0.826 44
0.528 64
0.703 36
0.481 50
0.964 31
0.953 59
0.689 48
0.905 31
0.653 30
0.449 32
0.638 51
0.476 52
0.439 32
0.97 32
0.777 49
0.825 32
0.866 0
0.948 50
0.969 32
0.952 1
0.64 31
0.942 0
0.842 44
0.373 53
0.722 41
0.678 46
0.809 37
0.84 51
0.535 43
0.905 39
0.774 18
0.878 19
0.878 54
0.682 37
0.832 30
0.676 38
0.72 46
0.872 51
0.638 46
0.584 63
0.597 58
0.859 48
0.56 45
0.853 34
0.935 49
0.962 54
0.898 48
0.857 55
0.752 49
0.869 56
0.66 45
0.819 42
0.506 58
0.641 48
0.667 32
0.792 40
0.971 49
0.645 50
0.734 48
0.876 46
0.894 30
0.883 0
0.767 0
0.931 0
0.955 30
0.573 31
0.926 0
0.926 0
0.967 31
0.915 31
0.853 0
0.976 0
0.84 42
0.99 59
0.8 20
0.231 44
0.904 55
0.696 41
0.78 44
0.841 48
0.808 46
0.988 43
0.392 55
0.934 51
0.485 55
0.877 44
0.69 52
0.429 48
0.836 42
0.657 56
0.969 47
0.537 47
0.646 48
0.381 56
0.828 58
0.88 31
0.894 49
0.785 43
0.524 46
0.985 47
0.71 54
0.96 53
0.765 49
0.956 57
0.87 51
0.662 48
0.963 30
0.69 30
0.661 48
0.731 54
0.71 31
0.572 30
0.735 30
0.816 0
0.999 31
0.906 31
0.683 59
0.841 0
0.92 0
0.974 31
0.633 30
0.875 0
0.498 42
0.676 17
0.388 59
0.959 51
0.723 48
0.864 42
0.598 47
0.688 47
0.734 46
0.689 1
0.859 46
0.617 40
0.689 28
0.558 47
0.958 54
0.753 38
0.702 48
0.508 50
0.555 42
0.954 53
0.828 52
0.346 55
0.744 45
0.797 49
0.991 40
0.722 48
0.474 33
0.882 30
0.78 48
0.845 43
0.975 47
0.575 42
0.916 46
0.996 62
0.617 48
0.732 47
0.564 48
0.956 62
0.982 58
0.667 46
0.854 30
0.801 54
0.996 29
0.5 29
0.929 57
0.455 0
0.902 29
0.625 50
0.983 30
0.553 29
0.854 17
0.394 46
0.812 20
0.417 52
0.602 39
0.829 54
0.808 52
0.955 17
0.883 43
0.654 39
0.58 47
0.766 45
0.921 39
0.773 41
0.409 41
0.569 53
0.716 38
0.551 48
0.838 22
0.389 37
0.743 53
0.964 29
0.837 65
0.719 55
0.984 44
0.66 48
0.853 49
0.762 31
0.762 49
0.74 59
0.826 29
0.746 40
0.826 43
0.499 35
0.81 37
0.964 61
0.563 56
0.62 34
0.609 28
0.709 48
0.912 56
0.785 30
0.892 28
0.532 30
0.913 29
0.997 29
0.999 0
0.641 0
0.999 0
0.992 0
0.426 42
0.814 54
0.787 48
0.373 43
0.646 17
0.555 34
0.634 51
0.979 42
0.378 29
0.681 38
0.598 48
0.729 17
0.739 33
0.729 40
0.706 39
0.894 41
0.672 51
0.855 50
0.943 56
0.746 55
0.912 42
0.893 47
0.834 43
0.3 29
0.924 53
0.899 35
0.925 35
0.658 29
0.556 27
0.737 47
0.944 61
0.622 49
0.918 55
0.696 39
0.622 28
0.796 62
0.988 59
0.834 57
0.885 29
0.928 28
0.847 61
0.767 27
0.538 0
0.938 29
0.988 29
0.954 0
0.884 28
0.867 27
0.76 28
0.943 0
0.701 37
0.574 47
0.917 45
0.681 35
0.922 57
0.81 51
0.584 44
0.375 53
0.658 28
0.551 46
0.76 39
0.649 31
0.815 38
0.339 60
0.62 29
0.321 45
0.887 37
0.23 49
0.603 53
0.833 32
0.756 50
0.425 45
0.822 48
0.994 54
0.909 55
0.85 40
0.902 51
0.985 48
0.509 47
0.837 40
0.777 53
0.701 28
0.91 44
0.552 55
0.477 49
0.615 46
0.556 48
0.859 28
0.837 42
0.969 28
0.931 29
0.412 27
0.922 0
0.938 28
0.577 47
0.973 28
0.657 28
0.973 28
0.537 27
0.553 28
0.831 52
0.589 36
0.533 49
0.803 49
0.94 41
0.904 26
0.82 42
0.509 48
0.974 44
0.779 47
0.946 31
0.545 38
0.751 30
0.403 39
0.649 38
0.714 51
0.596 46
0.846 29
0.525 42
0.347 51
0.823 37
0.723 33
0.818 28
0.916 46
0.93 40
0.734 44
0.852 45
0.864 60
0.411 28
0.855 55
0.672 32
0.954 34
0.925 56
0.983 28
0.809 26
0.92 28
0.859 50
0.648 48
0.618 47
0.788 28
0.838 28
0.916 26
0.992 27
0.725 28
0.858 26
0.862 27
0.832 27
0.541 26
0.824 27
0.952 28
0.759 48
0.595 46
0.56 40
0.806 13
0.831 40
0.455 50
0.857 49
0.676 41
0.927 48
0.744 47
0.718 45
0.719 48
0.817 39
0.517 26
0.897 49
0.593 42
0.651 44
0.971 38
0.429 39
0.925 62
0.91 48
0.918 48
0.673 27
0.811 41
0.745 46
0.732 45
0.755 44
0.691 27
0.757 28
0.52 45
0.982 58
0.928 26
0.523 45
0.62 44
0.862 25
0.877 1
0.835 26
0.897 0
0.972 27
0.407 27
0.921 27
0.929 27
0.886 26
0.936 58
0.901 27
0.775 0
0.931 26
0.515 26
0.842 28
0.888 0
0.598 48
0.497 40
0.375 41
0.672 36
0.712 45
0.892 33
0.867 34
0.912 49
0.787 50
0.971 44
0.909 33
0.269 36
0.493 35
0.871 47
0.622 42
0.697 49
0.978 55
0.462 45
0.528 48
0.657 44
0.45 27
0.753 52
0.759 39
0.848 60
0.95 27
0.872 38
0.869 45
0.952 29
0.363 27
0.644 42
0.791 27
0.678 50
0.704 27
0.738 47
0.997 56
0.859 26
0.621 47
0.957 25
0.991 57
0.612 45
0.807 26
0.673 25
0.916 25
0.981 26
0.769 26
0.64 53
0.974 26
0.796 26
0.996 26
0.921 27
0.864 52
0.75 19
0.627 39
0.438 37
0.937 39
0.932 53
0.63 50
0.939 46
0.705 49
0.892 59
0.781 26
0.459 44
0.874 45
0.932 44
0.663 34
0.824 36
0.978 55
0.75 26
0.87 49
0.355 26
0.66 47
0.958 48
0.704 43
0.597 26
0.593 25
0.678 44
0.503 44
0.9 58
0.85 42
0.952 56
0.344 26
0.911 27
0.563 45
0.714 39
0.74 53
0.471 44
0.918 26
0.727 25
0.504 55
0.901 26
0.496 47
0.918 26
0.631 24
0.956 26
0.92 26
0.666 25
0.85 26
0.969 26
0.998 56
0.981 26
0.767 13
0.877 38
0.827 39
0.403 12
0.553 14
0.869 33
0.696 36
0.775 61
0.722 38
0.374 44
0.633 36
0.573 40
0.463 33
0.823 47
0.621 38
0.516 40
0.952 47
0.438 26
0.51 62
0.874 54
0.971 53
0.615 54
0.91 40
0.85 49
0.882 27
0.633 40
0.707 41
0.599 43
0.97 24
0.986 39
0.535 51
0.517 26
0.891 44
0.512 25
0.523 26
0.746 43
0.718 24
0.48 45
0.387 59
0.865 26
0.903 25
0.949 26
0.834 26
0.641 26
0.98 25
0.843 25
0.998 25
0.938 62
0.974 0
0.903 26
0.834 39
0.823 56
0.976 41
0.741 35
0.483 35
0.738 34
0.672 37
0.403 46
0.893 31
0.686 47
0.848 0
0.457 42
0.93 28
0.979 51
0.749 44
0.95 37
0.858 26
0.907 44
0.417 34
0.898 25
0.355 40
0.476 42
0.699 45
0.807 36
0.829 33
0.709 40
0.59 43
0.184 47
0.887 43
0.584 37
0.965 43
0.968 25
0.876 40
0.781 43
0.96 55
0.653 42
0.673 32
0.785 24
0.98 26
0.867 24
0.42 24
0.792 25
0.999 25
0.952 25
0.916 25
0.86 25
0.448 1
0.931 25
0.99 25
0.866 25
0.699 47
0.796 49
0.462 55
0.794 46
0.725 42
0.917 58
0.858 55
0.548 44
0.765 36
0.675 36
0.716 42
0.456 36
0.921 40
0.604 49
0.645 41
0.717 36
0.678 43
0.336 25
0.515 44
0.806 53
0.507 25
0.378 44
0.959 40
0.545 28
0.942 35
0.711 31
0.687 53
0.69 42
0.817 40
0.935 51
0.867 32
0.742 44
0.56 41
0.509 43
0.916 54
0.66 25
0.879 25
0.987 25
0.42 45
0.989 24
0.418 24
0.734 42
0.512 43
0.86 25
0.937 25
0.875 25
0.511 24
0.866 25
0.933 24
0.965 25
0.62 82
0.911 66
0.938 48
0.784 78
0.787 84
0.763 86
0.841 84
0.948 46
0.755 53
0.841 0
0.985 55
0.841 0
0.841 0
0.725 2
0.841 0
0.763 0
0.62 0
0.841 1
0.841 0
0.841 0
0.841 1
0.841 3
0.841 0
0.763 0
0.62 0
0.763 0
0.841 0
0.763 0
0.763 0
0.787 0
0.763 0
0.787 2
0.62 0
0.62 0
0.841 2
0.62 4
0.841 0
0.841 0
0.62 1
0.763 0
0.841 0
0.763 0
0.763 1
0.787 0
0.787 0
0.841 0
0.747 0
0.842 0
0.62 0
0.832 7
0.834 72
0.992 54
0.532 58
0.949 53
0.947 62
0.942 76
0.713 69
0.977 35
0.885 58
0.772 56
0.732 41
0.942 43
0.858 46
0.807 45
0.945 51
0.73 37
0.871 41
0.963 67
0.726 67
0.905 43
0.7 71
0.96 40
0.88 61
0.67 38
0.839 41
0.855 76
0.907 37
0.783 63
0.899 41
0.966 40
0.889 59
0.897 42
0.903 51
0.833 67
0.895 66
0.888 42
0.761 69
0.906 42
0.946 38
0.989 40
0.92 37
0.962 40
0.963 66
0.94 41
0.998 35
0.878 37
0.812 39
0.936 41
0.914 38
0.724 0
0.949 61
0.941 44
0.83 66
0.794 46
0.755 69
0.731 27
0.919 7
0.76 36
0.916 5
0.831 2
0.943 52
0.88 3
0.821 5
0.764 5
0.761 3
0.724 2
0.921 4
0.97 3
0.942 2
0.768 32
0.921 33
0.97 32
0.783 2
0.829 33
0.884 5
0.923 39
0.912 2
0.703 41
0.884 33
0.959 1
0.948 1
0.832 34
0.914 41
0.832 4
0.812 40
0.873 2
0.904 1
0.632 34
0.901 39
0.703 38
0.671 37
0.85 39
0.896 39
0.841 39
0.626 39
0.805 43
0.867 1
0.68 35
0.523 35
0.946 42
0.722 69
0.554 40
0.747 63
0.94 52
0.775 58
0.914 39
0.977 33
0.447 51
0.529 49
0.406 53
0.874 34
0.542 42
0.86 38
0.958 37
0.754 46
0.954 49
0.995 61
0.812 65
0.904 63
0.813 56
0.867 48
0.833 64
0.726 62
0.647 38
0.933 50
0.962 50
0.633 54
0.576 39
0.965 70
0.906 48
0.914 42
0.983 38
0.864 45
0.884 61
0.909 43
0.909 64
0.93 51
0.958 69
0.921 58
0.94 37
0.797 40
0.756 38
0.542 0
0.68 37
0.952 47
0.59 35
0.842 0
0.967 2
0.542 0
0.958 0
0.89 48
0.961 37
0.891 46
0.51 45
0.829 31
0.991 50
0.87 32
0.823 39
0.923 46
0.961 49
0.72 39
0.885 43
0.981 45
0.968 57
0.927 51
0.755 32
0.841 32
0.787 46
0.785 49
0.879 45
0.896 40
0.899 34
0.832 48
0.905 29
0.76 60
0.894 57
0.881 35
0.716 50
0.747 63
0.975 47
0.85 30
0.962 44
0.944 48
0.963 47
0.99 50
0.996 51
0.956 56
0.92 65
0.904 60
0.783 56
0.82 54
0.934 55
0.99 46
0.987 45
0.98 58
0.918 44
0.916 0
0.833 0
0.843 0
0.939 0
0.753 54
0.524 53
0.892 44
0.732 29
0.568 42
0.849 34
0.927 60
0.949 28
0.68 54
0.915 43
0.97 29
0.811 60
0.882 38
0.953 52
0.962 56
0.989 44
0.816 62
0.99 64
0.554 30
0.924 28
0.877 40
0.921 42
0.85 55
0.895 60
0.894 40
0.718 51
0.893 38
0.971 58
0.924 53
0.946 64
0.955 57
0.884 54
0.952 28
0.855 51
0.902 0
0.718 43
0.936 44
0.917 61
0.902 0
0.948 55
0.894 62
0.945 45
0.912 62
0.911 56
0.922 63
0.93 4
0.665 0
0.911 0
0.919 0
0.893 0
0.761 49
0.753 55
0.88 49
0.765 38
0.754 38
0.936 43
0.891 27
0.628 27
0.933 42
0.914 61
0.601 43
0.806 49
0.94 45
0.949 48
0.888 29
0.928 41
0.827 55
0.834 52
0.96 38
0.924 41
0.943 38
0.809 37
0.938 28
0.834 46
0.929 27
0.909 31
0.941 33
0.682 28
0.928 51
0.942 53
0.895 43
0.672 40
0.944 20
0.894 28
0.938 57
0.879 50
0.972 45
0.818 53
0.411 39
0.913 53
0.975 48
0.99 61
0.861 42
0.953 51
0.993 0
0.915 11
0.972 0
0.755 0
0.986 1
0.843 0
0.861 51
0.677 56
0.663 37
0.698 38
0.894 51
0.981 33
0.881 35
0.73 37
0.928 49
0.911 42
0.855 56
0.744 33
0.649 42
0.944 26
0.867 37
0.824 26
0.957 50
0.939 33
0.992 38
0.89 35
0.857 41
0.937 52
0.914 26
0.967 65
0.941 50
0.941 64
0.949 52
0.938 46
0.673 46
0.927 56
0.94 54
0.966 48
0.837 52
0.97 26
0.685 42
0.585 38
0.975 28
0.605 41
0.96 46
0.912 64
0.976 36
0.702 54
0.907 54
0.866 0
0.714 42
0.945 0
0.945 0
0.873 40
0.908 58
0.961 0
0.902 51
0.443 42
0.873 35
0.868 35
0.726 47
0.485 38
0.914 57
0.903 54
0.827 50
0.542 40
0.739 47
0.849 51
0.791 38
0.669 52
0.954 49
0.731 58
0.815 41
0.892 39
0.9 44
0.695 55
0.895 49
0.973 32
0.742 38
0.899 54
0.997 41
0.832 56
0.777 52
0.726 38
0.937 37
0.839 52
0.832 35
0.881 37
0.896 31
0.837 41
0.857 34
0.726 0
0.957 48
0.855 32
0.84 36
0.937 33
0.702 38
0.867 30
0.697 35
0.839 11
0.693 35
0.947 0
0.89 0
0.937 65
0.529 0
0.946 0
0.64 44
0.906 42
0.976 48
0.822 33
0.743 51
0.8 38
0.884 31
0.726 51
0.851 51
0.903 51
0.927 52
0.882 52
0.755 50
0.932 50
0.857 40
0.88 51
0.828 51
0.845 31
0.859 50
0.957 56
0.693 53
0.98 34
0.814 48
0.609 31
0.902 50
0.835 31
0.773 32
0.867 31
0.743 64
0.837 34
0.797 27
0.822 33
0.745 28
0.917 29
0.849 33
0.848 23
0.913 25
0.887 31
0.966 29
0.812 29
0.643 20
0.73 23
0.992 33
0.742 32
0.651 21
0.773 25
0.918 22
0.83 31
0.619 23
0.987 0
0.885 34
0.901 36
0.723 44
0.924 25
0.977 40
0.839 24
0.945 37
0.856 56
0.792 53
0.473 36
0.957 38
0.955 53
0.766 35
0.705 56
0.582 36
0.652 48
0.659 45
0.485 38
0.907 48
0.702 27
0.695 36
0.967 50
0.541 52
0.755 39
0.937 49
0.935 33
0.923 32
0.918 21
0.747 49
0.969 29
0.894 49
0.611 42
0.94 36
0.995 43
0.777 41
0.533 50
0.99 44
0.746 20
0.949 24
0.766 32
0.812 34
0.829 62
0.935 50
0.839 38
0.885 49
0.738 39
0.834 34
0.983 43
0.825 35
0.906 54
0.704 42
0.622 37
0.954 23
0.656 50
0.723 48
0.46 44
0.853 44
0.927 39
0.793 49
0.771 40
0.788 47
0.913 37
0.778 42
0.867 38
0.701 56
0.54 40
0.957 23
0.727 34
0.706 39
0.743 48
0.649 29
0.969 36
0.957 49
0.894 49
0.844 50
0.582 48
0.912 49
0.724 53
0.971 49
0.898 48
0.905 36
0.825 43
0.966 51
0.919 42
0.761 58
0.645 49
0.989 65
0.989 53
0.876 36
0.946 32
0.793 36
0.834 36
0.942 52
0.878 30
0.999 3
0.921 5
0.813 35
0.881 33
0.833 2
0.955 33
0.706 49
0.67 42
0.922 50
0.806 49
0.71 53
0.866 39
0.849 47
0.938 39
0.494 52
0.9 35
0.85 51
0.916 46
0.719 44
0.939 48
0.902 44
0.928 55
0.938 19
0.783 53
0.903 38
0.931 32
0.887 21
0.991 48
0.736 25
0.736 54
0.772 49
0.758 30
0.767 54
0.8 52
0.99 51
0.606 50
0.947 53
0.878 54
0.969 42
0.942 52
0.782 40
0.771 50
0.814 48
0.953 32
0.899 48
0.881 51
0.962 53
0.972 47
0.685 31
0.993 40
0.934 34
0.825 53
0.998 40
0.912 56
0.932 31
0.891 0
0.939 3
0.871 23
0.8 34
0.866 35
0.959 34
0.914 60
0.941 47
0.832 27
0.888 51
0.949 34
0.875 35
0.72 49
0.955 51
0.809 44
0.909 53
0.954 28
0.788 37
0.925 49
0.507 48
0.946 39
0.886 50
0.847 30
0.83 41
0.928 36
0.593 35
0.774 35
0.983 24
0.977 32
0.792 49
0.794 41
0.701 46
0.832 44
0.816 46
0.892 54
0.982 51
0.931 53
0.87 51
0.82 34
0.785 50
0.921 33
0.957 61
0.766 48
0.922 57
0.862 30
0.763 55
0.925 0
0.948 31
0.655 0
0.641 0
0.97 0
0.955 37
0.535 33
0.897 58
0.864 41
0.602 35
0.905 41
0.851 46
0.44 45
0.884 49
0.588 35
0.984 31
0.674 36
0.898 40
0.855 49
0.93 32
0.741 48
0.887 45
0.819 39
0.557 37
0.582 45
0.525 46
0.984 30
0.993 48
0.948 50
0.935 46
0.732 44
0.975 47
0.716 49
0.509 48
0.972 50
0.846 51
0.842 58
0.84 37
0.939 33
0.898 33
0.843 41
0.937 46
0.982 58
0.966 46
0.888 46
0.925 35
0.99 39
0.809 26
0.721 0
0.938 30
0.865 30
0.874 53
0.892 63
0.681 0
0.863 67
0.951 33
0.686 36
0.725 38
0.841 48
0.894 36
0.878 46
0.827 45
0.696 35
0.628 45
0.934 18
0.795 45
0.716 50
0.665 52
0.818 48
0.899 57
0.942 46
0.869 48
0.757 45
0.935 43
0.838 51
0.636 43
0.898 23
0.712 35
0.803 28
0.942 47
0.7 44
0.968 0
0.876 18
0.724 46
0.805 46
0.866 46
0.629 37
0.647 50
0.82 28
0.953 42
0.478 33
0.931 48
0.955 55
0.901 43
0.67 36
0.903 44
0.614 54
0.947 46
0.984 33
0.905 36
0.898 40
0.839 49
0.983 29
0.816 21
0.585 30
0.74 53
0.879 21
0.94 47
0.857 36
0.874 49
0.595 37
0.911 37
0.936 29
0.988 27
0.815 44
0.586 37
0.719 47
0.943 47
0.87 42
0.722 41
0.951 35
0.871 55
0.738 55
0.924 34
0.626 27
0.924 46
0.867 44
0.979 39
0.84 51
0.811 41
0.631 28
0.946 30
0.823 48
0.844 41
0.983 31
0.878 49
0.498 35
0.975 40
0.86 0
0.891 54
0.947 55
0.5 29
0.621 35
0.828 28
0.94 29
0.983 30
0.816 30
0.99 29
0.991 1
0.939 0
0.952 29
0.994 29
0.978 29
0.994 29
0.954 29
0.946 49
0.725 59
0.97 22
0.856 51
0.977 61
0.906 43
0.913 30
0.837 28
0.847 46
0.963 42
0.718 41
0.979 52
0.965 57
0.668 56
0.731 36
0.753 48
0.964 47
0.899 49
0.928 38
0.818 36
0.685 48
0.865 50
0.692 29
0.82 30
0.994 29
0.992 29
0.999 29
0.972 29
0.993 29
0.947 29
0.934 29
0.992 29
0.939 29
0.944 29
0.964 29
0.989 29
0.985 29
0.948 29
0.936 29
0.977 29
0.989 29
0.947 29
0.954 29
0.96 29
0.946 29
0.988 29
0.989 29
0.982 29
0.936 29
0.989 29
0.583 38
0.762 41
0.716 50
0.702 34
0.977 40
0.904 25
0.953 50
0.765 43
0.704 42
0.882 42
0.969 48
0.921 45
0.869 45
0.802 38
0.793 53
0.855 39
0.931 34
0.878 50
0.997 42
0.705 49
0.731 36
0.513 50
0.923 47
0.969 56
0.684 34
0.929 27
0.993 27
0.869 41
0.88 25
0.962 40
0.698 19
0.755 22
0.87 65
0.692 36
0.684 22
0.922 23
0.853 25
0.739 49
0.698 8
0.832 28
0.996 29
0.987 28
0.967 28
0.99 28
0.995 28
0.951 28
0.999 28
0.999 28
0.995 28
0.994 28
0.749 23
0.681 43
0.915 40
0.678 21
0.821 34
0.87 39
0.77 17
0.541 47
0.814 27
0.922 34
0.622 46
0.911 1
0.8 42
0.75 47
0.97 1
0.958 1
0.961 1
0.708 48
0.91 1
0.917 1
0.9 1
0.932 35
0.839 45
0.846 47
0.69 1
0.703 47
0.893 56
0.726 45
0.693 48
0.951 41
0.96 49
0.997 27
0.975 27
0.996 27
0.85 28
0.991 29
0.954 59
0.918 28
0.982 28
0.955 28
0.863 28
0.99 28
0.963 28
0.987 28
0.992 28
0.993 28
0.985 28
0.995 28
0.981 28
0.987 28
0.434 71
0.696 54
0.802 67
0.943 66
0.623 37
0.717 60
0.739 57
0.499 56
0.909 62
0.964 60
0.638 59
0.445 56
0.814 61
0.284 63
0.629 59
0.419 71
0.756 45
0.717 0
0.619 60
0.717 0
0.717 0
0.649 52
0.619 0
0.619 0
0.294 63
0.619 0
0.619 0
0.717 0
0.844 61
0.749 58
0.309 63
0.717 0
0.244 65
0.619 2
0.619 0
0.619 0
0.619 0
0.619 0
0.619 0
0.619 0
0.619 0
0.619 0
0.619 0
0.619 0
0.293 0
0.728 0
0.419 0
0.433 0
0.419 0
0.549 0
0.716 58
0.853 65
0.684 63
0.314 54
0.492 53
0.592 58
0.725 54
0.748 54
0.317 26
0.697 54
0.369 55
0.458 56
0.366 56
0.383 49
0.844 52
0.88 59
0.516 58
0.571 52
0.591 62
0.349 54
0.796 53
0.499 51
0.314 56
0.793 42
0.844 59
0.366 56
0.423 63
0.621 60
0.576 59
0.536 56
0.652 59
0.576 59
0.33 63
0.835 64
0.588 56
0.761 62
0.637 59
0.737 61
0.444 0
0.831 56
0.721 60
0.425 63
0.519 0
0.807 0
0.592 34
0.663 0
0.537 59
0.713 34
0.495 0
0.511 0
0.499 46
0.592 39
0.395 55
0.557 51
0.579 52
0.481 52
0.718 47
0.757 17
0.589 48
0.676 18
0.519 18
0.508 53
0.354 56
0.571 38
0.673 56
0.521 59
0.681 54
0.466 55
0.444 53
0.788 52
0.882 42
0.599 34
0.769 46
0.522 57
0.633 62
0.558 57
0.85 55
0.389 53
0.37 58
0.486 56
0.52 55
0.781 60
0.436 62
0.606 56
0.561 54
0.421 59
0.313 48
0.277 44
0.644 55
0.777 62
0.841 53
0.187 41
0.832 58
0.927 58
0.697 52
0.392 54
0.615 56
0.669 28
0.526 29
0.543 29
0.524 47
0.678 55
0.833 39
0.169 50
0.617 44
0.775 15
0.53 53
0.304 52
0.51 44
0.248 34
0.637 50
0.514 59
0.455 53
0.533 53
0.469 50
0.586 49
0.178 52
0.498 55
0.224 25
0.328 48
0.476 48
0.602 53
0.57 52
0.455 47
0.539 55
0.837 62
0.774 46
0.501 55
0.672 54
0.758 51
0.806 51
0.76 55
0.366 51
0.288 56
0.477 51
0.832 53
0.807 62
0.674 0
0.18 58
0.391 26
0.837 50
0.769 26
0.407 27
0.528 27
0.337 52
0.788 27
0.238 26
0.844 26
0.776 27
0.853 26
0.895 13
0.646 35
0.626 56
0.51 54
0.3 24
0.9 46
0.687 48
0.485 52
0.961 48
0.162 24
0.565 46
0.44 48
0.892 51
0.613 51
0.518 13
0.306 54
0.852 50
0.397 50
0.184 47
0.674 49
0.87 49
0.867 60
0.588 50
0.588 51
0.556 48
0.697 50
0.684 50
0.849 55
0.468 47
0.798 61
0.529 56
0.591 52
0.708 48
0.524 27
0.937 56
0.432 54
0.83 54
0.695 53
0.509 51
0.216 26
0.465 53
0.864 26
0.743 55
0.726 24
0.494 25
0.373 25
0.853 26
0.527 25
0.888 24
0.84 24
0.467 41
0.593 35
0.841 44
0.877 38
0.549 48
0.684 52
0.447 54
0.572 49
0.617 52
0.571 52
0.625 51
0.385 49
0.659 51
0.299 45
0.809 52
0.685 47
0.467 50
0.741 50
0.779 49
0.644 49
0.732 23
0.668 51
0.551 55
0.741 51
0.799 46
0.671 24
0.767 49
0.473 42
0.842 23
0.554 50
0.931 45
0.467 50
0.363 22
0.601 59
0.851 23
0.833 48
0.591 22
0.42 49
0.503 52
0.443 24
0.19 23
0.589 54
0.643 24
0.445 52
0.669 23
0.728 24
0.786 23
0.876 23
0.588 24
0.765 23
0.702 39
0.888 43
0.52 53
0.332 46
0.484 41
0.48 41
0.273 52
0.84 49
0.454 51
0.595 53
0.496 51
0.67 49
0.741 47
0.528 54
0.408 45
0.719 37
0.621 50
0.659 49
0.816 21
0.807 54
0.689 47
0.651 51
0.401 53
0.542 52
0.443 51
0.819 22
0.702 49
0.885 49
0.812 23
0.62 22
0.606 48
0.867 22
0.404 41
0.89 57
0.943 22
0.886 21
0.64 23
0.337 51
0.689 22
0.685 21
0.397 22
0.33 51
0.761 22
0.661 54
0.634 22
0.701 22
0.541 22
0.837 46
0.867 22
0.522 23
0.802 39
0.59 12
0.275 51
0.346 47
0.929 11
0.727 43
0.909 21
0.557 47
0.836 47
0.447 45
0.498 38
0.459 50
0.816 21
0.321 46
0.656 54
0.478 47
0.408 21
0.888 38
0.365 21
0.788 51
0.493 21
0.553 21
0.524 21
0.517 21
0.754 48
0.68 51
0.792 53
0.608 22
0.602 51
0.755 51
0.614 21
0.717 48
0.812 22
0.908 23
0.804 21
0.94 20
0.367 51
0.738 21
0.568 22
0.816 21
0.738 22
0.752 21
0.908 21
0.825 48
0.834 21
0.514 49
0.891 22
0.903 21
0.386 21
0.832 21
0.625 48
0.897 59
0.719 25
0.668 44
0.783 49
0.21 48
0.902 42
0.762 54
0.384 53
0.623 45
0.414 53
0.392 45
0.519 45
0.631 45
0.512 40
0.316 50
0.557 43
0.634 22
0.561 47
0.498 49
0.678 49
0.432 20
0.74 20
0.901 42
0.578 21
0.61 21
0.488 21
0.528 47
0.732 20
0.659 48
0.531 46
0.254 21
0.322 22
0.601 21
0.588 22
0.529 20
0.618 21
0.312 21
0.59 21
0.293 21
0.67 22
0.879 20
0.814 22
0.768 21
0.63 22
0.736 21
0.525 21
0.835 21
0.807 20
0.876 21
0.729 10
0.436 48
0.819 43
0.513 48
0.853 51
0.687 42
0.741 44
0.427 51
0.574 42
0.34 50
0.784 41
0.352 50
0.756 32
0.386 47
0.692 20
0.833 50
0.701 41
0.604 52
0.517 21
0.54 49
0.614 20
0.596 42
0.253 48
0.502 21
0.666 48
0.573 49
0.915 44
0.675 49
0.509 42
0.547 48
0.673 53
0.637 19
0.691 21
0.867 52
0.693 20
0.57 20
0.625 49
0.277 21
0.718 21
0.12 20
0.556 21
0.5 20
0.729 35
0.948 20
0.333 21
0.888 20
0.83 21
0.714 20
0.941 21
0.833 21
0.534 51
0.906 46
0.52 20
0.627 36
0.761 44
0.849 48
0.539 52
0.789 51
0.586 45
0.559 19
0.504 42
0.507 49
0.426 46
0.369 42
0.517 45
0.901 20
0.76 20
0.669 47
0.803 43
0.73 46
0.514 19
0.459 47
0.365 20
0.866 20
0.423 19
0.782 44
0.713 20
0.714 20
0.639 20
0.43 19
0.91 20
0.278 21
0.571 20
0.633 20
0.755 19
0.25 20
0.6 20
0.867 20
0.696 20
0.719 20
0.861 20
0.738 59
0.672 50
0.672 20
0.761 20
0.6 0
0.773 19
0.36 20
0.896 20
0.56 20
0.455 47
0.605 43
0.685 43
0.646 41
0.481 40
0.432 40
0.474 44
0.498 43
0.693 42
0.547 55
0.755 48
0.992 53
0.767 47
0.62 20
0.204 19
0.85 50
0.836 19
0.68 22
0.528 50
0.738 52
0.411 49
0.421 19
0.856 45
0.706 19
0.802 47
0.777 19
0.412 19
0.291 50
0.291 20
0.855 49
0.774 19
0.859 19
0.739 19
0.896 19
0.744 19
0.816 20
0.714 20
0.301 19
0.83 47
0.735 52
0.688 19
0.626 20
0.744 19
0.493 20
0.706 20
0.436 20
0.598 19
0.577 20
0.426 19
0.916 19
0.248 43
0.859 9
0.743 9
0.367 55
0.884 51
0.5 49
0.465 46
0.506 39
0.622 38
0.932 48
0.57 46
0.838 39
0.182 36
0.57 45
0.52 37
0.358 36
0.856 44
0.885 44
0.615 53
0.599 50
0.722 19
0.698 20
0.779 47
0.454 20
0.526 20
0.705 19
0.512 19
0.563 19
0.928 42
0.89 20
0.66 20
0.451 49
0.595 19
0.694 49
0.603 20
0.651 19
0.951 49
0.809 19
0.784 19
0.359 20
0.56 19
0.81 19
0.524 20
0.411 19
0.867 19
0.572 20
0.753 19
0.829 52
0.82 19
0.545 18
0.903 54
0.918 29
0.749 41
0.811 46
0.592 19
0.606 9
0.346 48
0.826 54
0.826 19
0.675 19
0.358 44
0.716 42
0.509 45
0.667 18
0.459 42
0.177 48
0.767 19
0.465 44
0.714 19
0.454 48
0.83 40
0.144 52
0.587 20
0.651 32
0.524 51
0.74 52
0.487 19
0.574 18
0.538 50
0.808 19
0.477 18
0.981 20
0.538 19
0.37 19
0.626 19
0.904 18
0.594 50
0.785 20
0.597 19
0.804 19
0.688 19
0.653 19
0.776 19
0.53 19
0.68 19
0.888 19
0.633 19
0.637 19
0.696 19
0.98 20
0.436 41
0.55 39
0.492 48
0.451 49
0.671 41
0.453 40
0.464 46
0.728 46
0.361 44
0.95 42
0.224 44
0.414 40
0.38 47
0.42 44
0.749 44
0.787 49
0.64 43
0.699 48
0.477 46
0.578 39
0.779 19
0.782 50
0.797 46
0.476 18
0.525 51
0.634 18
0.873 18
0.774 18
0.436 19
0.638 18
0.777 18
0.962 18
0.603 18
0.511 48
0.931 18
0.41 48
0.695 18
0.213 18
0.702 34
0.622 18
0.51 18
0.605 19
0.73 18
0.679 18
0.495 19
0.609 18
0.743 18
0.516 18
0.833 19
0.579 19
0.198 38
0.68 45
0.943 39
0.525 50
0.914 47
0.397 18
0.806 17
0.786 18
0.879 18
0.52 43
0.396 45
0.813 46
0.332 48
0.602 41
0.744 47
0.731 18
0.805 19
0.703 47
0.775 19
0.56 46
0.561 49
0.757 19
0.713 18
0.797 18
0.918 18
0.682 19
0.979 18
0.69 21
0.92 17
0.486 46
0.496 19
0.617 49
0.576 19
0.823 18
0.833 18
0.383 19
0.602 19
0.861 18
0.604 48
0.336 19
0.954 40
0.846 18
0.765 18
0.791 19
0.632 19
0.775 18
0.85 18
0.53 19
0.697 18
0.558 19
0.461 40
0.394 36
0.593 41
0.676 36
0.724 47
0.665 38
0.701 50
0.975 47
0.876 19
0.628 41
0.398 18
0.559 48
0.579 51
0.52 47
0.176 49
0.564 46
0.385 44
0.651 17
0.637 49
0.51 42
0.837 33
0.731 18
0.532 48
0.434 17
0.78 48
0.561 17
0.447 18
0.624 17
0.821 18
0.989 19
0.369 18
0.262 18
0.457 17
0.737 17
0.513 44
0.594 18
0.65 18
0.575 18
0.711 18
0.437 18
0.491 50
0.688 18
0.634 19
0.54 18
0.528 18
0.984 18
0.677 18
0.669 18
0.545 17
0.569 18
0.391 39
0.613 41
0.844 36
0.59 42
0.53 46
0.661 18
0.629 42
0.627 42
0.609 37
0.836 41
0.901 44
0.433 18
0.447 45
0.808 17
0.859 18
0.405 45
0.664 19
0.335 18
0.522 49
0.42 18
0.716 18
0.595 17
0.521 48
0.583 17
0.756 18
0.625 18
0.608 18
0.481 47
0.839 18
0.77 18
0.467 17
0.825 17
0.765 18
0.766 18
0.758 18
0.703 18
0.226 18
0.63 18
0.837 46
0.873 18
0.631 18
0.683 18
0.323 18
0.739 48
0.851 18
0.71 18
0.693 18
0.76 18
0.625 19
0.611 18
0.554 45
0.339 41
0.44 43
0.849 48
0.362 18
0.932 46
0.716 38
0.291 41
0.281 46
0.485 17
0.504 17
0.874 50
0.544 17
0.734 40
0.472 17
0.705 46
0.835 51
0.389 18
0.464 17
0.761 45
0.664 17
0.661 51
0.767 50
0.576 42
0.502 18
0.796 18
0.454 17
0.539 17
0.827 17
0.947 29
0.502 18
0.338 18
0.719 17
0.541 18
0.886 18
0.79 17
0.709 18
0.984 18
0.729 17
0.305 17
0.468 18
0.352 17
0.338 44
0.765 18
0.587 18
0.7 17
0.741 18
0.529 17
0.416 18
0.943 18
0.651 37
0.608 45
0.66 35
0.617 46
0.599 48
0.838 35
0.598 42
0.852 24
0.56 17
0.276 46
0.184 29
0.725 17
0.866 51
0.806 45
0.544 17
0.341 43
0.529 17
0.758 42
0.676 54
0.475 17
0.847 42
0.311 17
0.796 17
0.61 17
0.236 17
0.641 42
0.831 53
0.868 18
0.701 17
0.732 17
0.352 17
0.636 17
0.517 17
0.616 17
0.775 17
0.811 47
0.562 18
0.875 18
0.686 17
0.574 17
0.311 18
0.686 17
0.905 18
0.704 17
0.378 17
0.684 17
0.12 18
0.292 17
0.898 17
0.486 16
0.439 67
0.592 0
0.46 51
0.525 53
0.874 52
0.582 66
0.681 47
0.592 0
0.826 70
0.679 43
0.542 61
0.473 53
0.56 54
0.532 50
0.598 44
0.867 68
0.533 51
0.874 44
0.44 52
0.781 0
0.585 50
0.329 49
0.716 42
0.754 0
0.754 0
0.781 0
0.657 42
0.687 49
0.7 49
0.631 49
0.678 50
0.555 0
0.604 0
0.555 0
0.604 0
0.652 1
0.652 0
0.475 49
0.508 49
0.538 0
0.513 51
0.538 0
0.628 54
0.742 0
0.386 0
0.386 0
0.742 0
0.661 51
0.794 0
0.794 0
0.699 56
0.706 56
0.592 49
0.857 57
0.683 48
0.589 48
0.684 46
0.916 55
0.746 47
0.803 46
0.604 47
0.542 50
0.558 45
0.686 46
0.612 48
0.84 49
0.585 46
0.838 47
0.506 46
0.805 48
0.571 46
0.658 46
0.706 46
0.942 49
0.414 46
0.302 47
0.483 49
0.425 46
0.341 47
0.688 48
0.976 46
0.49 48
0.423 49
0.342 47
0.538 48
0.464 46
0.61 48
0.898 46
0.573 47
0.8 46
0.479 46
0.745 47
0.563 47
0.5 47
0.233 48
0.481 45
0.789 46
0.496 47
0.626 49
0.593 48
0.938 43
0.364 58
0.459 46
0.45 45
0.472 45
0.738 60
0.56 45
0.387 46
0.637 46
0.73 45
0.798 45
0.561 44
0.823 45
0.706 46
0.452 46
0.921 44
0.424 46
0.652 45
0.292 44
0.685 45
0.74 46
0.494 44
0.6 45
0.608 44
0.57 44
0.607 47
0.734 44
0.48 44
0.53 45
0.752 45
0.58 45
0.568 44
0.5 45
0.4 45
0.881 45
0.661 45
0.546 45
0.53 46
0.733 45
0.897 46
0.0984 64
0.134 45
0.749 46
0.544 45
0.62 45
0.484 45
0.624 45
0.42 46
0.522 45
0.479 45
0.541 67
0.46 45
0.646 48
0.675 44
0.562 44
0.625 43
0.862 43
0.831 44
0.679 45
0.824 43
0.47 44
0.444 44
0.371 43
0.664 44
0.516 43
0.931 51
0.794 43
0.877 44
0.704 45
0.537 44
0.622 43
0.761 44
0.567 44
0.648 44
0.192 43
0.712 43
0.501 45
0.519 45
0.739 44
0.717 44
0.728 44
0.338 44
0.806 43
0.837 44
0.719 44
0.441 43
0.423 44
0.221 44
0.805 44
0.441 43
0.402 43
0.493 44
0.755 45
0.516 44
0.86 44
0.264 44
0.443 44
0.699 44
0.609 43
0.453 45
0.674 65
0.636 0
0.636 0
0.521 43
0.653 58
0.67 44
0.581 43
0.552 42
0.524 43
0.871 43
0.596 44
0.782 43
0.85 51
0.666 43
0.839 44
0.826 44
0.706 43
0.703 44
0.62 42
0.584 43
0.788 43
0.546 44
0.675 43
0.858 43
0.711 43
0.485 43
0.563 43
0.559 43
0.625 43
0.546 44
0.621 43
0.579 44
0.564 43
0.794 43
0.678 42
0.648 43
0.492 43
0.428 43
0.643 43
0.654 43
0.496 42
0.8 43
0.729 43
0.481 43
0.466 44
0.512 44
0.426 44
0.874 43
0.967 42
0.738 42
0.73 72
0.872 41
0.783 42
0.769 43
0.474 43
0.787 42
0.575 42
0.692 43
0.499 43
0.437 42
0.709 42
0.508 42
0.804 43
0.75 43
0.846 42
0.564 42
0.706 42
0.581 42
0.398 42
0.811 43
0.715 42
0.742 42
0.763 43
0.821 43
0.369 42
0.442 42
0.845 41
0.628 42
0.525 43
0.564 43
0.749 43
0.683 42
0.799 43
0.625 43
0.568 43
0.478 42
0.637 43
0.537 42
0.857 43
0.922 42
0.645 42
0.965 42
0.753 42
0.809 42
0.484 43
0.639 42
0.689 43
0.65 42
0.497 42
0.684 43
0.632 44
0.486 42
0.438 42
0.847 41
0.613 48
0.516 42
0.613 41
0.534 42
0.213 42
0.537 41
0.841 49
0.509 42
0.839 41
0.789 42
0.614 41
0.629 41
0.626 42
0.781 42
0.376 43
0.83 41
0.352 42
0.375 41
0.594 42
0.435 42
0.233 41
0.479 41
0.318 41
0.815 41
0.735 41
0.453 41
0.783 42
0.74 42
0.394 42
0.638 41
0.89 41
0.204 42
0.752 43
0.589 41
0.703 42
0.471 41
0.825 42
0.61 42
0.625 42
0.652 41
0.793 41
0.582 41
0.641 41
0.515 43
0.555 43
0.594 42
0.81 50
0.508 42
0.79 41
0.467 40
0.59 42
0.658 42
0.519 41
0.784 41
0.53 41
0.57 41
0.767 43
0.642 42
0.816 41
0.672 41
0.266 42
0.146 42
0.58 42
0.338 42
0.414 41
0.894 42
0.0663 61
0.532 41
0.622 41
0.791 41
0.76 41
0.819 42
0.85 42
0.606 41
0.577 41
0.893 41
0.637 41
0.517 42
0.423 41
0.767 42
0.418 41
0.727 41
0.608 41
0.536 40
0.759 41
0.727 41
0.708 41
0.185 40
0.804 41
0.856 42
0.525 41
0.832 41
0.687 43
0.521 41
0.463 42
0.375 41
0.366 75
0.756 56
0.789 39
0.661 41
0.916 58
0.583 41
0.468 41
0.671 40
0.393 42
0.604 41
0.667 41
0.667 43
0.749 40
0.231 41
0.555 40
0.487 41
0.447 40
0.722 40
0.824 41
0.598 41
0.692 41
0.827 42
0.92 41
0.393 40
0.817 40
0.787 40
0.693 41
0.452 41
0.561 40
0.422 40
0.917 41
0.421 41
0.705 41
0.412 41
0.81 42
0.394 40
0.685 41
0.554 41
0.653 41
0.701 41
0.8 40
0.73 41
0.752 41
0.949 41
0.663 41
0.465 41
0.672 41
0.77 40
0.646 40
0.377 40
0.504 41
0.611 69
0.641 45
0.535 40
0.974 40
0.613 40
0.481 42
0.631 40
0.786 41
0.519 40
0.245 40
0.552 40
0.668 41
0.564 40
0.57 41
0.503 41
0.552 41
0.753 40
0.939 41
0.571 40
0.528 40
0.488 40
0.731 40
0.706 41
0.825 40
0.665 40
0.32 40
0.62 41
0.458 41
0.513 41
0.641 40
0.764 39
0.401 40
0.82 40
0.401 40
0.673 40
0.787 41
0.553 40
0.564 41
0.628 39
0.892 41
0.537 41
0.723 41
0.528 40
0.858 41
0.421 41
0.892 40
0.389 41
0.745 40
0.755 40
0.818 66
0.71 53
0.748 39
0.443 31
0.721 40
0.571 40
0.207 40
0.48 40
0.676 40
0.471 41
0.333 41
0.523 40
0.365 39
0.428 41
0.216 39
0.716 48
0.589 40
0.682 40
0.668 40
0.649 41
0.885 39
0.582 40
0.57 40
0.725 40
0.594 40
0.585 40
0.442 40
0.68 40
0.809 40
0.803 40
0.905 40
0.625 41
0.629 41
0.655 40
0.691 41
0.273 41
0.681 40
0.532 40
0.723 40
0.612 39
0.343 40
0.599 40
0.849 39
0.686 41
0.785 40
0.442 40
0.579 40
0.64 39
0.523 39
0.659 39
0.78 51
0.834 38
0.612 39
0.825 37
0.528 39
0.631 39
0.589 40
0.592 40
0.298 39
0.744 40
0.524 40
0.593 40
0.756 39
0.791 40
0.477 40
0.397 40
0.578 40
0.773 39
0.629 41
0.49 39
0.429 40
0.492 41
0.83 39
0.694 40
0.461 39
0.687 40
0.889 39
0.697 40
0.509 39
0.371 40
0.83 39
0.433 40
0.694 41
0.247 39
0.521 40
0.323 40
0.569 39
0.471 39
0.708 39
0.782 39
0.635 39
0.484 40
0.404 40
0.655 39
0.952 40
0.779 39
0.732 39
0.658 39
0.674 40
0.599 40
0.956 45
0.456 44
0.676 40
0.339 40
0.537 40
0.687 40
0.432 39
0.716 39
0.597 38
0.74 40
0.408 39
0.848 40
0.265 40
0.232 40
0.684 39
0.931 39
0.929 39
0.595 39
0.605 40
0.553 40
0.47 40
0.727 39
0.753 40
0.67 40
0.566 40
0.668 40
0.824 40
0.671 40
0.121 39
0.797 39
0.545 40
0.421 40
0.548 39
0.783 39
0.957 39
0.571 40
0.782 39
0.623 39
0.839 39
0.498 39
0.237 39
0.555 40
0.667 39
0.733 39
0.811 39
0.662 40
0.761 39
0.581 39
0.692 40
0.0859 59
0.608 77
0.696 69
0.379 33
0.466 44
0.592 40
0.565 39
0.463 39
0.464 40
0.645 38
0.84 39
0.551 39
0.498 38
0.628 56
0.417 39
0.448 39
0.516 40
0.671 39
0.969 39
0.731 39
0.423 40
0.721 40
0.652 40
0.912 39
0.885 39
0.78 38
0.535 40
0.4 39
0.826 39
0.886 39
0.618 39
0.52 39
0.452 39
0.436 38
0.647 38
0.592 38
0.872 38
0.813 40
0.18 38
0.778 39
0.813 39
0.621 39
0.712 40
0.832 38
0.572 38
0.248 38
0.79 38
0.938 38
0.31 39
0.55 40
0.422 39
0.37 52
0.651 53
0.687 46
0.602 38
0.295 38
0.595 38
0.667 39
0.528 38
0.51 41
0.901 39
0.657 38
0.58 38
0.757 39
0.728 38
0.606 38
0.676 39
0.555 38
0.701 39
0.81 40
0.134 38
0.173 39
0.908 39
0.669 38
0.784 39
0.568 38
0.629 39
0.65 38
0.711 41
0.699 39
0.593 39
0.808 39
0.288 39
0.514 38
0.751 38
0.831 39
0.582 38
0.304 39
0.404 38
0.353 39
0.348 38
0.721 38
0.981 39
0.205 38
0.893 38
0.485 38
0.679 40
0.289 38
0.519 38
0.353 40
0.865 39
0.701 46
0.9 56
0.638 39
0.462 38
0.237 39
0.481 39
0.438 37
0.413 39
0.559 38
0.489 39
0.622 39
0.39 38
0.891 39
0.892 39
0.906 38
0.603 38
0.262 38
0.669 39
0.702 38
0.871 38
0.625 39
0.575 39
0.388 38
0.515 38
0.308 38
0.817 39
0.914 38
0.318 38
0.531 38
0.719 38
0.325 39
0.97 39
0.661 39
0.498 38
0.725 38
0.586 38
0.323 39
0.293 39
0.493 39
0.73 38
0.286 39
0.121 39
0.237 38
0.743 38
0.429 39
0.343 40
0.528 38
0.915 39
0.609 38
0.709 38
0.343 36
0.805 50
0.028 59
0.6 38
0.489 38
0.232 37
0.47 39
0.725 38
0.488 39
0.406 38
0.451 40
0.479 38
0.834 38
0.664 39
0.766 38
0.971 38
0.369 38
0.373 39
0.454 38
0.792 39
0.631 38
0.574 39
0.836 38
0.637 38
0.569 37
0.716 38
0.641 39
0.676 40
0.546 39
0.511 39
0.762 39
0.296 38
0.554 38
0.356 39
0.715 38
0.816 38
0.548 39
0.814 38
0.778 38
0.824 39
0.637 37
0.439 39
0.796 38
0.953 38
0.414 38
0.28 39
0.589 39
0.491 37
0.767 38
0.779 37
0.379 33
0.535 49
0.776 41
0.89 53
0.322 38
0.287 39
0.702 38
0.525 38
0.498 39
0.638 37
0.356 38
0.805 37
0.634 38
0.505 38
0.562 38
0.293 38
0.913 38
0.418 39
0.617 37
0.596 37
0.713 38
0.527 38
0.752 38
0.897 38
0.911 38
0.908 39
0.711 37
0.685 37
0.7 38
0.546 38
0.629 38
0.912 37
0.763 37
0.62 38
0.41 37
0.498 37
0.661 38
0.58 38
0.874 37
0.949 37
0.574 38
0.412 40
0.464 37
0.744 37
0.754 37
0.623 38
0.835 37
0.696 38
0.882 37
0.537 39
0.81 0
0.288 39
0.49 38
0.565 56
0.426 38
0.759 38
0.731 47
0.209 38
0.64 38
0.624 56
0.566 38
0.516 38
0.673 37
0.521 37
0.769 39
0.531 37
0.85 39
0.62 39
0.428 37
0.43 37
0.398 38
0.737 37
0.662 37
0.501 38
0.559 37
0.778 37
0.746 38
0.409 37
0.57 37
0.914 37
0.141 37
0.485 38
0.519 37
0.733 37
0.671 37
0.628 37
0.671 37
0.621 38
0.43 38
0.464 38
0.49 37
0.765 37
0.368 39
0.857 37
0.458 37
0.292 40
0.954 37
0.564 38
0.501 37
0.591 38
0.193 37
0.617 39
0.714 50
0.481 38
0.188 37
0.793 37
0.611 38
0.469 37
0.789 38
0.414 37
0.708 37
0.38 37
0.85 37
0.412 38
0.318 37
0.806 38
0.142 38
0.448 37
0.485 38
0.632 37
0.622 37
0.847 38
0.686 38
0.693 38
0.492 37
0.914 37
0.885 37
0.603 37
0.313 37
0.519 36
0.221 38
0.668 37
0.685 38
0.658 37
0.797 37
0.578 38
0.571 38
0.626 37
0.876 37
0.67 38
0.643 39
0.217 38
0.531 38
0.57 38
0.468 37
0.674 37
0.799 37
0.672 37
0.405 37
0.406 37
0.499 66
0.485 66
0.685 70
0.119 61
0.655 64
0.778 63
0.596 57
0.644 56
0.417 64
0.489 63
0.798 52
0.521 56
0.535 54
0.67 66
0.535 58
0.866 63
0.814 65
0.529 63
0.61 62
0.524 67
0.692 49
0.612 63
0.435 61
0.573 64
0.587 66
0.6 50
0.164 60
0.561 65
0.473 61
0.669 62
0.28 58
0.812 59
0.477 60
0.329 0
0.819 55
0.375 2
0.261 1
0.876 3
0.478 0
0.552 0
0.67 0
0.375 2
0.33 0
0.239 0
0.585 0
0.5 57
0.715 0
0.436 0
0.437 0
0.884 0
0.556 55
0.309 52
0.25 54
0.981 53
0.681 47
0.483 50
0.562 61
0.673 41
0.463 60
0.432 54
0.689 45
0.438 53
0.587 56
0.666 54
0.46 52
0.789 52
0.467 52
0.73 60
0.329 48
0.984 54
0.581 58
0.447 58
0.25 62
0.524 62
0.478 52
0.618 40
0.802 50
0.354 54
0.805 61
0.791 57
0.68 59
0.971 54
0.875 50
0.57 53
0.546 52
0.662 56
0.823 61
0.587 52
0.87 58
0.697 57
0.318 55
0.708 64
0.778 58
0.937 57
0.568 54
0.568 54
0.947 52
0.488 54
0.465 48
0.34 0
0.478 62
0.864 53
0.197 51
0.714 48
0.124 43
0.5 51
0.784 59
0.634 60
0.712 53
0.558 46
0.404 41
0.159 50
0.231 54
0.744 55
0.786 55
0.552 59
0.668 53
0.783 53
0.45 56
0.798 51
0.685 54
0.525 49
0.911 50
0.805 60
0.363 51
0.563 44
0.697 37
0.552 54
0.655 56
0.218 56
0.542 60
0.756 50
0.519 49
0.843 38
0.411 47
0.522 57
0.707 62
0.782 52
0.571 46
0.918 54
0.457 60
0.427 47
0.881 51
0.836 48
0.35 49
0.66 47
0.307 52
0.304 50
0.458 50
0.732 54
0.067 46
0.434 50
0.421 22
0.288 47
0.817 41
0.327 50
0.947 49
0.483 43
0.225 48
0.718 47
0.606 55
0.798 47
0.856 49
0.505 41
0.318 52
0.481 53
0.458 49
0.493 50
0.538 52
0.427 45
0.682 61
0.843 47
0.778 39
0.491 51
0.433 49
0.874 49
0.738 51
0.633 51
0.608 58
0.209 55
0.613 57
0.45 52
0.558 58
0.396 56
0.704 58
0.533 55
0.598 50
0.524 46
0.482 51
0.474 52
0.643 58
0.393 44
0.514 45
0.459 46
0.305 51
0.637 51
0.362 53
0.501 49
0.869 53
0.539 48
0.802 58
0.609 49
0.452 42
0.845 58
0.536 58
0.564 50
0.567 50
0.386 55
0.127 52
0.351 57
0.6 51
0.814 43
0.828 45
0.66 49
0.412 51
0.509 47
0.92 37
0.704 54
0.965 48
0.72 49
0.597 49
0.223 45
0.477 48
0.806 50
0.656 59
0.338 57
0.8 43
0.558 45
0.172 46
0.535 51
0.881 46
0.367 45
0.566 55
0.337 58
0.7 54
0.21 42
0.847 52
0.829 43
0.254 62
0.836 46
0.238 46
0.626 42
0.715 44
0.72 56
0.398 53
0.757 47
0.511 49
0.467 54
0.394 51
0.681 58
0.67 44
0.123 37
0.462 52
0.395 44
0.923 48
0.155 55
0.681 44
0.161 51
0.786 55
0.291 45
0.263 53
0.523 55
0.0755 48
0.734 53
0.53 41
0.208 55
0.75 57
0.498 45
0.639 55
0.563 54
0.9 43
0.769 56
0.608 49
0.899 48
0.501 47
0.817 48
0.622 58
0.849 45
0.467 45
0.716 39
0.694 46
0.739 57
0.538 46
0.199 44
0.717 55
0.27 49
0.351 43
0.883 55
0.799 49
0.412 44
0.115 32
0.87 43
0.41 44
0.802 56
0.648 54
0.895 34
0.438 47
0.763 47
0.413 46
0.531 54
0.551 47
0.532 50
0.568 52
0.56 54
0.0851 51
0.729 49
0.614 52
0.89 48
0.385 51
0.51 45
0.566 40
0.89 51
0.324 53
0.674 45
0.871 53
0.103 46
0.242 44
0.434 48
0.842 39
0.408 45
0.27 42
0.561 53
0.712 47
0.92 45
0.134 48
0.85 41
0.639 45
0.395 47
0.863 31
0.895 44
0.778 52
0.544 54
0.647 40
0.51 46
0.368 31
0.911 51
0.249 46
0.575 49
0.697 41
0.54 54
0.00738 30
0.326 47
0.58 56
0.516 44
0.542 48
0.895 34
0.81 42
0.735 50
0.771 43
0.871 43
0.822 46
0.429 53
0.375 48
0.467 52
0.224 49
0.638 44
0.71 44
0.668 30
0.469 55
0.41 47
0.706 53
0.841 45
0.344 42
0.864 43
0.672 54
0.423 41
0.458 49
0.351 44
0.925 48
0.25 54
0.411 43
0.679 49
0.281 1
0.279 1
0.00147 29
0.388 1
0.498 44
0.538 45
0.733 47
0.396 40
0.599 43
0.285 1
0.76 30
0.581 41
0.704 47
0.726 43
0.786 39
0.848 48
0.157 40
0.677 38
0.0389 29
0.795 52
0.67 46
0.912 46
0.257 45
0.537 44
0.739 56
0.558 30
0.715 47
0.508 55
0.357 43
0.554 49
0.15 48
0.573 55
0.693 38
0.745 34
0.708 38
0.573 44
0.532 52
0.9 50
0.685 40
0.841 52
0.671 53
0.741 40
0.179 56
0.518 26
0.641 29
0.525 49
0.549 41
0.743 38
0.461 42
0.684 49
0.565 50
0.72 43
0.683 46
0.641 53
0.744 41
0.391 48
0.188 27
0.654 43
0.34 46
0.604 28
0.897 28
0.928 45
0.797 44
0.228 47
0.914 44
0.0401 28
0.598 44
0.326 47
0.929 42
0.435 45
0.705 44
0.708 44
0.702 52
0.674 52
0.107 28
0.688 43
0.9 29
0.791 52
0.696 41
0.673 44
0.961 35
0.399 45
0.28 57
0.509 43
0.734 54
0.797 50
0.246 49
0.75 50
0.719 44
0.614 43
0.265 37
0.385 43
0.428 48
0.566 55
0.264 41
0.0731 27
0.772 41
0.728 49
0.927 40
0.611 46
0.666 48
0.853 40
0.503 45
0.922 27
0.721 44
0.32 47
0.956 41
0.336 52
0.509 49
0.652 44
0.843 40
0.362 50
0.948 28
0.413 42
0.863 43
0.635 43
0.83 46
0.857 57
0.0671 28
0.099 27
0.32 47
0.845 45
0.607 49
0.719 27
0.171 44
0.519 53
0.327 39
0.572 44
0.392 49
0.408 51
0.293 43
0.681 49
0.715 14
0.274 50
0.331 43
0.496 40
0.773 38
0.484 41
0.333 52
0.612 43
0.435 50
0.887 47
0.625 50
0.276 52
0.396 53
0.412 50
0.342 38
0.873 48
0.0173 26
0.458 53
0.248 43
0.0176 26
0.655 26
0.431 48
0.216 26
0.516 50
0.772 40
0.549 50
0.121 43
0.118 26
0.0738 26
0.00448 27
0.882 41
0.361 40
0.371 51
0.941 27
0.45 43
0.206 26
0.144 27
0.416 43
0.393 44
0.0808 27
0.156 26
0.499 44
0.285 43
0.168 45
0.654 41
0.653 27
0.613 48
0.623 14
0.524 38
0.737 43
0.312 41
0.642 50
0.564 35
0.678 47
0.453 39
0.487 48
0.759 48
0.364 38
0.55 40
0.617 52
0.377 47
0.852 27
0.752 48
0.61 42
0.499 43
0.846 54
0.0195 25
0.711 32
0.359 53
0.319 45
0.371 40
0.269 44
0.502 26
0.51 48
0.527 43
0.148 25
0.16 47
0.546 38
0.942 38
0.566 48
0.978 26
0.154 37
0.945 43
0.445 25
0.734 43
0.375 34
0.534 26
0.00887 25
0.881 37
0.151 25
0.183 37
0.561 41
0.0206 26
0.0271 25
0.403 56
0.202 25
0.205 13
0.817 37
0.717 37
0.417 34
0.232 41
0.231 50
0.00504 24
0.35 42
0.722 41
0.732 43
0.47 52
0.899 42
0.833 40
0.58 43
0.693 39
0.34 47
0.956 38
0.0736 48
0.00867 25
0.124 48
0.148 39
0.766 45
0.225 49
0.65 40
0.19 25
0.083 25
0.944 43
0.6 43
0.856 46
0.935 40
0.224 25
0.00892 25
0.336 25
0.127 25
0.0848 24
0.935 44
0.137 25
0.485 42
0.667 36
0.116 25
0.604 52
0.558 49
0.634 25
0.428 39
0.635 43
0.83 55
0.419 25
0.302 37
0.345 45
0.687 25
0.73 49
0.0974 50
0.653 39
0.119 50
0.728 39
0.762 49
0.672 51
0.805 37
0.684 27
0.52 36
0.42 50
0.617 30
0.81 44
0.181 24
0.535 48
0.527 55
0.952 42
0.996 24
0.853 42
0.435 40
0.673 25
0.0846 24
0.213 40
0.554 38
0.848 47
0.721 44
0.486 38
0.654 24
0.531 37
0.822 45
0.112 24
0.501 43
0.832 43
0.116 24
0.793 33
0.794 37
0.925 25
0.508 50
2.03e-05 24
0.637 36
0.694 34
0.606 25
0.208 25
0.699 43
0.537 25
0.239 37
0.854 25
0.21 25
0.838 40
0.58 40
0.23 38
0.143 43
0.555 38
0.707 36
0.695 46
0.67 42
0.331 46
0.658 42
0.789 41
0.21 33
0.731 37
0.744 24
0.575 38
0.841 32
0.263 47
0.598 43
0.535 40
0.0678 41
0.617 45
0.581 40
0.0838 23
0.192 23
0.782 47
0.384 40
0.587 43
0.649 41
0.0542 24
0.00267 23
0.522 50
0.937 41
0.249 36
0.133 24
0.748 41
0.368 41
0.639 36
0.78 46
0.939 42
0.52 40
0.843 45
0.376 43
0.78 37
0.682 25
0.858 40
0.499 41
0.829 50
0.534 38
0.75 46
0.463 24
0.501 25
0.32 46
0.757 40
0.294 41
0.727 51
0.445 40
0.701 36
0.726 39
0.277 45
0.576 36
0.208 41
0.113 46
0.189 49
0.838 36
0.397 45
0.747 44
0.349 35
0.307 45
0.899 42
0.429 50
0.995 23
0.558 50
0.514 36
0.495 39
0.613 43
0.769 45
0.275 39
0.837 48
0.559 45
0.315 42
0.788 42
0.742 41
0.0099 23
0.466 42
0.86 24
0.297 45
0.262 44
0.317 24
0.121 43
0.651 24
0.93 23
0.752 39
0.895 23
0.126 23
0.648 36
0.318 24
0.168 23
0.255 23
0.555 42
0.22 41
0.766 35
0.575 39
0.195 40
0.806 39
0.481 46
0.261 43
0.462 11
0.432 28
0.568 43
0.737 45
0.821 40
0.627 45
0.418 38
0.418 47
0.621 44
0.572 35
0.234 37
0.91 41
0.581 39
0.884 41
0.693 43
0.146 22
0.524 40
0.775 54
0.664 49
0.504 46
0.795 22
0.122 22
0.715 44
0.723 32
0.17 42
0.196 33
0.614 23
0.823 22
0.728 35
0.586 23
0.00627 23
0.668 39
0.68 36
0.875 48
0.169 23
0.0434 23
0.553 39
0.04 23
0.539 37
0.54 40
0.691 43
0.427 40
0.688 23
0.347 45
0.423 37
0.306 23
0.242 40
0.148 48
0.718 44
0.734 36
0.786 34
0.555 40
0.224 22
0.685 23
0.43 47
0.284 41
0.109 23
0.644 47
0.17 22
0.486 49
0.854 34
0.477 45
0.487 30
0.427 23
0.551 42
0.379 47
0.389 39
0.225 43
0.43 59
0.956 38
0.37 23
0.39 39
0.694 36
0.1 22
0.42 23
0.0457 22
0.125 22
0.474 23
0.474 23
0.613 50
0.52 49
0.468 23
0.281 22
0.803 48
0.676 40
0.386 36
0.412 35
0.837 48
0.934 40
0.865 23
0.348 39
0.596 47
0.297 37
0.156 22
0.318 23
0.123 22
0.161 41
0.209 34
0.531 37
0.0869 21
0.0337 21
0.0614 21
0.264 22
0.315 41
0.286 36
0.702 39
0.271 46
0.467 45
0.00895 21
0.539 37
0.711 46
0.721 33
0.986 21
0.553 41
0.843 37
0.546 48
0.784 35
0.132 21
0.868 37
0.593 47
0.15 28
0.384 37
0.449 47
0.562 34
0.641 37
0.768 53
0.561 45
0.187 21
0.3 47
0.015 22
0.562 47
0.927 22
0.456 41
0.372 22
0.484 40
0.396 42
0.995 22
0.396 47
0.471 22
0.222 21
0.399 34
0.503 36
0.486 22
0.94 22
0.834 23
0.463 23
0.393 50
0.676 44
0.823 33
0.583 43
0.719 38
0.498 46
0.265 41
0.599 47
0.32 40
0.229 50
0.2 47
0.586 39
0.836 45
0.829 40
0.845 40
0.0712 21
0.786 44
0.668 46
0.0618 21
0.831 47
0.242 21
0.033 21
0.052 21
0.577 44
0.419 34
0.857 38
0.697 42
0.0903 21
0.283 21
0.967 22
0.634 41
0.957 39
0.638 36
0.462 37
0.583 44
0.577 22
0.257 21
0.938 40
0.762 38
0.281 22
0.245 22
0.531 32
0.86 38
0.687 39
0.171 22
0.235 21
0.117 22
0.329 22
0.506 41
0.487 22
